iso3c,governance_country_name,year,gov_effectiveness_score,rule_of_law_score,regulatory_quality_score
ABW,Aruba,2004,68.7456317,67.4120272,66.5858702
ABW,Aruba,2005,75.6467849,70.5375288,72.4105571
ABW,Aruba,2006,75.5894989,70.4922389,72.3508228
ABW,Aruba,2007,75.6761298,70.5815211,72.4548243
ABW,Aruba,2008,75.7437017,70.4989889,72.4086992
ABW,Aruba,2009,78.5303953,81.3423103,78.0211485
ABW,Aruba,2010,70.8310747,81.3331748,78.0222415
ABW,Aruba,2011,70.8150237,80.1576373,78.0299915
ABW,Aruba,2012,70.8190661,80.1280418,77.9453037
ABW,Aruba,2013,70.823581,80.0618924,77.9327513
ABW,Aruba,2014,64.8884981,74.3400737,74.4849705
ABW,Aruba,2015,64.8548269,79.2160346,76.2748091
ABW,Aruba,2016,64.8665322,79.2208914,76.2934998
ABW,Aruba,2017,64.8703335,79.2090057,74.8303646
ABW,Aruba,2018,68.9696501,79.2207245,70.3897634
ABW,Aruba,2019,68.9899885,79.2192254,70.4118087
ABW,Aruba,2020,68.9319034,79.2321662,70.3742727
ABW,Aruba,2021,68.9663738,77.9330971,70.3591763
ABW,Aruba,2022,70.9492691,77.9707954,70.3189387
ABW,Aruba,2023,64.1272277,77.9639129,70.3232253
ABW,Aruba,2024,64.1110309,77.9628011,70.3329342
AFG,Afghanistan,1996,5.8680866,23.9701623,15.5938597
AFG,Afghanistan,1998,5.6906113,24.0885444,16.0810152
AFG,Afghanistan,2000,5.7519961,24.0051086,16.2136276
AFG,Afghanistan,2002,10.5298896,22.822007,21.2667545
AFG,Afghanistan,2003,10.3501355,22.8117202,23.9640933
AFG,Afghanistan,2004,28.8607414,26.9097642,29.536868
AFG,Afghanistan,2005,24.2996488,26.6313036,29.3697382
AFG,Afghanistan,2006,19.7251611,25.3014687,31.3320058
AFG,Afghanistan,2007,20.3667652,25.3059418,31.0526214
AFG,Afghanistan,2008,18.9072348,23.4034827,30.165613
AFG,Afghanistan,2009,21.0312529,25.1604511,30.9841892
AFG,Afghanistan,2010,20.5072949,25.1356401,32.3322182
AFG,Afghanistan,2011,20.1457819,23.8258196,32.194518
AFG,Afghanistan,2012,22.1784637,24.547485,35.0839368
AFG,Afghanistan,2013,22.155125,27.6685806,34.6366704
AFG,Afghanistan,2014,21.6960634,28.7803146,36.2007127
AFG,Afghanistan,2015,22.7349885,28.6914007,38.0317131
AFG,Afghanistan,2016,23.7741041,29.7699576,33.399475
AFG,Afghanistan,2017,23.2985617,29.511933,32.5233931
AFG,Afghanistan,2018,19.6224247,28.27664,34.3129099
AFG,Afghanistan,2019,19.1785042,28.4439091,34.7350241
AFG,Afghanistan,2020,17.960381,28.4695599,34.3181413
AFG,Afghanistan,2021,18.1708567,27.3576848,32.6259609
AFG,Afghanistan,2022,13.1405332,24.9753672,32.4204451
AFG,Afghanistan,2023,10.6546599,24.3193623,32.3008157
AFG,Afghanistan,2024,13.7358099,23.6535886,30.5994864
AGO,Angola,1996,40.2507295,29.9402231,28.7646677
AGO,Angola,1998,29.6492198,31.7912377,28.9262601
AGO,Angola,2000,29.6774797,31.780228,26.3701434
AGO,Angola,2002,27.4225159,31.2146843,29.5268042
AGO,Angola,2003,22.987123,28.1348152,28.9378584
AGO,Angola,2004,21.5583861,31.9419501,32.3237569
AGO,Angola,2005,21.373211,33.571296,32.6379535
AGO,Angola,2006,22.32086,34.1374145,37.5560739
AGO,Angola,2007,23.8657146,34.0577307,37.9478013
AGO,Angola,2008,25.6001193,35.3923966,37.7987156
AGO,Angola,2009,30.0018643,35.799459,37.9485552
AGO,Angola,2010,32.8394682,35.654526,37.7498069
AGO,Angola,2011,31.706399,34.4471624,37.3717328
AGO,Angola,2012,31.523145,33.8355285,38.501282
AGO,Angola,2013,31.3397218,33.5138518,37.5461789
AGO,Angola,2014,33.062878,34.501297,38.6632529
AGO,Angola,2015,33.1054157,34.4422729,37.6641444
AGO,Angola,2016,32.8806234,34.095534,36.2458363
AGO,Angola,2017,32.5164175,34.0451221,36.2526969
AGO,Angola,2018,32.3152788,37.851326,38.1066148
AGO,Angola,2019,33.6134335,38.8595978,39.15311
AGO,Angola,2020,31.5783465,40.6575036,38.47815
AGO,Angola,2021,33.1661374,38.0671258,41.4788741
AGO,Angola,2022,35.1519358,36.9565122,41.2696867
AGO,Angola,2023,35.2271686,36.4075028,40.6000338
AGO,Angola,2024,36.0732109,36.8326485,42.6711683
ALB,Albania,1996,32.4784433,50.1733565,42.4033948
ALB,Albania,1998,32.3625355,41.9594692,40.1966702
ALB,Albania,2000,29.7698194,40.2803672,43.2522347
ALB,Albania,2002,38.563708,43.9830125,48.0407771
ALB,Albania,2003,38.4349672,43.9254203,48.2980674
ALB,Albania,2004,42.591527,48.1099326,50.3227992
ALB,Albania,2005,37.7696667,45.5331633,49.2536577
ALB,Albania,2006,39.3747666,46.4330869,52.7909571
ALB,Albania,2007,41.2841189,47.9213721,54.7537972
ALB,Albania,2008,41.9592911,48.8299751,55.4656418
ALB,Albania,2009,45.7016855,49.9817067,56.8762329
ALB,Albania,2010,45.5763318,51.4950783,56.5557829
ALB,Albania,2011,46.4976012,51.8141424,55.7116728
ALB,Albania,2012,44.742022,50.0421215,53.5446213
ALB,Albania,2013,44.410272,48.6825327,53.854301
ALB,Albania,2014,52.8982848,52.2072847,55.7544291
ALB,Albania,2015,54.9095937,53.0614416,55.5631739
ALB,Albania,2016,55.1796244,53.4166241,55.8766261
ALB,Albania,2017,56.3191004,53.4236323,56.6059076
ALB,Albania,2018,56.5605037,53.9639778,56.6600998
ALB,Albania,2019,51.85865,51.9490278,56.309621
ALB,Albania,2020,51.704282,52.5460654,54.5543139
ALB,Albania,2021,53.5111467,53.4957451,54.7847817
ALB,Albania,2022,55.0925288,54.7107003,55.1084617
ALB,Albania,2023,57.0459179,54.3312817,55.8603547
ALB,Albania,2024,57.4136957,54.925199,57.0035209
ARE,United Arab Emirates,1996,60.5301346,67.7539471,62.3285755
ARE,United Arab Emirates,1998,65.7083318,66.1469906,62.4901663
ARE,United Arab Emirates,2000,65.7365918,66.1224602,63.8596382
ARE,United Arab Emirates,2002,67.8821247,65.8740633,73.5092589
ARE,United Arab Emirates,2003,67.7877687,65.8460253,72.3274764
ARE,United Arab Emirates,2004,62.6199059,59.7939727,65.5248211
ARE,United Arab Emirates,2005,63.3995859,58.4252537,63.8999231
ARE,United Arab Emirates,2006,68.3991062,57.8130759,66.0739315
ARE,United Arab Emirates,2007,68.9070715,57.5867069,66.5384992
ARE,United Arab Emirates,2008,67.4521493,58.4970361,68.1113735
ARE,United Arab Emirates,2009,68.535224,59.1572387,67.8124089
ARE,United Arab Emirates,2010,67.5228828,58.3268825,66.5378068
ARE,United Arab Emirates,2011,70.6448963,64.2820595,68.9055733
ARE,United Arab Emirates,2012,73.8196342,63.2841209,68.198457
ARE,United Arab Emirates,2013,74.5237897,64.0925232,70.4823132
ARE,United Arab Emirates,2014,78.873242,62.992921,71.8020294
ARE,United Arab Emirates,2015,78.6403765,63.0056242,73.453947
ARE,United Arab Emirates,2016,78.783119,64.2018989,71.8671512
ARE,United Arab Emirates,2017,78.1385983,63.5648206,72.3908602
ARE,United Arab Emirates,2018,78.7848806,63.6651728,71.8838453
ARE,United Arab Emirates,2019,78.5272687,64.3010859,72.9323813
ARE,United Arab Emirates,2020,70.8554731,63.8059426,71.6801826
ARE,United Arab Emirates,2021,72.231295,62.7906023,71.6015479
ARE,United Arab Emirates,2022,73.3741309,64.0194293,71.5429018
ARE,United Arab Emirates,2023,76.8137703,64.6972832,72.2957632
ARE,United Arab Emirates,2024,75.8392807,65.5157588,72.6169592
ARG,Argentina,1996,55.2187322,59.1912023,58.5718042
ARG,Argentina,1998,52.6190687,57.552511,60.3101507
ARG,Argentina,2000,51.5501317,54.2014803,53.239285
ARG,Argentina,2002,46.9605983,43.1122576,39.801541
ARG,Argentina,2003,48.6985184,43.4863271,41.5139577
ARG,Argentina,2004,50.8770497,45.5973455,44.2792775
ARG,Argentina,2005,51.6000173,49.8602405,45.4244546
ARG,Argentina,2006,52.3494326,49.307727,44.7357088
ARG,Argentina,2007,51.3571012,48.970392,44.6555821
ARG,Argentina,2008,49.9591637,45.2921687,44.4005771
ARG,Argentina,2009,50.2033942,46.1129127,42.562172
ARG,Argentina,2010,51.4811813,48.0659438,42.9114711
ARG,Argentina,2011,52.7352059,48.9013186,43.713093
ARG,Argentina,2012,51.3675738,48.0993618,41.598513
ARG,Argentina,2013,51.0243674,47.0542246,41.6864639
ARG,Argentina,2014,54.804979,44.4013496,38.8903487
ARG,Argentina,2015,53.6485129,48.9217959,42.2878376
ARG,Argentina,2016,58.0051769,52.8928335,50.8772845
ARG,Argentina,2017,57.0891516,53.9957849,52.9645137
ARG,Argentina,2018,56.3521358,53.4845358,51.8641165
ARG,Argentina,2019,56.4534275,51.145331,47.779716
ARG,Argentina,2020,54.2362181,51.9641457,46.2329181
ARG,Argentina,2021,53.5291966,51.7343949,45.651899
ARG,Argentina,2022,53.451823,51.9503978,45.7273179
ARG,Argentina,2023,52.5357627,52.8724561,46.8743591
ARG,Argentina,2024,54.9132764,52.6382821,51.156098
ARM,Armenia,1996,46.0244582,52.4348395,42.7566052
ARM,Armenia,1998,38.9189677,55.2619023,42.4059435
ARM,Armenia,2000,38.8002386,49.3195662,43.4051103
ARM,Armenia,2002,45.5903626,51.0312688,53.9744745
ARM,Armenia,2003,45.4616199,51.066654,57.6659868
ARM,Armenia,2004,47.5367285,52.7125996,57.7715765
ARM,Armenia,2005,46.9984227,51.233276,56.7649246
ARM,Armenia,2006,46.6745943,49.0585642,58.3453487
ARM,Armenia,2007,44.2327773,50.2424196,58.7070504
ARM,Armenia,2008,45.5087366,51.200987,61.0368078
ARM,Armenia,2009,50.5537618,49.5077653,61.3069817
ARM,Armenia,2010,48.5546988,49.3702535,60.9259947
ARM,Armenia,2011,51.1194758,50.3047396,60.714175
ARM,Armenia,2012,51.9498386,50.8150232,61.2996669
ARM,Armenia,2013,52.6967611,51.7673172,60.2906651
ARM,Armenia,2014,48.7616298,49.8307482,56.8089899
ARM,Armenia,2015,48.5715237,50.1436904,58.2205668
ARM,Armenia,2016,49.2870403,51.6628534,58.6871784
ARM,Armenia,2017,51.1345469,51.4692278,59.0556225
ARM,Armenia,2018,47.9754653,53.2014077,59.3615549
ARM,Armenia,2019,46.417589,52.6966642,58.9376649
ARM,Armenia,2020,44.7767568,55.6708338,58.1448229
ARM,Armenia,2021,44.4308943,55.194753,57.9730706
ARM,Armenia,2022,44.9105336,52.8574311,56.0981042
ARM,Armenia,2023,48.1625284,53.3368421,56.383805
ARM,Armenia,2024,44.2622836,54.5140043,57.0391218
ASM,American Samoa,2004,50.0871189,66.3475883,56.4006331
ASM,American Samoa,2005,45.5295067,74.9283458,64.0077334
ASM,American Samoa,2006,45.4722208,74.8830559,63.9479992
ASM,American Samoa,2007,55.597945,74.9723381,64.0520006
ASM,American Samoa,2008,55.6655169,74.8898059,64.0058755
ASM,American Samoa,2009,55.9014565,74.7901749,63.9440847
ASM,American Samoa,2010,55.9462322,74.760748,63.9464709
ASM,American Samoa,2011,55.9198894,75.0109727,63.9634
ASM,American Samoa,2012,55.9265237,74.9156409,63.7784327
ASM,American Samoa,2013,55.9339338,74.7025552,63.7510173
ASM,American Samoa,2014,66.2726692,79.6888264,57.1544045
ASM,American Samoa,2015,66.2174152,79.7837313,57.3289815
ASM,American Samoa,2016,66.236622,79.7993741,57.3698043
ASM,American Samoa,2017,66.2428596,79.7610924,53.6784118
ASM,American Samoa,2018,66.2771005,79.7988389,53.6961704
ASM,American Samoa,2019,66.3104743,80.5861133,53.744319
ASM,American Samoa,2020,66.2151577,77.6519861,61.1315136
ASM,American Samoa,2021,66.2717223,77.5397482,61.0985387
ASM,American Samoa,2022,66.2632058,77.4707384,61.0106572
ASM,American Samoa,2023,66.2931807,77.451965,61.0200207
ASM,American Samoa,2024,66.2614695,75.6655388,61.0412254
ATG,Antigua and Barbuda,1996,66.1026449,73.8184998,63.2098573
ATG,Antigua and Barbuda,1998,65.9251677,73.6637274,63.6970128
ATG,Antigua and Barbuda,2000,65.9865524,73.5619451,63.8296268
ATG,Antigua and Barbuda,2002,65.9914368,73.6898688,64.0289113
ATG,Antigua and Barbuda,2003,65.7415403,73.6354382,64.0302061
ATG,Antigua and Barbuda,2004,61.2605298,69.9170709,58.6141978
ATG,Antigua and Barbuda,2005,62.5957623,70.4472707,60.3479563
ATG,Antigua and Barbuda,2006,62.5515349,72.8122399,60.3048262
ATG,Antigua and Barbuda,2007,62.6184185,72.8608309,60.3799171
ATG,Antigua and Barbuda,2008,62.6705848,72.8159144,60.3466142
ATG,Antigua and Barbuda,2009,62.8527383,72.7616921,60.302
ATG,Antigua and Barbuda,2010,65.9853236,74.6010395,63.9464709
ATG,Antigua and Barbuda,2011,65.9589828,74.7450639,63.9634
ATG,Antigua and Barbuda,2012,65.9656171,74.6901927,63.7784327
ATG,Antigua and Barbuda,2013,65.9730272,74.5675441,63.7510173
ATG,Antigua and Barbuda,2014,52.8872095,66.4860226,60.8889965
ATG,Antigua and Barbuda,2015,59.5246902,72.6159846,58.1167608
ATG,Antigua and Barbuda,2016,59.543897,72.5767958,58.1375886
ATG,Antigua and Barbuda,2017,46.1646729,68.2494243,58.3079325
ATG,Antigua and Barbuda,2018,46.1989138,66.9759872,62.5055435
ATG,Antigua and Barbuda,2019,46.2322895,67.1106007,63.9907886
ATG,Antigua and Barbuda,2020,39.444246,67.1187809,63.9489596
ATG,Antigua and Barbuda,2021,39.5008106,66.717966,63.7642889
ATG,Antigua and Barbuda,2022,49.5362212,67.6358473,62.1881673
ATG,Antigua and Barbuda,2023,59.7249052,67.6096233,64.6708822
ATG,Antigua and Barbuda,2024,59.7008199,67.3216504,64.8713859
AUS,Australia,1996,82.473312,86.05236,69.4978249
AUS,Australia,1998,83.7092342,86.6977201,74.6269921
AUS,Australia,2000,86.1317472,87.8791574,80.5507093
AUS,Australia,2002,88.7195809,87.153444,79.5688027
AUS,Australia,2003,89.0516829,88.2136767,82.4177616
AUS,Australia,2004,86.1267675,86.7015821,84.5128293
AUS,Australia,2005,86.4053109,86.5280879,83.2876044
AUS,Australia,2006,85.5303708,86.8696636,83.51855
AUS,Australia,2007,85.3140561,86.7401135,83.6322225
AUS,Australia,2008,85.0644202,86.5195084,84.0628643
AUS,Australia,2009,83.4351669,86.1796314,82.741489
AUS,Australia,2010,84.6485281,84.4552308,81.4290591
AUS,Australia,2011,84.4677746,84.0752684,83.8768988
AUS,Australia,2012,84.4838431,85.1023997,85.3016826
AUS,Australia,2013,82.8811134,85.1158602,84.5216155
AUS,Australia,2014,86.2376023,86.779581,82.4143865
AUS,Australia,2015,83.9328327,86.5290001,82.3013543
AUS,Australia,2016,82.934005,86.7190682,83.4731725
AUS,Australia,2017,83.3122495,84.9097362,83.6562582
AUS,Australia,2018,84.8771645,85.1195657,83.6957403
AUS,Australia,2019,83.7468389,85.091495,83.9863619
AUS,Australia,2020,82.5570088,83.678109,82.7534122
AUS,Australia,2021,84.4436776,83.9886779,83.0307116
AUS,Australia,2022,85.7080678,82.2979363,83.2556593
AUS,Australia,2023,85.9860939,82.8355625,83.4581518
AUS,Australia,2024,86.5155896,82.2713526,82.026233
AUT,Austria,1996,86.1008992,88.6506495,76.2414762
AUT,Austria,1998,85.9133791,87.9937445,75.5095718
AUT,Austria,2000,89.7383523,89.6627886,80.0015484
AUT,Austria,2002,89.4993173,89.8621282,82.2728317
AUT,Austria,2003,87.5499531,89.0738315,81.8723007
AUT,Austria,2004,86.4791262,88.1478853,80.7169338
AUT,Austria,2005,87.9259188,88.2737678,82.5203531
AUT,Austria,2006,85.8292099,90.0017259,83.3648496
AUT,Austria,2007,85.8374347,90.4489236,83.713857
AUT,Austria,2008,84.9775249,90.0080973,81.4005728
AUT,Austria,2009,83.0126094,87.7527775,79.8114492
AUT,Austria,2010,85.3867651,87.3213585,80.5730385
AUT,Austria,2011,81.7606984,85.6806931,79.3288421
AUT,Austria,2012,80.9035185,86.2674662,78.9805335
AUT,Austria,2013,81.9429919,86.8649565,77.2170032
AUT,Austria,2014,84.2574778,87.5290865,75.6611857
AUT,Austria,2015,82.4687154,87.6278381,75.0857528
AUT,Austria,2016,83.5831747,87.8449477,76.8100422
AUT,Austria,2017,82.719903,87.4945068,77.262734
AUT,Austria,2018,82.5356457,87.9258414,79.0042947
AUT,Austria,2019,85.421111,88.1128925,79.4483832
AUT,Austria,2020,88.4396396,87.0508768,78.1052433
AUT,Austria,2021,86.6567707,86.5103437,77.7026825
AUT,Austria,2022,85.1211403,85.2240691,76.9614999
AUT,Austria,2023,82.0436925,85.4952977,77.1335739
AUT,Austria,2024,80.788653,85.839794,76.1709511
AZE,Azerbaijan,1996,24.8609548,35.9860988,34.7555617
AZE,Azerbaijan,1998,25.0275512,39.6519321,37.1944967
AZE,Azerbaijan,2000,24.4112555,38.0632035,41.2495104
AZE,Azerbaijan,2002,28.309696,42.3471076,42.5334728
AZE,Azerbaijan,2003,28.2129153,42.4832425,44.8391157
AZE,Azerbaijan,2004,30.5540511,44.1216688,45.056419
AZE,Azerbaijan,2005,33.7592889,44.5051835,46.3108652
AZE,Azerbaijan,2006,34.551275,43.86467,47.161828
AZE,Azerbaijan,2007,35.6019929,44.6425525,47.7714202
AZE,Azerbaijan,2008,35.3498798,43.9926746,48.927112
AZE,Azerbaijan,2009,37.2240986,43.7580152,49.6162459
AZE,Azerbaijan,2010,34.6235951,43.4121524,47.5533298
AZE,Azerbaijan,2011,35.8656752,43.8740171,47.8930494
AZE,Azerbaijan,2012,35.6234046,44.0289324,47.1444037
AZE,Azerbaijan,2013,39.5491523,45.5105984,48.7124189
AZE,Azerbaijan,2014,43.0677538,45.8142778,50.4938481
AZE,Azerbaijan,2015,44.4626386,44.8247484,50.7335643
AZE,Azerbaijan,2016,48.8845413,45.3777696,51.4454594
AZE,Azerbaijan,2017,48.7051372,44.6973496,51.9392436
AZE,Azerbaijan,2018,48.3097216,45.7200216,51.7004974
AZE,Azerbaijan,2019,50.2593949,45.389645,53.2144403
AZE,Azerbaijan,2020,50.2315219,46.3248918,53.1975112
AZE,Azerbaijan,2021,50.2323191,46.4905311,53.9246857
AZE,Azerbaijan,2022,50.2836338,47.5250716,53.9065375
AZE,Azerbaijan,2023,52.6166207,48.0829806,55.5445036
AZE,Azerbaijan,2024,54.5704861,48.6111324,56.9902493
BDI,Burundi,1996,15.90718,35.4885821,26.5557809
BDI,Burundi,1998,15.7297047,35.5968736,26.9080797
BDI,Burundi,2000,15.7910895,35.5465925,33.0807015
BDI,Burundi,2002,13.5314785,34.7895264,32.418368
BDI,Burundi,2003,13.3517244,30.1999068,32.2673725
BDI,Burundi,2004,21.6256177,35.2559863,35.6300759
BDI,Burundi,2005,24.7133553,37.0370394,35.9916799
BDI,Burundi,2006,25.292301,39.5942074,37.4260464
BDI,Burundi,2007,24.9266212,38.7747628,37.5232694
BDI,Burundi,2008,27.010501,38.4893302,37.5387711
BDI,Burundi,2009,30.1262963,36.1392155,38.3728726
BDI,Burundi,2010,27.9955953,35.2912958,38.6982323
BDI,Burundi,2011,28.7632802,35.2879363,39.4934194
BDI,Burundi,2012,28.2619278,37.0746775,40.2652191
BDI,Burundi,2013,33.8934702,36.8349702,39.4826444
BDI,Burundi,2014,34.3112483,37.9703087,41.3054989
BDI,Burundi,2015,33.341087,34.2345535,41.0247897
BDI,Burundi,2016,30.4939438,32.8130974,40.7826274
BDI,Burundi,2017,33.4177917,34.118975,41.3901126
BDI,Burundi,2018,31.3256171,33.1410129,39.4725223
BDI,Burundi,2019,32.3510733,34.0729983,40.2556522
BDI,Burundi,2020,30.0796307,34.2257226,38.8207368
BDI,Burundi,2021,29.4808443,34.3794073,39.0907215
BDI,Burundi,2022,28.3771978,34.217088,40.3473772
BDI,Burundi,2023,29.7912739,34.4555905,40.9409173
BDI,Burundi,2024,31.7781047,34.5421294,42.0271013
BEL,Belgium,1996,83.9666964,81.0445186,71.7106735
BEL,Belgium,1998,83.1285988,77.5873203,71.8630633
BEL,Belgium,2000,86.0266036,79.9304543,74.5068864
BEL,Belgium,2002,88.9900064,79.3832968,78.4345206
BEL,Belgium,2003,84.5421946,79.5452461,78.5240739
BEL,Belgium,2004,83.2374328,78.3346538,76.6997905
BEL,Belgium,2005,84.3748088,79.1231742,77.1429043
BEL,Belgium,2006,81.0520455,77.9018855,77.7903685
BEL,Belgium,2007,80.7495277,80.3415509,77.9660353
BEL,Belgium,2008,81.5168043,79.6173899,74.4578294
BEL,Belgium,2009,85.2630058,78.0940034,73.3354878
BEL,Belgium,2010,83.601141,78.1627189,72.7047288
BEL,Belgium,2011,86.262061,78.8038761,71.6444808
BEL,Belgium,2012,86.366277,79.5766143,72.2228614
BEL,Belgium,2013,86.6440446,79.9228351,72.5424834
BEL,Belgium,2014,81.4454661,80.3729449,69.6027695
BEL,Belgium,2015,81.0024536,81.4930554,73.4163905
BEL,Belgium,2016,77.6297152,81.7003652,75.7427933
BEL,Belgium,2017,73.7080936,80.6729877,74.9044429
BEL,Belgium,2018,75.2725459,81.4169961,74.8669275
BEL,Belgium,2019,73.128901,81.9087179,75.1924417
BEL,Belgium,2020,74.0821421,81.977454,75.7413392
BEL,Belgium,2021,75.2230161,81.1494075,76.8702874
BEL,Belgium,2022,76.8196093,80.0237604,77.0684112
BEL,Belgium,2023,73.9850756,78.8566854,75.2301559
BEL,Belgium,2024,74.5710173,79.0425834,74.4753152
BEN,Benin,1996,35.9853648,58.4715987,50.5655182
BEN,Benin,1998,35.8078895,58.3120038,50.917817
BEN,Benin,2000,35.8692743,52.0702996,51.0137199
BEN,Benin,2002,38.9798197,50.2359054,46.0939609
BEN,Benin,2003,38.8000656,48.847592,46.094486
BEN,Benin,2004,42.6625249,50.3164102,45.2739053
BEN,Benin,2005,39.4135419,50.0116035,47.1870733
BEN,Benin,2006,37.8629513,51.9340511,47.2911994
BEN,Benin,2007,39.5939708,52.5014346,47.5015349
BEN,Benin,2008,40.9814785,50.9611954,46.4133747
BEN,Benin,2009,42.3719379,49.9557444,48.3486952
BEN,Benin,2010,41.965764,50.1922728,48.2460327
BEN,Benin,2011,42.6538004,49.2023682,47.5724795
BEN,Benin,2012,41.5909397,49.6069557,46.3197256
BEN,Benin,2013,41.2327711,48.5407458,45.8641918
BEN,Benin,2014,42.6469716,48.7295248,46.0716774
BEN,Benin,2015,40.8204781,49.8100954,46.3710647
BEN,Benin,2016,41.7194491,50.3226577,47.4753859
BEN,Benin,2017,42.2673155,50.253937,47.65019
BEN,Benin,2018,44.2934018,49.5306211,47.7352989
BEN,Benin,2019,45.2472224,50.1605655,47.1388853
BEN,Benin,2020,47.6695739,50.1930266,47.9807811
BEN,Benin,2021,47.4149409,50.3349168,48.8810138
BEN,Benin,2022,47.1616961,48.902081,50.352593
BEN,Benin,2023,47.1334148,50.236747,51.1412381
BEN,Benin,2024,47.7351469,49.8656515,50.4899699
BFA,Burkina Faso,1996,32.4784433,47.1824753,44.5681832
BFA,Burkina Faso,1998,32.3625355,47.1192725,49.1161909
BFA,Burkina Faso,2000,32.4026252,45.5599896,50.760546
BFA,Burkina Faso,2002,30.2897913,43.1554926,51.8327156
BFA,Burkina Faso,2003,30.1597303,44.3017564,50.4590012
BFA,Burkina Faso,2004,36.1047764,47.9302322,44.8921218
BFA,Burkina Faso,2005,36.9069277,48.0604191,44.6782503
BFA,Burkina Faso,2006,35.1200398,50.0523791,46.8305793
BFA,Burkina Faso,2007,37.176733,50.7338128,48.3306385
BFA,Burkina Faso,2008,39.9058431,50.9380969,51.702778
BFA,Burkina Faso,2009,40.6308678,52.6728412,52.1794849
BFA,Burkina Faso,2010,41.2608152,53.0886449,52.368589
BFA,Burkina Faso,2011,41.0743898,49.8051129,51.819742
BFA,Burkina Faso,2012,39.3018866,50.7353118,50.974796
BFA,Burkina Faso,2013,39.1840753,48.1539662,50.6912842
BFA,Burkina Faso,2014,40.398786,47.4998958,49.2997245
BFA,Burkina Faso,2015,38.6413732,47.9267453,48.2506585
BFA,Burkina Faso,2016,41.133628,48.5912867,48.1551278
BFA,Burkina Faso,2017,41.4057995,49.3951212,48.3034391
BFA,Burkina Faso,2018,41.9626977,49.9735678,48.1794332
BFA,Burkina Faso,2019,39.1372366,49.9337491,47.4892395
BFA,Burkina Faso,2020,39.0734329,49.7548697,46.9913642
BFA,Burkina Faso,2021,36.8265306,50.0617623,47.623265
BFA,Burkina Faso,2022,34.3967942,46.1796214,47.0137659
BFA,Burkina Faso,2023,34.5353814,44.6675131,47.2564533
BFA,Burkina Faso,2024,34.3295393,41.7528823,46.5739404
BGD,Bangladesh,1996,35.5680728,41.1264677,36.5772712
BGD,Bangladesh,1998,40.746272,41.0756445,36.7134321
BGD,Bangladesh,2000,34.4032107,37.7262059,36.0890873
BGD,Bangladesh,2002,34.7292111,37.6220828,37.1644348
BGD,Bangladesh,2003,30.5957177,36.6971882,38.0392519
BGD,Bangladesh,2004,33.7230881,39.1175381,37.2411518
BGD,Bangladesh,2005,33.9449443,40.5844201,39.3810307
BGD,Bangladesh,2006,32.9859828,39.5658941,41.0777154
BGD,Bangladesh,2007,34.3692692,41.746127,41.1853443
BGD,Bangladesh,2008,34.9122454,42.6820072,41.2477676
BGD,Bangladesh,2009,35.5014129,42.8249593,42.1620511
BGD,Bangladesh,2010,35.6476611,42.3740888,41.663854
BGD,Bangladesh,2011,35.060823,44.9199804,41.818335
BGD,Bangladesh,2012,35.8085681,39.9471869,39.4260092
BGD,Bangladesh,2013,36.2926406,40.1856326,39.8878863
BGD,Bangladesh,2014,38.018204,42.3036437,40.7237543
BGD,Bangladesh,2015,38.610465,42.2164095,42.6114025
BGD,Bangladesh,2016,40.9618614,41.3564922,42.8886546
BGD,Bangladesh,2017,40.1951079,41.0567713,43.1432085
BGD,Bangladesh,2018,39.2969731,41.3093968,42.4744798
BGD,Bangladesh,2019,39.7312669,40.7531366,40.8335313
BGD,Bangladesh,2020,37.3141497,41.5281449,40.7595081
BGD,Bangladesh,2021,40.3760073,40.1857393,41.1231008
BGD,Bangladesh,2022,39.2181042,40.2076588,40.2892485
BGD,Bangladesh,2023,40.5013434,41.4402154,40.654144
BGD,Bangladesh,2024,39.305124,40.4414129,39.8788257
BGR,Bulgaria,1996,39.612497,53.6063755,46.6871366
BGR,Bulgaria,1998,45.3679406,54.3686204,56.4864833
BGR,Bulgaria,2000,45.1313574,55.4027547,57.0431513
BGR,Bulgaria,2002,50.5238647,56.7079009,60.9460985
BGR,Bulgaria,2003,50.4177275,53.4945559,63.1347695
BGR,Bulgaria,2004,51.0484216,55.3446755,63.4121368
BGR,Bulgaria,2005,50.1479904,54.9665976,64.8837302
BGR,Bulgaria,2006,48.1042197,55.7609077,63.571283
BGR,Bulgaria,2007,48.2758754,56.3934355,64.2819385
BGR,Bulgaria,2008,46.4819779,54.4355906,64.7879046
BGR,Bulgaria,2009,50.198574,54.5661356,62.7622817
BGR,Bulgaria,2010,45.5887877,51.8045095,62.4752261
BGR,Bulgaria,2011,45.8854626,51.1694983,60.0577307
BGR,Bulgaria,2012,47.4089366,53.2210692,60.0907434
BGR,Bulgaria,2013,48.3607447,52.9835993,59.5366066
BGR,Bulgaria,2014,48.3403771,53.2654435,59.7245042
BGR,Bulgaria,2015,49.2069931,53.3831888,61.4525377
BGR,Bulgaria,2016,50.0007097,53.5548931,63.6382374
BGR,Bulgaria,2017,50.3792401,52.9488922,63.3471443
BGR,Bulgaria,2018,50.8647631,54.5437289,62.4588537
BGR,Bulgaria,2019,52.0393472,54.5451867,62.0869905
BGR,Bulgaria,2020,50.217808,54.373904,59.7158504
BGR,Bulgaria,2021,51.0525709,56.3150803,59.9558394
BGR,Bulgaria,2022,49.9067134,55.2470323,58.7677262
BGR,Bulgaria,2023,53.4045993,56.5070158,60.4109253
BGR,Bulgaria,2024,52.1730773,56.3908659,59.4055004
BHR,Bahrain,1996,60.5301346,59.1158538,59.0916949
BHR,Bahrain,1998,60.4484289,62.2223066,63.1534429
BHR,Bahrain,2000,60.4766888,62.1964028,63.8601729
BHR,Bahrain,2002,58.7686542,63.2466274,67.509279
BHR,Bahrain,2003,58.6864137,61.1093438,67.7060322
BHR,Bahrain,2004,58.6760131,64.599874,67.9425578
BHR,Bahrain,2005,56.5824852,61.9216872,67.8679558
BHR,Bahrain,2006,56.7433553,59.9911867,67.7495045
BHR,Bahrain,2007,58.116667,61.1457857,69.5994733
BHR,Bahrain,2008,57.1781236,60.9878035,67.6029612
BHR,Bahrain,2009,58.5058682,60.3480163,67.9439819
BHR,Bahrain,2010,59.1084209,58.7033098,68.7670798
BHR,Bahrain,2011,59.7662121,56.5276394,69.0600008
BHR,Bahrain,2012,57.8638325,54.5957001,67.5311823
BHR,Bahrain,2013,58.3192076,54.8428905,67.794789
BHR,Bahrain,2014,59.6177453,54.7085851,64.7452019
BHR,Bahrain,2015,60.0496495,57.1693938,66.4860355
BHR,Bahrain,2016,59.5585616,56.5684288,63.28286
BHR,Bahrain,2017,59.5605585,56.491077,62.6880582
BHR,Bahrain,2018,59.4713513,55.979506,62.6920421
BHR,Bahrain,2019,59.8219367,57.0917701,63.0678924
BHR,Bahrain,2020,59.5184622,55.0650515,63.6219613
BHR,Bahrain,2021,65.3073437,57.2928772,67.424547
BHR,Bahrain,2022,65.5298844,57.5304021,68.5806994
BHR,Bahrain,2023,65.5836257,59.1319114,69.2086259
BHR,Bahrain,2024,63.0118001,59.8550294,69.8494802
BHS,"Bahamas, The",1996,73.6278656,78.4620922,63.581372
BHS,"Bahamas, The",1998,73.5119579,78.3926539,70.270328
BHS,"Bahamas, The",2000,73.5520476,78.3469887,71.8728021
BHS,"Bahamas, The",2002,73.5552364,81.9194798,76.1114187
BHS,"Bahamas, The",2003,73.3920311,81.8950595,74.5820924
BHS,"Bahamas, The",2004,69.3273559,81.2615421,71.8362345
BHS,"Bahamas, The",2005,73.3046185,83.3432025,74.5698175
BHS,"Bahamas, The",2006,73.2672044,78.309953,73.4457726
BHS,"Bahamas, The",2007,73.3237826,80.8818241,73.5025844
BHS,"Bahamas, The",2008,73.3679127,79.6198648,73.477388
BHS,"Bahamas, The",2009,70.3370819,72.7429152,66.7920153
BHS,"Bahamas, The",2010,70.3576945,72.0120885,64.9346372
BHS,"Bahamas, The",2011,70.3455692,70.5279648,64.0111669
BHS,"Bahamas, The",2012,70.3486239,68.2085592,63.9498129
BHS,"Bahamas, The",2013,70.3520344,68.170262,61.7920617
BHS,"Bahamas, The",2014,65.8683095,65.2027133,60.4896673
BHS,"Bahamas, The",2015,65.8428728,65.344786,57.7939845
BHS,"Bahamas, The",2016,65.8517159,64.6317775,58.3069374
BHS,"Bahamas, The",2017,65.8545859,63.4532161,55.9931706
BHS,"Bahamas, The",2018,65.8703491,63.5294406,57.0956828
BHS,"Bahamas, The",2019,65.8857138,63.4525432,54.8000153
BHS,"Bahamas, The",2020,62.7607215,62.372248,54.6825419
BHS,"Bahamas, The",2021,62.7867628,62.9625131,54.5414492
BHS,"Bahamas, The",2022,65.1327908,61.647106,53.8042378
BHS,"Bahamas, The",2023,65.1448344,61.7223546,53.3768433
BHS,"Bahamas, The",2024,65.1320947,61.2845195,53.1711824
BIH,Bosnia and Herzegovina,1996,24.8609548,51.6698582,33.9259234
BIH,Bosnia and Herzegovina,1998,24.7528033,45.7070327,36.1920637
BIH,Bosnia and Herzegovina,2000,24.0197326,46.3136549,40.6687798
BIH,Bosnia and Herzegovina,2002,25.1427181,48.4834427,43.4201641
BIH,Bosnia and Herzegovina,2003,25.0208702,46.5797255,47.1437981
BIH,Bosnia and Herzegovina,2004,36.1002245,48.9827528,48.6633587
BIH,Bosnia and Herzegovina,2005,37.3188687,48.3238995,48.8017529
BIH,Bosnia and Herzegovina,2006,38.097697,49.5026812,50.0889406
BIH,Bosnia and Herzegovina,2007,36.3248457,49.821093,50.5408927
BIH,Bosnia and Herzegovina,2008,37.9542604,48.9468117,51.5828442
BIH,Bosnia and Herzegovina,2009,38.1093245,50.3135945,51.5728262
BIH,Bosnia and Herzegovina,2010,37.5624712,50.5765173,51.0560977
BIH,Bosnia and Herzegovina,2011,37.1032657,49.7825548,50.57955
BIH,Bosnia and Herzegovina,2012,39.8385143,54.6947838,51.6261809
BIH,Bosnia and Herzegovina,2013,40.8764808,54.8127684,51.6867968
BIH,Bosnia and Herzegovina,2014,46.7141784,55.4246777,51.9304952
BIH,Bosnia and Herzegovina,2015,42.3437382,52.9927485,50.905386
BIH,Bosnia and Herzegovina,2016,43.2921786,53.3595052,51.0160225
BIH,Bosnia and Herzegovina,2017,42.188083,51.2952156,52.2061797
BIH,Bosnia and Herzegovina,2018,38.3790948,51.4383622,49.8822151
BIH,Bosnia and Herzegovina,2019,35.9073884,50.2438808,48.9215763
BIH,Bosnia and Herzegovina,2020,37.6300761,51.7568806,48.961795
BIH,Bosnia and Herzegovina,2021,35.000461,51.6732556,48.8734072
BIH,Bosnia and Herzegovina,2022,36.8357723,51.978064,48.8771892
BIH,Bosnia and Herzegovina,2023,38.7918855,50.8569691,49.379531
BIH,Bosnia and Herzegovina,2024,38.9873757,51.4721898,49.3451777
BLR,Belarus,1996,35.9853648,48.2311562,35.9588659
BLR,Belarus,1998,32.3625355,43.7244974,28.5660866
BLR,Belarus,2000,25.8861797,40.2973662,27.6744556
BLR,Belarus,2002,23.851921,41.0078894,30.9999007
BLR,Belarus,2003,23.7231802,40.96773,32.0395606
BLR,Belarus,2004,26.8415363,43.9872584,35.6915624
BLR,Belarus,2005,26.3029681,40.995126,35.0729489
BLR,Belarus,2006,32.0717424,36.9731705,29.4471207
BLR,Belarus,2007,32.1221122,38.343256,30.6447898
BLR,Belarus,2008,30.9659532,39.8984978,35.6372882
BLR,Belarus,2009,30.9609114,40.4816808,36.0089859
BLR,Belarus,2010,30.823205,40.4941172,36.3941539
BLR,Belarus,2011,30.5863126,39.7909533,33.850831
BLR,Belarus,2012,30.45526,44.261523,38.6196465
BLR,Belarus,2013,31.842233,42.812602,38.5295412
BLR,Belarus,2014,42.0231841,44.1044546,40.7523794
BLR,Belarus,2015,44.8438484,44.3716577,39.0507961
BLR,Belarus,2016,44.9504697,44.7038845,40.4435324
BLR,Belarus,2017,47.4233446,43.8855276,40.9573889
BLR,Belarus,2018,46.8691706,44.3481599,42.4297946
BLR,Belarus,2019,46.6988759,43.2953313,46.856785
BLR,Belarus,2020,39.3477492,42.1598706,44.0894827
BLR,Belarus,2021,38.0691396,38.5964857,42.336188
BLR,Belarus,2022,39.7338355,37.0150252,37.8914926
BLR,Belarus,2023,39.7439464,36.0445721,36.3281553
BLR,Belarus,2024,37.6995982,35.7852241,35.4281591
BLZ,Belize,1996,46.0244582,63.5775996,59.5320282
BLZ,Belize,1998,45.8469829,56.4733913,59.884327
BLZ,Belize,2000,45.9083676,63.4354168,59.1160128
BLZ,Belize,2002,45.913252,60.0972494,59.2601305
BLZ,Belize,2003,45.6633535,61.9298245,59.2610673
BLZ,Belize,2004,43.7151755,58.1645614,53.5487376
BLZ,Belize,2005,42.0754671,62.5752843,56.0113661
BLZ,Belize,2006,42.2112195,59.1114737,50.8117921
BLZ,Belize,2007,41.2414626,58.6310662,50.8470239
BLZ,Belize,2008,41.1571066,57.5158367,51.0364023
BLZ,Belize,2009,41.2555711,55.0581878,50.9744696
BLZ,Belize,2010,45.9600421,55.4140071,51.7293828
BLZ,Belize,2011,46.123053,51.6729372,50.3489687
BLZ,Belize,2012,46.125709,51.2701275,49.6909361
BLZ,Belize,2013,46.1286742,51.2337045,49.6826719
BLZ,Belize,2014,42.843992,45.9786366,46.1329588
BLZ,Belize,2015,43.6770108,46.4007377,46.9180207
BLZ,Belize,2016,43.3169037,46.9291631,47.5300213
BLZ,Belize,2017,43.3199875,47.6390719,46.3533645
BLZ,Belize,2018,43.6589881,46.797157,44.4053385
BLZ,Belize,2019,44.0054261,47.304396,45.7954221
BLZ,Belize,2020,43.9561997,48.0015344,45.7744666
BLZ,Belize,2021,43.9854124,47.883395,45.2938499
BLZ,Belize,2022,48.5929432,49.4412769,45.1243181
BLZ,Belize,2023,50.0916047,50.0681492,47.0872812
BLZ,Belize,2024,48.8303528,50.1294796,47.7644224
BMU,Bermuda,1996,66.1026449,75.2479503,77.2145681
BMU,Bermuda,1998,65.9251677,75.0457624,77.7017236
BMU,Bermuda,2000,65.9865524,74.9127977,77.834336
BMU,Bermuda,2002,65.9914368,75.0799119,78.0336221
BMU,Bermuda,2003,65.7415403,75.0088076,78.0349154
BMU,Bermuda,2004,63.8781907,69.8957193,73.1496926
BMU,Bermuda,2005,65.6076935,70.5375288,78.0124443
BMU,Bermuda,2006,65.5504056,70.4922389,77.9527084
BMU,Bermuda,2007,65.6370384,70.5815211,78.0567115
BMU,Bermuda,2008,65.7046083,70.4989889,78.0105864
BMU,Bermuda,2009,65.9405498,70.3993578,77.948794
BMU,Bermuda,2010,65.9853236,74.760748,77.9511817
BMU,Bermuda,2011,65.9589828,75.0109727,77.9681092
BMU,Bermuda,2012,65.9656171,74.9156409,77.7831436
BMU,Bermuda,2013,65.9730272,74.7025552,77.7557281
BMU,Bermuda,2014,79.658129,56.271138,64.6235806
BMU,Bermuda,2015,79.6028749,71.9778358,64.7981576
BMU,Bermuda,2016,79.6220817,71.9934769,68.5735707
BMU,Bermuda,2017,79.6283194,71.9551951,68.6167623
BMU,Bermuda,2018,79.6625603,71.9929416,68.634521
BMU,Bermuda,2019,79.695934,71.9881106,68.6826695
BMU,Bermuda,2020,79.6006175,68.1268531,68.6006897
BMU,Bermuda,2021,79.6571821,67.9791492,68.5677148
BMU,Bermuda,2022,74.9510215,70.7560652,68.4798333
BMU,Bermuda,2023,80.0567528,70.7380077,64.7546064
BMU,Bermuda,2024,80.0326675,70.7350905,64.7758095
BOL,Bolivia,1996,45.5797598,51.721091,55.5041162
BOL,Bolivia,1998,50.7104203,52.623505,58.4915387
BOL,Bolivia,2000,41.8420825,49.0699904,56.6156575
BOL,Bolivia,2002,41.8174158,50.3706377,52.3558457
BOL,Bolivia,2003,41.5836987,50.62743,53.0500516
BOL,Bolivia,2004,40.5573014,47.4023059,52.3558867
BOL,Bolivia,2005,42.2946246,46.57507,49.7803491
BOL,Bolivia,2006,41.9219449,41.7945339,44.4107292
BOL,Bolivia,2007,42.6003099,41.9377906,42.6891509
BOL,Bolivia,2008,41.8555164,39.6748964,42.1167587
BOL,Bolivia,2009,44.3051712,36.8504737,40.9756176
BOL,Bolivia,2010,45.3984074,38.3679844,41.6246525
BOL,Bolivia,2011,46.1441847,39.5047531,42.2459282
BOL,Bolivia,2012,46.5251981,38.0857289,41.1562555
BOL,Bolivia,2013,48.176534,36.4204642,41.3522312
BOL,Bolivia,2014,43.8181258,37.3530279,41.5779297
BOL,Bolivia,2015,42.9388516,35.664491,41.9086485
BOL,Bolivia,2016,44.8708347,35.4306681,41.6249128
BOL,Bolivia,2017,45.2529642,35.3385702,41.7842577
BOL,Bolivia,2018,44.2577026,34.8524194,41.4800081
BOL,Bolivia,2019,42.4377306,35.5390215,39.4764951
BOL,Bolivia,2020,42.1659752,36.2750114,38.2868348
BOL,Bolivia,2021,42.0373238,37.8575493,37.2460993
BOL,Bolivia,2022,42.9101056,36.6979317,36.925143
BOL,Bolivia,2023,43.3803612,36.2633408,36.5763233
BOL,Bolivia,2024,39.4715143,35.1463232,35.0786424
BRA,Brazil,1996,51.6820575,51.0983647,53.1748982
BRA,Brazil,1998,47.8322212,50.6001957,55.9547972
BRA,Brazil,2000,48.1913056,50.6570737,56.2147575
BRA,Brazil,2002,50.2973516,51.7923588,56.3144455
BRA,Brazil,2003,49.0505329,50.2984869,57.8332286
BRA,Brazil,2004,47.1185129,51.9366464,55.4374457
BRA,Brazil,2005,44.6336974,50.9104789,56.3583563
BRA,Brazil,2006,43.9751032,51.6745154,54.8757907
BRA,Brazil,2007,43.8153647,51.5878371,54.1806369
BRA,Brazil,2008,49.0298834,52.7089113,57.3207284
BRA,Brazil,2009,50.8491962,53.4309812,57.2240984
BRA,Brazil,2010,51.1910415,56.2524024,57.8598696
BRA,Brazil,2011,50.6454423,55.6775357,57.8358419
BRA,Brazil,2012,51.2325195,56.195583,57.8500598
BRA,Brazil,2013,54.0327461,54.6493028,56.9133194
BRA,Brazil,2014,50.9451174,54.5209402,54.2871366
BRA,Brazil,2015,49.360564,53.0887791,53.3435278
BRA,Brazil,2016,49.3855865,54.4077541,53.3451223
BRA,Brazil,2017,49.2990606,52.1316368,53.1856369
BRA,Brazil,2018,47.3268322,50.0545424,51.00996
BRA,Brazil,2019,52.1733223,50.3183068,53.2947815
BRA,Brazil,2020,49.6410809,50.2151562,52.4673449
BRA,Brazil,2021,50.0063582,49.923063,52.480175
BRA,Brazil,2022,46.7668678,49.3948665,51.7253658
BRA,Brazil,2023,46.1562672,48.6517238,51.1409432
BRA,Brazil,2024,46.9849597,49.2849848,50.2174997
BRB,Barbados,1996,66.1026449,70.3327404,76.6008296
BRB,Barbados,1998,65.9251677,76.5123673,76.95313
BRB,Barbados,2000,65.9865524,82.7181717,77.0490312
BRB,Barbados,2002,65.9914368,82.781366,74.3033594
BRB,Barbados,2003,65.7415403,82.7544777,74.3042946
BRB,Barbados,2004,63.0358835,80.7071389,68.7853967
BRB,Barbados,2005,77.4415146,82.9930353,74.7858955
BRB,Barbados,2006,78.8169418,80.6053841,71.0042195
BRB,Barbados,2007,77.1456,81.9640125,72.8838022
BRB,Barbados,2008,81.0790533,82.6444497,72.2740081
BRB,Barbados,2009,76.9759334,77.1244763,66.9776765
BRB,Barbados,2010,75.124993,77.5103282,64.7518969
BRB,Barbados,2011,76.15042,77.8417737,66.8110199
BRB,Barbados,2012,76.4337875,77.0754981,65.649051
BRB,Barbados,2013,74.8551722,76.4214535,65.722019
BRB,Barbados,2014,73.9918285,75.1828388,60.6070272
BRB,Barbados,2015,73.9657327,75.6710909,64.0074133
BRB,Barbados,2016,70.3579881,75.0136834,63.3748484
BRB,Barbados,2017,70.3609339,73.4907581,61.9449799
BRB,Barbados,2018,70.3771055,71.1218064,61.5208185
BRB,Barbados,2019,66.4876637,70.4681921,60.5560445
BRB,Barbados,2020,63.2123108,69.0957538,61.1944022
BRB,Barbados,2021,64.223219,69.0305476,62.371663
BRB,Barbados,2022,65.0933078,69.3037055,61.2337061
BRB,Barbados,2023,63.1085653,69.6027794,61.632753
BRB,Barbados,2024,63.0957497,69.4902317,61.8101531
BRN,Brunei Darussalam,1996,64.2459257,75.0779326,74.1509822
BRN,Brunei Darussalam,1998,60.3990936,70.3974647,63.6595241
BRN,Brunei Darussalam,2000,60.4391832,70.3260144,66.4580996
BRN,Brunei Darussalam,2002,60.4423721,70.4158147,75.2967523
BRN,Brunei Darussalam,2003,60.2791667,70.377607,73.3630988
BRN,Brunei Darussalam,2004,59.2609126,67.6538755,67.3509607
BRN,Brunei Darussalam,2005,60.1917542,59.7469514,73.3475782
BRN,Brunei Darussalam,2006,63.8852644,59.7271918,73.3063201
BRN,Brunei Darussalam,2007,63.9418426,63.4782181,73.3781527
BRN,Brunei Darussalam,2008,64.5232597,64.6064623,69.8317784
BRN,Brunei Darussalam,2009,66.5032831,68.3133741,71.0011157
BRN,Brunei Darussalam,2010,65.8004304,67.9983511,70.6896427
BRN,Brunei Darussalam,2011,65.7777081,68.5109651,70.9194923
BRN,Brunei Darussalam,2012,65.8823655,67.873787,70.4741421
BRN,Brunei Darussalam,2013,67.044453,65.0365199,71.8700484
BRN,Brunei Darussalam,2014,73.4752106,64.7787552,70.8585578
BRN,Brunei Darussalam,2015,73.4543492,63.4116557,69.8175163
BRN,Brunei Darussalam,2016,70.3112194,61.5373567,67.1702581
BRN,Brunei Darussalam,2017,71.0459331,62.0185628,68.474788
BRN,Brunei Darussalam,2018,71.1784033,62.8251115,68.5877855
BRN,Brunei Darussalam,2019,72.2837064,61.9307848,67.5006252
BRN,Brunei Darussalam,2020,72.2477155,66.6615752,67.6373934
BRN,Brunei Darussalam,2021,72.2690747,66.6308506,68.5386639
BRN,Brunei Darussalam,2022,70.4919322,67.955197,68.5126647
BRN,Brunei Darussalam,2023,70.502043,67.9504228,67.6044091
BRN,Brunei Darussalam,2024,67.5801007,67.0778539,68.85143
BTN,Bhutan,1996,56.0635515,52.9716362,52.0060971
BTN,Bhutan,1998,55.8860743,53.4732335,52.4932526
BTN,Bhutan,2000,55.947461,53.727026,52.6258666
BTN,Bhutan,2002,55.9523434,54.1997782,52.8251511
BTN,Bhutan,2003,55.7024469,54.1858169,58.4283253
BTN,Bhutan,2004,56.5460141,58.2770833,44.5602769
BTN,Bhutan,2005,58.2181901,60.8053632,52.3826745
BTN,Bhutan,2006,55.0185696,57.277644,47.1823308
BTN,Bhutan,2007,55.3198605,60.2838272,47.4167951
BTN,Bhutan,2008,56.395284,63.1999864,46.0758947
BTN,Bhutan,2009,59.3753192,60.1815096,41.5870724
BTN,Bhutan,2010,59.7610769,59.8234323,41.1853522
BTN,Bhutan,2011,60.5021391,60.4403568,41.2230475
BTN,Bhutan,2012,61.3969587,60.1888482,41.618918
BTN,Bhutan,2013,63.7814722,61.3797101,41.6055107
BTN,Bhutan,2014,59.5033367,62.9662083,43.3883248
BTN,Bhutan,2015,58.4359592,65.8653839,48.5293474
BTN,Bhutan,2016,59.9085054,65.8294927,49.4322817
BTN,Bhutan,2017,60.7370501,67.6460928,52.835177
BTN,Bhutan,2018,61.8106419,68.4519547,54.1177752
BTN,Bhutan,2019,60.7638148,68.3559345,53.7658375
BTN,Bhutan,2020,60.7464143,68.1003555,54.3747784
BTN,Bhutan,2021,62.936546,68.6385205,54.1509693
BTN,Bhutan,2022,61.7391132,68.7331053,53.138064
BTN,Bhutan,2023,61.7489169,69.3564374,53.139843
BTN,Bhutan,2024,62.6342595,70.5657526,53.4229511
BWA,Botswana,1996,55.9084641,67.1648419,61.6760756
BWA,Botswana,1998,55.8267603,67.1275395,68.3379284
BWA,Botswana,2000,55.8550203,67.125543,68.3819164
BWA,Botswana,2002,59.9794761,67.9787619,69.1478839
BWA,Botswana,2003,63.4701268,70.3686453,68.8437983
BWA,Botswana,2004,61.2414921,68.5612582,66.2332102
BWA,Botswana,2005,62.8751048,69.893253,67.5537875
BWA,Botswana,2006,58.3854845,68.7492318,64.7766091
BWA,Botswana,2007,62.3612343,69.6316021,65.1559717
BWA,Botswana,2008,61.5045386,70.3253966,66.8296427
BWA,Botswana,2009,62.2843721,69.2907338,67.2354067
BWA,Botswana,2010,61.6696456,69.6001496,67.4895284
BWA,Botswana,2011,61.9017624,69.8153092,67.3218704
BWA,Botswana,2012,62.0834707,69.0723799,68.6756465
BWA,Botswana,2013,61.9897019,67.1878595,67.1693907
BWA,Botswana,2014,61.4141667,66.8667612,66.2711026
BWA,Botswana,2015,62.4125588,64.2844001,64.4348708
BWA,Botswana,2016,61.7655901,63.7015975,64.7668766
BWA,Botswana,2017,59.4217418,63.9133752,63.3587978
BWA,Botswana,2018,58.0832291,63.9036925,63.6453172
BWA,Botswana,2019,59.1830198,64.7424819,61.6395915
BWA,Botswana,2020,57.3754551,62.727026,61.0005604
BWA,Botswana,2021,59.1679235,63.3669767,62.1175665
BWA,Botswana,2022,60.2725227,62.8760173,62.5104152
BWA,Botswana,2023,61.8596214,62.683297,61.9054882
BWA,Botswana,2024,59.4464824,62.335899,61.2018557
CAF,Central African Republic,1996,25.9462734,36.0229176,32.399507
CAF,Central African Republic,1998,25.7687961,35.8960421,32.8866625
CAF,Central African Republic,2000,25.8301809,35.8585916,33.0192749
CAF,Central African Republic,2002,17.7511478,41.1668819,32.5571502
CAF,Central African Republic,2003,17.5713937,31.7067383,30.2805709
CAF,Central African Republic,2004,19.1447727,34.2104292,36.4349861
CAF,Central African Republic,2005,17.204627,32.8542396,33.9614359
CAF,Central African Republic,2006,18.8662429,31.2419254,33.7001981
CAF,Central African Republic,2007,19.593632,31.5015247,34.4073145
CAF,Central African Republic,2008,19.5832062,32.0486547,34.4002079
CAF,Central African Republic,2009,21.6953517,33.724306,36.3952027
CAF,Central African Republic,2010,23.9356081,34.2764891,37.4956552
CAF,Central African Republic,2011,24.037452,34.0120397,37.2630598
CAF,Central African Republic,2012,23.6371891,32.3815252,36.8733906
CAF,Central African Republic,2013,21.8104992,24.8509355,32.5289352
CAF,Central African Republic,2014,19.7449007,25.8249305,30.9147381
CAF,Central African Republic,2015,19.8810905,27.5777305,30.9318801
CAF,Central African Republic,2016,20.9741186,27.8975037,32.2659246
CAF,Central African Republic,2017,20.9503735,29.336704,32.5024124
CAF,Central African Republic,2018,21.5152476,30.2298104,33.291231
CAF,Central African Republic,2019,20.5863718,29.7030372,33.2972289
CAF,Central African Republic,2020,19.9905214,30.0750242,33.3324054
CAF,Central African Republic,2021,20.6664461,30.3279906,32.8807719
CAF,Central African Republic,2022,20.4182821,28.2686938,33.2641042
CAF,Central African Republic,2023,20.7985021,27.2788236,33.9129262
CAF,Central African Republic,2024,20.6860087,27.4518394,34.8637158
CAN,Canada,1996,85.8946487,87.1594677,73.5470488
CAN,Canada,1998,86.483402,86.9963395,78.2812271
CAN,Canada,2000,88.6820909,87.8616403,80.4929307
CAN,Canada,2002,89.7683681,87.5383837,82.5714226
CAN,Canada,2003,88.4414829,86.3142174,81.3416177
CAN,Canada,2004,87.7108563,86.0946295,81.5159486
CAN,Canada,2005,87.5326635,85.620941,82.7933722
CAN,Canada,2006,86.2985807,87.9886622,81.954074
CAN,Canada,2007,86.7389781,86.7894101,80.8460134
CAN,Canada,2008,87.255246,86.1672483,81.2383811
CAN,Canada,2009,86.1303355,85.0842648,80.8083023
CAN,Canada,2010,86.3553689,84.5047684,80.615074
CAN,Canada,2011,87.4317529,84.099582,80.0791186
CAN,Canada,2012,88.9811361,84.5256708,82.1230095
CAN,Canada,2013,87.3705121,84.3252934,82.5136629
CAN,Canada,2014,88.5534493,85.2456806,81.3971141
CAN,Canada,2015,87.8298556,86.5750267,81.0256924
CAN,Canada,2016,87.6329908,86.7161028,82.7862861
CAN,Canada,2017,89.2743247,86.440747,83.9445913
CAN,Canada,2018,87.0103408,86.271688,80.7639121
CAN,Canada,2019,87.3026719,85.917657,81.400546
CAN,Canada,2020,84.157378,83.7891422,79.9847535
CAN,Canada,2021,84.0612449,83.6298227,80.5966057
CAN,Canada,2022,86.4805807,82.8712609,80.6051381
CAN,Canada,2023,85.2754831,81.6821735,79.6626569
CAN,Canada,2024,85.5449383,82.1066204,76.3468072
CHE,Switzerland,1996,87.0413929,90.7250694,74.6972128
CHE,Switzerland,1998,87.9810407,90.3367236,78.3205563
CHE,Switzerland,2000,91.5832515,91.4537671,84.7939943
CHE,Switzerland,2002,91.6315252,89.763991,87.07137
CHE,Switzerland,2003,90.8187943,89.696217,84.8809106
CHE,Switzerland,2004,89.9794757,88.5915979,84.3962737
CHE,Switzerland,2005,89.8278531,89.4406776,82.3750589
CHE,Switzerland,2006,87.3153202,87.7701379,83.1004181
CHE,Switzerland,2007,87.812603,88.408667,84.8944393
CHE,Switzerland,2008,87.671873,88.4713777,82.9020972
CHE,Switzerland,2009,86.8540031,87.6789005,82.2650848
CHE,Switzerland,2010,86.2603227,87.9172309,82.3116231
CHE,Switzerland,2011,87.1610319,88.0617526,82.3955839
CHE,Switzerland,2012,89.0475918,89.1280452,84.0283691
CHE,Switzerland,2013,88.0028763,87.8912634,83.2053643
CHE,Switzerland,2014,92.1264669,89.3343258,85.0513129
CHE,Switzerland,2015,90.9279414,89.4186118,83.1926194
CHE,Switzerland,2016,91.9981422,89.6140582,85.1322833
CHE,Switzerland,2017,92.0825467,89.4848403,84.9467689
CHE,Switzerland,2018,92.4115084,89.896047,83.3279776
CHE,Switzerland,2019,91.3100572,89.9081065,82.7328005
CHE,Switzerland,2020,89.4428946,88.0766158,80.7781016
CHE,Switzerland,2021,91.7851193,87.7615326,82.6188425
CHE,Switzerland,2022,90.7446251,87.5885942,82.6520571
CHE,Switzerland,2023,91.0245042,87.80785,83.3372875
CHE,Switzerland,2024,87.1231822,87.3183948,82.7948642
CHL,Chile,1996,70.8407695,77.4607012,75.1987471
CHL,Chile,1998,68.7385443,76.0832924,74.5708175
CHL,Chile,2000,69.6022224,79.6217046,77.0601958
CHL,Chile,2002,72.8305422,79.7940732,78.4506894
CHL,Chile,2003,73.8938734,79.2252733,79.8637204
CHL,Chile,2004,73.6220208,79.0810373,78.3454247
CHL,Chile,2005,76.7245708,79.8383116,80.3841978
CHL,Chile,2006,76.1682677,79.162616,80.0522504
CHL,Chile,2007,76.3464332,79.2074327,79.9823404
CHL,Chile,2008,74.6117875,78.4574177,80.0542376
CHL,Chile,2009,76.1195896,78.5189494,79.435009
CHL,Chile,2010,73.8059826,78.1296606,78.0136176
CHL,Chile,2011,75.4676122,75.9943578,78.341056
CHL,Chile,2012,76.3044361,76.5100387,79.2671617
CHL,Chile,2013,75.1706397,75.435652,78.5432046
CHL,Chile,2014,72.7752143,75.1671116,75.7418312
CHL,Chile,2015,71.7692468,74.2328028,74.1517046
CHL,Chile,2016,70.2689929,73.9904554,74.9892096
CHL,Chile,2017,70.0470996,73.6148869,74.4226276
CHL,Chile,2018,71.4772443,73.4538309,73.4003225
CHL,Chile,2019,71.6978367,72.6995012,71.8526052
CHL,Chile,2020,68.3104978,69.6875662,68.9035577
CHL,Chile,2021,68.2520802,69.9843269,68.6421149
CHL,Chile,2022,68.3609589,69.7653654,67.9183786
CHL,Chile,2023,70.7252118,68.4060469,68.2289179
CHL,Chile,2024,70.0934775,68.8582581,67.1756362
CHN,China,1996,45.2578271,47.765037,49.6418508
CHN,China,1998,42.8207234,48.4164673,48.6790576
CHN,China,2000,41.68822,46.4656685,50.5048266
CHN,China,2002,41.2807764,45.7686901,45.1144232
CHN,China,2003,41.5200643,44.0438678,45.8438797
CHN,China,2004,44.4416002,44.5440504,49.8162385
CHN,China,2005,42.2194482,42.5927818,50.5163681
CHN,China,2006,43.6399135,42.3094144,52.3516552
CHN,China,2007,46.5742262,44.4420305,52.5942008
CHN,China,2008,48.6122958,45.0036124,53.7147334
CHN,China,2009,48.4565415,44.899837,52.6654213
CHN,China,2010,48.8715196,44.9097624,52.8507261
CHN,China,2011,49.3150533,46.6885127,53.2986802
CHN,China,2012,48.7736773,45.063528,50.9371607
CHN,China,2013,48.5983195,43.2818347,50.7216584
CHN,China,2014,60.8608268,45.0816784,52.1953952
CHN,China,2015,61.716004,45.5698342,52.0404678
CHN,China,2016,61.9022563,46.2738931,52.5299811
CHN,China,2017,62.5939326,47.7494062,53.7455019
CHN,China,2018,61.6672656,48.0074945,53.434562
CHN,China,2019,64.3807019,47.4720196,53.8861719
CHN,China,2020,62.3749054,48.1981013,53.8120983
CHN,China,2021,64.3085821,47.69469,54.4733371
CHN,China,2022,61.6310064,47.2602075,53.4303195
CHN,China,2023,66.4607065,47.4599153,53.5713664
CHN,China,2024,68.7581244,46.9942092,53.7384426
CIV,Cote d'Ivoire,1996,56.5466965,43.0869286,42.7327525
CIV,Cote d'Ivoire,1998,45.3679406,40.1155592,48.0945545
CIV,Cote d'Ivoire,2000,29.0392472,35.270803,36.88952
CIV,Cote d'Ivoire,2002,25.7958117,33.2349162,45.8889292
CIV,Cote d'Ivoire,2003,25.6982863,33.2189671,44.5202696
CIV,Cote d'Ivoire,2004,19.9016798,32.0231399,36.2463568
CIV,Cote d'Ivoire,2005,21.5027723,30.4495257,37.2667914
CIV,Cote d'Ivoire,2006,24.5400527,32.323489,39.861149
CIV,Cote d'Ivoire,2007,24.0884828,32.7996386,39.6279639
CIV,Cote d'Ivoire,2008,24.8852482,32.9774338,40.1369675
CIV,Cote d'Ivoire,2009,29.0066377,35.8770586,40.7155232
CIV,Cote d'Ivoire,2010,27.0081055,35.3073706,39.8097374
CIV,Cote d'Ivoire,2011,27.8419914,33.8635957,40.0129316
CIV,Cote d'Ivoire,2012,30.6005962,39.0775817,42.27887
CIV,Cote d'Ivoire,2013,33.3779839,40.8276211,43.6630818
CIV,Cote d'Ivoire,2014,37.3050032,45.6122775,46.2093004
CIV,Cote d'Ivoire,2015,39.6748365,45.0609636,47.8317995
CIV,Cote d'Ivoire,2016,39.4727587,45.2619071,47.8671117
CIV,Cote d'Ivoire,2017,39.7545161,45.0161831,48.4719694
CIV,Cote d'Ivoire,2018,41.464396,46.2409862,50.174469
CIV,Cote d'Ivoire,2019,41.8297433,46.6400181,49.8780562
CIV,Cote d'Ivoire,2020,41.8599477,46.322799,49.7970195
CIV,Cote d'Ivoire,2021,41.6068526,45.730157,50.3026275
CIV,Cote d'Ivoire,2022,44.4409236,46.6008431,51.4636422
CIV,Cote d'Ivoire,2023,45.1473715,46.5987933,51.8839317
CIV,Cote d'Ivoire,2024,45.2016572,47.0144438,52.2296396
CMR,Cameroon,1996,35.629059,33.2573108,31.8678414
CMR,Cameroon,1998,30.8647005,36.9349128,40.6783499
CMR,Cameroon,2000,30.8929585,35.071639,42.0478218
CMR,Cameroon,2002,27.910063,34.6035854,37.3689145
CMR,Cameroon,2003,26.3368512,35.7995382,37.3131656
CMR,Cameroon,2004,30.9468514,39.946125,42.1337808
CMR,Cameroon,2005,30.3412733,36.1845967,42.276356
CMR,Cameroon,2006,30.2536644,36.7442561,42.2715205
CMR,Cameroon,2007,32.7796098,38.3106538,43.63434
CMR,Cameroon,2008,33.9440888,39.3231233,43.6859031
CMR,Cameroon,2009,35.215891,38.8683081,43.2317082
CMR,Cameroon,2010,35.4148073,39.563118,43.0300454
CMR,Cameroon,2011,34.9653023,38.8059761,42.0101644
CMR,Cameroon,2012,35.1510433,37.937987,40.6163178
CMR,Cameroon,2013,35.8814248,36.8357172,40.372602
CMR,Cameroon,2014,40.1575498,38.7841822,42.1138993
CMR,Cameroon,2015,39.1544678,38.2038184,42.8972295
CMR,Cameroon,2016,39.4310532,38.2306034,43.608631
CMR,Cameroon,2017,39.1860216,37.7178621,42.3892305
CMR,Cameroon,2018,38.1570168,37.3033286,42.6462258
CMR,Cameroon,2019,36.9914062,36.4970071,42.6681418
CMR,Cameroon,2020,35.2575226,35.8427577,43.0934355
CMR,Cameroon,2021,36.0242139,35.977058,41.9819588
CMR,Cameroon,2022,36.0896547,36.1043707,42.9562951
CMR,Cameroon,2023,36.1993871,35.6221974,43.2015391
CMR,Cameroon,2024,35.769927,35.3872816,43.3706071
COD,"Congo, Dem. Rep.",1996,19.365579,26.7847043,22.4585424
COD,"Congo, Dem. Rep.",1998,11.7878244,21.1307112,14.0771032
COD,"Congo, Dem. Rep.",2000,11.827914,21.5407579,14.1495445
COD,"Congo, Dem. Rep.",2002,9.5500082,23.0263635,21.5545057
COD,"Congo, Dem. Rep.",2003,9.4199491,21.7483311,24.0575847
COD,"Congo, Dem. Rep.",2004,16.088933,28.1760985,29.8672508
COD,"Congo, Dem. Rep.",2005,17.6123972,29.2539652,32.4157137
COD,"Congo, Dem. Rep.",2006,20.2884758,29.1329895,34.0232646
COD,"Congo, Dem. Rep.",2007,19.6737433,29.4839329,33.979756
COD,"Congo, Dem. Rep.",2008,19.3620363,29.6857508,33.2404328
COD,"Congo, Dem. Rep.",2009,19.2692455,29.165547,32.4121856
COD,"Congo, Dem. Rep.",2010,18.7197886,29.1451781,31.897345
COD,"Congo, Dem. Rep.",2011,19.4759277,28.7762908,32.3028645
COD,"Congo, Dem. Rep.",2012,20.7485057,28.182074,32.6459433
COD,"Congo, Dem. Rep.",2013,24.7191457,29.1456204,35.1915862
COD,"Congo, Dem. Rep.",2014,24.1015706,30.2713691,35.6331923
COD,"Congo, Dem. Rep.",2015,22.7050622,29.9433623,34.9116451
COD,"Congo, Dem. Rep.",2016,24.4177362,30.6799615,35.8173189
COD,"Congo, Dem. Rep.",2017,22.9749957,29.4345692,34.651322
COD,"Congo, Dem. Rep.",2018,21.8032194,28.4473323,34.4346669
COD,"Congo, Dem. Rep.",2019,20.6527595,28.5802161,33.3474892
COD,"Congo, Dem. Rep.",2020,18.6573441,29.1811037,33.2765131
COD,"Congo, Dem. Rep.",2021,18.1892974,30.6112254,33.9952104
COD,"Congo, Dem. Rep.",2022,17.6222884,29.755029,34.2431387
COD,"Congo, Dem. Rep.",2023,19.1032577,29.3321758,35.0219567
COD,"Congo, Dem. Rep.",2024,18.413102,28.9696892,34.5989483
COG,"Congo, Rep.",1996,25.9220111,41.2667935,31.3305359
COG,"Congo, Rep.",1998,25.8061034,29.41904,29.4557004
COG,"Congo, Rep.",2000,25.8461931,35.1601434,33.8100366
COG,"Congo, Rep.",2002,25.8493819,37.4977269,40.4564334
COG,"Congo, Rep.",2003,25.6861766,37.4754993,37.3030656
COG,"Congo, Rep.",2004,29.0716099,39.2445961,39.5970188
COG,"Congo, Rep.",2005,26.3433825,32.1994411,35.9708064
COG,"Congo, Rep.",2006,26.2882081,35.5113742,37.3130458
COG,"Congo, Rep.",2007,25.8366383,36.5607556,37.7249637
COG,"Congo, Rep.",2008,29.4228992,36.8201897,36.8438381
COG,"Congo, Rep.",2009,29.4570117,36.0807404,36.7631594
COG,"Congo, Rep.",2010,29.6078546,36.0185582,37.02056
COG,"Congo, Rep.",2011,29.8896101,36.0281566,36.6235303
COG,"Congo, Rep.",2012,30.9720606,36.3702899,37.099649
COG,"Congo, Rep.",2013,29.7639123,36.6064792,37.7763691
COG,"Congo, Rep.",2014,33.2695369,37.5683355,38.4445395
COG,"Congo, Rep.",2015,35.1011694,38.4429835,39.3563343
COG,"Congo, Rep.",2016,35.5456286,37.2240302,38.0938935
COG,"Congo, Rep.",2017,34.452266,36.5595783,36.1496859
COG,"Congo, Rep.",2018,32.3426501,36.227589,36.3824626
COG,"Congo, Rep.",2019,33.0230392,35.9262313,35.6952545
COG,"Congo, Rep.",2020,28.522118,35.4696245,34.0353566
COG,"Congo, Rep.",2021,28.2100045,35.7384609,36.5462503
COG,"Congo, Rep.",2022,29.3419712,36.1958852,35.6511607
COG,"Congo, Rep.",2023,28.6504582,36.6058149,36.1497395
COG,"Congo, Rep.",2024,29.745211,36.6808587,36.7010169
COL,Colombia,1996,50.3130312,41.9979317,50.1275979
COL,Colombia,1998,42.4782597,43.2383312,49.505797
COL,Colombia,2000,41.8909784,38.8722855,51.0457233
COL,Colombia,2002,36.3929484,43.0749396,54.1923898
COL,Colombia,2003,43.2109474,43.8729139,54.5834548
COL,Colombia,2004,46.5019858,47.8045975,54.3524413
COL,Colombia,2005,45.264862,47.3314856,55.7457675
COL,Colombia,2006,47.3721387,47.4503858,56.4043631
COL,Colombia,2007,47.6552903,49.4009901,56.9682939
COL,Colombia,2008,47.8037707,49.9302984,58.5796788
COL,Colombia,2009,46.498165,48.9970118,55.7432141
COL,Colombia,2010,48.4497477,50.7518616,55.7508963
COL,Colombia,2011,50.308668,50.2483332,58.3024047
COL,Colombia,2012,49.2991597,49.2600929,58.3625963
COL,Colombia,2013,50.389734,48.6401238,58.5861278
COL,Colombia,2014,47.3102698,49.8831049,58.9045449
COL,Colombia,2015,48.7347465,50.0884527,59.7437816
COL,Colombia,2016,49.1031212,50.9612969,59.1675412
COL,Colombia,2017,48.4448128,50.6762137,57.5180257
COL,Colombia,2018,49.1252583,49.701606,56.5795741
COL,Colombia,2019,49.905261,49.1724423,58.5270465
COL,Colombia,2020,49.7272276,48.6606218,57.3994514
COL,Colombia,2021,50.7221373,48.2391764,58.5939804
COL,Colombia,2022,51.3712487,47.8491027,57.8029206
COL,Colombia,2023,50.521407,47.2427231,57.01675
COL,Colombia,2024,49.1802654,47.3311328,55.0740059
COM,Comoros,1996,15.90718,38.6823706,29.5985642
COM,Comoros,1998,15.7297047,39.8890836,30.0857197
COM,Comoros,2000,25.8301809,32.6120574,33.0192749
COM,Comoros,2002,35.8741586,41.1329389,38.8204403
COM,Comoros,2003,25.5851688,41.3489057,33.2198543
COM,Comoros,2004,23.2898664,35.7562395,30.9671781
COM,Comoros,2005,20.2045398,40.3177351,30.8623896
COM,Comoros,2006,20.3786221,40.3557587,32.5673559
COM,Comoros,2007,20.4124956,40.3819637,33.2393588
COM,Comoros,2008,18.8546018,39.1583997,31.2925709
COM,Comoros,2009,19.4722897,37.181,30.7052195
COM,Comoros,2010,19.6364633,39.1032033,31.5177537
COM,Comoros,2011,18.3457187,39.1588592,31.7054367
COM,Comoros,2012,20.4194254,39.2508418,32.3883456
COM,Comoros,2013,21.6300548,40.357299,32.8314184
COM,Comoros,2014,25.6459333,43.0273572,35.1315271
COM,Comoros,2015,23.9131853,43.8295051,35.2990354
COM,Comoros,2016,25.0229682,44.2963609,35.57313
COM,Comoros,2017,26.1499223,42.7757247,35.5806215
COM,Comoros,2018,25.801886,41.2316613,35.2889464
COM,Comoros,2019,25.2242139,40.071992,35.7221589
COM,Comoros,2020,24.6076926,38.612015,34.7145039
COM,Comoros,2021,21.1626478,37.9960336,33.8788536
COM,Comoros,2022,24.5701015,36.6610836,35.1591507
COM,Comoros,2023,27.0562994,37.4430915,34.5985004
COM,Comoros,2024,27.8404845,37.5018196,35.1704573
CPV,Cabo Verde,1996,,75.6673665,46.8563371
CPV,Cabo Verde,1998,,70.9251517,47.6692498
CPV,Cabo Verde,2000,,70.8671981,54.5585974
CPV,Cabo Verde,2002,45.4675406,63.7219767,51.1578376
CPV,Cabo Verde,2003,45.2266739,63.6958199,51.1587744
CPV,Cabo Verde,2004,44.454721,61.0339282,47.7005545
CPV,Cabo Verde,2005,47.0192065,67.3797348,49.056179
CPV,Cabo Verde,2006,54.0316456,70.2067907,50.1245603
CPV,Cabo Verde,2007,56.9949259,70.2038993,51.7142801
CPV,Cabo Verde,2008,54.864468,69.5941706,52.6795951
CPV,Cabo Verde,2009,54.8576976,68.7603602,53.8849338
CPV,Cabo Verde,2010,53.4369716,66.7451297,52.977757
CPV,Cabo Verde,2011,53.8897665,67.0912094,54.739819
CPV,Cabo Verde,2012,53.5134878,67.4004221,54.3282685
CPV,Cabo Verde,2013,52.782447,67.2264373,51.9857993
CPV,Cabo Verde,2014,55.0804735,68.4376784,51.7768627
CPV,Cabo Verde,2015,57.626596,68.6416993,51.4960983
CPV,Cabo Verde,2016,56.9759272,68.7590694,51.9956943
CPV,Cabo Verde,2017,57.5511532,69.0382597,52.6682492
CPV,Cabo Verde,2018,58.0567541,69.7019113,51.5976394
CPV,Cabo Verde,2019,58.8059906,70.1881997,54.0093057
CPV,Cabo Verde,2020,59.0207517,68.4750584,54.8975316
CPV,Cabo Verde,2021,56.7353988,65.335697,55.9002501
CPV,Cabo Verde,2022,58.340561,65.1825854,56.3856045
CPV,Cabo Verde,2023,58.3728361,64.2359572,56.3875681
CPV,Cabo Verde,2024,59.4135423,64.2655079,55.5747674
CRI,Costa Rica,1996,50.8789494,65.9388547,58.0001328
CRI,Costa Rica,1998,50.8124431,64.7699468,62.7821947
CRI,Costa Rica,2000,53.458327,65.3048916,66.5410999
CRI,Costa Rica,2002,55.2388412,67.3024742,59.9689218
CRI,Costa Rica,2003,55.0984651,66.5482031,61.1655042
CRI,Costa Rica,2004,56.5155667,66.4836079,64.0030745
CRI,Costa Rica,2005,55.8359476,67.6124235,65.4029805
CRI,Costa Rica,2006,54.6014973,66.2066705,63.5472016
CRI,Costa Rica,2007,56.0930792,66.0464956,64.495217
CRI,Costa Rica,2008,56.7144673,66.4427462,66.725411
CRI,Costa Rica,2009,59.1647619,67.7552551,66.3869973
CRI,Costa Rica,2010,59.1700876,68.1503268,64.7255617
CRI,Costa Rica,2011,58.4202309,64.9264179,63.8704353
CRI,Costa Rica,2012,59.7703284,64.6597621,65.6806112
CRI,Costa Rica,2013,57.9180366,64.8418686,66.4658166
CRI,Costa Rica,2014,58.4756853,66.3685302,63.1397123
CRI,Costa Rica,2015,58.3338139,65.935817,64.5883882
CRI,Costa Rica,2016,57.4755918,65.8170374,65.1912997
CRI,Costa Rica,2017,57.8331129,66.277594,63.470592
CRI,Costa Rica,2018,58.2016549,65.8900262,65.1359862
CRI,Costa Rica,2019,57.2585713,66.9617832,65.4136941
CRI,Costa Rica,2020,55.7310024,67.8366858,63.3658161
CRI,Costa Rica,2021,56.619285,67.4710513,63.7041888
CRI,Costa Rica,2022,53.6977704,68.4538686,64.2055654
CRI,Costa Rica,2023,57.8366245,68.0333663,63.9239446
CRI,Costa Rica,2024,56.9189193,67.5792602,64.0390444
CUB,Cuba,1996,30.9464042,38.2158848,33.8754423
CUB,Cuba,1998,36.1246015,39.677163,33.8113109
CUB,Cuba,2000,41.9900107,37.7643155,35.1807828
CUB,Cuba,2002,35.6887035,35.9919349,32.9212997
CUB,Cuba,2003,35.5911781,35.9596735,30.8521051
CUB,Cuba,2004,40.0540804,37.4245814,28.7857698
CUB,Cuba,2005,33.8608334,36.0291204,31.9527515
CUB,Cuba,2006,42.2879533,41.9420193,31.7702888
CUB,Cuba,2007,42.3173838,43.5598564,31.7935185
CUB,Cuba,2008,42.9716245,42.232073,32.4088374
CUB,Cuba,2009,43.0517806,42.2355031,31.9487629
CUB,Cuba,2010,39.7525017,40.5670992,29.2472574
CUB,Cuba,2011,39.7425542,41.299807,29.2513942
CUB,Cuba,2012,42.1090936,41.8255063,33.0608232
CUB,Cuba,2013,42.1116116,41.8674883,33.6209578
CUB,Cuba,2014,51.3083356,42.414028,37.5553342
CUB,Cuba,2015,51.2895644,41.8095382,39.3302814
CUB,Cuba,2016,50.658147,42.3881207,36.872509
CUB,Cuba,2017,50.0984373,41.9221616,36.8821564
CUB,Cuba,2018,47.2258128,42.6291721,35.5424136
CUB,Cuba,2019,49.2365733,43.9178235,35.5531681
CUB,Cuba,2020,49.2032171,47.0690861,35.534856
CUB,Cuba,2021,49.4420441,45.8007158,36.3616506
CUB,Cuba,2022,51.7255071,48.3973496,36.4527605
CUB,Cuba,2023,51.3036807,47.2236141,35.4489206
CUB,Cuba,2024,46.0999593,46.2326046,32.1969231
CYM,Cayman Islands,1996,86.1808297,79.6387673,74.4136253
CYM,Cayman Islands,1998,86.0033525,79.4365794,74.9007808
CYM,Cayman Islands,2000,86.0647392,79.3036147,77.834336
CYM,Cayman Islands,2002,86.0696216,79.4707289,80.8345586
CYM,Cayman Islands,2003,75.7806317,75.0088076,78.0349154
CYM,Cayman Islands,2004,68.7456317,70.6053459,72.9233538
CYM,Cayman Islands,2005,75.6467849,70.5375288,78.0124443
CYM,Cayman Islands,2006,75.5894989,74.8830559,77.9527084
CYM,Cayman Islands,2007,75.6761298,74.9723381,78.0567115
CYM,Cayman Islands,2008,75.7437017,74.8898059,75.209642
CYM,Cayman Islands,2009,70.8037909,71.3165765,74.8548465
CYM,Cayman Islands,2010,70.8310747,71.307441,74.8559395
CYM,Cayman Islands,2011,70.8150237,71.3851198,74.8636912
CYM,Cayman Islands,2012,70.8190661,71.355526,74.7790034
CYM,Cayman Islands,2013,70.823581,71.2893749,74.7664509
CYM,Cayman Islands,2014,73.0454064,65.5675562,70.0362375
CYM,Cayman Islands,2015,73.0117371,70.4435171,70.1161687
CYM,Cayman Islands,2016,73.0234405,70.4483739,70.1348594
CYM,Cayman Islands,2017,73.0272418,70.4364899,70.1546352
CYM,Cayman Islands,2018,73.0481072,70.448207,71.8726744
CYM,Cayman Islands,2019,73.0684456,70.4467079,71.8947196
CYM,Cayman Islands,2020,68.9319034,70.4596487,71.8571837
CYM,Cayman Islands,2021,73.0448309,71.6670122,71.8420873
CYM,Cayman Islands,2022,74.3679478,71.2598844,71.8018496
CYM,Cayman Islands,2023,74.38326,71.2530001,71.8061363
CYM,Cayman Islands,2024,74.3670612,71.25189,71.8158452
CYP,Cyprus,1996,74.2571364,71.7586231,69.0922801
CYP,Cyprus,1998,76.8053821,74.0692959,69.4541664
CYP,Cyprus,2000,76.8336421,77.1780825,67.1237734
CYP,Cyprus,2002,81.4575603,76.6544916,73.464416
CYP,Cyprus,2003,75.5053666,75.13147,73.464845
CYP,Cyprus,2004,74.5812721,74.1125619,73.4881788
CYP,Cyprus,2005,76.6016827,76.0957323,76.6170946
CYP,Cyprus,2006,74.767013,78.9701952,78.6236909
CYP,Cyprus,2007,75.3228709,79.2436784,78.7578268
CYP,Cyprus,2008,78.3482398,80.4053458,78.3271141
CYP,Cyprus,2009,77.0922184,77.2889676,77.0248631
CYP,Cyprus,2010,80.0872935,77.4363411,77.6343749
CYP,Cyprus,2011,80.4883167,73.4518465,74.0268375
CYP,Cyprus,2012,80.215801,73.5048864,71.2165864
CYP,Cyprus,2013,79.967882,71.8278411,67.7996482
CYP,Cyprus,2014,73.0995288,71.1254568,70.4394307
CYP,Cyprus,2015,72.2822422,71.3469551,70.5314254
CYP,Cyprus,2016,71.7249844,71.3282643,70.3276161
CYP,Cyprus,2017,73.013106,72.8891184,70.1533498
CYP,Cyprus,2018,68.0766854,71.6307148,69.7424712
CYP,Cyprus,2019,70.7350252,71.732418,71.2579706
CYP,Cyprus,2020,70.8350822,69.8256976,69.0242564
CYP,Cyprus,2021,68.0623357,70.238085,68.244642
CYP,Cyprus,2022,69.8303144,70.1175877,66.425314
CYP,Cyprus,2023,69.4521321,70.0296272,67.0424339
CYP,Cyprus,2024,68.2497236,68.8261756,66.527046
CZE,Czechia,1996,64.161665,70.7022198,62.1194764
CZE,Czechia,1998,61.9771722,69.5623686,62.9663166
CZE,Czechia,2000,61.3065129,66.8482889,62.6889083
CZE,Czechia,2002,68.5480337,71.659066,71.7586911
CZE,Czechia,2003,67.0653378,71.7902546,73.4046376
CZE,Czechia,2004,65.6983201,68.6777678,71.0324582
CZE,Czechia,2005,69.6618961,71.6495795,73.2572963
CZE,Czechia,2006,67.0031441,69.970295,73.2037444
CZE,Czechia,2007,63.289033,69.4605983,72.5334638
CZE,Czechia,2008,66.7378013,69.5792558,73.3746435
CZE,Czechia,2009,67.7742279,69.6784204,73.0533308
CZE,Czechia,2010,65.2210394,69.5811954,72.2537245
CZE,Czechia,2011,65.761941,71.4916059,71.0490592
CZE,Czechia,2012,65.507341,71.26544,69.4632255
CZE,Czechia,2013,64.8149452,71.7450163,69.8125373
CZE,Czechia,2014,68.8746252,73.436467,67.6778439
CZE,Czechia,2015,69.4313931,74.9931407,70.4541455
CZE,Czechia,2016,70.9387577,75.6319934,69.7011264
CZE,Czechia,2017,71.3371618,76.42709,72.8485894
CZE,Czechia,2018,71.2863312,74.8691789,72.9466892
CZE,Czechia,2019,70.2287496,76.1786363,72.550776
CZE,Czechia,2020,72.4487589,76.3197503,72.0527635
CZE,Czechia,2021,72.7485643,77.0493137,74.4255721
CZE,Czechia,2022,74.5789641,76.5724051,75.8062102
CZE,Czechia,2023,75.3620856,76.9392272,74.222575
CZE,Czechia,2024,74.2324658,77.4132754,74.2917232
DEU,Germany,1996,85.9133266,86.1730036,73.0815474
DEU,Germany,1998,83.4987994,85.8964155,74.1288565
DEU,Germany,2000,85.6005385,86.0127616,80.1554034
DEU,Germany,2002,85.2926113,86.161111,81.0464303
DEU,Germany,2003,81.8993984,86.1694134,78.515991
DEU,Germany,2004,81.3822575,85.7201504,77.5382371
DEU,Germany,2005,83.3938425,85.5904436,78.6086954
DEU,Germany,2006,84.3496463,85.7163193,78.6183081
DEU,Germany,2007,85.5563033,86.8900875,78.962073
DEU,Germany,2008,85.1272438,85.057614,76.1848867
DEU,Germany,2009,85.7953189,84.6453471,77.0189488
DEU,Germany,2010,81.2566005,84.7930718,77.2860994
DEU,Germany,2011,83.3429828,84.363052,78.0864769
DEU,Germany,2012,85.5302347,84.81126,78.5731908
DEU,Germany,2013,86.5440284,84.9693834,78.1669695
DEU,Germany,2014,89.5580615,86.8522205,79.4162111
DEU,Germany,2015,89.4963851,86.9091312,80.7471408
DEU,Germany,2016,88.3965749,85.9619349,81.5087584
DEU,Germany,2017,88.091681,86.2725572,81.5900917
DEU,Germany,2018,86.3768371,86.4901366,81.3517051
DEU,Germany,2019,88.0532013,86.3547779,81.1243821
DEU,Germany,2020,85.9752286,84.9686433,79.5011339
DEU,Germany,2021,86.8568108,85.1033429,80.3006818
DEU,Germany,2022,85.9365,84.1757238,79.523299
DEU,Germany,2023,81.7001069,84.2533906,78.1129713
DEU,Germany,2024,81.406755,84.9456033,78.4893499
DJI,Djibouti,1996,25.9462734,45.2663802,40.437656
DJI,Djibouti,1998,25.7687961,45.3007706,40.7899548
DJI,Djibouti,2000,25.8301809,45.2597266,42.911427
DJI,Djibouti,2002,35.8741586,40.7180061,45.0811186
DJI,Djibouti,2003,35.6242602,40.6818808,45.0820555
DJI,Djibouti,2004,37.4144419,41.2300589,43.5210113
DJI,Djibouti,2005,35.0068698,39.8600336,44.4284373
DJI,Djibouti,2006,31.0590843,40.6662294,44.0482909
DJI,Djibouti,2007,34.2829708,41.5577938,44.2950663
DJI,Djibouti,2008,35.556768,43.82671,43.9096207
DJI,Djibouti,2009,37.0715194,43.9027659,43.6750886
DJI,Djibouti,2010,37.1610864,43.5046393,42.8263023
DJI,Djibouti,2011,37.2413182,42.0838372,42.9802976
DJI,Djibouti,2012,36.3886921,42.0713801,43.9840476
DJI,Djibouti,2013,37.3089426,41.1744408,42.9839755
DJI,Djibouti,2014,37.9137352,39.3212284,43.5001646
DJI,Djibouti,2015,36.7102806,39.7062078,43.3592423
DJI,Djibouti,2016,37.479315,39.7081509,43.5748581
DJI,Djibouti,2017,36.1890273,39.578167,44.1184706
DJI,Djibouti,2018,36.329487,39.9847596,43.1939767
DJI,Djibouti,2019,38.6444045,39.6288457,42.6729378
DJI,Djibouti,2020,38.2156211,38.9839796,41.7572492
DJI,Djibouti,2021,38.7465615,39.2186888,42.7397803
DJI,Djibouti,2022,40.4871979,39.3829391,42.7288318
DJI,Djibouti,2023,40.9149061,39.0741189,42.4294035
DJI,Djibouti,2024,41.7537153,39.5750381,41.412989
DMA,Dominica,1996,66.1026449,70.4573872,66.0108016
DMA,Dominica,1998,65.9251677,70.3026148,66.4979572
DMA,Dominica,2000,65.9865524,70.2008324,69.4315124
DMA,Dominica,2002,65.9914368,70.3287561,69.6307985
DMA,Dominica,2003,65.7415403,70.2743255,69.6320933
DMA,Dominica,2004,58.7553175,67.646573,61.2288785
DMA,Dominica,2005,58.7757493,71.170406,60.4119441
DMA,Dominica,2006,58.7412167,71.1543191,62.6405721
DMA,Dominica,2007,61.1408382,72.6057476,63.9998698
DMA,Dominica,2008,61.1815695,71.2740419,61.9695139
DMA,Dominica,2009,61.3237987,72.3180759,62.2961116
DMA,Dominica,2010,64.7178574,72.6241872,64.0719909
DMA,Dominica,2011,63.2706778,71.5923952,62.3580602
DMA,Dominica,2012,63.2755427,71.5670817,63.087777
DMA,Dominica,2013,63.2809773,71.5104998,63.0767417
DMA,Dominica,2014,53.6844921,68.9481427,60.8237754
DMA,Dominica,2015,53.6439727,69.6026107,58.5372679
DMA,Dominica,2016,52.2301999,69.5378606,58.5491186
DMA,Dominica,2017,42.418553,68.9960797,57.6105361
DMA,Dominica,2018,42.443663,67.5302768,57.3751003
DMA,Dominica,2019,42.4681391,67.3354878,56.738468
DMA,Dominica,2020,43.8260959,67.2646038,57.2947229
DMA,Dominica,2021,43.8675777,66.2048805,57.2175833
DMA,Dominica,2022,50.9083643,66.6737982,57.1838056
DMA,Dominica,2023,58.8922909,66.2508194,57.2884884
DMA,Dominica,2024,54.238458,63.8053127,55.8063108
DNK,Denmark,1996,85.9359109,89.0483218,78.7777934
DNK,Denmark,1998,87.1943804,88.7847984,80.0862457
DNK,Denmark,2000,89.2010479,90.8597431,83.8096384
DNK,Denmark,2002,93.9672108,90.7890863,85.9830269
DNK,Denmark,2003,93.031936,90.7831796,87.014052
DNK,Denmark,2004,92.1610733,89.8694393,85.8814069
DNK,Denmark,2005,91.4238747,87.3465498,86.5819908
DNK,Denmark,2006,93.3933109,91.1267328,88.9642607
DNK,Denmark,2007,94.1967981,91.5714591,88.8666088
DNK,Denmark,2008,93.0783683,90.5838848,86.9515703
DNK,Denmark,2009,93.4702392,89.208075,86.8990783
DNK,Denmark,2010,88.674883,88.6481368,85.4407408
DNK,Denmark,2011,91.0587374,89.585411,86.2442852
DNK,Denmark,2012,89.5815207,90.0551703,83.6007853
DNK,Denmark,2013,89.431129,89.6258854,83.6564411
DNK,Denmark,2014,86.5250025,89.8467883,81.0668511
DNK,Denmark,2015,86.2304917,91.0728547,82.691093
DNK,Denmark,2016,87.0248227,90.4809476,82.6034181
DNK,Denmark,2017,86.8339582,90.3096856,83.1152385
DNK,Denmark,2018,88.6832634,90.0924779,83.9270834
DNK,Denmark,2019,89.1490916,91.7336648,85.3573794
DNK,Denmark,2020,90.227523,90.9532076,86.029193
DNK,Denmark,2021,93.9328863,91.6166045,86.3661936
DNK,Denmark,2022,92.1406221,91.4261629,86.7303352
DNK,Denmark,2023,89.37227,91.6330889,86.2390996
DNK,Denmark,2024,88.5349172,91.4603795,85.3127667
DOM,Dominican Republic,1996,45.4496463,46.6426702,46.0362201
DOM,Dominican Republic,1998,34.2708903,45.4753044,53.7723984
DOM,Dominican Republic,2000,34.2991502,44.6542196,54.8907152
DOM,Dominican Republic,2002,34.9267662,44.7024061,50.0287552
DOM,Dominican Republic,2003,35.0427557,43.3697194,48.5579094
DOM,Dominican Republic,2004,35.8335031,46.0778597,48.2185857
DOM,Dominican Republic,2005,35.0773135,47.322777,49.9748675
DOM,Dominican Republic,2006,37.9807899,49.0826523,52.2042855
DOM,Dominican Republic,2007,37.5637078,48.7548159,52.2866265
DOM,Dominican Republic,2008,37.7601838,47.1851378,52.7342305
DOM,Dominican Republic,2009,38.2950247,46.490686,52.6718167
DOM,Dominican Republic,2010,37.5182672,45.6350077,53.8189588
DOM,Dominican Republic,2011,38.2440211,46.5660671,51.9007992
DOM,Dominican Republic,2012,41.6009825,46.8745346,51.9465411
DOM,Dominican Republic,2013,43.2203855,47.6363216,52.1150619
DOM,Dominican Republic,2014,49.1620833,49.8492033,52.511956
DOM,Dominican Republic,2015,45.4478652,47.7666927,53.4453875
DOM,Dominican Republic,2016,46.6104504,47.7981194,53.8370029
DOM,Dominican Republic,2017,45.2306502,47.3345164,53.1728069
DOM,Dominican Republic,2018,44.4024905,47.5276274,52.5809102
DOM,Dominican Republic,2019,45.5172726,48.7017175,53.2577644
DOM,Dominican Republic,2020,44.3335692,50.4017581,53.3266303
DOM,Dominican Republic,2021,48.4209842,51.3825289,54.6996665
DOM,Dominican Republic,2022,48.9863657,52.190124,53.9191641
DOM,Dominican Republic,2023,52.2308591,52.8141789,55.6277752
DOM,Dominican Republic,2024,52.7919493,53.8278428,58.132649
DZA,Algeria,1996,36.7835535,40.6857636,40.6874311
DZA,Algeria,1998,36.1246015,38.0153612,39.5489711
DZA,Algeria,2000,30.3157122,35.7892668,41.8220965
DZA,Algeria,2002,37.3724856,46.0446723,43.8663676
DZA,Algeria,2003,34.5850843,46.0472143,43.6823971
DZA,Algeria,2004,38.1033202,46.1178298,45.2558833
DZA,Algeria,2005,38.0264522,44.1696849,45.015273
DZA,Algeria,2006,37.0497518,43.6743936,46.7686338
DZA,Algeria,2007,36.7240995,44.3086872,47.9190864
DZA,Algeria,2008,37.2559537,43.9828748,45.9314506
DZA,Algeria,2009,37.761123,43.2082159,42.6888102
DZA,Algeria,2010,39.6206596,43.7110076,39.5704313
DZA,Algeria,2011,37.2941554,42.6235821,36.9654784
DZA,Algeria,2012,38.5167643,42.8471043,37.7034704
DZA,Algeria,2013,40.6276868,44.6601039,42.2604584
DZA,Algeria,2014,45.2110876,42.5745539,38.6433809
DZA,Algeria,2015,44.4268928,41.863492,40.4991062
DZA,Algeria,2016,43.0877306,42.1532807,40.280713
DZA,Algeria,2017,41.1681878,42.0323238,39.9443843
DZA,Algeria,2018,45.716986,42.2739483,38.4567671
DZA,Algeria,2019,45.1981709,42.4090971,37.0539655
DZA,Algeria,2020,46.1037431,43.6316749,37.8133673
DZA,Algeria,2021,42.3162152,43.9649172,39.5329048
DZA,Algeria,2022,46.1462983,43.223943,41.0115322
DZA,Algeria,2023,44.4269433,44.3500497,42.4720793
DZA,Algeria,2024,46.4563079,44.9726847,42.9924826
ECU,Ecuador,1996,35.1782163,49.9914635,47.0554923
ECU,Ecuador,1998,40.8808266,47.6869365,53.2658977
ECU,Ecuador,2000,30.6050295,42.7398128,43.6074844
ECU,Ecuador,2002,30.3650903,43.5992999,41.7787913
ECU,Ecuador,2003,31.147331,45.0351269,42.8618527
ECU,Ecuador,2004,33.6159515,45.3018876,42.2847101
ECU,Ecuador,2005,33.3239023,43.5371641,41.2824805
ECU,Ecuador,2006,33.7950893,39.5880959,40.4085908
ECU,Ecuador,2007,35.0782779,40.5958032,39.9660574
ECU,Ecuador,2008,36.5679135,37.8199577,37.2007154
ECU,Ecuador,2009,42.0401626,37.3956571,34.3826606
ECU,Ecuador,2010,41.9319742,38.3990291,35.0531447
ECU,Ecuador,2011,45.486693,38.1811777,36.9336848
ECU,Ecuador,2012,45.6624591,38.4199487,39.1197898
ECU,Ecuador,2013,47.7255844,39.8536536,41.7770249
ECU,Ecuador,2014,49.24823,39.5025208,42.8702525
ECU,Ecuador,2015,47.5719747,38.6259246,39.619769
ECU,Ecuador,2016,48.3617013,40.3394051,41.1927585
ECU,Ecuador,2017,48.5679071,41.7779892,40.0809175
ECU,Ecuador,2018,47.1982412,43.7623713,41.8618752
ECU,Ecuador,2019,47.5431334,45.8024781,43.3247833
ECU,Ecuador,2020,44.6613118,47.1952973,43.2556587
ECU,Ecuador,2021,49.1871136,49.5387927,46.1076615
ECU,Ecuador,2022,51.3720731,46.9912765,47.3185439
ECU,Ecuador,2023,48.1801661,42.1867434,45.4081438
ECU,Ecuador,2024,47.0703248,40.3557466,44.6676535
EGY,"Egypt, Arab Rep.",1996,52.7489081,57.2364244,49.6951329
EGY,"Egypt, Arab Rep.",1998,47.015864,53.8192306,50.1182549
EGY,"Egypt, Arab Rep.",2000,46.3983589,54.9366459,49.9108039
EGY,"Egypt, Arab Rep.",2002,37.1694434,54.7724902,46.2294642
EGY,"Egypt, Arab Rep.",2003,38.9186955,54.6877154,45.6847225
EGY,"Egypt, Arab Rep.",2004,40.218153,54.812758,45.4683733
EGY,"Egypt, Arab Rep.",2005,39.0703355,53.2904799,46.9808273
EGY,"Egypt, Arab Rep.",2006,39.3896549,52.0719656,48.9520199
EGY,"Egypt, Arab Rep.",2007,40.0895249,52.2398904,52.0386951
EGY,"Egypt, Arab Rep.",2008,41.2697556,53.2704071,53.1404171
EGY,"Egypt, Arab Rep.",2009,44.8516649,53.3597513,54.5609253
EGY,"Egypt, Arab Rep.",2010,41.966637,52.060209,53.5271134
EGY,"Egypt, Arab Rep.",2011,41.7477907,48.1726226,51.3824857
EGY,"Egypt, Arab Rep.",2012,40.9901078,47.6764105,46.7866905
EGY,"Egypt, Arab Rep.",2013,36.4689862,43.2771413,43.2135348
EGY,"Egypt, Arab Rep.",2014,38.8182807,42.5128363,43.1519585
EGY,"Egypt, Arab Rep.",2015,41.1970738,42.5396523,43.2491735
EGY,"Egypt, Arab Rep.",2016,42.7666301,42.4291768,42.7646518
EGY,"Egypt, Arab Rep.",2017,43.4288001,43.6330552,43.692598
EGY,"Egypt, Arab Rep.",2018,43.4484327,44.2329876,43.1497473
EGY,"Egypt, Arab Rep.",2019,49.0336069,44.0672159,43.7779482
EGY,"Egypt, Arab Rep.",2020,46.7836577,43.3703097,44.8386204
EGY,"Egypt, Arab Rep.",2021,46.9635849,42.8773177,45.8709072
EGY,"Egypt, Arab Rep.",2022,48.5516052,43.6640534,44.3195704
EGY,"Egypt, Arab Rep.",2023,50.5676507,43.5801616,45.8231309
EGY,"Egypt, Arab Rep.",2024,49.4532828,44.0301801,46.9854499
ERI,Eritrea,1996,25.9462734,43.913168,32.399507
ERI,Eritrea,1998,25.7687961,43.5257069,32.8866625
ERI,Eritrea,2000,25.8301809,40.334426,33.0192749
ERI,Eritrea,2002,33.1941932,39.5159142,33.6151082
ERI,Eritrea,2003,33.0144391,39.3362345,33.6157311
ERI,Eritrea,2004,30.5631782,36.7563827,32.7463947
ERI,Eritrea,2005,33.5625155,36.8222601,31.736191
ERI,Eritrea,2006,29.3084322,35.2500073,28.0913353
ERI,Eritrea,2007,29.332572,33.6656382,27.6610184
ERI,Eritrea,2008,29.1409103,32.5669774,27.6469171
ERI,Eritrea,2009,28.9500517,32.2296786,26.6311162
ERI,Eritrea,2010,28.182674,30.8319045,25.310009
ERI,Eritrea,2011,26.1843576,30.8606739,25.3122138
ERI,Eritrea,2012,25.5503076,30.890679,24.9713098
ERI,Eritrea,2013,24.2759893,29.9421335,23.9956913
ERI,Eritrea,2014,27.0537425,28.1055965,24.81252
ERI,Eritrea,2015,26.5645563,28.5087349,25.1444564
ERI,Eritrea,2016,26.7053932,28.5077109,24.512494
ERI,Eritrea,2017,26.5704128,28.8474639,24.7467484
ERI,Eritrea,2018,23.6565514,28.0200921,24.6876056
ERI,Eritrea,2019,22.8977096,27.9012143,23.8772543
ERI,Eritrea,2020,24.1661908,29.0169498,23.9974561
ERI,Eritrea,2021,24.2228177,28.5385025,23.4965669
ERI,Eritrea,2022,25.2176826,26.5109492,23.4856183
ERI,Eritrea,2023,24.5029613,26.0345534,22.8726447
ERI,Eritrea,2024,23.0265068,25.940194,22.7621975
ESP,Spain,1996,77.9048112,79.5395287,68.8943031
ESP,Spain,1998,76.709142,75.9065093,74.8257057
ESP,Spain,2000,81.8658575,78.0475225,77.1711162
ESP,Spain,2002,86.2093832,77.3218624,77.9907428
ESP,Spain,2003,86.0152639,77.1516623,77.4506079
ESP,Spain,2004,74.5430276,74.9635142,76.5805475
ESP,Spain,2005,76.6901432,75.0136679,77.5153512
ESP,Spain,2006,71.1230909,76.235034,74.0739499
ESP,Spain,2007,73.211155,77.1659008,74.4759571
ESP,Spain,2008,71.7543779,76.5408837,73.8607171
ESP,Spain,2009,69.5244385,73.8487115,72.3578916
ESP,Spain,2010,66.8234911,73.4242267,72.2345733
ESP,Spain,2011,68.373687,74.5500735,70.0173765
ESP,Spain,2012,68.890859,75.6138206,68.6282739
ESP,Spain,2013,71.2501964,73.4253368,68.6496773
ESP,Spain,2014,71.1855431,72.5061923,65.8536441
ESP,Spain,2015,72.1152492,73.3826078,67.5496507
ESP,Spain,2016,71.8350998,74.2855433,70.0438804
ESP,Spain,2017,71.1731923,74.608077,68.8481133
ESP,Spain,2018,72.1501162,74.0378141,68.7999285
ESP,Spain,2019,73.0905204,75.8206692,69.7613795
ESP,Spain,2020,71.7138819,73.8338432,68.0649345
ESP,Spain,2021,73.1230736,72.8117494,69.3909435
ESP,Spain,2022,73.5436342,73.4979264,68.0777898
ESP,Spain,2023,72.3009649,72.9785917,65.819898
ESP,Spain,2024,72.9391098,73.0011894,64.6542875
EST,Estonia,1996,58.6672069,68.5528645,67.9821346
EST,Estonia,1998,55.249514,68.1102345,68.4354147
EST,Estonia,2000,62.6442596,68.6593024,70.5715038
EST,Estonia,2002,63.7863391,69.9155168,74.9492275
EST,Estonia,2003,68.3338929,70.2151069,77.0991702
EST,Estonia,2004,68.3544588,70.5668782,76.9922746
EST,Estonia,2005,69.1438821,73.4084049,78.0624255
EST,Estonia,2006,71.4799625,75.4994985,79.3129114
EST,Estonia,2007,70.6846243,76.2846405,79.2903315
EST,Estonia,2008,71.6963959,76.425307,79.1265737
EST,Estonia,2009,69.2859557,74.3793795,77.1609247
EST,Estonia,2010,71.5420317,75.6598437,77.1776141
EST,Estonia,2011,71.8721426,76.8854713,77.5941672
EST,Estonia,2012,71.9079021,76.8230584,77.8688313
EST,Estonia,2013,72.0046205,77.4631348,77.9687117
EST,Estonia,2014,73.9696507,80.0857017,78.8200041
EST,Estonia,2015,71.4535945,80.3951433,79.6169213
EST,Estonia,2016,72.0227229,80.6134817,80.2045818
EST,Estonia,2017,72.1112768,81.1706954,78.8227783
EST,Estonia,2018,75.9403274,80.4083456,77.4345494
EST,Estonia,2019,74.5831698,82.8867196,79.2005779
EST,Estonia,2020,77.0103901,82.7612794,78.393671
EST,Estonia,2021,77.9927973,82.5887163,79.4591062
EST,Estonia,2022,77.7596927,83.1610479,79.1667514
EST,Estonia,2023,75.9934621,82.473124,77.7627432
EST,Estonia,2024,76.5591936,82.5475225,76.9065617
ETH,Ethiopia,1996,25.109255,42.0782558,31.5904994
ETH,Ethiopia,1998,25.0275512,42.0409533,35.6522489
ETH,Ethiopia,2000,25.0558111,42.0164229,35.696237
ETH,Ethiopia,2002,26.3368512,38.7165648,32.8143064
ETH,Ethiopia,2003,23.2933079,38.8445367,33.5830228
ETH,Ethiopia,2004,31.6625878,39.7462399,40.2433095
ETH,Ethiopia,2005,33.4842027,40.2745878,40.1601058
ETH,Ethiopia,2006,36.5843845,43.8585894,41.9111546
ETH,Ethiopia,2007,38.9233426,44.3397766,42.8751574
ETH,Ethiopia,2008,41.0238315,42.1935898,43.5167483
ETH,Ethiopia,2009,41.213611,41.6230912,42.5308831
ETH,Ethiopia,2010,42.0603455,42.5599627,43.4956225
ETH,Ethiopia,2011,41.2894135,42.37845,41.2741721
ETH,Ethiopia,2012,43.1496229,44.0735305,40.3940748
ETH,Ethiopia,2013,41.2145793,42.4071385,38.0153866
ETH,Ethiopia,2014,42.5630007,43.998762,40.599395
ETH,Ethiopia,2015,41.038014,43.1068707,40.6230821
ETH,Ethiopia,2016,42.0637249,43.2208451,39.7007616
ETH,Ethiopia,2017,41.0715491,43.4972869,40.6914544
ETH,Ethiopia,2018,40.9791219,43.301479,41.514773
ETH,Ethiopia,2019,41.1258037,43.5958009,41.8028238
ETH,Ethiopia,2020,40.6134168,42.9561135,41.9953724
ETH,Ethiopia,2021,38.6928804,40.6411603,42.7432106
ETH,Ethiopia,2022,37.7281615,41.1619717,42.5363368
ETH,Ethiopia,2023,37.9556857,39.0773855,41.6562884
ETH,Ethiopia,2024,38.7798166,38.9119872,41.7214465
FIN,Finland,1996,83.7406382,90.1637061,74.653507
FIN,Finland,1998,88.6751416,90.2374506,81.7021997
FIN,Finland,2000,92.5248184,92.2166143,82.5466204
FIN,Finland,2002,96.4931874,91.9582145,87.847387
FIN,Finland,2003,96.4205173,91.980733,88.6741328
FIN,Finland,2004,93.3552395,90.9423063,84.6945602
FIN,Finland,2005,93.6407808,89.3610454,86.070451
FIN,Finland,2006,90.8351953,90.4113045,85.058317
FIN,Finland,2007,88.1509114,90.3727439,82.5328299
FIN,Finland,2008,90.1834609,90.5180057,82.7248817
FIN,Finland,2009,93.3166023,89.9718464,85.559998
FIN,Finland,2010,93.0859943,90.4317904,85.7859251
FIN,Finland,2011,94.8579686,89.7515253,85.0371233
FIN,Finland,2012,95.538659,91.2349451,86.4142475
FIN,Finland,2013,94.7555239,89.9696159,85.488167
FIN,Finland,2014,91.5426504,91.6391763,84.4959002
FIN,Finland,2015,88.7404502,92.5018456,84.3348409
FIN,Finland,2016,89.0248715,92.4476921,83.4832283
FIN,Finland,2017,92.3694646,92.9256523,83.7625922
FIN,Finland,2018,93.3360502,92.2639833,84.0796451
FIN,Finland,2019,93.1277483,93.2567225,86.3071107
FIN,Finland,2020,92.8616841,93.2612748,85.9602735
FIN,Finland,2021,93.2627909,92.6055607,86.5791866
FIN,Finland,2022,88.2297958,91.2817565,84.9743909
FIN,Finland,2023,86.1002615,91.7312587,84.3065138
FIN,Finland,2024,86.6733953,91.7521973,85.8302775
FJI,Fiji,1996,56.0635515,62.1484606,50.5655182
FJI,Fiji,1998,55.8860743,62.2198007,50.917817
FJI,Fiji,2000,55.947461,50.1631798,46.0983548
FJI,Fiji,2002,55.9523434,55.4316222,57.2345565
FJI,Fiji,2003,55.7024469,55.404734,51.1587744
FJI,Fiji,2004,48.4646321,55.5508976,42.5673166
FJI,Fiji,2005,55.5686001,58.6877978,48.2527324
FJI,Fiji,2006,55.5113141,55.4066719,49.6544285
FJI,Fiji,2007,45.5588517,45.4271127,47.7040652
FJI,Fiji,2008,35.5873302,45.3843906,41.5939897
FJI,Fiji,2009,34.5108392,41.5672029,37.8638516
FJI,Fiji,2010,40.7602717,40.6976476,41.0929948
FJI,Fiji,2011,41.1238457,42.1971714,42.2933134
FJI,Fiji,2012,40.0909871,42.4893816,42.359842
FJI,Fiji,2013,40.0967076,42.6145895,43.4745313
FJI,Fiji,2014,49.4107879,49.5373075,50.9805337
FJI,Fiji,2015,49.3681316,52.0850492,51.0792864
FJI,Fiji,2016,49.3829596,50.8851809,51.6674768
FJI,Fiji,2017,49.3877739,51.8724626,51.6919083
FJI,Fiji,2018,59.7482167,53.4387605,51.7019547
FJI,Fiji,2019,73.0032012,58.0490535,57.2713401
FJI,Fiji,2020,64.0830762,59.7978572,52.4560226
FJI,Fiji,2021,65.55242,59.7806585,53.7614152
FJI,Fiji,2022,61.1111102,61.0453578,53.285888
FJI,Fiji,2023,61.1284251,62.5689715,53.2894633
FJI,Fiji,2024,63.1811265,62.2273751,55.8892306
FRA,France,1996,81.0104081,81.3652642,66.2149043
FRA,France,1998,79.7343126,78.4747541,68.0751623
FRA,France,2000,83.7032532,80.2680061,71.5816554
FRA,France,2002,81.4544454,76.9691136,72.3402733
FRA,France,2003,83.1275741,79.1531914,75.8620568
FRA,France,2004,81.550633,79.4059099,75.5232614
FRA,France,2005,84.6762884,81.9088264,75.7876472
FRA,France,2006,79.8013323,78.6055744,75.4014225
FRA,France,2007,80.889408,79.4110163,76.0557125
FRA,France,2008,83.0072895,79.5153339,75.4625667
FRA,France,2009,81.4823864,78.3430956,73.3997753
FRA,France,2010,79.3586094,79.289927,74.3271474
FRA,France,2011,79.8974363,77.2860883,72.3521776
FRA,France,2012,80.7574861,79.1424175,72.7880965
FRA,France,2013,80.0063772,78.300432,72.9057592
FRA,France,2014,79.6111153,78.7018665,71.142262
FRA,France,2015,79.7147617,78.3487803,72.4278378
FRA,France,2016,78.9518133,78.5863259,72.2518067
FRA,France,2017,78.5973333,78.390549,74.3068827
FRA,France,2018,80.8697481,78.0557733,74.8593461
FRA,France,2019,80.1591081,77.3579292,77.844343
FRA,France,2020,80.3248197,76.3646169,74.7166668
FRA,France,2021,81.2128456,75.561772,75.1194295
FRA,France,2022,79.8021859,74.5113529,74.8750592
FRA,France,2023,77.6243079,74.0827805,74.3046227
FRA,France,2024,74.6869309,73.8081373,72.9392482
FSM,"Micronesia, Fed. Sts.",1996,,72.5207113,
FSM,"Micronesia, Fed. Sts.",1998,,72.1425904,
FSM,"Micronesia, Fed. Sts.",2000,,71.8939267,
FSM,"Micronesia, Fed. Sts.",2002,,72.2064542,
FSM,"Micronesia, Fed. Sts.",2003,,72.0734774,
FSM,"Micronesia, Fed. Sts.",2004,48.4646321,71.4529214,57.3059868
FSM,"Micronesia, Fed. Sts.",2005,44.5443366,79.6861415,62.4472633
FSM,"Micronesia, Fed. Sts.",2006,44.4898214,79.6608125,62.3945994
FSM,"Micronesia, Fed. Sts.",2007,42.4936847,78.9326208,52.3869028
FSM,"Micronesia, Fed. Sts.",2008,42.0383427,66.0360074,47.5255501
FSM,"Micronesia, Fed. Sts.",2009,42.2628706,66.0009113,46.1677979
FSM,"Micronesia, Fed. Sts.",2010,42.8251216,65.5004447,46.1693703
FSM,"Micronesia, Fed. Sts.",2011,37.9025024,61.3959984,42.5562341
FSM,"Micronesia, Fed. Sts.",2012,37.9071923,61.3710222,42.4856049
FSM,"Micronesia, Fed. Sts.",2013,38.2984915,61.3151907,42.8566039
FSM,"Micronesia, Fed. Sts.",2014,47.9737698,59.5538387,42.1202505
FSM,"Micronesia, Fed. Sts.",2015,47.9347067,59.578703,42.5683796
FSM,"Micronesia, Fed. Sts.",2016,47.9482845,59.5828026,42.674034
FSM,"Micronesia, Fed. Sts.",2017,52.6844083,59.5727722,44.1165859
FSM,"Micronesia, Fed. Sts.",2018,52.7086162,57.4966485,42.6973078
FSM,"Micronesia, Fed. Sts.",2019,51.3556701,60.7820409,41.4646357
FSM,"Micronesia, Fed. Sts.",2020,54.0413676,68.4945478,41.433331
FSM,"Micronesia, Fed. Sts.",2021,54.0813601,72.1865947,42.8467988
FSM,"Micronesia, Fed. Sts.",2022,49.6826094,73.7876755,42.8132404
FSM,"Micronesia, Fed. Sts.",2023,49.6999263,73.7798171,42.8168158
FSM,"Micronesia, Fed. Sts.",2024,47.7476106,73.7785486,42.8249128
GAB,Gabon,1996,44.8724,45.3625674,47.9452512
GAB,Gabon,1998,39.5307932,47.5596152,54.607104
GAB,Gabon,2000,39.5590532,51.2139346,52.000126
GAB,Gabon,2002,39.5613009,51.6486098,52.2240313
GAB,Gabon,2003,39.4462565,50.0153451,50.4015885
GAB,Gabon,2004,29.9744113,49.1196794,45.0052755
GAB,Gabon,2005,31.086304,49.8069252,48.2666491
GAB,Gabon,2006,36.2017009,44.6685406,46.2149718
GAB,Gabon,2007,36.236811,46.0401803,47.1982205
GAB,Gabon,2008,36.2641959,46.587152,48.1373108
GAB,Gabon,2009,39.4214556,45.8920925,47.5484454
GAB,Gabon,2010,40.0367344,46.5626388,48.3730116
GAB,Gabon,2011,35.8753603,48.0342623,46.679642
GAB,Gabon,2012,32.764772,48.8907392,46.5511254
GAB,Gabon,2013,35.0920871,45.8015264,44.4784659
GAB,Gabon,2014,38.0919377,46.3607365,44.0198661
GAB,Gabon,2015,37.6832127,46.0413506,44.5053892
GAB,Gabon,2016,38.4397523,47.4719387,45.2426133
GAB,Gabon,2017,35.2562918,45.9702205,45.0495616
GAB,Gabon,2018,36.1832563,43.6594306,42.9317816
GAB,Gabon,2019,36.0168291,42.0629623,41.0364274
GAB,Gabon,2020,35.5236452,40.9325048,40.6752445
GAB,Gabon,2021,39.8944703,41.1903866,41.7331977
GAB,Gabon,2022,39.783793,38.1411869,42.8753088
GAB,Gabon,2023,39.983277,38.4087445,43.1843987
GAB,Gabon,2024,40.3127112,37.0742145,43.4528346
GBR,United Kingdom,1996,83.6073145,85.4430873,82.198449
GBR,United Kingdom,1998,83.6089906,86.3715858,84.5698272
GBR,United Kingdom,2000,85.1989845,86.5268608,85.1737685
GBR,United Kingdom,2002,86.0102259,85.3468003,85.1513952
GBR,United Kingdom,2003,83.6439995,84.9459338,84.3506454
GBR,United Kingdom,2004,82.1533957,83.8935802,84.8756902
GBR,United Kingdom,2005,87.0542842,83.7727593,83.9578866
GBR,United Kingdom,2006,84.5522005,84.8153372,86.463448
GBR,United Kingdom,2007,83.7435354,84.2102881,84.7057421
GBR,United Kingdom,2008,84.5019786,82.3073109,82.1076971
GBR,United Kingdom,2009,80.2065107,82.4451343,79.1377808
GBR,United Kingdom,2010,80.1316434,85.082795,79.2467598
GBR,United Kingdom,2011,79.887339,81.8030115,79.5725847
GBR,United Kingdom,2012,80.6579094,82.7552987,80.8101287
GBR,United Kingdom,2013,79.4652327,82.9349061,82.1110185
GBR,United Kingdom,2014,83.5843317,84.3892381,82.2011964
GBR,United Kingdom,2015,83.1560518,85.5496474,83.4678559
GBR,United Kingdom,2016,83.4783092,84.7289378,81.3749994
GBR,United Kingdom,2017,81.7911302,84.6468204,81.191969
GBR,United Kingdom,2018,80.9891227,82.5311671,81.2780651
GBR,United Kingdom,2019,78.4973891,81.7218803,81.8869902
GBR,United Kingdom,2020,78.0332564,80.2936931,80.1185755
GBR,United Kingdom,2021,77.1809881,79.4450626,80.1090196
GBR,United Kingdom,2022,76.4866596,79.3292982,80.87291
GBR,United Kingdom,2023,73.4657181,78.8284082,79.9233664
GBR,United Kingdom,2024,74.3798903,78.8208235,78.6971573
GEO,Georgia,1996,25.9462734,36.4552574,38.6637923
GEO,Georgia,1998,25.7687961,36.9339146,41.6059965
GEO,Georgia,2000,34.2974003,46.1007792,44.5938575
GEO,Georgia,2002,27.8050322,39.9869109,41.397727
GEO,Georgia,2003,27.6277864,41.3648497,44.959592
GEO,Georgia,2004,37.1209986,47.7428283,46.8845238
GEO,Georgia,2005,39.4621967,47.882371,49.553903
GEO,Georgia,2006,43.8163408,51.2965098,57.0994711
GEO,Georgia,2007,47.010025,53.0560977,61.2849853
GEO,Georgia,2008,51.0404612,53.0408972,63.9556546
GEO,Georgia,2009,52.9775814,53.9600951,63.9168301
GEO,Georgia,2010,55.4596125,54.980466,65.0191136
GEO,Georgia,2011,61.900975,56.6424864,66.1520694
GEO,Georgia,2012,63.2747144,60.1734842,65.7978212
GEO,Georgia,2013,62.0561499,59.0613165,66.3492169
GEO,Georgia,2014,61.6395054,63.0366086,67.7874869
GEO,Georgia,2015,60.4770505,62.8259841,67.6366159
GEO,Georgia,2016,62.9627954,63.353215,69.7641332
GEO,Georgia,2017,63.6579094,60.8054905,69.7125954
GEO,Georgia,2018,61.1018024,61.5494473,67.4982579
GEO,Georgia,2019,61.2834309,60.6553237,68.7124365
GEO,Georgia,2020,57.3322836,61.3843467,67.5779462
GEO,Georgia,2021,60.1202955,60.8394369,68.1597933
GEO,Georgia,2022,59.943003,60.0939605,67.0550368
GEO,Georgia,2023,62.7658644,59.792293,67.6143372
GEO,Georgia,2024,60.2121471,59.5285321,65.1148903
GHA,Ghana,1996,50.7095473,51.9912749,44.7361677
GHA,Ghana,1998,45.3679406,48.4058173,50.0979681
GHA,Ghana,2000,50.017871,54.1885585,52.9292125
GHA,Ghana,2002,46.9843044,55.804752,43.1918349
GHA,Ghana,2003,42.8061229,54.183996,43.8778428
GHA,Ghana,2004,43.6352567,53.7090236,47.0763122
GHA,Ghana,2005,46.142425,56.0792627,50.1389943
GHA,Ghana,2006,52.7786399,60.6156083,53.5144616
GHA,Ghana,2007,52.4317314,60.4000494,53.8373436
GHA,Ghana,2008,52.6759891,58.6258358,54.4073968
GHA,Ghana,2009,52.8751172,57.6571228,54.9501498
GHA,Ghana,2010,52.0582273,57.296118,54.7472646
GHA,Ghana,2011,51.4601817,60.0144866,54.451765
GHA,Ghana,2012,51.7715972,59.8168199,54.6026407
GHA,Ghana,2013,49.6173125,60.4374775,54.3124513
GHA,Ghana,2014,49.6272154,59.4348989,52.6822289
GHA,Ghana,2015,49.6710927,60.4271752,52.8728818
GHA,Ghana,2016,51.6859949,60.4758591,51.0591652
GHA,Ghana,2017,52.0523183,61.7841927,52.283734
GHA,Ghana,2018,51.0707258,60.4056893,52.2002528
GHA,Ghana,2019,50.2772134,58.9906253,51.8104794
GHA,Ghana,2020,51.1389276,58.8751793,52.3373789
GHA,Ghana,2021,50.4750116,57.6793315,51.8964447
GHA,Ghana,2022,50.051445,57.0014518,52.305874
GHA,Ghana,2023,50.9948047,56.9132228,52.3487328
GHA,Ghana,2024,52.4989455,57.8935634,53.4456524
GIN,Guinea,1996,25.9220111,36.026284,40.0199657
GIN,Guinea,1998,33.2679502,35.9478084,42.3851441
GIN,Guinea,2000,33.3080399,35.8451569,42.4575854
GIN,Guinea,2002,31.8926591,37.0641153,31.2191423
GIN,Guinea,2003,31.7626,33.628778,28.9188191
GIN,Guinea,2004,34.6425394,35.1358866,37.3759296
GIN,Guinea,2005,34.7797519,33.4674122,39.5236454
GIN,Guinea,2006,26.5495844,33.3408395,37.0654566
GIN,Guinea,2007,27.4684096,32.5548215,36.6748868
GIN,Guinea,2008,28.714886,30.450832,35.888743
GIN,Guinea,2009,28.2624975,28.9197282,36.5708348
GIN,Guinea,2010,29.6862509,31.2659928,37.3087086
GIN,Guinea,2011,28.7471183,32.1249205,38.0379886
GIN,Guinea,2012,27.595659,32.1064225,38.3799272
GIN,Guinea,2013,29.7487693,31.4838666,37.4637543
GIN,Guinea,2014,31.8794936,31.003552,37.7248044
GIN,Guinea,2015,32.9616311,36.4942293,41.2066878
GIN,Guinea,2016,34.2602136,37.3318364,41.7927207
GIN,Guinea,2017,34.0741304,37.3161591,42.4451339
GIN,Guinea,2018,35.0462731,37.9630097,42.2011216
GIN,Guinea,2019,38.1864104,38.3218373,42.3596149
GIN,Guinea,2020,35.5546292,38.0979794,41.8239907
GIN,Guinea,2021,35.6181606,39.701807,40.4668079
GIN,Guinea,2022,33.3576455,38.8007372,39.7137478
GIN,Guinea,2023,34.3558976,37.9145581,39.7259233
GIN,Guinea,2024,34.0710252,37.2080174,40.7989887
GMB,"Gambia, The",1996,39.9402901,62.3058319,35.9206359
GMB,"Gambia, The",1998,39.8243824,62.7313304,44.7505371
GMB,"Gambia, The",2000,39.8644721,57.4189955,49.1886322
GMB,"Gambia, The",2002,39.8676609,54.6753736,47.7300139
GMB,"Gambia, The",2003,39.7650334,58.0281666,51.9678293
GMB,"Gambia, The",2004,38.284278,44.8182927,44.9038195
GMB,"Gambia, The",2005,36.029458,48.4511004,44.8399831
GMB,"Gambia, The",2006,33.4761782,49.7389205,47.0905396
GMB,"Gambia, The",2007,36.216632,50.8210848,47.8245305
GMB,"Gambia, The",2008,36.3756102,48.042847,47.2739849
GMB,"Gambia, The",2009,38.6975198,46.0588797,47.289832
GMB,"Gambia, The",2010,38.9163914,45.4583312,46.3587662
GMB,"Gambia, The",2011,39.1520957,45.0486183,46.9043406
GMB,"Gambia, The",2012,40.125823,44.3451808,47.8235164
GMB,"Gambia, The",2013,39.4821657,43.1356814,44.931686
GMB,"Gambia, The",2014,40.8210829,41.5725657,45.1266902
GMB,"Gambia, The",2015,39.0213638,41.2320898,43.9368532
GMB,"Gambia, The",2016,39.4588134,40.3565865,44.8179015
GMB,"Gambia, The",2017,41.1892495,47.2994479,46.0298579
GMB,"Gambia, The",2018,41.5729578,49.0647515,43.6366805
GMB,"Gambia, The",2019,40.9155263,49.339393,43.8739725
GMB,"Gambia, The",2020,39.9186412,51.1676292,43.7586077
GMB,"Gambia, The",2021,41.3619999,50.5597661,42.9626951
GMB,"Gambia, The",2022,41.5699401,50.7004498,44.2398726
GMB,"Gambia, The",2023,42.2339048,51.1051888,44.9001432
GMB,"Gambia, The",2024,40.9219001,50.1803647,44.390045
GNB,Guinea-Bissau,1996,25.9220111,24.6606385,33.532376
GNB,Guinea-Bissau,1998,25.8061034,25.8342604,29.4138209
GNB,Guinea-Bissau,2000,32.4026252,29.8569009,32.5463263
GNB,Guinea-Bissau,2002,32.405814,35.3437471,40.1521507
GNB,Guinea-Bissau,2003,25.6861766,33.6664367,40.1528588
GNB,Guinea-Bissau,2004,21.5344291,35.3674962,31.8437663
GNB,Guinea-Bissau,2005,23.8192162,37.136858,37.0298305
GNB,Guinea-Bissau,2006,30.3548258,36.9430087,38.5197629
GNB,Guinea-Bissau,2007,30.9924632,36.1642296,37.7059781
GNB,Guinea-Bissau,2008,32.08239,34.8200736,37.1840592
GNB,Guinea-Bissau,2009,32.8511657,34.3076748,37.2668749
GNB,Guinea-Bissau,2010,32.6688858,34.3150531,37.8203935
GNB,Guinea-Bissau,2011,31.6698229,34.1451094,36.9627136
GNB,Guinea-Bissau,2012,27.7527609,30.0251872,33.9119957
GNB,Guinea-Bissau,2013,23.8681179,29.4138269,33.1940081
GNB,Guinea-Bissau,2014,23.0964586,32.7123321,34.788393
GNB,Guinea-Bissau,2015,24.2100157,34.5493475,34.4338342
GNB,Guinea-Bissau,2016,23.3249881,33.428411,34.9621972
GNB,Guinea-Bissau,2017,21.3461643,34.1181265,35.4647835
GNB,Guinea-Bissau,2018,27.3204445,37.4490481,35.1106773
GNB,Guinea-Bissau,2019,26.4437564,37.2769205,35.1172824
GNB,Guinea-Bissau,2020,26.4291034,37.4565658,34.4941993
GNB,Guinea-Bissau,2021,24.4306703,36.2835238,34.1790295
GNB,Guinea-Bissau,2022,21.6265568,35.4239662,34.1669754
GNB,Guinea-Bissau,2023,23.1129238,36.1902057,35.1880787
GNB,Guinea-Bissau,2024,24.7485606,35.7124503,36.0897781
GNQ,Equatorial Guinea,1996,24.8609548,31.3602008,28.3893615
GNQ,Equatorial Guinea,1998,24.7528033,30.6548115,27.7459348
GNQ,Equatorial Guinea,2000,24.7902117,30.6425454,27.7975989
GNQ,Equatorial Guinea,2002,24.7931866,34.0870233,30.988725
GNQ,Equatorial Guinea,2003,24.640903,34.0724097,30.9892281
GNQ,Equatorial Guinea,2004,24.621634,34.1521693,29.8652952
GNQ,Equatorial Guinea,2005,24.0484515,33.1987772,29.4711374
GNQ,Equatorial Guinea,2006,24.0188654,36.1870165,30.1277474
GNQ,Equatorial Guinea,2007,24.0636061,37.3210728,30.0347276
GNQ,Equatorial Guinea,2008,24.0985043,38.0529941,29.8908544
GNQ,Equatorial Guinea,2009,24.7621773,35.7251174,30.6607031
GNQ,Equatorial Guinea,2010,25.727322,35.8146509,29.665394
GNQ,Equatorial Guinea,2011,25.6566489,35.8480896,29.9583008
GNQ,Equatorial Guinea,2012,25.6600749,35.0640526,29.2187963
GNQ,Equatorial Guinea,2013,25.0317997,32.6776629,29.0746029
GNQ,Equatorial Guinea,2014,32.3349173,31.4327232,30.5892539
GNQ,Equatorial Guinea,2015,31.9442558,30.7629756,31.0556211
GNQ,Equatorial Guinea,2016,32.4024852,30.0284348,32.8101033
GNQ,Equatorial Guinea,2017,31.795089,30.0174165,32.8248985
GNQ,Equatorial Guinea,2018,32.1944439,28.9572889,31.2711044
GNQ,Equatorial Guinea,2019,31.7102042,29.6261966,32.0935604
GNQ,Equatorial Guinea,2020,30.6835561,30.6678348,31.2626399
GNQ,Equatorial Guinea,2021,31.0877623,30.6526602,31.2543883
GNQ,Equatorial Guinea,2022,28.479032,31.4245688,34.6850902
GNQ,Equatorial Guinea,2023,28.9342709,31.4801164,34.6874323
GNQ,Equatorial Guinea,2024,28.3476973,30.4540727,32.7978063
GRC,Greece,1996,61.2174263,74.0627507,60.6372278
GRC,Greece,1998,56.8245613,69.3878143,65.1705256
GRC,Greece,2000,57.5247171,70.9802053,67.6221677
GRC,Greece,2002,59.8090706,70.77562,69.4369377
GRC,Greece,2003,61.4047733,72.0545284,69.6593163
GRC,Greece,2004,64.3124359,72.7364354,66.8032067
GRC,Greece,2005,61.021903,70.8323292,68.0860398
GRC,Greece,2006,61.9642886,70.9378377,67.8171655
GRC,Greece,2007,60.9811989,70.8932121,67.9684497
GRC,Greece,2008,60.247963,69.0260263,66.9230679
GRC,Greece,2009,60.9675764,67.6893467,65.0717981
GRC,Greece,2010,57.259701,65.211625,61.7213411
GRC,Greece,2011,56.315898,65.2048079,59.1797609
GRC,Greece,2012,55.7531725,62.917471,57.1437336
GRC,Greece,2013,59.0507519,63.7583206,59.1958272
GRC,Greece,2014,56.0998457,63.1757641,57.2868182
GRC,Greece,2015,54.8741394,62.8102173,58.5905075
GRC,Greece,2016,52.9718104,61.5190101,57.2358955
GRC,Greece,2017,56.4412613,61.7475115,57.3356875
GRC,Greece,2018,57.9494834,61.7795957,59.3859975
GRC,Greece,2019,60.2647801,63.5706981,61.4658678
GRC,Greece,2020,62.7489676,65.1052509,61.8347455
GRC,Greece,2021,62.4764927,64.605187,61.1128813
GRC,Greece,2022,62.2992157,65.3854549,61.5062946
GRC,Greece,2023,56.3540919,63.7866683,62.9784621
GRC,Greece,2024,55.0595965,62.0986924,62.4275979
GRD,Grenada,1996,66.1026449,63.7351601,60.4089208
GRD,Grenada,1998,65.9251677,63.5803894,60.8960763
GRD,Grenada,2000,65.9865524,63.4786053,61.0286903
GRD,Grenada,2002,65.9914368,63.606529,61.2279748
GRD,Grenada,2003,65.7415403,63.5521002,61.2292696
GRD,Grenada,2004,60.6342262,62.3487502,56.6531825
GRD,Grenada,2005,59.9494487,67.3412293,57.0329693
GRD,Grenada,2006,60.7666478,62.4520265,58.1352718
GRD,Grenada,2007,60.8188705,63.1935978,58.1770928
GRD,Grenada,2008,60.8596038,63.1642828,58.1585456
GRD,Grenada,2009,61.801198,63.5006195,58.2918725
GRD,Grenada,2010,62.2611813,63.5397309,59.7806489
GRD,Grenada,2011,62.2453013,63.6286121,58.579488
GRD,Grenada,2012,62.249301,63.59475,58.5051084
GRD,Grenada,2013,61.0800679,63.5190591,58.4940842
GRD,Grenada,2014,56.0525307,60.4379577,55.841429
GRD,Grenada,2015,51.9847503,67.9415507,56.0540546
GRD,Grenada,2016,51.9963292,70.7435891,56.0658973
GRD,Grenada,2017,52.0000877,66.5871492,54.0950754
GRD,Grenada,2018,48.3347558,64.221791,52.5309164
GRD,Grenada,2019,49.5285739,63.6860872,52.7992497
GRD,Grenada,2020,49.4711149,64.3250552,52.9084321
GRD,Grenada,2021,49.5052139,63.9256396,54.0859185
GRD,Grenada,2022,50.4871096,65.0733835,54.2194599
GRD,Grenada,2023,52.9097782,66.4312547,55.7069098
GRD,Grenada,2024,51.7321666,66.2736735,55.6495397
GRL,Greenland,2009,60.3429412,84.9325783,78.6477802
GRL,Greenland,2010,60.3977228,84.9205669,78.6494835
GRL,Greenland,2011,60.3654943,85.0227142,78.6615707
GRL,Greenland,2012,60.3736122,84.9837973,78.5295055
GRL,Greenland,2013,60.382677,84.8968093,78.5099316
GRL,Greenland,2014,60.7492784,84.940731,78.4663173
GRL,Greenland,2015,60.6816793,84.979474,78.5909636
GRL,Greenland,2016,60.7051774,84.9858592,78.6201108
GRL,Greenland,2017,60.7128073,84.9702319,78.6509502
GRL,Greenland,2018,60.7547014,84.9856406,78.6636289
GRL,Greenland,2019,60.7955338,84.9836682,78.6980074
GRL,Greenland,2020,60.6789163,85.0006862,78.6394734
GRL,Greenland,2021,60.7481215,84.9403902,78.6159298
GRL,Greenland,2022,66.4662364,84.073074,76.2406892
GRL,Greenland,2023,66.4926686,84.0643069,76.2473747
GRL,Greenland,2024,77.6453074,84.0628905,78.5750077
GTM,Guatemala,1996,32.9658951,38.443634,46.643546
GTM,Guatemala,1998,37.1808862,36.9000284,46.9889842
GTM,Guatemala,2000,30.9821151,39.7765583,48.9393869
GTM,Guatemala,2002,33.3344585,39.2414173,50.9581824
GTM,Guatemala,2003,32.9427665,38.6392974,50.4085295
GTM,Guatemala,2004,34.0418125,41.5842466,49.1243242
GTM,Guatemala,2005,33.8593265,41.1657718,47.7205826
GTM,Guatemala,2006,37.7140296,41.0857386,49.39975
GTM,Guatemala,2007,38.2627787,41.0928415,48.8052636
GTM,Guatemala,2008,38.7209284,40.6894949,49.3311364
GTM,Guatemala,2009,40.0319726,41.2801954,48.8169061
GTM,Guatemala,2010,39.5303208,41.4796434,49.1246854
GTM,Guatemala,2011,38.0920971,39.1893325,48.6797089
GTM,Guatemala,2012,37.8801126,40.422741,47.5254586
GTM,Guatemala,2013,38.794034,39.1168875,46.887328
GTM,Guatemala,2014,40.2148786,40.4388382,47.4057693
GTM,Guatemala,2015,38.6489233,40.6171135,48.4801863
GTM,Guatemala,2016,38.2011062,40.3721002,49.245045
GTM,Guatemala,2017,37.764584,40.596175,47.7408016
GTM,Guatemala,2018,36.4630344,40.0835439,48.700401
GTM,Guatemala,2019,36.2144095,39.6565997,48.1891499
GTM,Guatemala,2020,36.2431283,40.3404859,48.9157582
GTM,Guatemala,2021,36.8656986,40.1745041,48.7751371
GTM,Guatemala,2022,34.1479496,39.1149668,48.8428122
GTM,Guatemala,2023,34.5626109,39.5678527,48.4234013
GTM,Guatemala,2024,33.6586778,40.4032981,49.9827169
GUM,Guam,2004,56.5770312,68.4764662,60.9274094
GUM,Guam,2005,45.5295067,74.9283458,66.8086778
GUM,Guam,2006,45.4722208,74.8830559,66.748942
GUM,Guam,2007,45.5588517,74.9723381,66.852945
GUM,Guam,2008,45.6264235,74.8898059,66.8068183
GUM,Guam,2009,45.8623631,74.7901749,63.9440847
GUM,Guam,2010,45.9071388,74.760748,63.9464709
GUM,Guam,2011,45.880798,75.0109727,63.9634
GUM,Guam,2012,45.8874323,74.9156409,63.7784327
GUM,Guam,2013,45.8948404,74.7025552,63.7510173
GUM,Guam,2014,66.2726692,79.6888264,57.1544045
GUM,Guam,2015,66.2174152,79.7837313,57.3289815
GUM,Guam,2016,66.236622,75.8964289,53.6352186
GUM,Guam,2017,66.2428596,79.7610924,53.6784118
GUM,Guam,2018,66.2771005,81.3040491,53.6961704
GUM,Guam,2019,66.3104743,81.472017,53.744319
GUM,Guam,2020,66.2151577,76.8851271,61.1315136
GUM,Guam,2021,66.2717223,76.7728892,61.0985387
GUM,Guam,2022,69.868063,77.106813,61.0106572
GUM,Guam,2023,69.890828,74.7745372,61.0200207
GUM,Guam,2024,76.0226009,74.772169,61.0412254
GUY,Guyana,1996,46.4967223,56.4684363,45.4873021
GUY,Guyana,1998,53.8426614,53.6616873,52.1762565
GUY,Guyana,2000,53.8827511,53.5513994,50.107748
GUY,Guyana,2002,53.8859399,50.0002702,47.6360036
GUY,Guyana,2003,53.7227346,49.4067075,49.8195379
GUY,Guyana,2004,50.9954774,49.2314113,48.1187889
GUY,Guyana,2005,44.5724565,47.9644058,46.1703986
GUY,Guyana,2006,49.1874986,48.3357801,46.958558
GUY,Guyana,2007,51.6948477,50.0946709,46.311944
GUY,Guyana,2008,48.433687,49.3318943,46.4045222
GUY,Guyana,2009,49.67028,48.993093,45.6307416
GUY,Guyana,2010,50.5116383,49.7614579,46.063593
GUY,Guyana,2011,50.4644282,46.7498843,44.7893001
GUY,Guyana,2012,50.9595021,47.0717434,45.0077973
GUY,Guyana,2013,50.8820235,46.7168862,45.7568436
GUY,Guyana,2014,49.4977085,46.5221712,45.7338425
GUY,Guyana,2015,49.0374607,47.5558065,46.4120673
GUY,Guyana,2016,49.0431209,48.475815,48.7366816
GUY,Guyana,2017,48.2036428,49.8261271,49.0149005
GUY,Guyana,2018,49.6879293,49.9038885,47.5344956
GUY,Guyana,2019,49.6980188,49.3874005,46.29337
GUY,Guyana,2020,46.1830086,50.2993922,45.5929123
GUY,Guyana,2021,48.5670204,50.4431618,45.8203661
GUY,Guyana,2022,48.828877,50.7636991,44.6483572
GUY,Guyana,2023,49.4414102,50.5634474,44.365328
GUY,Guyana,2024,49.4302941,51.212513,47.8053366
HKG,"Hong Kong SAR, China",1996,82.37553,74.3669688,76.4809226
HKG,"Hong Kong SAR, China",1998,79.5712006,74.8917404,76.6760387
HKG,"Hong Kong SAR, China",2000,80.7662146,73.9042539,78.691702
HKG,"Hong Kong SAR, China",2002,75.6546442,78.4292077,85.4713358
HKG,"Hong Kong SAR, China",2003,81.9538689,81.7252174,88.3120525
HKG,"Hong Kong SAR, China",2004,80.7624735,81.6423857,87.6334572
HKG,"Hong Kong SAR, China",2005,82.5307185,82.4488208,88.3485413
HKG,"Hong Kong SAR, China",2006,85.4928692,82.1717078,89.5504276
HKG,"Hong Kong SAR, China",2007,84.1227891,82.1413137,88.5924163
HKG,"Hong Kong SAR, China",2008,84.1140198,82.4938457,87.6766078
HKG,"Hong Kong SAR, China",2009,83.2065285,81.1191167,86.0402598
HKG,"Hong Kong SAR, China",2010,82.5654922,81.7609503,86.6297308
HKG,"Hong Kong SAR, China",2011,82.8937948,82.4556293,83.4444701
HKG,"Hong Kong SAR, China",2012,87.9288685,81.7140408,86.3935838
HKG,"Hong Kong SAR, China",2013,84.9973636,80.495282,85.8972146
HKG,"Hong Kong SAR, China",2014,87.2393135,83.7127921,86.2433831
HKG,"Hong Kong SAR, China",2015,87.1331142,84.0872195,89.1608309
HKG,"Hong Kong SAR, China",2016,88.4228788,84.4719854,90.056348
HKG,"Hong Kong SAR, China",2017,88.8012828,82.706866,89.4302178
HKG,"Hong Kong SAR, China",2018,89.0713485,82.4414821,89.7837169
HKG,"Hong Kong SAR, China",2019,88.0664602,79.9523997,86.9540701
HKG,"Hong Kong SAR, China",2020,82.2846467,77.1939508,84.0679348
HKG,"Hong Kong SAR, China",2021,82.9288776,74.7261011,82.4021463
HKG,"Hong Kong SAR, China",2022,83.2935774,72.1820236,82.0461664
HKG,"Hong Kong SAR, China",2023,81.2341077,72.0396343,82.1612962
HKG,"Hong Kong SAR, China",2024,83.1791513,72.8154308,82.3038683
HND,Honduras,1996,28.3933558,40.8861254,39.231811
HND,Honduras,1998,32.6083488,39.2032422,42.854388
HND,Honduras,2000,30.3860042,35.9375044,45.9019296
HND,Honduras,2002,31.414764,41.5566406,45.3104572
HND,Honduras,2003,30.4659678,39.888118,44.672437
HND,Honduras,2004,36.8495679,42.8684267,45.9841303
HND,Honduras,2005,37.7799273,44.7406001,48.3147977
HND,Honduras,2006,37.4096509,41.9251493,48.8194768
HND,Honduras,2007,39.4171702,42.2492751,51.0631097
HND,Honduras,2008,37.9876653,40.2762108,49.8224903
HND,Honduras,2009,38.769834,40.3345774,49.1998551
HND,Honduras,2010,39.1786348,39.8686011,49.2247093
HND,Honduras,2011,39.5962185,39.3458484,50.4719369
HND,Honduras,2012,37.9599323,36.4162734,48.8616133
HND,Honduras,2013,35.6870041,35.6509943,47.874201
HND,Honduras,2014,39.6550483,36.7478307,45.6458396
HND,Honduras,2015,40.5381315,37.0515566,46.5023918
HND,Honduras,2016,42.9545002,36.6842303,45.4794133
HND,Honduras,2017,43.1871557,38.1934627,47.7656936
HND,Honduras,2018,41.0906042,38.14234,47.3012994
HND,Honduras,2019,41.3748835,38.4368702,46.6755083
HND,Honduras,2020,40.0142766,37.8437257,46.0942116
HND,Honduras,2021,38.366425,37.3143589,45.2897872
HND,Honduras,2022,37.9968603,38.1748769,45.092053
HND,Honduras,2023,38.5482305,37.0610655,44.1118119
HND,Honduras,2024,39.2915482,36.7110928,44.9578114
HRV,Croatia,1996,44.8229208,45.3489916,50.0828323
HRV,Croatia,1998,45.3679406,49.6700519,49.5746061
HRV,Croatia,2000,54.9060976,56.4773979,50.4995053
HRV,Croatia,2002,55.3467225,55.7794746,56.9726973
HRV,Croatia,2003,54.5125059,58.5414173,59.5407009
HRV,Croatia,2004,58.5218182,59.5851071,60.804878
HRV,Croatia,2005,58.2412196,59.2694094,61.3323721
HRV,Croatia,2006,57.2225473,57.5469106,59.9232414
HRV,Croatia,2007,58.6395128,59.5804154,60.7519854
HRV,Croatia,2008,59.036128,58.4383631,60.4382367
HRV,Croatia,2009,59.5324289,58.829583,60.8111062
HRV,Croatia,2010,56.9187831,60.6473982,59.801177
HRV,Croatia,2011,56.0184181,61.0988762,59.1921825
HRV,Croatia,2012,59.1426463,61.5719296,58.1187954
HRV,Croatia,2013,59.4215338,61.467008,58.4331277
HRV,Croatia,2014,59.6165223,63.1451927,56.7407549
HRV,Croatia,2015,56.3326237,62.70522,57.1698447
HRV,Croatia,2016,56.492053,62.2101094,57.707073
HRV,Croatia,2017,59.1971848,62.8737248,59.5254783
HRV,Croatia,2018,60.9216088,61.3604135,61.1018571
HRV,Croatia,2019,59.489619,62.3003726,60.9313191
HRV,Croatia,2020,61.1725164,62.9659811,58.045127
HRV,Croatia,2021,66.0362591,64.0692267,60.0957508
HRV,Croatia,2022,65.266939,64.4429262,59.5836638
HRV,Croatia,2023,65.8990155,64.2928024,61.8626341
HRV,Croatia,2024,65.1411148,63.4614669,59.3714688
HTI,Haiti,1996,25.0165964,32.962309,32.2496533
HTI,Haiti,1998,24.9006887,29.7759865,32.515766
HTI,Haiti,2000,24.9407784,29.6351548,32.5882057
HTI,Haiti,2002,15.6110942,25.2437457,32.7300129
HTI,Haiti,2003,15.6478959,27.416227,32.6502962
HTI,Haiti,2004,14.4282056,28.380985,30.8461814
HTI,Haiti,2005,19.1480529,27.1303279,32.6558005
HTI,Haiti,2006,19.0776266,31.2436809,40.1724154
HTI,Haiti,2007,19.1005239,32.8932597,39.8537933
HTI,Haiti,2008,23.4094899,36.353339,41.1870035
HTI,Haiti,2009,23.2998859,35.9725299,41.09713
HTI,Haiti,2010,20.8564123,34.0917821,37.2480943
HTI,Haiti,2011,19.8613548,32.751187,35.887967
HTI,Haiti,2012,20.2365991,33.2761927,35.5313894
HTI,Haiti,2013,21.7108836,33.6346193,35.9002672
HTI,Haiti,2014,13.8166815,35.4863705,34.1265012
HTI,Haiti,2015,14.9918469,35.8606723,33.8188986
HTI,Haiti,2016,14.7204045,36.1928682,33.832074
HTI,Haiti,2017,14.5822061,36.2120357,34.3584468
HTI,Haiti,2018,17.2801048,36.802862,35.2778701
HTI,Haiti,2019,14.6193481,36.6340886,34.8037071
HTI,Haiti,2020,14.0795218,36.1195024,34.2387511
HTI,Haiti,2021,11.2813601,33.0046405,32.5292727
HTI,Haiti,2022,12.1957638,30.0662313,32.511749
HTI,Haiti,2023,12.2417295,28.7128263,30.5018739
HTI,Haiti,2024,12.147424,29.3691461,31.7826473
HUN,Hungary,1996,67.1599252,71.8662295,61.862847
HUN,Hungary,1998,67.7603079,71.6582743,66.3405379
HUN,Hungary,2000,70.5168419,71.7931081,67.7217926
HUN,Hungary,2002,70.1875419,71.6012553,74.7058871
HUN,Hungary,2003,67.8685255,71.7179266,74.0159174
HUN,Hungary,2004,66.8232636,71.4069103,74.0330924
HUN,Hungary,2005,65.9781954,72.7337918,74.6073425
HUN,Hungary,2006,65.3244097,73.5295098,74.9987718
HUN,Hungary,2007,60.9440375,72.343966,75.2297884
HUN,Hungary,2008,60.9722274,70.331928,73.7318615
HUN,Hungary,2009,61.8764035,67.5048015,72.6480589
HUN,Hungary,2010,60.0989829,66.9835788,69.5378275
HUN,Hungary,2011,60.4591445,67.8349269,68.9774579
HUN,Hungary,2012,59.7453351,66.7079804,66.9704547
HUN,Hungary,2013,62.4481433,65.5474506,65.8951766
HUN,Hungary,2014,64.2948896,63.0056191,61.726746
HUN,Hungary,2015,62.6125464,63.0792998,63.0707549
HUN,Hungary,2016,62.1375212,64.0195945,62.6879447
HUN,Hungary,2017,63.1557792,63.8659993,62.9871411
HUN,Hungary,2018,63.5105529,62.8108111,61.8347171
HUN,Hungary,2019,61.5257209,62.2675157,62.1150399
HUN,Hungary,2020,65.3557593,62.6303362,61.7730351
HUN,Hungary,2021,66.5888485,62.078697,61.1759102
HUN,Hungary,2022,64.1294133,61.1404022,59.4086263
HUN,Hungary,2023,61.9606214,60.2244262,58.6087913
HUN,Hungary,2024,61.0995877,60.2749551,60.146918
IDN,Indonesia,1996,46.363558,47.9494566,53.8127039
IDN,Indonesia,1998,36.9068364,41.2333617,46.0462712
IDN,Indonesia,2000,40.6512316,40.6113737,47.5664864
IDN,Indonesia,2002,36.3993999,37.4199121,45.8403438
IDN,Indonesia,2003,33.6750711,40.8655621,45.5800822
IDN,Indonesia,2004,36.5108219,43.7127993,46.9476063
IDN,Indonesia,2005,37.073248,43.7941164,48.5062927
IDN,Indonesia,2006,41.2810836,45.7663374,52.0436836
IDN,Indonesia,2007,42.4519248,46.1829448,51.2622727
IDN,Indonesia,2008,42.5385381,47.0291624,52.4715149
IDN,Indonesia,2009,44.9194662,47.4461915,53.0023115
IDN,Indonesia,2010,46.4184115,45.7462387,52.5578823
IDN,Indonesia,2011,44.9745977,52.0556791,52.4776452
IDN,Indonesia,2012,46.3417399,50.3345898,52.0354682
IDN,Indonesia,2013,48.1635493,49.7362494,54.0968292
IDN,Indonesia,2014,57.5456059,51.1401265,54.9072168
IDN,Indonesia,2015,50.1223884,50.4036099,52.6644356
IDN,Indonesia,2016,53.7163997,51.4261426,55.4045544
IDN,Indonesia,2017,54.3846673,51.5158034,56.443186
IDN,Indonesia,2018,56.2687851,53.183197,56.0213415
IDN,Indonesia,2019,57.4126224,53.6607218,56.6131467
IDN,Indonesia,2020,55.4967156,54.417917,58.407906
IDN,Indonesia,2021,54.2003128,54.4919144,60.2592563
IDN,Indonesia,2022,55.8672272,54.7424954,59.296523
IDN,Indonesia,2023,56.6528103,55.5576115,60.2378198
IDN,Indonesia,2024,54.8365911,53.4090118,56.8298066
IND,India,1996,46.5810646,60.7249582,44.7906248
IND,India,1998,42.6201505,60.326453,45.6154907
IND,India,2000,40.6845217,61.4466391,48.9547625
IND,India,2002,41.9714689,56.2176695,48.7179657
IND,India,2003,43.0285663,57.4389117,47.9015707
IND,India,2004,47.5436428,57.9545737,51.6335131
IND,India,2005,47.8216184,59.8781176,52.0637795
IND,India,2006,48.8916228,60.8696056,51.8256752
IND,India,2007,51.0283962,60.3073887,51.568866
IND,India,2008,48.3171978,59.7503522,50.6625866
IND,India,2009,49.5237323,59.5513586,51.0176549
IND,India,2010,49.1209884,58.0505268,50.4821063
IND,India,2011,49.9282691,56.7360937,49.5071439
IND,India,2012,49.6146448,54.7121529,48.9627586
IND,India,2013,50.199062,54.9689314,48.9919988
IND,India,2014,51.0781048,54.1139949,48.8554278
IND,India,2015,59.0568048,54.5995656,49.6531841
IND,India,2016,58.6538119,55.5475105,50.8635602
IND,India,2017,58.1999807,56.2764251,51.4588982
IND,India,2018,61.0922301,57.3146728,52.4093503
IND,India,2019,61.1691545,56.6186668,53.3152922
IND,India,2020,58.1320686,55.1924812,52.5183166
IND,India,2021,56.0073078,53.7961752,52.1829925
IND,India,2022,57.9369129,55.0631273,53.4803007
IND,India,2023,59.5575797,55.4517708,52.8571419
IND,India,2024,59.2076282,56.2895569,53.3476378
IRL,Ireland,1996,79.7981474,82.9984893,75.9953032
IRL,Ireland,1998,79.9546212,84.5284297,80.1088493
IRL,Ireland,2000,78.7977642,85.6229891,82.0690145
IRL,Ireland,2002,78.9289316,85.0529998,85.9750765
IRL,Ireland,2003,75.9612939,83.6564872,84.7175297
IRL,Ireland,2004,77.2149276,82.8328432,82.316875
IRL,Ireland,2005,82.4518944,84.7591305,84.5854645
IRL,Ireland,2006,79.7197879,84.8465575,86.1783591
IRL,Ireland,2007,78.102586,85.4102768,85.0942837
IRL,Ireland,2008,76.9383423,85.4226083,83.6299451
IRL,Ireland,2009,73.5733621,83.5091619,80.4614998
IRL,Ireland,2010,71.4472344,82.9307394,79.4493043
IRL,Ireland,2011,75.5249817,83.0391238,77.6043445
IRL,Ireland,2012,78.0174096,83.2563797,78.8655172
IRL,Ireland,2013,77.3952281,82.7845637,79.742353
IRL,Ireland,2014,79.8861704,83.3388172,80.9737193
IRL,Ireland,2015,78.8130589,84.5629853,82.0573547
IRL,Ireland,2016,78.873907,83.9168852,81.7674145
IRL,Ireland,2017,78.1121019,83.3311516,80.0638929
IRL,Ireland,2018,79.6806257,83.264658,80.8634503
IRL,Ireland,2019,76.6868572,83.4862527,79.8331901
IRL,Ireland,2020,80.5133684,83.1491123,77.9790467
IRL,Ireland,2021,82.8094272,83.5614153,80.4298103
IRL,Ireland,2022,84.5079207,82.8500677,82.7232745
IRL,Ireland,2023,83.6350611,84.4681784,83.2088955
IRL,Ireland,2024,82.6755532,84.3524795,83.1635984
IRN,"Iran, Islamic Rep.",1996,46.0878787,40.2832173,28.4233237
IRN,"Iran, Islamic Rep.",1998,40.746272,42.822777,28.3591908
IRN,"Iran, Islamic Rep.",2000,40.7745319,45.0686499,28.4031788
IRN,"Iran, Islamic Rep.",2002,37.3724856,38.9508231,32.8563514
IRN,"Iran, Islamic Rep.",2003,37.2749603,38.2649818,33.5411544
IRN,"Iran, Islamic Rep.",2004,38.3297906,40.47533,35.3940235
IRN,"Iran, Islamic Rep.",2005,36.9062103,38.7478676,34.9159491
IRN,"Iran, Islamic Rep.",2006,37.0562345,38.6336953,34.9026065
IRN,"Iran, Islamic Rep.",2007,37.170367,38.0026975,33.6745948
IRN,"Iran, Islamic Rep.",2008,36.7574557,37.9399387,32.9764618
IRN,"Iran, Islamic Rep.",2009,36.8376118,37.2848408,31.2267079
IRN,"Iran, Islamic Rep.",2010,39.0124079,37.9909013,32.4436197
IRN,"Iran, Islamic Rep.",2011,40.9003892,39.5308583,35.9748234
IRN,"Iran, Islamic Rep.",2012,40.9877064,40.0291598,35.1684023
IRN,"Iran, Islamic Rep.",2013,40.2826079,36.2124626,33.1834523
IRN,"Iran, Islamic Rep.",2014,46.3342811,35.3689075,34.32944
IRN,"Iran, Islamic Rep.",2015,47.6110494,40.1996627,37.6597221
IRN,"Iran, Islamic Rep.",2016,47.3901809,40.2087225,38.2101857
IRN,"Iran, Islamic Rep.",2017,47.5024565,40.986679,37.7844457
IRN,"Iran, Islamic Rep.",2018,46.0373048,40.287143,34.4704144
IRN,"Iran, Islamic Rep.",2019,43.2270684,38.8293982,33.404801
IRN,"Iran, Islamic Rep.",2020,37.5907798,39.2881443,32.8938543
IRN,"Iran, Islamic Rep.",2021,38.5725219,38.5664651,32.8834183
IRN,"Iran, Islamic Rep.",2022,37.5806922,37.5891123,32.8202522
IRN,"Iran, Islamic Rep.",2023,36.947486,36.3038979,31.7039605
IRN,"Iran, Islamic Rep.",2024,37.6106029,35.7129133,31.0266001
IRQ,Iraq,1996,15.8659159,29.1245734,22.91357
IRQ,Iraq,1998,10.5243092,29.087271,21.77511
IRQ,Iraq,2000,10.5525691,30.5478005,21.8190981
IRQ,Iraq,2002,8.4958779,27.0272737,23.5818634
IRQ,Iraq,2003,12.3162117,28.2471924,30.4591554
IRQ,Iraq,2004,20.4960932,26.7331325,29.9496439
IRQ,Iraq,2005,13.7296248,27.3069717,32.2594047
IRQ,Iraq,2006,15.6614659,28.8737533,32.9984267
IRQ,Iraq,2007,19.6131324,27.5061718,33.8996356
IRQ,Iraq,2008,27.4389869,29.7456802,36.3886749
IRQ,Iraq,2009,30.2556418,30.3554933,37.1786055
IRQ,Iraq,2010,28.4161034,29.930265,39.675573
IRQ,Iraq,2011,28.306791,32.4578857,40.3638189
IRQ,Iraq,2012,29.624732,31.9528014,38.8694626
IRQ,Iraq,2013,30.515692,31.5952835,38.8627661
IRQ,Iraq,2014,32.6557553,31.9065546,37.974619
IRQ,Iraq,2015,30.3543883,31.3402656,38.8083168
IRQ,Iraq,2016,30.1091758,30.5154685,39.570425
IRQ,Iraq,2017,30.1111727,30.3140998,37.9988565
IRQ,Iraq,2018,30.4485245,32.3181279,36.5493163
IRQ,Iraq,2019,29.8230474,33.3158272,36.5610771
IRQ,Iraq,2020,27.6607343,30.9345026,35.1307953
IRQ,Iraq,2021,27.4041568,32.2243657,36.5329992
IRQ,Iraq,2022,27.5438368,31.9224297,35.5993847
IRQ,Iraq,2023,25.2876422,31.1439621,34.6591746
IRQ,Iraq,2024,29.9154103,33.5897975,38.6096174
ISL,Iceland,1996,76.5657424,84.1153556,66.1377616
ISL,Iceland,1998,81.7745795,85.3024363,71.881366
ISL,Iceland,2000,89.4980923,89.2819209,77.7807069
ISL,Iceland,2002,90.7794279,89.3912192,80.980818
ISL,Iceland,2003,91.7953449,89.9571657,82.8127805
ISL,Iceland,2004,89.4625486,88.4221723,83.1028879
ISL,Iceland,2005,90.8538733,89.2198901,83.348758
ISL,Iceland,2006,82.0896601,88.9438425,83.1037364
ISL,Iceland,2007,80.5478077,88.1516149,81.9331784
ISL,Iceland,2008,82.7552172,86.4749189,77.2595214
ISL,Iceland,2009,83.1533258,85.9208909,77.980403
ISL,Iceland,2010,79.0750865,85.0364569,70.243004
ISL,Iceland,2011,79.0201357,85.9217032,72.9778614
ISL,Iceland,2012,79.9801881,86.0691989,73.5464085
ISL,Iceland,2013,81.0625648,85.1977642,72.9570999
ISL,Iceland,2014,78.5234168,84.866231,73.7579506
ISL,Iceland,2015,78.4585166,85.2272186,75.3070116
ISL,Iceland,2016,78.2310332,84.8526914,75.110987
ISL,Iceland,2017,79.8959488,85.6348214,77.3623226
ISL,Iceland,2018,82.1325789,86.9248531,77.578298
ISL,Iceland,2019,82.0552286,87.0266527,78.7787271
ISL,Iceland,2020,81.745221,85.9929039,78.0059701
ISL,Iceland,2021,86.3507296,86.3539965,80.5668088
ISL,Iceland,2022,83.0927402,84.4478199,77.337869
ISL,Iceland,2023,83.2339776,84.3343755,76.8631966
ISL,Iceland,2024,83.3448105,84.9818181,75.8432588
ISR,Israel,1996,77.8228585,77.2902016,65.9521367
ISR,Israel,1998,78.1232239,73.100039,68.6396356
ISR,Israel,2000,79.5018672,73.9741982,69.3551724
ISR,Israel,2002,80.3790724,74.180064,70.5470502
ISR,Israel,2003,79.3595116,73.5123128,69.6342098
ISR,Israel,2004,78.1354736,72.1334412,68.6888567
ISR,Israel,2005,78.9068218,71.5197901,69.3145925
ISR,Israel,2006,76.0730114,71.1901965,69.3301557
ISR,Israel,2007,74.2937008,70.4238969,70.9307736
ISR,Israel,2008,76.1685069,70.6919811,71.4027065
ISR,Israel,2009,75.2506791,70.6756843,69.7665289
ISR,Israel,2010,76.678016,70.9738649,71.4950624
ISR,Israel,2011,77.4570971,72.3147164,73.7653773
ISR,Israel,2012,76.6177279,71.9609418,72.3139966
ISR,Israel,2013,76.5869577,72.34288,71.9683501
ISR,Israel,2014,76.6398455,72.9526707,71.2524995
ISR,Israel,2015,79.7939299,74.8784554,72.2093705
ISR,Israel,2016,81.0271611,74.2596136,74.4365979
ISR,Israel,2017,81.3967141,74.0769444,74.0285377
ISR,Israel,2018,78.5109493,73.0600534,73.2135495
ISR,Israel,2019,81.8544555,73.2999655,74.4454315
ISR,Israel,2020,74.0068471,72.2368138,73.032022
ISR,Israel,2021,82.2501258,72.1237722,73.3996144
ISR,Israel,2022,80.9687007,70.7509398,72.5639326
ISR,Israel,2023,77.7243629,68.3967101,71.4874085
ISR,Israel,2024,74.1410108,67.2862738,72.4302177
ITA,Italy,1996,65.4922018,72.9118916,63.2248338
ITA,Italy,1998,62.545307,70.3682116,65.9164333
ITA,Italy,2000,65.9123618,72.0695533,67.4656079
ITA,Italy,2002,66.4563394,70.3354579,69.115461
ITA,Italy,2003,62.1517134,69.6731557,71.0663573
ITA,Italy,2004,58.4035324,68.7093563,70.6363196
ITA,Italy,2005,59.9348423,67.1913774,69.1562017
ITA,Italy,2006,57.3505532,65.0623738,69.6051794
ITA,Italy,2007,55.2276609,65.629525,69.2850511
ITA,Italy,2008,56.426062,64.0118635,68.8781973
ITA,Italy,2009,58.3200378,63.454562,67.4064162
ITA,Italy,2010,57.8767278,64.7733734,66.6314985
ITA,Italy,2011,56.6892562,65.9317174,62.5219473
ITA,Italy,2012,59.2562888,66.36478,62.4679176
ITA,Italy,2013,60.4696676,66.1374628,62.5605715
ITA,Italy,2014,58.3178271,66.5052142,60.8298032
ITA,Italy,2015,58.5385497,64.9124893,64.1201032
ITA,Italy,2016,59.7770308,64.8988136,64.8578067
ITA,Italy,2017,58.8834672,64.520185,64.8883338
ITA,Italy,2018,59.8004841,64.1711434,63.6990094
ITA,Italy,2019,60.2576967,66.0800324,65.9203005
ITA,Italy,2020,61.9905283,66.5103998,62.3028255
ITA,Italy,2021,62.5163957,67.0932093,63.9087126
ITA,Italy,2022,65.2987922,66.8431119,64.3443586
ITA,Italy,2023,67.9329688,68.1612229,65.8357262
ITA,Italy,2024,66.7457636,67.6216519,64.9588526
JAM,Jamaica,1996,50.7095473,54.1061761,55.9169931
JAM,Jamaica,1998,50.6278435,54.0688736,58.6532588
JAM,Jamaica,2000,49.9157024,48.5357512,55.795531
JAM,Jamaica,2002,48.8556708,51.9123535,56.498785
JAM,Jamaica,2003,48.8940319,51.7128729,56.9174689
JAM,Jamaica,2004,50.0391233,53.1957815,57.8960682
JAM,Jamaica,2005,45.5423301,53.5262098,58.4161955
JAM,Jamaica,2006,53.5818315,52.721205,59.4162802
JAM,Jamaica,2007,52.9757264,54.2453607,59.6845993
JAM,Jamaica,2008,53.7414825,54.1338526,59.3369767
JAM,Jamaica,2009,55.2044642,51.6355607,58.8584955
JAM,Jamaica,2010,54.8124747,50.1006775,58.8635723
JAM,Jamaica,2011,54.564122,51.9846746,57.9385249
JAM,Jamaica,2012,54.3319818,50.8374797,54.8286736
JAM,Jamaica,2013,55.2927692,52.2092657,55.5214632
JAM,Jamaica,2014,60.131785,53.8267276,55.7324643
JAM,Jamaica,2015,59.7844428,54.5653748,56.8719005
JAM,Jamaica,2016,60.577018,55.0179182,57.1420697
JAM,Jamaica,2017,60.2784843,55.4158951,56.8258306
JAM,Jamaica,2018,61.0608922,54.5386122,57.1862171
JAM,Jamaica,2019,61.0939956,54.0303251,57.0000228
JAM,Jamaica,2020,58.8600916,55.1748747,56.416455
JAM,Jamaica,2021,57.9444571,55.6860963,57.7302175
JAM,Jamaica,2022,56.2887658,55.7816656,57.55474
JAM,Jamaica,2023,54.5486815,55.6419164,57.2057484
JAM,Jamaica,2024,54.6705042,55.6279602,56.2960749
JOR,Jordan,1996,55.2475463,60.9236678,49.219776
JOR,Jordan,1998,52.608355,61.0048214,57.6247903
JOR,Jordan,2000,48.0042269,61.3836617,57.9280211
JOR,Jordan,2002,48.3643301,54.9727143,55.2398408
JOR,Jordan,2003,53.1804039,57.4446394,58.2618216
JOR,Jordan,2004,52.3081627,58.8274455,60.5834694
JOR,Jordan,2005,49.8039343,59.7406213,59.9278136
JOR,Jordan,2006,53.2633015,59.5170095,57.2698876
JOR,Jordan,2007,55.0588129,61.6271002,57.3332177
JOR,Jordan,2008,55.0052194,61.729738,59.7281805
JOR,Jordan,2009,55.6678093,58.8960456,58.3777936
JOR,Jordan,2010,52.8175571,57.9464468,56.5556157
JOR,Jordan,2011,53.9652559,59.5556992,57.8731176
JOR,Jordan,2012,55.6249975,60.0323823,57.7324192
JOR,Jordan,2013,56.0296684,59.1974291,56.4334598
JOR,Jordan,2014,58.7454147,58.8906741,56.5123405
JOR,Jordan,2015,58.7699258,59.3319067,57.5169737
JOR,Jordan,2016,58.3898205,59.8755515,56.7208624
JOR,Jordan,2017,56.7296726,60.2929902,56.9697969
JOR,Jordan,2018,53.0879709,59.4753441,56.2049697
JOR,Jordan,2019,51.5567544,59.314202,57.3816928
JOR,Jordan,2020,53.554851,58.8265505,57.9074299
JOR,Jordan,2021,53.7294447,57.7152382,57.8870075
JOR,Jordan,2022,54.118084,58.2811037,58.2017136
JOR,Jordan,2023,58.9409204,59.0855303,59.8167875
JOR,Jordan,2024,55.5444973,59.8652904,59.215868
JPN,Japan,1996,73.2135466,80.8315,60.7316703
JPN,Japan,1998,74.2614121,79.4228883,61.0977865
JPN,Japan,2000,78.5685289,79.5138813,67.0587841
JPN,Japan,2002,76.8147775,76.6842093,63.5109668
JPN,Japan,2003,76.5796545,76.8070025,70.060792
JPN,Japan,2004,76.9455404,76.9052894,71.1776215
JPN,Japan,2005,78.6613216,77.7379036,74.1667679
JPN,Japan,2006,79.670859,78.9206249,75.4677192
JPN,Japan,2007,76.5166287,78.5908764,74.6250349
JPN,Japan,2008,76.4223096,78.0628125,74.6165877
JPN,Japan,2009,77.1254987,79.5066442,74.1720418
JPN,Japan,2010,77.2459058,80.0132412,73.7471124
JPN,Japan,2011,77.2299151,80.851979,75.89553
JPN,Japan,2012,76.899252,80.1716864,77.4084383
JPN,Japan,2013,79.5585854,80.6025753,76.3028916
JPN,Japan,2014,85.8180198,82.0354593,75.3576946
JPN,Japan,2015,84.5129644,81.6796297,77.1186037
JPN,Japan,2016,86.6068501,81.6394617,78.9740104
JPN,Japan,2017,84.6386214,82.5949156,76.9203885
JPN,Japan,2018,86.8238668,82.559088,76.3835577
JPN,Japan,2019,87.0499696,82.987206,76.7638524
JPN,Japan,2020,86.4392038,83.0196947,76.425199
JPN,Japan,2021,83.4821825,83.3298195,76.8730443
JPN,Japan,2022,90.8264358,82.9264987,77.1114908
JPN,Japan,2023,90.0027288,82.926836,76.9093801
JPN,Japan,2024,91.9378443,82.9799844,75.8330279
KAZ,Kazakhstan,1996,24.8609548,32.5212073,44.3282935
KAZ,Kazakhstan,1998,30.2874522,37.3746308,43.7370656
KAZ,Kazakhstan,2000,30.0294379,36.2402613,42.7782342
KAZ,Kazakhstan,2002,29.3753041,39.6597423,38.8032558
KAZ,Kazakhstan,2003,29.2935925,39.6218048,41.2912384
KAZ,Kazakhstan,2004,33.3414778,40.3586122,41.6348267
KAZ,Kazakhstan,2005,32.9256907,42.54153,45.7371388
KAZ,Kazakhstan,2006,33.5050603,40.9867323,48.1278117
KAZ,Kazakhstan,2007,33.3247851,42.7844763,48.1172117
KAZ,Kazakhstan,2008,35.1157504,43.3542625,50.4142655
KAZ,Kazakhstan,2009,36.5455237,44.3129881,48.5875029
KAZ,Kazakhstan,2010,35.9134978,43.6199424,49.1977102
KAZ,Kazakhstan,2011,36.7616051,46.8710046,49.9577744
KAZ,Kazakhstan,2012,39.2857733,45.8971783,49.5739106
KAZ,Kazakhstan,2013,39.8770465,45.2645576,49.5435144
KAZ,Kazakhstan,2014,51.2114091,46.6774307,52.5249358
KAZ,Kazakhstan,2015,51.1184861,48.4982078,53.7365784
KAZ,Kazakhstan,2016,49.2500947,48.1711132,52.7280623
KAZ,Kazakhstan,2017,51.5791733,49.0224906,56.1767073
KAZ,Kazakhstan,2018,49.3256814,50.5881586,55.7345603
KAZ,Kazakhstan,2019,52.4896065,49.5474101,56.6406253
KAZ,Kazakhstan,2020,52.3568797,49.8146201,55.7125355
KAZ,Kazakhstan,2021,51.6869126,48.951777,55.0715534
KAZ,Kazakhstan,2022,54.4581171,49.3810257,53.8525157
KAZ,Kazakhstan,2023,54.2964071,50.4626994,54.9494054
KAZ,Kazakhstan,2024,54.1941626,50.3980061,55.6049145
KEN,Kenya,1996,46.0878787,41.8843996,44.0582363
KEN,Kenya,1998,34.9091227,38.1020102,46.819932
KEN,Kenya,2000,34.9373827,40.5822326,44.4641091
KEN,Kenya,2002,32.11883,40.4030055,51.359166
KEN,Kenya,2003,29.8688166,41.2663236,50.7674066
KEN,Kenya,2004,37.3109064,44.4093853,48.5824198
KEN,Kenya,2005,37.283224,44.2625453,49.0258238
KEN,Kenya,2006,38.3677025,43.6579866,49.5885938
KEN,Kenya,2007,41.1529826,42.1203635,49.8378012
KEN,Kenya,2008,39.3043482,41.261083,49.1477921
KEN,Kenya,2009,39.6220576,40.5150506,48.6522982
KEN,Kenya,2010,41.5896233,41.8724071,49.3011565
KEN,Kenya,2011,41.0169483,42.0478789,46.6165343
KEN,Kenya,2012,42.2287774,43.429425,46.7845851
KEN,Kenya,2013,43.199384,44.2177716,46.8802939
KEN,Kenya,2014,43.2603488,47.4839243,49.7209476
KEN,Kenya,2015,44.1934926,45.9092551,50.2964925
KEN,Kenya,2016,45.1848965,46.4237862,51.2815533
KEN,Kenya,2017,45.4430061,47.5983445,51.7319567
KEN,Kenya,2018,44.6331802,48.1747412,50.1415335
KEN,Kenya,2019,45.6736783,47.3437741,49.4435078
KEN,Kenya,2020,44.030085,47.0094475,47.605713
KEN,Kenya,2021,44.5971582,49.2953078,48.1628795
KEN,Kenya,2022,44.8757346,49.6576378,48.6976063
KEN,Kenya,2023,45.2523381,49.606121,48.5754393
KEN,Kenya,2024,45.5482916,48.969788,49.6019443
KGZ,Kyrgyz Republic,1996,46.0244582,42.394098,44.1928281
KGZ,Kyrgyz Republic,1998,45.8469829,42.9032009,46.2808837
KGZ,Kyrgyz Republic,2000,44.4693177,41.3015849,46.0815377
KGZ,Kyrgyz Republic,2002,39.6164325,45.0085191,52.230414
KGZ,Kyrgyz Republic,2003,39.4391866,44.9287837,55.1739825
KGZ,Kyrgyz Republic,2004,40.5248824,46.0945438,50.2288883
KGZ,Kyrgyz Republic,2005,36.0929622,39.0458193,46.546853
KGZ,Kyrgyz Republic,2006,34.3432259,36.6253026,45.7721592
KGZ,Kyrgyz Republic,2007,36.9023117,38.2873712,47.2741978
KGZ,Kyrgyz Republic,2008,32.6478299,36.0088255,47.1145405
KGZ,Kyrgyz Republic,2009,31.8621009,35.9953254,45.8686945
KGZ,Kyrgyz Republic,2010,36.3737824,36.8718769,47.4095544
KGZ,Kyrgyz Republic,2011,34.4286377,39.8347907,48.3133988
KGZ,Kyrgyz Republic,2012,33.9830877,40.8796043,46.9893202
KGZ,Kyrgyz Republic,2013,34.5690935,40.6705046,47.9693121
KGZ,Kyrgyz Republic,2014,34.6294555,42.8637385,46.3233025
KGZ,Kyrgyz Republic,2015,33.9397431,42.5423166,46.035769
KGZ,Kyrgyz Republic,2016,33.9067407,43.1825444,48.7018205
KGZ,Kyrgyz Republic,2017,37.4590582,44.6846395,50.2306373
KGZ,Kyrgyz Republic,2018,40.8044874,45.0519262,49.3391089
KGZ,Kyrgyz Republic,2019,38.3049139,44.2554734,48.2200351
KGZ,Kyrgyz Republic,2020,39.9413965,44.4091426,47.2196823
KGZ,Kyrgyz Republic,2021,34.9636982,41.831993,46.7840457
KGZ,Kyrgyz Republic,2022,31.9268067,41.0186736,46.5666966
KGZ,Kyrgyz Republic,2023,31.8166933,40.203215,46.4365303
KGZ,Kyrgyz Republic,2024,34.0644026,40.8538794,46.712967
KHM,Cambodia,1996,30.9786366,35.4658881,49.3793985
KHM,Cambodia,1998,30.8704851,35.3891903,49.5691839
KHM,Cambodia,2000,30.9078915,36.3094535,49.6208464
KHM,Cambodia,2002,29.1964366,35.0009684,50.8823755
KHM,Cambodia,2003,29.0734084,34.7487903,50.8827304
KHM,Cambodia,2004,30.6118874,35.7428582,48.4279387
KHM,Cambodia,2005,26.3221963,34.2960697,46.9036419
KHM,Cambodia,2006,28.2257561,34.2974138,46.572614
KHM,Cambodia,2007,32.9191206,35.8015071,47.7895715
KHM,Cambodia,2008,31.8271036,35.5826696,47.7522075
KHM,Cambodia,2009,35.714426,35.8923366,48.0753639
KHM,Cambodia,2010,35.5107518,35.7400236,48.3651274
KHM,Cambodia,2011,36.7995151,37.1447354,44.4445494
KHM,Cambodia,2012,37.7112141,38.3672908,46.7162238
KHM,Cambodia,2013,35.5071527,37.0912221,47.1168211
KHM,Cambodia,2014,39.7105804,36.3932885,45.207924
KHM,Cambodia,2015,39.871538,35.2317864,44.8845957
KHM,Cambodia,2016,40.2121214,35.7559521,45.916045
KHM,Cambodia,2017,42.2538135,36.5191039,45.336909
KHM,Cambodia,2018,41.9076886,35.9827479,45.5449009
KHM,Cambodia,2019,41.32227,37.5048848,44.6235266
KHM,Cambodia,2020,39.8596888,37.2361621,43.8788806
KHM,Cambodia,2021,38.8301377,37.2119036,44.0035363
KHM,Cambodia,2022,42.3466179,37.7715096,43.9068717
KHM,Cambodia,2023,43.2504809,38.0414044,44.197569
KHM,Cambodia,2024,45.6336334,38.7857123,44.9051569
KIR,Kiribati,1996,,72.5207113,
KIR,Kiribati,1998,,72.1425904,
KIR,Kiribati,2000,,71.8939267,
KIR,Kiribati,2002,,72.2064542,
KIR,Kiribati,2003,,72.0734774,
KIR,Kiribati,2004,46.842155,66.5640283,47.5734274
KIR,Kiribati,2005,42.55589,72.1722255,39.7124119
KIR,Kiribati,2006,41.9109707,72.6588943,39.6856983
KIR,Kiribati,2007,41.2000974,71.6850869,39.0496337
KIR,Kiribati,2008,40.8618084,64.0878057,37.8916014
KIR,Kiribati,2009,39.1353194,62.9317903,37.3574139
KIR,Kiribati,2010,38.3573719,63.0786492,36.3912031
KIR,Kiribati,2011,39.0536584,63.1425354,36.4169862
KIR,Kiribati,2012,38.0226781,63.1122583,36.2540879
KIR,Kiribati,2013,38.0270122,63.4130842,36.244961
KIR,Kiribati,2014,43.3302617,62.5447681,44.3432133
KIR,Kiribati,2015,43.2979438,62.568999,44.401331
KIR,Kiribati,2016,43.3091785,62.5729919,44.1608704
KIR,Kiribati,2017,43.3128262,63.5596849,44.1752493
KIR,Kiribati,2018,43.3328536,61.8794178,44.1811604
KIR,Kiribati,2019,46.0218663,67.0075241,46.8991928
KIR,Kiribati,2020,46.3405363,76.913628,46.1996341
KIR,Kiribati,2021,46.3805287,75.3726952,46.1870422
KIR,Kiribati,2022,46.3745069,70.2521289,46.444886
KIR,Kiribati,2023,43.4079036,69.6085536,45.4038713
KIR,Kiribati,2024,42.8957403,70.4924953,46.9544291
KNA,St. Kitts and Nevis,1996,,72.5207113,
KNA,St. Kitts and Nevis,1998,,72.1425904,
KNA,St. Kitts and Nevis,2000,,71.8939267,
KNA,St. Kitts and Nevis,2002,,72.2064542,
KNA,St. Kitts and Nevis,2003,,72.0734774,
KNA,St. Kitts and Nevis,2004,55.6237959,69.4125116,55.78448
KNA,St. Kitts and Nevis,2005,70.3462712,72.8368891,72.6440467
KNA,St. Kitts and Nevis,2006,70.3020438,72.8122399,72.6009165
KNA,St. Kitts and Nevis,2007,70.3689254,72.8608309,70.6537123
KNA,St. Kitts and Nevis,2008,70.4210937,72.8159144,70.6204094
KNA,St. Kitts and Nevis,2009,70.6032472,72.7616921,70.5757952
KNA,St. Kitts and Nevis,2010,76.0244169,73.4507846,75.1502389
KNA,St. Kitts and Nevis,2011,75.9980761,73.5948089,75.1671664
KNA,St. Kitts and Nevis,2012,76.0047104,73.5399377,74.9822008
KNA,St. Kitts and Nevis,2013,76.0121205,74.5675441,74.9547853
KNA,St. Kitts and Nevis,2014,59.5799423,59.7466158,57.1544045
KNA,St. Kitts and Nevis,2015,66.2174152,70.7916035,63.6710041
KNA,St. Kitts and Nevis,2016,66.236622,70.8281574,63.6918334
KNA,St. Kitts and Nevis,2017,66.2428596,71.6330865,62.5606173
KNA,St. Kitts and Nevis,2018,66.2771005,69.7384789,62.5007726
KNA,St. Kitts and Nevis,2019,66.3104743,67.8629752,62.401941
KNA,St. Kitts and Nevis,2020,66.2151577,67.8711572,62.3601136
KNA,St. Kitts and Nevis,2021,59.5789973,67.1177655,62.5899363
KNA,St. Kitts and Nevis,2022,64.7851045,66.8022279,63.2881529
KNA,St. Kitts and Nevis,2023,64.8078696,66.6592259,62.6831675
KNA,St. Kitts and Nevis,2024,64.7837862,67.1267598,62.4326905
KOR,"Korea, Rep.",1996,64.8696413,70.4775289,58.1774635
KOR,"Korea, Rep.",1998,57.4999882,68.7931191,56.7105147
KOR,"Korea, Rep.",2000,64.152293,70.9205599,62.1256194
KOR,"Korea, Rep.",2002,71.1569896,70.6160871,65.7323667
KOR,"Korea, Rep.",2003,70.0326022,70.4690319,64.1658593
KOR,"Korea, Rep.",2004,68.1376522,72.0320839,67.5726359
KOR,"Korea, Rep.",2005,71.1935093,72.7234499,68.6734811
KOR,"Korea, Rep.",2006,69.3855966,71.4799284,67.2510062
KOR,"Korea, Rep.",2007,73.6257171,74.6619086,70.3475591
KOR,"Korea, Rep.",2008,69.5969492,72.3526161,65.6543801
KOR,"Korea, Rep.",2009,71.281196,72.9196588,66.7142164
KOR,"Korea, Rep.",2010,76.0784285,72.4554569,67.51989
KOR,"Korea, Rep.",2011,77.0671142,72.6297944,69.5499605
KOR,"Korea, Rep.",2012,77.2653285,74.5012278,69.5122447
KOR,"Korea, Rep.",2013,75.1378455,74.0544465,70.9195396
KOR,"Korea, Rep.",2014,74.408685,75.3908353,70.5357957
KOR,"Korea, Rep.",2015,74.6415719,74.357169,70.5731613
KOR,"Korea, Rep.",2016,74.4078722,74.6586661,70.2540535
KOR,"Korea, Rep.",2017,74.3374479,74.3794466,69.9923819
KOR,"Korea, Rep.",2018,78.2996628,76.0698578,69.9547702
KOR,"Korea, Rep.",2019,82.9882538,76.0778177,69.246572
KOR,"Korea, Rep.",2020,82.2854536,76.7221314,69.1882871
KOR,"Korea, Rep.",2021,82.9600367,77.0695225,70.4449476
KOR,"Korea, Rep.",2022,80.2050057,77.0360701,70.9067427
KOR,"Korea, Rep.",2023,80.420774,77.3500467,70.6287777
KOR,"Korea, Rep.",2024,80.2483639,76.19689,70.8498709
KWT,Kuwait,1996,51.2867936,70.5085098,53.0305912
KWT,Kuwait,1998,45.3679406,68.5828903,46.9176501
KWT,Kuwait,2000,45.3962005,68.5538524,48.2616906
KWT,Kuwait,2002,50.7142158,67.2653043,57.2104325
KWT,Kuwait,2003,54.4104326,65.2349955,58.0394462
KWT,Kuwait,2004,53.8217338,65.6078705,59.7492953
KWT,Kuwait,2005,53.1057564,65.3105229,61.3387154
KWT,Kuwait,2006,50.6809704,62.8735235,59.3721943
KWT,Kuwait,2007,49.7692539,64.247256,59.9967725
KWT,Kuwait,2008,49.4146533,63.7226651,60.7490772
KWT,Kuwait,2009,53.4075431,62.4327384,60.9049682
KWT,Kuwait,2010,53.848201,62.7839091,61.9364018
KWT,Kuwait,2011,51.9908868,62.2490142,59.3690826
KWT,Kuwait,2012,51.8888854,62.5974414,57.2397468
KWT,Kuwait,2013,51.6614604,61.9901101,56.7460541
KWT,Kuwait,2014,54.0802401,57.2360337,53.8367206
KWT,Kuwait,2015,55.9637415,56.9659255,54.4608698
KWT,Kuwait,2016,51.2857028,55.7792612,54.0923611
KWT,Kuwait,2017,51.1983719,56.0331346,54.3801596
KWT,Kuwait,2018,53.8322783,56.6589588,55.1557034
KWT,Kuwait,2019,49.1573876,58.1044823,56.5339237
KWT,Kuwait,2020,49.1596372,59.4927045,57.0016031
KWT,Kuwait,2021,51.9172115,59.0213653,57.4519876
KWT,Kuwait,2022,57.8274003,60.8141699,58.7492469
KWT,Kuwait,2023,57.3510373,60.2529478,59.9489567
KWT,Kuwait,2024,57.7161007,60.9374037,61.2267699
LAO,Lao PDR,1996,35.9853648,35.9087504,32.9296349
LAO,Lao PDR,1998,35.8078895,35.8322919,33.2819353
LAO,Lao PDR,2000,35.8692743,34.13084,31.3522626
LAO,Lao PDR,2002,28.9745239,30.5066394,33.0711534
LAO,Lao PDR,2003,21.5735097,29.1259279,31.9331272
LAO,Lao PDR,2004,31.6481953,32.7017269,34.1123085
LAO,Lao PDR,2005,25.8630044,36.943525,35.5215417
LAO,Lao PDR,2006,33.4094813,38.054099,36.1490093
LAO,Lao PDR,2007,34.3579606,38.9045091,36.3136992
LAO,Lao PDR,2008,34.3185476,39.3087662,38.7087787
LAO,Lao PDR,2009,34.076242,39.2317001,38.7499389
LAO,Lao PDR,2010,34.6136495,40.6756953,39.9046119
LAO,Lao PDR,2011,34.9637488,40.4811283,40.2369962
LAO,Lao PDR,2012,35.0534401,41.5181369,41.499112
LAO,Lao PDR,2013,37.6172139,42.2727987,42.1066886
LAO,Lao PDR,2014,45.970466,43.5441826,43.1023069
LAO,Lao PDR,2015,44.4577174,43.6883842,43.8329116
LAO,Lao PDR,2016,46.2407632,44.0281854,44.3694664
LAO,Lao PDR,2017,46.802184,42.8142112,44.0489139
LAO,Lao PDR,2018,38.7184124,42.1980216,42.3607158
LAO,Lao PDR,2019,36.6184038,40.7135795,43.4969157
LAO,Lao PDR,2020,36.4473703,41.9018788,42.6288804
LAO,Lao PDR,2021,36.8903673,43.9264409,43.1593285
LAO,Lao PDR,2022,37.5273689,42.5113063,41.9482001
LAO,Lao PDR,2023,36.6901055,42.4266073,42.7186671
LAO,Lao PDR,2024,40.025976,44.1871968,44.8317236
LBN,Lebanon,1996,46.0268926,52.9708101,47.7326682
LBN,Lebanon,1998,51.2050898,50.5630688,45.5198811
LBN,Lebanon,2000,51.2333497,54.5079582,46.86392
LBN,Lebanon,2002,45.7469551,49.967606,48.1535191
LBN,Lebanon,2003,45.6647166,48.1728395,49.4105392
LBN,Lebanon,2004,48.2847886,52.2572681,50.942247
LBN,Lebanon,2005,48.1343929,50.9688748,51.1064953
LBN,Lebanon,2006,47.3714077,48.5636274,51.1879105
LBN,Lebanon,2007,46.1490418,46.7277978,50.741983
LBN,Lebanon,2008,45.5161487,48.3805554,51.6372193
LBN,Lebanon,2009,45.0903616,45.8678719,52.7390975
LBN,Lebanon,2010,46.604833,45.7097796,55.053645
LBN,Lebanon,2011,46.2950042,48.7154568,50.4381545
LBN,Lebanon,2012,46.2831045,48.0219687,49.1526166
LBN,Lebanon,2013,45.0070557,46.3513378,50.3070136
LBN,Lebanon,2014,46.1564695,45.0070958,47.8945903
LBN,Lebanon,2015,45.8438018,43.0507104,49.1455683
LBN,Lebanon,2016,46.5587818,42.3086727,48.306893
LBN,Lebanon,2017,47.0247091,42.8291536,49.2262754
LBN,Lebanon,2018,41.624502,43.6825773,47.442952
LBN,Lebanon,2019,39.2409451,42.1558502,46.0123721
LBN,Lebanon,2020,32.8837928,41.1579805,43.5775187
LBN,Lebanon,2021,30.7937803,39.7051648,41.902832
LBN,Lebanon,2022,31.0782366,39.1975541,39.9852449
LBN,Lebanon,2023,28.6719925,38.6094179,40.4704085
LBN,Lebanon,2024,29.3664046,38.2850305,39.7399015
LBR,Liberia,1996,11.9037321,19.8472832,16.9007995
LBR,Liberia,1998,11.7878244,23.9491566,19.9442483
LBR,Liberia,2000,11.827914,23.8986312,20.0358409
LBR,Liberia,2002,19.275874,24.42316,22.7272606
LBR,Liberia,2003,19.1458129,26.0739746,21.6185581
LBR,Liberia,2004,19.0424874,30.9826169,26.606486
LBR,Liberia,2005,19.0301054,35.5469126,28.5645962
LBR,Liberia,2006,25.926703,42.6810968,33.9033798
LBR,Liberia,2007,25.5469088,40.459966,33.9224506
LBR,Liberia,2008,27.7054322,41.357413,35.3162325
LBR,Liberia,2009,29.8616126,40.5434397,37.093219
LBR,Liberia,2010,31.4440409,41.5722938,38.1813082
LBR,Liberia,2011,31.938409,41.5245427,36.2952261
LBR,Liberia,2012,34.1994413,42.6182364,38.151005
LBR,Liberia,2013,29.5010874,42.3555804,38.2649236
LBR,Liberia,2014,29.6599879,43.6556632,41.8272159
LBR,Liberia,2015,27.955667,43.3253106,42.4035793
LBR,Liberia,2016,28.8306674,43.0545295,41.2178445
LBR,Liberia,2017,28.8259308,43.3378435,41.2966227
LBR,Liberia,2018,28.051983,42.6621031,41.2373742
LBR,Liberia,2019,26.3310919,41.9799431,40.113916
LBR,Liberia,2020,24.5966387,42.243389,39.7193435
LBR,Liberia,2021,25.5339571,42.4569635,39.9473682
LBR,Liberia,2022,25.4488817,42.1850809,39.6123296
LBR,Liberia,2023,27.7099257,41.4794541,40.5889165
LBR,Liberia,2024,27.1075325,42.0257511,41.5860693
LBY,Libya,1996,30.3691579,35.1803969,27.6394825
LBY,Libya,1998,25.0275512,35.1430944,26.5010209
LBY,Libya,2000,25.0558111,36.6081315,30.6708899
LBY,Libya,2002,22.9618243,33.2114838,28.1932928
LBY,Libya,2003,22.864299,35.8845298,28.1936098
LBY,Libya,2004,27.4925085,37.5221558,33.0821587
LBY,Libya,2005,25.1598153,36.8386396,33.5132658
LBY,Libya,2006,25.5038694,37.3178423,34.696452
LBY,Libya,2007,23.7545123,38.5510305,36.8274895
LBY,Libya,2008,26.0345259,39.5108388,39.4766229
LBY,Libya,2009,26.1990223,36.6684997,36.6101057
LBY,Libya,2010,26.4111877,36.4181201,35.1597674
LBY,Libya,2011,26.4027567,36.4769205,32.0070084
LBY,Libya,2012,24.1596226,39.1000916,33.6144442
LBY,Libya,2013,24.6470959,32.9585588,30.0227807
LBY,Libya,2014,20.8851563,29.5074101,24.1701832
LBY,Libya,2015,19.2556541,26.7675143,22.9864024
LBY,Libya,2016,18.9329553,27.7742303,21.6812779
LBY,Libya,2017,21.616129,29.260199,23.6671553
LBY,Libya,2018,21.172047,29.9700424,22.3305226
LBY,Libya,2019,21.1293557,29.0596443,22.6625726
LBY,Libya,2020,19.5931557,28.8515893,23.4844244
LBY,Libya,2021,22.9726916,30.0679248,24.8684407
LBY,Libya,2022,20.9355533,26.9631879,24.8486681
LBY,Libya,2023,23.190418,28.2491183,26.1306575
LBY,Libya,2024,23.7399254,27.7407193,27.4345991
LCA,St. Lucia,1996,,72.5207113,
LCA,St. Lucia,1998,,72.1425904,
LCA,St. Lucia,2000,,71.8939267,
LCA,St. Lucia,2002,,72.2064542,
LCA,St. Lucia,2003,,72.0734774,
LCA,St. Lucia,2004,54.3711907,68.6556795,56.6015689
LCA,St. Lucia,2005,67.1748504,72.0202085,65.0076525
LCA,St. Lucia,2006,65.9666184,72.0041217,64.9836311
LCA,St. Lucia,2007,67.1925406,72.0358341,65.2166018
LCA,St. Lucia,2008,67.2332738,72.9986456,62.3276765
LCA,St. Lucia,2009,68.5492043,72.9728743,64.4922709
LCA,St. Lucia,2010,72.0800264,73.2963873,65.3906583
LCA,St. Lucia,2011,72.0607087,72.1969143,66.2016342
LCA,St. Lucia,2012,67.4873897,71.3462615,63.8654973
LCA,St. Lucia,2013,67.491856,71.2911442,63.855943
LCA,St. Lucia,2014,56.4126106,68.7951224,61.5571401
LCA,St. Lucia,2015,54.0319062,70.7282234,59.9269903
LCA,St. Lucia,2016,55.2171825,70.6543499,59.9376502
LCA,St. Lucia,2017,55.220943,69.6235768,59.4324648
LCA,St. Lucia,2018,55.2415828,68.4277031,59.5005216
LCA,St. Lucia,2019,57.1924772,68.4412101,60.3250058
LCA,St. Lucia,2020,53.6423161,67.1996523,59.3500292
LCA,St. Lucia,2021,48.7756878,67.7258334,58.0111523
LCA,St. Lucia,2022,54.8914077,66.1178822,58.0212097
LCA,St. Lucia,2023,58.8922909,65.7777797,58.2468924
LCA,St. Lucia,2024,56.5559402,65.6263169,57.7308058
LIE,Liechtenstein,1996,76.1417363,80.5407252,80.0155046
LIE,Liechtenstein,1998,75.964261,80.3859545,80.5026601
LIE,Liechtenstein,2000,76.0256458,80.2841704,80.6352741
LIE,Liechtenstein,2002,76.0305301,80.4120941,83.6355014
LIE,Liechtenstein,2003,75.7806317,76.9965526,83.6367962
LIE,Liechtenstein,2004,77.6692702,68.1994599,75.4130839
LIE,Liechtenstein,2005,75.6467849,75.7785236,83.6143235
LIE,Liechtenstein,2006,85.6285923,78.2797327,80.7536449
LIE,Liechtenstein,2007,85.7152232,83.2281455,80.857648
LIE,Liechtenstein,2008,85.7827951,83.1806405,80.8115229
LIE,Liechtenstein,2009,84.6480751,85.8186696,81.8684399
LIE,Liechtenstein,2010,84.6753609,85.8112363,81.8695313
LIE,Liechtenstein,2011,84.6593079,85.3696183,81.8772829
LIE,Liechtenstein,2012,84.6633523,84.3257564,82.3360105
LIE,Liechtenstein,2013,84.6678672,84.2719282,82.7145151
LIE,Liechtenstein,2014,84.850464,85.4082838,79.4171605
LIE,Liechtenstein,2015,84.8167947,85.4322583,79.4851732
LIE,Liechtenstein,2016,84.8284981,84.9313839,79.5010755
LIE,Liechtenstein,2017,84.8322994,84.9217132,80.9728188
LIE,Liechtenstein,2018,84.8531648,85.0525747,80.9797361
LIE,Liechtenstein,2019,84.8735032,85.0512512,80.9984931
LIE,Liechtenstein,2020,84.8154181,85.0993483,80.9665559
LIE,Liechtenstein,2021,80.7714353,85.0589066,79.498795
LIE,Liechtenstein,2022,80.8446109,86.7040863,79.0753718
LIE,Liechtenstein,2023,84.2785979,86.6979421,79.0790197
LIE,Liechtenstein,2024,84.262401,86.696949,79.0872808
LKA,Sri Lanka,1996,45.4496463,59.0367121,50.439443
LKA,Sri Lanka,1998,39.5307932,55.6215251,53.4268624
LKA,Sri Lanka,2000,41.8152575,58.5166029,52.4083188
LKA,Sri Lanka,2002,49.1211731,61.0703237,56.5105615
LKA,Sri Lanka,2003,43.7740306,59.8295369,54.8933632
LKA,Sri Lanka,2004,42.3733184,59.6001802,54.0492074
LKA,Sri Lanka,2005,44.4181741,58.6139536,51.8417258
LKA,Sri Lanka,2006,45.7225878,58.1159171,52.0087215
LKA,Sri Lanka,2007,47.0295098,57.2158094,53.0160942
LKA,Sri Lanka,2008,46.9117938,53.7741609,51.9288818
LKA,Sri Lanka,2009,49.4814008,54.3482842,52.53646
LKA,Sri Lanka,2010,47.7331656,52.9963387,53.6739375
LKA,Sri Lanka,2011,48.1592055,52.0342277,55.1947692
LKA,Sri Lanka,2012,47.9577187,54.4925787,54.9761742
LKA,Sri Lanka,2013,48.5462523,50.8354953,53.6578916
LKA,Sri Lanka,2014,54.0569792,50.759992,54.7627017
LKA,Sri Lanka,2015,53.0872671,55.0627005,55.3461181
LKA,Sri Lanka,2016,50.6200095,55.128929,54.1602129
LKA,Sri Lanka,2017,49.9814465,55.042965,53.0174742
LKA,Sri Lanka,2018,49.4433819,55.9734754,51.869403
LKA,Sri Lanka,2019,49.9535152,55.6205441,51.9292761
LKA,Sri Lanka,2020,49.1348325,53.678349,53.092032
LKA,Sri Lanka,2021,46.7645248,52.9797493,52.2929256
LKA,Sri Lanka,2022,41.5449098,51.2865827,47.6567352
LKA,Sri Lanka,2023,45.8075951,51.5342172,48.8697814
LKA,Sri Lanka,2024,46.002677,52.5287187,50.1437699
LSO,Lesotho,1996,56.0635515,58.6724958,45.6501531
LSO,Lesotho,1998,55.8860743,58.5036622,46.0024519
LSO,Lesotho,2000,55.947461,60.158091,48.9881459
LSO,Lesotho,2002,56.5645287,60.3447325,49.1322635
LSO,Lesotho,2003,56.323662,60.3455345,46.2434077
LSO,Lesotho,2004,43.4494322,52.8363239,43.3044681
LSO,Lesotho,2005,46.535482,55.9825403,44.9170848
LSO,Lesotho,2006,42.0259102,54.5104761,44.739139
LSO,Lesotho,2007,41.2288045,53.7773071,44.0147656
LSO,Lesotho,2008,41.9305761,53.8528569,46.5161082
LSO,Lesotho,2009,44.85841,53.883368,46.5350055
LSO,Lesotho,2010,44.4932591,52.5213612,45.7217616
LSO,Lesotho,2011,44.0414812,52.60247,45.4394926
LSO,Lesotho,2012,42.7256752,53.5318101,46.7516275
LSO,Lesotho,2013,42.547078,53.5484632,48.6655525
LSO,Lesotho,2014,41.6414591,54.3833527,47.8737546
LSO,Lesotho,2015,40.2583593,54.7299814,48.0087233
LSO,Lesotho,2016,39.2668932,53.7445844,47.8989132
LSO,Lesotho,2017,39.031953,52.6675317,48.2880273
LSO,Lesotho,2018,39.0551361,51.1611184,46.7109104
LSO,Lesotho,2019,38.2270795,51.0859937,46.1748162
LSO,Lesotho,2020,37.5628193,50.6100626,43.6446308
LSO,Lesotho,2021,37.4651208,50.0504256,44.5698376
LSO,Lesotho,2022,36.7977885,48.961057,45.7363817
LSO,Lesotho,2023,36.7512861,49.3532166,45.9612585
LSO,Lesotho,2024,38.7584729,49.9670708,47.215987
LTU,Lithuania,1996,50.9406025,63.9396611,64.5128069
LTU,Lithuania,1998,49.9896111,64.170319,63.6270902
LTU,Lithuania,2000,49.9965642,59.8862944,60.6642743
LTU,Lithuania,2002,61.6884363,61.2326206,69.6264582
LTU,Lithuania,2003,65.8862407,63.4252642,73.4104257
LTU,Lithuania,2004,62.809071,63.187846,71.2523118
LTU,Lithuania,2005,64.0806321,65.8780872,71.8561002
LTU,Lithuania,2006,62.0345145,67.1292244,72.5408511
LTU,Lithuania,2007,60.3695406,67.407179,71.8637383
LTU,Lithuania,2008,57.0876642,65.8358383,70.8532097
LTU,Lithuania,2009,61.7728797,66.0745663,69.7595784
LTU,Lithuania,2010,62.5650427,67.2609844,69.6708973
LTU,Lithuania,2011,62.6075784,66.3733338,69.2748438
LTU,Lithuania,2012,65.0568113,67.0314142,70.6802729
LTU,Lithuania,2013,65.1204866,67.0668425,70.8791332
LTU,Lithuania,2014,66.7899366,69.7114959,70.7978978
LTU,Lithuania,2015,68.4405239,71.5790173,73.6232894
LTU,Lithuania,2016,67.7749803,72.487276,71.8786754
LTU,Lithuania,2017,66.0837298,71.7506562,71.8329698
LTU,Lithuania,2018,68.0850852,69.856873,71.6369926
LTU,Lithuania,2019,67.8873629,75.1713472,70.2497084
LTU,Lithuania,2020,69.9897592,76.586258,68.9997445
LTU,Lithuania,2021,70.3703584,77.8021959,73.3293086
LTU,Lithuania,2022,69.679071,78.1051508,73.5563003
LTU,Lithuania,2023,69.7124583,79.8357352,73.9915679
LTU,Lithuania,2024,74.7023169,80.616275,75.2330168
LUX,Luxembourg,1996,86.6218784,86.3222066,76.2166409
LUX,Luxembourg,1998,87.1449284,86.3496267,75.5825651
LUX,Luxembourg,2000,89.7701997,89.3010954,84.8645619
LUX,Luxembourg,2002,94.4504375,88.0796242,90.503504
LUX,Luxembourg,2003,90.7774719,87.0604408,87.9821475
LUX,Luxembourg,2004,88.5276762,85.9065406,85.3398762
LUX,Luxembourg,2005,85.2171257,83.7581009,84.5985453
LUX,Luxembourg,2006,87.2127822,85.1883724,82.522692
LUX,Luxembourg,2007,86.5902799,86.5992903,82.9252512
LUX,Luxembourg,2008,86.9453938,86.1949507,81.6350055
LUX,Luxembourg,2009,88.3429036,86.1754131,81.7570668
LUX,Luxembourg,2010,87.3191993,86.8832549,82.0021453
LUX,Luxembourg,2011,89.2339083,87.2281729,83.8666016
LUX,Luxembourg,2012,88.3510448,87.5697089,82.4953744
LUX,Luxembourg,2013,87.024776,87.3277781,82.855264
LUX,Luxembourg,2014,86.9661503,87.0968449,79.8651414
LUX,Luxembourg,2015,88.275779,88.1868624,81.2300601
LUX,Luxembourg,2016,88.1416813,87.9331491,81.9918812
LUX,Luxembourg,2017,89.1473708,87.9275418,80.7165679
LUX,Luxembourg,2018,89.1039445,89.0013555,82.2170892
LUX,Luxembourg,2019,89.8818589,88.6868729,82.2048932
LUX,Luxembourg,2020,89.8868696,87.8896077,83.2642169
LUX,Luxembourg,2021,89.2797243,86.7966523,84.1266802
LUX,Luxembourg,2022,89.5582268,87.0446706,84.3104046
LUX,Luxembourg,2023,93.0595368,86.7160753,83.8412822
LUX,Luxembourg,2024,91.0007125,87.2859802,83.8609523
LVA,Latvia,1996,43.2139981,58.047675,63.8814564
LVA,Latvia,1998,49.9896111,59.9805901,62.705943
LVA,Latvia,2000,50.7053746,59.5421457,61.8270033
LVA,Latvia,2002,58.1569375,60.7387182,68.5902948
LVA,Latvia,2003,59.9126586,64.5803846,72.0626506
LVA,Latvia,2004,59.4994343,63.0098271,69.4643248
LVA,Latvia,2005,59.1580498,65.6857816,70.1817368
LVA,Latvia,2006,59.6438178,66.7540397,71.5337655
LVA,Latvia,2007,57.3152623,68.1201547,71.083176
LVA,Latvia,2008,57.9579416,68.1081451,70.894523
LVA,Latvia,2009,59.6535379,66.8111362,70.5513905
LVA,Latvia,2010,62.2370357,67.969148,70.6324824
LVA,Latvia,2011,62.4202431,66.4800401,71.0675481
LVA,Latvia,2012,63.1971542,66.8158571,69.5293835
LVA,Latvia,2013,65.060776,66.6760528,69.841656
LVA,Latvia,2014,68.3450712,68.571607,70.9172906
LVA,Latvia,2015,66.1498453,68.3681902,70.727338
LVA,Latvia,2016,64.7237353,68.0757804,70.4109065
LVA,Latvia,2017,64.3896637,67.8476422,70.5790204
LVA,Latvia,2018,66.8588792,67.5535044,70.9122043
LVA,Latvia,2019,67.4626841,71.2277193,70.6816435
LVA,Latvia,2020,66.8280255,72.8492154,70.3285876
LVA,Latvia,2021,68.4428785,73.899724,72.2555429
LVA,Latvia,2022,65.4871192,74.3265529,69.9885637
LVA,Latvia,2023,63.7345266,75.4267729,70.594866
LVA,Latvia,2024,65.7908892,75.748188,72.2084716
MAC,"Macao SAR, China",1996,56.0635515,57.6846823,60.4089208
MAC,"Macao SAR, China",1998,55.8860743,57.4824944,60.8960763
MAC,"Macao SAR, China",2000,55.947461,57.3495297,63.8296268
MAC,"Macao SAR, China",2002,65.9914368,66.2982779,66.8298541
MAC,"Macao SAR, China",2003,75.7806317,75.0088076,75.2339726
MAC,"Macao SAR, China",2004,76.8580307,73.7986714,71.1126464
MAC,"Macao SAR, China",2005,75.6467849,70.5375288,75.2114999
MAC,"Macao SAR, China",2006,65.5504056,66.1014218,75.1517656
MAC,"Macao SAR, China",2007,65.6370384,61.7998854,72.4548243
MAC,"Macao SAR, China",2008,65.7046083,64.8262791,73.1253415
MAC,"Macao SAR, China",2009,72.4127136,69.2543866,77.0868448
MAC,"Macao SAR, China",2010,72.4399994,69.2474988,77.4769604
MAC,"Macao SAR, China",2011,72.4239464,69.3060703,77.483556
MAC,"Macao SAR, China",2012,64.7013844,67.3938424,77.4114963
MAC,"Macao SAR, China",2013,64.7059012,67.3439623,77.4008159
MAC,"Macao SAR, China",2014,77.1238596,71.5631645,81.7417638
MAC,"Macao SAR, China",2015,77.0901903,72.5303355,81.8097749
MAC,"Macao SAR, China",2016,73.0234405,72.5339979,80.3707621
MAC,"Macao SAR, China",2017,77.105695,72.5250363,80.3875887
MAC,"Macao SAR, China",2018,73.0481072,73.4788294,78.939594
MAC,"Macao SAR, China",2019,73.0684456,72.5641029,78.9583526
MAC,"Macao SAR, China",2020,73.0103605,71.712865,77.4714987
MAC,"Macao SAR, China",2021,73.0448309,70.4137959,77.4586529
MAC,"Macao SAR, China",2022,73.0396413,70.3856048,77.4244163
MAC,"Macao SAR, China",2023,73.057907,70.377934,77.4280642
MAC,"Macao SAR, China",2024,73.0385835,71.6299128,76.4915715
MAR,Morocco,1996,51.2867936,64.4739623,49.1393891
MAR,Morocco,1998,51.2050898,61.3078486,54.501191
MAR,Morocco,2000,51.2333497,60.6512017,54.5451791
MAR,Morocco,2002,46.1375329,54.2440441,51.0927457
MAR,Morocco,2003,45.5378132,51.062785,51.0983225
MAR,Morocco,2004,44.0065714,53.3176815,49.9127501
MAR,Morocco,2005,41.584352,49.4272932,47.0424257
MAR,Morocco,2006,45.0071082,50.4544882,52.5381775
MAR,Morocco,2007,45.9655136,50.3650373,53.5081514
MAR,Morocco,2008,45.4284873,48.9237683,54.210508
MAR,Morocco,2009,45.9436313,49.8394913,55.324833
MAR,Morocco,2010,49.0676398,50.3406222,55.2356472
MAR,Morocco,2011,48.1264617,50.3907776,53.6693701
MAR,Morocco,2012,47.4286781,51.2553986,54.7754734
MAR,Morocco,2013,47.0830645,49.5062576,55.1742285
MAR,Morocco,2014,46.0979352,50.5538404,55.6529669
MAR,Morocco,2015,46.7442758,50.6179176,55.7858174
MAR,Morocco,2016,48.6246078,51.9129404,55.0823048
MAR,Morocco,2017,46.224121,50.5729013,54.9333658
MAR,Morocco,2018,45.1923591,51.3742901,53.0365229
MAR,Morocco,2019,48.7485362,51.4596208,55.2917619
MAR,Morocco,2020,50.2181269,51.5491406,55.88522
MAR,Morocco,2021,48.9260271,49.3094859,53.6781453
MAR,Morocco,2022,49.0068481,49.2337674,53.5824427
MAR,Morocco,2023,50.9743068,50.1940163,54.1161129
MAR,Morocco,2024,54.7695462,50.6345517,54.4419236
MCO,Monaco,1996,,72.5207113,
MCO,Monaco,1998,,72.1425904,
MCO,Monaco,2000,,71.8939267,
MCO,Monaco,2002,,72.2064542,
MCO,Monaco,2003,,72.0734774,
MCO,Monaco,2004,,71.9668881,
MCO,Monaco,2005,,78.8199457,
MCO,Monaco,2006,,78.7730483,
MCO,Monaco,2007,,78.865499,
MCO,Monaco,2008,,78.7800375,
MCO,Monaco,2009,,78.6768714,
MCO,Monaco,2010,,78.6464016,
MCO,Monaco,2011,,78.9055053,
MCO,Monaco,2012,,78.8067899,
MCO,Monaco,2013,,78.5861418,
MCO,Monaco,2014,,78.6975501,
MCO,Monaco,2015,86.2956019,84.5664361,76.0019256
MCO,Monaco,2016,86.3148087,84.5754407,76.0427468
MCO,Monaco,2017,86.3210444,84.5534058,76.0859384
MCO,Monaco,2018,86.3552853,83.4120367,76.103697
MCO,Monaco,2019,86.388661,83.4086617,76.1518456
MCO,Monaco,2020,86.2933425,80.7103866,76.0698658
MCO,Monaco,2021,86.3499091,80.6071706,76.0368909
MCO,Monaco,2022,85.1169463,80.1353099,75.9490094
MCO,Monaco,2023,85.1397113,80.1215774,75.9583728
MCO,Monaco,2024,85.1156279,80.1193607,72.2449856
MDA,Moldova,1996,37.0963164,55.6714689,51.2186048
MDA,Moldova,1998,39.5307932,57.9872361,48.4451816
MDA,Moldova,2000,38.325927,53.0223045,45.8281209
MDA,Moldova,2002,37.2204587,47.697423,45.4712452
MDA,Moldova,2003,37.123678,47.6863565,45.0290856
MDA,Moldova,2004,35.2711101,52.9450474,46.0096563
MDA,Moldova,2005,33.8112142,51.5490993,45.5874932
MDA,Moldova,2006,34.9557126,51.3662562,47.0282677
MDA,Moldova,2007,36.6284077,52.2548827,48.9680562
MDA,Moldova,2008,37.1967797,51.8965111,50.2423381
MDA,Moldova,2009,36.8304505,51.0901242,50.9627277
MDA,Moldova,2010,39.5938113,51.1988425,51.6917648
MDA,Moldova,2011,40.0762894,52.174908,51.7466241
MDA,Moldova,2012,40.4034039,50.7599593,50.3367064
MDA,Moldova,2013,41.5935899,49.6463768,51.2556188
MDA,Moldova,2014,42.3200321,50.6843819,52.71254
MDA,Moldova,2015,39.1125524,49.7479906,51.7200335
MDA,Moldova,2016,39.6467127,49.6620042,51.2102318
MDA,Moldova,2017,43.5127419,49.5089511,52.9342436
MDA,Moldova,2018,47.1483109,50.0202122,51.9299653
MDA,Moldova,2019,46.0297022,50.5150974,53.0763189
MDA,Moldova,2020,46.0479252,50.4624791,52.4677786
MDA,Moldova,2021,47.2544422,52.6286785,53.5023002
MDA,Moldova,2022,48.7390436,53.6120069,54.1757478
MDA,Moldova,2023,50.6857886,53.6281453,54.002893
MDA,Moldova,2024,56.349995,54.1880698,54.1256767
MDG,Madagascar,1996,32.4784433,51.6765187,35.3097221
MDG,Madagascar,1998,32.3625355,50.5900948,41.9986749
MDG,Madagascar,2000,32.4026252,52.0203507,46.43677
MDG,Madagascar,2002,41.4635074,51.2858461,49.4361693
MDG,Madagascar,2003,34.2666476,48.2468093,48.8369579
MDG,Madagascar,2004,38.2021347,51.0812986,46.260127
MDG,Madagascar,2005,40.3254587,51.9958461,47.685171
MDG,Madagascar,2006,39.9797498,51.6658343,48.1928089
MDG,Madagascar,2007,42.5569769,51.6835217,48.9467427
MDG,Madagascar,2008,41.2979513,50.9001783,48.0369967
MDG,Madagascar,2009,40.8610773,44.7311979,45.8604949
MDG,Madagascar,2010,38.5761288,42.3199526,43.1448046
MDG,Madagascar,2011,36.9150359,42.1501862,43.1472397
MDG,Madagascar,2012,33.6671671,42.7245659,42.9812439
MDG,Madagascar,2013,33.2273375,39.4195618,41.0577378
MDG,Madagascar,2014,32.0469688,41.2195329,40.7715701
MDG,Madagascar,2015,31.9055311,43.4140576,41.0146834
MDG,Madagascar,2016,35.093734,44.1577717,42.2488365
MDG,Madagascar,2017,35.3968099,43.3691101,42.3403233
MDG,Madagascar,2018,34.0798431,43.3272331,40.8233981
MDG,Madagascar,2019,34.4679496,42.5157673,41.4643155
MDG,Madagascar,2020,33.7064168,42.187005,41.1240676
MDG,Madagascar,2021,32.9487125,41.5929019,41.157451
MDG,Madagascar,2022,33.4865068,40.3232666,41.7518806
MDG,Madagascar,2023,32.7748557,40.5214048,41.4563036
MDG,Madagascar,2024,34.5565404,41.7727107,43.0564862
MDV,Maldives,1996,66.1026449,55.5934424,68.8117444
MDV,Maldives,1998,65.9251677,50.1277378,69.2988999
MDV,Maldives,2000,65.9865524,55.3831311,69.4315124
MDV,Maldives,2002,65.9914368,50.0265389,69.6307985
MDV,Maldives,2003,65.7415403,50.0279054,66.8311489
MDV,Maldives,2004,55.0028627,44.3065548,51.1984994
MDV,Maldives,2005,51.0200061,54.5837989,56.5740021
MDV,Maldives,2006,50.9865001,55.3271602,56.5512123
MDV,Maldives,2007,51.0371693,53.962983,55.2311097
MDV,Maldives,2008,48.9276331,53.0963088,50.5183837
MDV,Maldives,2009,48.2904487,54.5050152,50.4006406
MDV,Maldives,2010,51.2285024,53.4622978,52.1334087
MDV,Maldives,2011,49.4525575,48.6715919,50.9979816
MDV,Maldives,2012,50.5952398,47.8249268,50.8578841
MDV,Maldives,2013,49.4607726,43.6379809,50.5161852
MDV,Maldives,2014,47.9981584,47.3046903,50.7148893
MDV,Maldives,2015,46.8270354,45.7666403,50.0148811
MDV,Maldives,2016,50.0486178,46.2312381,51.2605521
MDV,Maldives,2017,45.3213157,45.2351755,51.2770443
MDV,Maldives,2018,45.3455235,46.1911096,51.283826
MDV,Maldives,2019,51.477378,48.6393597,51.3022107
MDV,Maldives,2020,49.4290244,51.6038913,49.3515888
MDV,Maldives,2021,54.2007347,54.6364034,50.7650566
MDV,Maldives,2022,47.038773,58.78831,49.30544
MDV,Maldives,2023,47.0560879,58.627075,49.3090154
MDV,Maldives,2024,47.0377697,57.7279913,51.1509754
MEX,Mexico,1996,43.2983677,45.1438142,57.5339106
MEX,Mexico,1998,52.07261,45.5701181,59.1037158
MEX,Mexico,2000,51.6959152,47.6124142,59.051697
MEX,Mexico,2002,45.2130767,52.0110328,63.4267474
MEX,Mexico,2003,46.0847346,52.8408279,63.0013843
MEX,Mexico,2004,46.6085662,53.8341781,60.9369984
MEX,Mexico,2005,48.807541,53.3740362,60.1097653
MEX,Mexico,2006,49.685491,53.3738383,60.9441586
MEX,Mexico,2007,48.2335983,51.9211602,60.5352041
MEX,Mexico,2008,51.4690774,47.648684,60.3029084
MEX,Mexico,2009,53.3610427,48.7299688,60.2519746
MEX,Mexico,2010,49.9711645,48.2053625,56.6929012
MEX,Mexico,2011,53.2634999,46.3288675,57.5867828
MEX,Mexico,2012,55.1941472,46.7263573,59.3810799
MEX,Mexico,2013,55.6731428,45.8198954,59.3770062
MEX,Mexico,2014,53.8959477,46.9289858,58.1486191
MEX,Mexico,2015,53.2847969,45.2102836,57.7420193
MEX,Mexico,2016,53.8304719,45.4749739,57.4026104
MEX,Mexico,2017,51.5346523,44.4008161,57.4505902
MEX,Mexico,2018,50.8168666,43.088259,54.8126908
MEX,Mexico,2019,51.171928,41.8879329,54.2041143
MEX,Mexico,2020,50.4408854,39.9835084,52.9751437
MEX,Mexico,2021,50.4510527,39.3268581,51.8459998
MEX,Mexico,2022,49.640729,38.3383975,52.3971353
MEX,Mexico,2023,49.8847981,38.4166425,52.086238
MEX,Mexico,2024,47.0640988,37.1058908,51.7749322
MHL,Marshall Islands,1996,,56.6096037,
MHL,Marshall Islands,1998,,56.2314828,
MHL,Marshall Islands,2000,,71.8939267,
MHL,Marshall Islands,2002,,72.2064542,
MHL,Marshall Islands,2003,,72.0734774,
MHL,Marshall Islands,2004,,71.9668881,
MHL,Marshall Islands,2005,39.4668224,77.7692719,45.4134177
MHL,Marshall Islands,2006,34.4075215,76.3558807,40.8916
MHL,Marshall Islands,2007,32.3852753,77.8125516,41.1881217
MHL,Marshall Islands,2008,32.6827008,77.731355,41.0566133
MHL,Marshall Islands,2009,32.5367831,72.4531094,37.5400675
MHL,Marshall Islands,2010,36.2885787,74.5095784,38.2012906
MHL,Marshall Islands,2011,27.3344306,67.7869108,38.2447945
MHL,Marshall Islands,2012,27.3419185,67.7413919,38.144135
MHL,Marshall Islands,2013,27.9665498,68.3039943,37.7139174
MHL,Marshall Islands,2014,28.3047183,68.3553665,37.6806744
MHL,Marshall Islands,2015,45.1816241,68.7863088,42.0173199
MHL,Marshall Islands,2016,45.1952038,68.7919642,42.3768641
MHL,Marshall Islands,2017,45.1996137,68.7781234,42.396181
MHL,Marshall Islands,2018,44.8377585,66.9616025,42.267789
MHL,Marshall Islands,2019,44.8613558,71.5566641,42.2893233
MHL,Marshall Islands,2020,47.1609864,70.4896779,40.7874298
MHL,Marshall Islands,2021,47.2009789,70.4364624,40.772682
MHL,Marshall Islands,2022,48.1121995,71.3572471,40.3920908
MHL,Marshall Islands,2023,48.1295144,71.3493869,40.3962797
MHL,Marshall Islands,2024,45.6833556,71.3481185,44.0188015
MKD,North Macedonia,1996,38.705241,49.2851689,45.7867699
MKD,North Macedonia,1998,30.8704851,48.987052,45.9574403
MKD,North Macedonia,2000,30.890246,46.2005204,46.6466845
MKD,North Macedonia,2002,39.1565367,46.2300385,49.9236261
MKD,North Macedonia,2003,36.8338552,44.6200529,50.573243
MKD,North Macedonia,2004,47.3549288,51.5543606,52.8824109
MKD,North Macedonia,2005,43.0753078,50.4777726,51.9247639
MKD,North Macedonia,2006,44.6618757,48.0578788,56.0005469
MKD,North Macedonia,2007,44.6860563,50.373517,56.8662575
MKD,North Macedonia,2008,45.8778911,51.620701,57.4036371
MKD,North Macedonia,2009,46.7777662,51.9360458,57.9597059
MKD,North Macedonia,2010,41.1732977,49.7944095,53.0986497
MKD,North Macedonia,2011,44.4563271,50.3036536,53.4840259
MKD,North Macedonia,2012,49.474154,53.6997987,58.1657248
MKD,North Macedonia,2013,49.7245968,53.5045036,57.1554486
MKD,North Macedonia,2014,54.0746013,53.6579164,59.2820953
MKD,North Macedonia,2015,49.9349423,52.1765912,59.1290211
MKD,North Macedonia,2016,48.971073,51.4670662,59.1857383
MKD,North Macedonia,2017,49.4017192,51.5553657,60.2667493
MKD,North Macedonia,2018,51.9896735,53.0621576,61.1530795
MKD,North Macedonia,2019,49.0421098,52.0384426,57.903711
MKD,North Macedonia,2020,49.5459238,53.9876356,59.6470523
MKD,North Macedonia,2021,49.8085522,54.9494919,58.3934483
MKD,North Macedonia,2022,51.5563966,53.8628993,58.3733697
MKD,North Macedonia,2023,51.7750718,52.2510326,58.0409902
MKD,North Macedonia,2024,50.7116064,53.0935121,59.0627717
MLI,Mali,1996,25.0165964,52.5775644,40.9390831
MLI,Mali,1998,24.9006887,52.4074573,47.6280359
MLI,Mali,2000,24.9407784,52.4040736,49.2305116
MLI,Mali,2002,35.5754654,51.4196989,46.6789276
MLI,Mali,2003,30.4245578,53.8883574,46.8716307
MLI,Mali,2004,31.8921847,50.7028679,47.1379359
MLI,Mali,2005,34.082258,52.841864,48.4700689
MLI,Mali,2006,33.514271,52.353204,48.3816717
MLI,Mali,2007,34.5407888,54.6394514,49.7077106
MLI,Mali,2008,35.1261024,50.623129,49.3185966
MLI,Mali,2009,35.6915559,51.6374779,48.6844798
MLI,Mali,2010,33.3657731,49.7615268,46.7005502
MLI,Mali,2011,35.3537589,49.0115153,47.4398056
MLI,Mali,2012,33.6446198,44.061316,46.5682579
MLI,Mali,2013,34.75555,42.8154642,44.914675
MLI,Mali,2014,30.9247572,44.8517382,44.6400283
MLI,Mali,2015,33.0954079,44.0189725,46.8026875
MLI,Mali,2016,33.2650453,43.9114228,46.0076297
MLI,Mali,2017,34.3855283,43.9786117,45.9465801
MLI,Mali,2018,32.304991,44.029953,45.1636568
MLI,Mali,2019,30.0408787,43.0466435,44.5173834
MLI,Mali,2020,29.5164054,42.6178956,43.35893
MLI,Mali,2021,28.3756073,41.7730257,44.300427
MLI,Mali,2022,27.8906754,39.3858925,43.6526916
MLI,Mali,2023,27.5043888,39.1233759,43.1271705
MLI,Mali,2024,26.3132851,38.1301841,42.8404382
MLT,Malta,1996,70.8023579,73.5977468,62.0513423
MLT,Malta,1998,66.9555257,78.706047,68.7402967
MLT,Malta,2000,66.9956154,80.6365079,69.7318554
MLT,Malta,2002,66.9988042,82.2884876,72.3985582
MLT,Malta,2003,65.1732752,82.5134659,74.2345108
MLT,Malta,2004,64.6752166,78.6903027,72.4840551
MLT,Malta,2005,67.3443361,83.1528435,72.8209263
MLT,Malta,2006,69.4564,82.922542,75.2568474
MLT,Malta,2007,71.1183174,83.8683906,75.6906719
MLT,Malta,2008,73.5107582,84.1672235,76.2761764
MLT,Malta,2009,70.5809955,81.0539363,75.6822358
MLT,Malta,2010,70.5465212,81.2235185,75.9553526
MLT,Malta,2011,70.556636,77.9703514,74.0436483
MLT,Malta,2012,72.1816272,78.5183402,74.3025314
MLT,Malta,2013,74.4396885,77.806595,73.9212873
MLT,Malta,2014,72.0387467,74.6806236,68.6348396
MLT,Malta,2015,70.9586197,75.7564164,70.5022862
MLT,Malta,2016,72.9304475,74.8938728,71.6693303
MLT,Malta,2017,71.0115775,76.1093925,74.6820596
MLT,Malta,2018,71.0561918,75.1838749,74.5172246
MLT,Malta,2019,70.662952,74.4951369,67.9086729
MLT,Malta,2020,72.2978247,73.2081911,72.0560912
MLT,Malta,2021,71.2261967,71.8802442,66.2346186
MLT,Malta,2022,69.0907066,71.668871,63.7587752
MLT,Malta,2023,66.1378522,70.6304873,63.200202
MLT,Malta,2024,63.4443032,69.4799896,62.6165553
MMR,Myanmar,1996,25.109255,31.0736081,25.9126539
MMR,Myanmar,1998,25.0275512,31.0363057,24.7741923
MMR,Myanmar,2000,25.0558111,32.5013427,22.5636132
MMR,Myanmar,2002,20.7904951,25.507276,20.5737346
MMR,Myanmar,2003,20.6929697,25.4954058,19.821501
MMR,Myanmar,2004,19.4227872,25.689379,16.9775558
MMR,Myanmar,2005,17.8237479,25.2179658,18.3810009
MMR,Myanmar,2006,20.4050874,28.4451018,21.3555508
MMR,Myanmar,2007,20.4345178,28.4549859,21.3787805
MMR,Myanmar,2008,20.0417175,27.8281497,21.368477
MMR,Myanmar,2009,18.9080126,27.7172732,20.9084042
MMR,Myanmar,2010,25.7402737,31.6544005,28.4452065
MMR,Myanmar,2011,25.8502082,33.2065375,29.7002283
MMR,Myanmar,2012,21.0906738,32.2639933,27.0559383
MMR,Myanmar,2013,21.2302838,35.198062,31.8617284
MMR,Myanmar,2014,26.0569487,35.421376,33.8613821
MMR,Myanmar,2015,26.8902786,35.4835153,37.3547328
MMR,Myanmar,2016,28.9339112,38.9785616,40.9491673
MMR,Myanmar,2017,27.0022334,38.1836405,41.5672335
MMR,Myanmar,2018,25.6752646,36.7673046,41.9833546
MMR,Myanmar,2019,25.7175242,36.5408084,41.4523781
MMR,Myanmar,2020,25.707738,36.945876,43.3709289
MMR,Myanmar,2021,21.3650756,30.0331488,36.9317165
MMR,Myanmar,2022,19.363269,28.416322,34.9853355
MMR,Myanmar,2023,20.5926852,27.289255,32.07131
MMR,Myanmar,2024,21.0407163,25.7857658,32.4717779
MNE,Montenegro,1998,,52.2697648,
MNE,Montenegro,2000,,60.5871521,
MNE,Montenegro,2002,,61.0060245,
MNE,Montenegro,2003,,59.6706202,
MNE,Montenegro,2004,,59.610412,
MNE,Montenegro,2005,,59.5856217,
MNE,Montenegro,2006,53.7516576,57.8637734,49.1556589
MNE,Montenegro,2007,44.8845758,56.488325,52.6063101
MNE,Montenegro,2008,46.0373379,56.1943679,54.2846479
MNE,Montenegro,2009,48.5767288,56.2897858,55.5320695
MNE,Montenegro,2010,44.7938695,55.1531238,54.1122899
MNE,Montenegro,2011,44.8981458,54.1751738,53.9991126
MNE,Montenegro,2012,49.5291436,55.6777886,55.2207511
MNE,Montenegro,2013,51.1741933,56.0360139,55.8367276
MNE,Montenegro,2014,57.41865,56.1494256,58.4871369
MNE,Montenegro,2015,57.4437911,56.742799,58.9818375
MNE,Montenegro,2016,56.1982403,56.3354957,59.130461
MNE,Montenegro,2017,56.9180812,55.5485397,60.2614201
MNE,Montenegro,2018,55.0439421,58.0838863,59.477049
MNE,Montenegro,2019,55.2321136,58.3152102,59.50513
MNE,Montenegro,2020,53.0983988,58.9170358,58.7502941
MNE,Montenegro,2021,50.8616715,57.2712537,58.3479115
MNE,Montenegro,2022,51.7162109,56.024827,58.9512661
MNE,Montenegro,2023,56.7205669,59.1616188,57.9733103
MNE,Montenegro,2024,58.4666107,60.0864445,56.8707823
MNG,Mongolia,1996,39.9402901,61.0461736,47.0173365
MNG,Mongolia,1998,39.8243824,61.0058799,49.4243944
MNG,Mongolia,2000,39.8644721,58.0145977,49.4968357
MNG,Mongolia,2002,42.751561,59.4611849,56.3308556
MNG,Mongolia,2003,42.3905089,59.469816,53.4416859
MNG,Mongolia,2004,43.1962263,59.2428068,49.2798888
MNG,Mongolia,2005,39.7588191,53.7575027,52.4871175
MNG,Mongolia,2006,40.2133095,53.1697847,52.1170459
MNG,Mongolia,2007,38.2836557,52.9451541,51.9790034
MNG,Mongolia,2008,37.9990439,51.0449874,50.7578333
MNG,Mongolia,2009,39.1572133,52.6301362,50.1869379
MNG,Mongolia,2010,40.8907936,51.4188349,50.4810954
MNG,Mongolia,2011,40.7519827,52.8966853,49.9876391
MNG,Mongolia,2012,40.7114186,52.9423143,48.8168919
MNG,Mongolia,2013,41.6177432,52.5608821,47.4393861
MNG,Mongolia,2014,45.4144662,52.7294265,49.980102
MNG,Mongolia,2015,44.866662,53.2572616,50.0615109
MNG,Mongolia,2016,44.3627936,54.4838426,54.4257295
MNG,Mongolia,2017,42.6445022,54.0495649,54.2972082
MNG,Mongolia,2018,45.5577939,53.8685513,55.278976
MNG,Mongolia,2019,44.7572467,53.4566149,53.8159244
MNG,Mongolia,2020,45.2804191,53.9661876,52.7452878
MNG,Mongolia,2021,44.4962243,53.9843518,52.8374907
MNG,Mongolia,2022,45.5327286,54.381821,51.7932697
MNG,Mongolia,2023,44.2647549,54.2531778,54.215834
MNG,Mongolia,2024,43.7724984,55.2475985,53.7469717
MOZ,Mozambique,1996,50.0713148,44.6676646,41.7789916
MOZ,Mozambique,1998,39.4698071,44.6078281,47.1662235
MOZ,Mozambique,2000,39.498067,44.7815926,51.1357986
MOZ,Mozambique,2002,35.9983942,45.593282,50.9459706
MOZ,Mozambique,2003,31.630826,43.8324928,49.2521784
MOZ,Mozambique,2004,35.8015216,45.8092591,46.5649649
MOZ,Mozambique,2005,36.8159511,47.2732859,45.6361086
MOZ,Mozambique,2006,38.3014431,48.4386054,46.1895136
MOZ,Mozambique,2007,39.7278798,47.4460814,46.9438401
MOZ,Mozambique,2008,40.0904174,46.9539361,48.1797864
MOZ,Mozambique,2009,42.6380857,47.035434,48.4845392
MOZ,Mozambique,2010,38.7396608,46.0138634,46.4542085
MOZ,Mozambique,2011,37.6799209,43.4740077,46.0307001
MOZ,Mozambique,2012,40.4963872,45.3356533,46.8947358
MOZ,Mozambique,2013,40.767919,40.7004288,46.0035354
MOZ,Mozambique,2014,40.2254309,41.395428,45.7141157
MOZ,Mozambique,2015,40.0610803,42.2878511,44.7627773
MOZ,Mozambique,2016,38.0728145,39.5488348,43.9067676
MOZ,Mozambique,2017,37.926121,39.9004736,44.1039167
MOZ,Mozambique,2018,37.9801015,40.0830551,43.3276142
MOZ,Mozambique,2019,38.7009555,40.346014,43.4251747
MOZ,Mozambique,2020,35.3508131,39.0544333,42.63799
MOZ,Mozambique,2021,35.4238973,38.9147048,41.9511351
MOZ,Mozambique,2022,36.3553301,38.5004121,42.4629934
MOZ,Mozambique,2023,36.2136298,38.0038145,43.002182
MOZ,Mozambique,2024,37.4225793,36.3987667,42.8211624
MRT,Mauritania,1996,46.0244582,47.3473969,44.785936
MRT,Mauritania,1998,45.8469829,47.2709384,45.1382348
MRT,Mauritania,2000,45.9083676,47.3130306,48.1239288
MRT,Mauritania,2002,45.913252,47.3762266,58.9629938
MRT,Mauritania,2003,45.6633535,45.7074045,56.9383566
MRT,Mauritania,2004,40.0786499,41.644293,48.5749898
MRT,Mauritania,2005,38.1680766,43.3341793,49.6075779
MRT,Mauritania,2006,34.781638,44.1685404,45.8412349
MRT,Mauritania,2007,36.42003,46.6398064,47.3598807
MRT,Mauritania,2008,33.1662774,38.4102935,44.1553063
MRT,Mauritania,2009,36.4988833,40.841906,44.6392303
MRT,Mauritania,2010,41.3195206,41.4838772,46.8567204
MRT,Mauritania,2011,41.5159207,40.5472845,47.2590556
MRT,Mauritania,2012,38.6936523,39.9386401,44.1563157
MRT,Mauritania,2013,35.186725,38.5510822,41.6326423
MRT,Mauritania,2014,34.8978977,39.9317334,41.7288433
MRT,Mauritania,2015,33.2308783,40.1977816,41.9011855
MRT,Mauritania,2016,33.9295544,41.2077177,44.0638415
MRT,Mauritania,2017,35.3834265,43.0773595,43.7032974
MRT,Mauritania,2018,35.117094,42.7837982,42.8482419
MRT,Mauritania,2019,35.3171652,43.5035102,42.853978
MRT,Mauritania,2020,33.8252956,44.8109041,41.0897774
MRT,Mauritania,2021,34.8463049,41.9211203,39.5660863
MRT,Mauritania,2022,34.2890452,42.357255,39.5934434
MRT,Mauritania,2023,35.4205374,42.2667439,41.2773469
MRT,Mauritania,2024,36.9276512,42.1030977,42.590242
MUS,Mauritius,1996,60.5412585,70.8260508,57.3111109
MUS,Mauritius,1998,60.3241233,74.0946714,59.1398781
MUS,Mauritius,2000,59.3953446,73.3783017,60.7412072
MUS,Mauritius,2002,62.5866547,73.4815625,59.0743778
MUS,Mauritius,2003,62.7796716,72.5051907,62.293697
MUS,Mauritius,2004,62.4553026,71.8590527,62.3680387
MUS,Mauritius,2005,63.1583711,73.1210103,62.1002763
MUS,Mauritius,2006,63.2096878,71.88011,63.9235882
MUS,Mauritius,2007,63.2214864,72.2240538,65.3789591
MUS,Mauritius,2008,67.4865633,73.1882077,68.5746779
MUS,Mauritius,2009,66.822305,72.6347012,68.1105818
MUS,Mauritius,2010,65.5996417,71.3781925,67.6203618
MUS,Mauritius,2011,65.8607943,72.1761891,66.7624959
MUS,Mauritius,2012,70.5816974,74.6718943,70.1416474
MUS,Mauritius,2013,69.3503873,73.0221124,70.0292161
MUS,Mauritius,2014,71.8078568,73.4862696,72.7993746
MUS,Mauritius,2015,71.9363001,72.1727487,70.832035
MUS,Mauritius,2016,72.739377,73.5216755,71.6273546
MUS,Mauritius,2017,71.3453769,72.9064754,71.6858871
MUS,Mauritius,2018,69.4936139,72.9145748,71.2777086
MUS,Mauritius,2019,68.0541381,72.333803,70.0043067
MUS,Mauritius,2020,67.5162388,73.3963746,70.5906282
MUS,Mauritius,2021,65.7050011,69.3785187,69.6623397
MUS,Mauritius,2022,65.5727176,68.734045,69.0073274
MUS,Mauritius,2023,67.3580344,68.3812721,69.7560661
MUS,Mauritius,2024,66.2220234,67.9557065,69.6879982
MWI,Malawi,1996,34.352594,51.4063864,45.8104932
MWI,Malawi,1998,39.5307932,49.8705032,52.472346
MWI,Malawi,2000,39.5590532,49.8459711,52.5163341
MWI,Malawi,2002,31.8862834,49.0102142,42.8217775
MWI,Malawi,2003,29.3079169,50.6123792,43.8048764
MWI,Malawi,2004,32.3202156,52.0062723,43.6590854
MWI,Malawi,2005,33.0169474,53.996401,45.8339532
MWI,Malawi,2006,34.586144,53.1641654,46.0326132
MWI,Malawi,2007,35.6990594,54.139601,46.8034477
MWI,Malawi,2008,38.6006458,55.2373719,46.5338573
MWI,Malawi,2009,40.609423,54.8599481,45.9264904
MWI,Malawi,2010,40.7885433,54.6803355,48.6839499
MWI,Malawi,2011,39.9852505,53.6817377,47.2734124
MWI,Malawi,2012,40.1363072,51.8215309,43.3885661
MWI,Malawi,2013,40.2491487,52.8966457,42.8198786
MWI,Malawi,2014,40.7874505,51.6359995,43.4664169
MWI,Malawi,2015,39.9559445,51.4563043,43.0381235
MWI,Malawi,2016,39.499992,51.0530283,43.1684601
MWI,Malawi,2017,40.0975086,52.4832188,44.0624962
MWI,Malawi,2018,39.0186183,51.9282838,44.2673055
MWI,Malawi,2019,38.0011614,51.718876,44.4046146
MWI,Malawi,2020,36.788255,52.4438046,43.2955825
MWI,Malawi,2021,38.1231395,52.7402813,43.9038089
MWI,Malawi,2022,36.1458285,53.2566127,44.2995044
MWI,Malawi,2023,36.3969461,54.652356,43.7205008
MWI,Malawi,2024,37.2287788,54.4467828,45.6372095
MYS,Malaysia,1996,66.3728662,65.6450456,62.1235833
MYS,Malaysia,1998,65.5531569,60.4395204,61.0412128
MYS,Malaysia,2000,68.3473792,56.5092911,61.3250463
MYS,Malaysia,2002,69.2235073,60.8068897,63.8142339
MYS,Malaysia,2003,69.5250763,62.8336841,66.1639122
MYS,Malaysia,2004,67.7049022,63.3520929,63.9360397
MYS,Malaysia,2005,66.4832558,61.7360922,63.6923176
MYS,Malaysia,2006,67.3957364,63.5650771,65.5696971
MYS,Malaysia,2007,68.6942469,62.1031535,66.2372004
MYS,Malaysia,2008,66.5275006,60.7427592,64.529277
MYS,Malaysia,2009,65.070113,60.6074177,62.8397541
MYS,Malaysia,2010,70.0195183,60.8464795,65.1696881
MYS,Malaysia,2011,68.8710281,59.3503583,63.1404583
MYS,Malaysia,2012,68.3782913,61.0822438,66.7689843
MYS,Malaysia,2013,68.2768986,60.2651312,68.1848005
MYS,Malaysia,2014,69.2141509,61.1309466,68.7857468
MYS,Malaysia,2015,67.6059224,58.9296701,66.8868094
MYS,Malaysia,2016,66.4538797,58.663424,66.36164
MYS,Malaysia,2017,66.1388399,59.2131717,66.9472518
MYS,Malaysia,2018,68.0473561,61.8937766,66.6588099
MYS,Malaysia,2019,67.2315239,62.7978859,66.7821061
MYS,Malaysia,2020,68.2086053,62.9879505,64.9178769
MYS,Malaysia,2021,66.9664999,62.1560402,66.3694753
MYS,Malaysia,2022,66.618172,62.0469295,65.2051438
MYS,Malaysia,2023,65.8744129,62.1569094,64.1428062
MYS,Malaysia,2024,69.1273333,62.9047385,65.5948635
NAM,Namibia,1996,68.4199871,65.4283525,54.842666
NAM,Namibia,1998,60.4484289,63.1566998,58.904414
NAM,Namibia,2000,60.4766888,64.6262426,57.6229182
NAM,Namibia,2002,54.0576442,63.1399021,65.3616531
NAM,Namibia,2003,54.614589,62.6301796,62.8660072
NAM,Namibia,2004,53.3799346,57.2796972,57.4965119
NAM,Namibia,2005,52.2021286,58.0320476,56.3903391
NAM,Namibia,2006,56.7168337,61.6198631,57.7174159
NAM,Namibia,2007,57.0967465,61.7510569,56.7269817
NAM,Namibia,2008,58.5900919,63.3236161,59.4542782
NAM,Namibia,2009,60.5432807,63.3352832,59.9746989
NAM,Namibia,2010,56.0309459,62.0766352,57.399393
NAM,Namibia,2011,55.0228901,59.894318,54.9752973
NAM,Namibia,2012,59.0771238,61.3830284,57.6854472
NAM,Namibia,2013,57.8626989,61.315022,58.3605365
NAM,Namibia,2014,57.4938848,60.4981659,57.6707214
NAM,Namibia,2015,57.0330518,61.6656797,58.7083673
NAM,Namibia,2016,55.908958,62.326168,57.1900858
NAM,Namibia,2017,56.5592477,60.7592471,56.3726184
NAM,Namibia,2018,57.438306,60.1183824,55.8603153
NAM,Namibia,2019,56.9167337,60.1644108,56.7701954
NAM,Namibia,2020,54.2548707,60.7284055,56.0742657
NAM,Namibia,2021,54.4441369,61.8853348,57.2165928
NAM,Namibia,2022,54.5564222,62.4508062,56.1534208
NAM,Namibia,2023,54.3336618,62.2795201,56.2293949
NAM,Namibia,2024,53.2721077,62.6073548,56.9904385
NCL,New Caledonia,2018,,74.0675473,
NCL,New Caledonia,2019,,75.1335232,
NCL,New Caledonia,2020,,74.9680423,
NCL,New Caledonia,2021,,75.9721905,
NCL,New Caledonia,2022,,75.6933031,
NCL,New Caledonia,2023,,75.6479167,
NCL,New Caledonia,2024,,75.6405884,
NER,Niger,1996,25.9220111,45.082878,30.108705
NER,Niger,1998,25.8061034,45.0349462,41.0795544
NER,Niger,2000,25.8461931,41.5552449,41.1519957
NER,Niger,2002,31.0137175,43.1520574,40.7474477
NER,Niger,2003,30.8836564,43.1331893,40.7478924
NER,Niger,2004,35.0959059,45.3102262,40.4787106
NER,Niger,2005,36.8706569,45.8060666,43.4385725
NER,Niger,2006,35.6642176,46.2160152,44.8830501
NER,Niger,2007,35.4352604,46.0726948,45.5352078
NER,Niger,2008,36.8520723,45.3307982,45.8014152
NER,Niger,2009,38.0651866,45.9078231,46.6050385
NER,Niger,2010,37.0491102,46.302246,46.8668819
NER,Niger,2011,37.8143043,48.0463408,46.4655923
NER,Niger,2012,39.8709936,45.08521,43.4406969
NER,Niger,2013,38.945293,44.6442976,43.4410975
NER,Niger,2014,39.8920029,45.0819968,43.0827551
NER,Niger,2015,39.8518529,46.9666721,43.5327989
NER,Niger,2016,40.3343135,47.1475307,44.5521278
NER,Niger,2017,38.6065315,47.326374,44.7740033
NER,Niger,2018,39.4263789,47.0778876,44.3917814
NER,Niger,2019,38.4169834,47.6855287,44.6864988
NER,Niger,2020,38.558355,48.0281749,43.0387654
NER,Niger,2021,38.9059363,46.6559259,43.9100702
NER,Niger,2022,38.7999217,45.511452,44.2324538
NER,Niger,2023,39.4498983,43.1258455,43.3796331
NER,Niger,2024,36.3750735,40.6881335,42.8377492
NGA,Nigeria,1996,30.3691579,37.4259376,37.9420857
NGA,Nigeria,1998,25.6047975,37.4607428,38.1036766
NGA,Nigeria,2000,26.6990311,35.8696907,35.8994439
NGA,Nigeria,2002,21.6606014,30.6984888,36.637753
NGA,Nigeria,2003,24.6492911,32.4330076,36.753173
NGA,Nigeria,2004,30.1132377,35.6412479,35.3358806
NGA,Nigeria,2005,30.1507958,35.1711651,38.7923199
NGA,Nigeria,2006,31.0124497,37.9155787,40.6803087
NGA,Nigeria,2007,32.7538387,39.0582696,41.5929031
NGA,Nigeria,2008,31.5697756,39.7700027,42.8657608
NGA,Nigeria,2009,29.5565418,39.6779581,43.0178005
NGA,Nigeria,2010,29.2210274,37.7634498,40.4907662
NGA,Nigeria,2011,29.5352331,38.7006948,41.0548122
NGA,Nigeria,2012,32.4814474,38.2827467,42.9894119
NGA,Nigeria,2013,32.2468183,36.5552671,43.1766928
NGA,Nigeria,2014,30.8288399,37.4818397,42.3399905
NGA,Nigeria,2015,33.5709036,40.4273328,43.1887847
NGA,Nigeria,2016,33.4681925,41.8286386,42.0092749
NGA,Nigeria,2017,34.6017808,43.3029229,42.5913838
NGA,Nigeria,2018,34.8939836,42.9582287,41.7722226
NGA,Nigeria,2019,32.5216168,42.5472027,41.2266686
NGA,Nigeria,2020,32.2041115,42.4852923,40.86723
NGA,Nigeria,2021,30.9230481,41.0219609,41.0997371
NGA,Nigeria,2022,30.7911243,39.7570843,39.1494195
NGA,Nigeria,2023,34.4678426,40.875305,41.8131115
NGA,Nigeria,2024,31.7683438,39.6344736,44.8748237
NIC,Nicaragua,1996,27.8344705,46.5401099,42.7820004
NIC,Nicaragua,1998,27.7679642,44.9947557,45.0437751
NIC,Nicaragua,2000,25.4661402,41.6351696,48.4182913
NIC,Nicaragua,2002,25.3333726,46.1935501,45.8995954
NIC,Nicaragua,2003,25.6663709,48.6352463,47.9810965
NIC,Nicaragua,2004,30.5668103,47.3846099,51.0171581
NIC,Nicaragua,2005,32.0706711,47.6396381,51.8373319
NIC,Nicaragua,2006,34.1402323,46.3233394,50.4812405
NIC,Nicaragua,2007,34.3341183,45.562215,49.8044052
NIC,Nicaragua,2008,33.6979392,44.3220203,48.8870558
NIC,Nicaragua,2009,35.0483672,43.2645052,47.6882559
NIC,Nicaragua,2010,35.4785214,42.5282916,47.819042
NIC,Nicaragua,2011,35.7622252,43.591364,47.7423472
NIC,Nicaragua,2012,36.6817835,42.6398118,48.4960365
NIC,Nicaragua,2013,37.0573739,42.6323922,48.9722719
NIC,Nicaragua,2014,36.5433032,41.3797112,48.5194508
NIC,Nicaragua,2015,36.6623686,39.6740565,50.0120344
NIC,Nicaragua,2016,36.056526,40.2307418,48.5726273
NIC,Nicaragua,2017,41.6630439,41.2427467,47.0200035
NIC,Nicaragua,2018,36.3551589,34.496984,46.1258522
NIC,Nicaragua,2019,36.8803361,34.0156849,44.584658
NIC,Nicaragua,2020,35.8205845,33.947145,44.1213299
NIC,Nicaragua,2021,36.6591506,31.5897313,40.8782085
NIC,Nicaragua,2022,33.4313286,31.2389514,39.0651008
NIC,Nicaragua,2023,33.1258883,29.496211,38.8923501
NIC,Nicaragua,2024,30.8663765,29.0885119,39.2327668
NLD,Netherlands,1996,88.8672486,86.6886448,79.4886382
NLD,Netherlands,1998,90.1135947,87.3126103,82.9474164
NLD,Netherlands,2000,92.1463153,88.5079539,89.1892069
NLD,Netherlands,2002,91.8725785,86.9000405,87.3349389
NLD,Netherlands,2003,89.3183051,86.3573509,86.1997246
NLD,Netherlands,2004,87.3496797,86.3865574,85.2582544
NLD,Netherlands,2005,89.2052342,86.2633167,86.0575358
NLD,Netherlands,2006,85.4723168,87.4130623,83.147857
NLD,Netherlands,2007,85.5128129,87.7234728,84.1262465
NLD,Netherlands,2008,85.7285404,86.7782937,82.3897547
NLD,Netherlands,2009,85.8905927,85.7286576,81.174264
NLD,Netherlands,2010,85.099748,86.0566678,80.8269189
NLD,Netherlands,2011,87.3846556,86.4143665,83.1360032
NLD,Netherlands,2012,88.6857153,87.4121226,82.6381357
NLD,Netherlands,2013,88.0978759,86.8160316,82.6172748
NLD,Netherlands,2014,88.612248,88.3939984,81.094418
NLD,Netherlands,2015,88.8292083,89.3889268,83.0257199
NLD,Netherlands,2016,89.4892666,89.5170088,85.7251642
NLD,Netherlands,2017,90.3198724,89.0677475,85.9075606
NLD,Netherlands,2018,90.8032877,88.2921127,85.4072786
NLD,Netherlands,2019,91.4720745,88.6893891,84.2436994
NLD,Netherlands,2020,91.0015797,88.4942869,82.6951793
NLD,Netherlands,2021,87.3814124,87.5440788,83.6353658
NLD,Netherlands,2022,85.6594208,86.7204829,82.0427251
NLD,Netherlands,2023,85.3894503,86.5237577,81.9596634
NLD,Netherlands,2024,85.406351,86.3420351,82.0184513
NOR,Norway,1996,88.2250398,90.1612846,76.2672293
NOR,Norway,1998,86.4949478,90.2479026,76.0086553
NOR,Norway,2000,88.4828869,89.8821063,74.4274773
NOR,Norway,2002,88.2539044,89.39346,77.364723
NOR,Norway,2003,87.5349113,89.2923368,77.2442152
NOR,Norway,2004,88.1996945,88.7390971,79.7202825
NOR,Norway,2005,88.2159789,89.3088867,80.7641534
NOR,Norway,2006,89.0345585,89.8574314,78.1748867
NOR,Norway,2007,88.5597394,89.2068977,79.373551
NOR,Norway,2008,84.7214452,89.884657,80.4142786
NOR,Norway,2009,86.0844943,89.1637712,80.1156105
NOR,Norway,2010,85.9512775,89.725606,80.6831403
NOR,Norway,2011,86.591153,90.7997569,83.1780624
NOR,Norway,2012,89.2646824,91.1407354,83.5938428
NOR,Norway,2013,88.9471751,91.273127,85.0546533
NOR,Norway,2014,89.3339128,90.5627965,82.7090093
NOR,Norway,2015,88.8100598,91.0427101,82.9577214
NOR,Norway,2016,89.458967,91.4833953,83.3326302
NOR,Norway,2017,91.4668285,92.0547115,83.8456288
NOR,Norway,2018,89.0113774,91.8838488,83.5176715
NOR,Norway,2019,89.1522784,91.9420038,82.72406
NOR,Norway,2020,89.2537957,92.4047721,81.6357342
NOR,Norway,2021,90.0666199,92.3888625,80.8736149
NOR,Norway,2022,86.7536233,90.3692278,79.6713091
NOR,Norway,2023,86.087267,91.1445579,80.6505724
NOR,Norway,2024,87.1769157,90.5162003,81.2082198
NPL,Nepal,1996,35.9853648,57.224549,44.785936
NPL,Nepal,1998,35.8078895,57.2312267,45.1382348
NPL,Nepal,2000,35.8692743,50.9248602,43.2085637
NPL,Nepal,2002,30.9755839,45.407773,45.1224224
NPL,Nepal,2003,30.7958278,44.8083552,43.9843977
NPL,Nepal,2004,37.3913074,42.3775413,45.3142944
NPL,Nepal,2005,33.4250618,41.7061053,47.0745016
NPL,Nepal,2006,31.2547592,44.7700975,46.7496845
NPL,Nepal,2007,32.9333497,44.9430806,46.9182352
NPL,Nepal,2008,31.5758422,44.091316,44.7318479
NPL,Nepal,2009,36.0338815,43.0296686,43.3724729
NPL,Nepal,2010,37.8746994,40.6502045,41.685005
NPL,Nepal,2011,35.8569059,41.8545287,42.1368767
NPL,Nepal,2012,29.7673402,46.7278357,42.3608482
NPL,Nepal,2013,30.889301,46.6198575,42.0297777
NPL,Nepal,2014,33.9323368,47.0487379,43.5580615
NPL,Nepal,2015,28.7198131,46.6546575,43.8333911
NPL,Nepal,2016,32.24893,47.2142997,44.6377745
NPL,Nepal,2017,33.3015495,49.3242183,44.5023864
NPL,Nepal,2018,33.5608919,50.6451484,45.5328342
NPL,Nepal,2019,29.725032,49.8603954,45.8191549
NPL,Nepal,2020,31.3834164,50.5531709,44.3913571
NPL,Nepal,2021,32.9449151,50.83749,44.8080633
NPL,Nepal,2022,32.7808542,51.21516,45.4525577
NPL,Nepal,2023,34.9287923,51.1725841,45.2850005
NPL,Nepal,2024,34.1416692,51.7386218,46.1517079
NRU,Naoero,1996,,72.5207113,
NRU,Naoero,1998,,72.1425904,
NRU,Naoero,2000,,71.8939267,
NRU,Naoero,2002,,72.2064542,
NRU,Naoero,2003,,72.0734774,
NRU,Naoero,2004,,71.9668881,
NRU,Naoero,2005,,78.8199457,
NRU,Naoero,2006,,78.7730483,
NRU,Naoero,2007,41.9995557,75.0748846,43.3638743
NRU,Naoero,2008,44.7005576,74.993688,43.2323659
NRU,Naoero,2009,45.739088,74.8956713,43.0561928
NRU,Naoero,2010,45.9361706,74.8667212,43.0629982
NRU,Naoero,2011,45.820226,75.1128945,43.1112635
NRU,Naoero,2012,45.8494289,77.5644284,42.583905
NRU,Naoero,2013,45.8820424,75.4726756,40.3299876
NRU,Naoero,2014,47.2009633,71.7940289,40.1558302
NRU,Naoero,2015,51.4935243,63.2095297,45.9372134
NRU,Naoero,2016,50.472513,61.0326925,45.9732038
NRU,Naoero,2017,50.4784473,63.5527008,46.0112839
NRU,Naoero,2018,56.8800001,60.3993782,49.319475
NRU,Naoero,2019,50.5427934,60.6385174,49.3619238
NRU,Naoero,2020,50.4520871,60.6617071,49.2896465
NRU,Naoero,2021,50.5059159,60.579545,49.2605751
NRU,Naoero,2022,50.4978097,62.9487377,49.1830964
NRU,Naoero,2023,50.526336,62.9373304,45.8988179
NRU,Naoero,2024,51.5354476,61.2985462,46.590308
NZL,New Zealand,1996,89.9255632,88.4772792,81.2242184
NZL,New Zealand,1998,88.1304544,88.352925,81.9406919
NZL,New Zealand,2000,85.9508867,88.6418858,80.4006458
NZL,New Zealand,2002,90.9465182,88.5165472,82.5844482
NZL,New Zealand,2003,90.2727673,88.4745427,84.217399
NZL,New Zealand,2004,86.3015654,87.5880332,84.7748036
NZL,New Zealand,2005,88.5181312,87.8401132,84.2386888
NZL,New Zealand,2006,87.2268499,88.1042321,83.1593512
NZL,New Zealand,2007,86.6856334,88.0671946,83.1807435
NZL,New Zealand,2008,86.6780697,88.4508247,83.5319399
NZL,New Zealand,2009,89.5863681,88.4713226,83.7019858
NZL,New Zealand,2010,86.5023949,87.8634216,81.9619045
NZL,New Zealand,2011,89.5047285,89.435449,85.9458836
NZL,New Zealand,2012,89.6998415,88.4971163,86.2923455
NZL,New Zealand,2013,88.9729832,87.5105437,85.2465867
NZL,New Zealand,2014,90.8814351,88.1732263,86.5998945
NZL,New Zealand,2015,89.258822,88.9144707,86.6090293
NZL,New Zealand,2016,86.779933,89.0720484,87.3392224
NZL,New Zealand,2017,86.0992134,88.2745767,87.6607559
NZL,New Zealand,2018,84.4641774,87.9658735,85.9425905
NZL,New Zealand,2019,84.0805878,87.6651647,85.9457228
NZL,New Zealand,2020,84.2310864,87.3697343,85.3488391
NZL,New Zealand,2021,82.5086321,86.7460357,84.0948346
NZL,New Zealand,2022,83.5496532,86.6018582,84.205121
NZL,New Zealand,2023,84.9223349,86.3529225,84.4623276
NZL,New Zealand,2024,87.2960648,85.6627596,83.9530858
OMN,Oman,1996,56.5466965,65.9140317,52.3534201
OMN,Oman,1998,51.2050898,65.0743938,53.7896319
OMN,Oman,2000,51.2333497,63.8242014,55.3848275
OMN,Oman,2002,53.3941851,65.8718947,66.1711859
OMN,Oman,2003,57.0904019,65.8600848,66.0420306
OMN,Oman,2004,54.9701598,65.6443572,65.856278
OMN,Oman,2005,57.039863,62.2493515,66.9935504
OMN,Oman,2006,54.5680264,62.2619635,65.9672772
OMN,Oman,2007,53.6674241,61.9717411,66.4304476
OMN,Oman,2008,56.0810434,63.2070583,67.9667543
OMN,Oman,2009,56.4808066,63.8559517,68.122833
OMN,Oman,2010,57.5486916,64.0606713,68.2430175
OMN,Oman,2011,52.9131147,61.1614991,66.5407229
OMN,Oman,2012,52.3337316,62.3840924,67.9646867
OMN,Oman,2013,51.050924,61.3192042,67.7610066
OMN,Oman,2014,54.0383946,60.4843939,67.105488
OMN,Oman,2015,52.9066438,60.6069857,65.1066008
OMN,Oman,2016,54.4782689,60.7788914,65.8723617
OMN,Oman,2017,53.4953095,60.0780302,66.0290239
OMN,Oman,2018,53.5065773,60.1277158,63.1898654
OMN,Oman,2019,55.3079939,61.451403,62.764843
OMN,Oman,2020,53.3201442,61.3750254,62.3059751
OMN,Oman,2021,53.3387599,60.8459253,61.571981
OMN,Oman,2022,60.0293791,63.0303164,62.2431133
OMN,Oman,2023,60.5179762,62.8904984,62.2782221
OMN,Oman,2024,62.3751465,64.6984828,65.7058833
PAK,Pakistan,1996,40.8279758,49.1056579,44.8001697
PAK,Pakistan,1998,40.746272,42.3273893,42.1359336
PAK,Pakistan,2000,40.7745319,38.6612376,39.699626
PAK,Pakistan,2002,39.5438168,40.8090731,40.3709634
PAK,Pakistan,2003,35.9104625,39.6075474,40.1054483
PAK,Pakistan,2004,38.5567664,39.73106,38.8518522
PAK,Pakistan,2005,38.8299938,41.1276708,45.6546259
PAK,Pakistan,2006,40.9037472,43.4918156,47.4390249
PAK,Pakistan,2007,41.0735907,43.1919655,46.6146653
PAK,Pakistan,2008,35.9210693,40.2288246,44.8542751
PAK,Pakistan,2009,36.200124,41.6020098,44.308748
PAK,Pakistan,2010,36.22957,42.9611597,44.0161188
PAK,Pakistan,2011,35.2850418,37.1639666,42.9065725
PAK,Pakistan,2012,38.7006114,38.6539299,42.1119137
PAK,Pakistan,2013,38.5071064,38.9139045,42.1529336
PAK,Pakistan,2014,38.0755445,40.2583667,43.0580475
PAK,Pakistan,2015,39.4682574,41.2198719,44.043468
PAK,Pakistan,2016,41.026367,41.2520559,44.4594518
PAK,Pakistan,2017,43.1480596,42.0691874,44.3870689
PAK,Pakistan,2018,41.4757961,42.5142321,44.4173043
PAK,Pakistan,2019,41.6806369,42.9850137,45.0803111
PAK,Pakistan,2020,39.3830517,42.972992,43.8130901
PAK,Pakistan,2021,41.2872377,42.7982259,44.5428148
PAK,Pakistan,2022,38.0780236,41.2878353,42.7921461
PAK,Pakistan,2023,38.5358563,39.6801955,41.8989333
PAK,Pakistan,2024,39.6677025,39.4597729,42.3591418
PAN,Panama,1996,44.3373511,53.2666879,57.6553522
PAN,Panama,1998,54.6796292,53.2666621,64.317205
PAN,Panama,2000,50.2691888,51.8636903,63.0774562
PAN,Panama,2002,47.4666561,55.4063328,61.8090255
PAN,Panama,2003,46.6477265,55.4660436,59.0954532
PAN,Panama,2004,48.7060491,56.7476249,58.6831315
PAN,Panama,2005,49.0768679,55.6340459,59.7974722
PAN,Panama,2006,50.5244713,55.9072744,59.8746875
PAN,Panama,2007,52.5227488,56.5515657,61.2478263
PAN,Panama,2008,51.9128541,55.5747344,63.4309868
PAN,Panama,2009,53.2349249,55.0315577,61.4395847
PAN,Panama,2010,53.721251,54.817713,62.755388
PAN,Panama,2011,53.7761823,56.3915733,63.4250725
PAN,Panama,2012,55.8430758,52.2018806,62.3124681
PAN,Panama,2013,55.5098189,51.8266046,61.4955511
PAN,Panama,2014,55.7389103,54.5146583,60.9488065
PAN,Panama,2015,57.5817581,54.0341183,61.5070485
PAN,Panama,2016,59.066869,54.6320009,61.4623018
PAN,Panama,2017,58.0172633,54.2168564,60.2394521
PAN,Panama,2018,57.6756338,52.6321447,59.8100405
PAN,Panama,2019,61.0079753,52.1697757,59.8941526
PAN,Panama,2020,55.8409117,52.8383789,59.1166389
PAN,Panama,2021,55.4272518,52.9991922,58.1970926
PAN,Panama,2022,52.1167285,53.2703159,55.484077
PAN,Panama,2023,51.9467897,53.0416321,55.2263121
PAN,Panama,2024,56.1071256,52.4309378,53.6988437
PER,Peru,1996,42.5024423,46.1578086,60.2605874
PER,Peru,1998,46.8565261,46.2969761,63.0925778
PER,Peru,2000,41.9095844,43.8886083,58.1341693
PER,Peru,2002,38.7623033,47.751802,52.3560097
PER,Peru,2003,34.2594786,48.006412,53.6921172
PER,Peru,2004,36.4495499,50.4393118,55.95413
PER,Peru,2005,37.226743,48.7645761,54.9134118
PER,Peru,2006,38.3484354,48.1091013,57.2693719
PER,Peru,2007,38.7163319,47.5983479,58.4647399
PER,Peru,2008,39.4415413,46.9981986,58.467186
PER,Peru,2009,43.5436404,48.294113,59.3406751
PER,Peru,2010,47.4948266,48.5156767,59.7507321
PER,Peru,2011,48.1723049,49.3348511,60.255632
PER,Peru,2012,49.204691,48.5666599,58.853794
PER,Peru,2013,49.2958115,47.4119267,58.5461772
PER,Peru,2014,47.4749568,47.4351095,58.9693623
PER,Peru,2015,46.5035997,49.1850818,59.8718518
PER,Peru,2016,48.0215612,51.1261135,59.9439998
PER,Peru,2017,49.9120761,50.5174914,59.1346609
PER,Peru,2018,48.2135515,49.0319289,59.559748
PER,Peru,2019,52.2664708,49.1090845,60.3036245
PER,Peru,2020,49.2735889,49.5281582,58.4128361
PER,Peru,2021,50.2448974,48.001037,56.2007209
PER,Peru,2022,49.6189517,48.5787659,55.992677
PER,Peru,2023,47.5089547,48.7248383,56.9019498
PER,Peru,2024,47.443648,48.2599686,56.1688958
PHL,Philippines,1996,48.0771556,56.6222122,54.6689643
PHL,Philippines,1998,50.7348323,57.0570252,57.7276925
PHL,Philippines,2000,45.2630245,48.7586763,54.2581929
PHL,Philippines,2002,43.7317302,50.2310348,52.2213281
PHL,Philippines,2003,43.1967241,47.250227,53.2527727
PHL,Philippines,2004,46.2801684,48.0125906,53.7635806
PHL,Philippines,2005,48.481109,50.9847328,57.6120044
PHL,Philippines,2006,50.2983996,49.8282888,57.353667
PHL,Philippines,2007,52.0082814,49.223231,57.3648962
PHL,Philippines,2008,50.9115979,47.4947687,56.0512788
PHL,Philippines,2009,50.7727229,46.0799129,55.1268402
PHL,Philippines,2010,51.2799648,45.7575668,54.380669
PHL,Philippines,2011,52.8918663,47.9718029,55.0481266
PHL,Philippines,2012,55.6852603,48.561359,56.9486553
PHL,Philippines,2013,56.0614632,48.8760395,55.3616356
PHL,Philippines,2014,60.1755923,50.7512541,55.8035335
PHL,Philippines,2015,59.274047,49.5647499,56.2476709
PHL,Philippines,2016,56.2005872,48.8248033,56.8522856
PHL,Philippines,2017,54.7710745,46.7882711,57.0205367
PHL,Philippines,2018,55.5875464,45.9532714,54.7822362
PHL,Philippines,2019,54.875588,45.8276987,55.7876579
PHL,Philippines,2020,54.8698093,46.0680376,55.0858329
PHL,Philippines,2021,54.3791841,45.3703225,55.0969912
PHL,Philippines,2022,52.0364364,46.0841106,54.9385089
PHL,Philippines,2023,53.3201947,46.6183464,55.8622915
PHL,Philippines,2024,54.1505555,47.0863157,56.113404
PLW,Palau,1996,,72.5207113,
PLW,Palau,1998,,72.1425904,
PLW,Palau,2000,,71.8939267,
PLW,Palau,2002,,72.2064542,
PLW,Palau,2003,,72.0734774,
PLW,Palau,2004,,71.9668881,
PLW,Palau,2005,,78.8199457,
PLW,Palau,2006,,78.7730483,
PLW,Palau,2007,,78.865499,
PLW,Palau,2008,42.2969831,77.731355,43.2323659
PLW,Palau,2009,43.3355116,77.6333383,43.0561928
PLW,Palau,2010,41.1290275,77.6043882,43.0629982
PLW,Palau,2011,45.820226,79.2193941,47.4627751
PLW,Palau,2012,45.8494289,79.1256061,46.9354182
PLW,Palau,2013,45.8820424,78.9159694,46.8572535
PLW,Palau,2014,47.2009633,79.0218169,46.6830944
PLW,Palau,2015,45.1245636,80.2187973,61.125735
PLW,Palau,2016,45.142841,80.2275455,61.1617238
PLW,Palau,2017,45.1487753,80.2061371,61.1998039
PLW,Palau,2018,51.5503203,79.5537172,57.9229317
PLW,Palau,2019,51.5820821,76.916423,61.257909
PLW,Palau,2020,50.9717305,76.9445573,61.1856333
PLW,Palau,2021,51.0255593,76.8448747,61.1565618
PLW,Palau,2022,50.4978097,77.1345532,61.0790815
PLW,Palau,2023,50.526336,77.1211977,61.0873379
PLW,Palau,2024,51.5354476,77.1190412,62.4516257
PNG,Papua New Guinea,1996,46.0878787,48.7204806,42.5620805
PNG,Papua New Guinea,1998,40.746272,47.9383953,45.5495015
PNG,Papua New Guinea,2000,40.7745319,45.2154727,47.9933004
PNG,Papua New Guinea,2002,37.3724856,47.5688832,42.3093893
PNG,Papua New Guinea,2003,37.2749603,46.0909054,40.9407312
PNG,Papua New Guinea,2004,41.0247084,49.3899683,43.6301464
PNG,Papua New Guinea,2005,33.1365028,44.8029304,41.4024222
PNG,Papua New Guinea,2006,37.0440295,45.1603382,46.93894
PNG,Papua New Guinea,2007,37.3536133,45.6374567,49.0218794
PNG,Papua New Guinea,2008,38.7190151,45.2326472,47.8028716
PNG,Papua New Guinea,2009,38.3311691,44.9483694,47.9215925
PNG,Papua New Guinea,2010,38.0060321,44.8609167,48.0279329
PNG,Papua New Guinea,2011,38.0542669,45.5853995,48.1115104
PNG,Papua New Guinea,2012,38.5512871,44.5261375,46.9615294
PNG,Papua New Guinea,2013,38.3866682,43.1242122,47.5236417
PNG,Papua New Guinea,2014,37.072968,46.9169744,50.7814021
PNG,Papua New Guinea,2015,37.0560828,46.3948086,48.6681658
PNG,Papua New Guinea,2016,35.447969,46.3230417,47.6208946
PNG,Papua New Guinea,2017,37.4952571,46.2953204,46.6177944
PNG,Papua New Guinea,2018,37.7947475,45.4589353,47.4962436
PNG,Papua New Guinea,2019,37.2099103,44.6747778,46.8509796
PNG,Papua New Guinea,2020,34.1121999,45.5995381,45.6029066
PNG,Papua New Guinea,2021,33.6827767,45.7885736,43.0106418
PNG,Papua New Guinea,2022,30.2527252,47.5695148,43.082039
PNG,Papua New Guinea,2023,30.2610764,48.1740425,43.6505893
PNG,Papua New Guinea,2024,33.8321749,47.1316693,45.3936104
POL,Poland,1996,64.8619823,68.2744091,59.795045
POL,Poland,1998,58.9956786,68.6314899,63.6645221
POL,Poland,2000,59.1681802,68.1601593,63.9122359
POL,Poland,2002,57.0512339,66.3780787,64.9012538
POL,Poland,2003,60.3584342,64.264699,66.1269597
POL,Poland,2004,56.8832803,61.5591455,64.9893419
POL,Poland,2005,60.3110102,66.7697341,67.1648596
POL,Poland,2006,57.3147645,62.973614,65.7547337
POL,Poland,2007,55.7849285,65.1095157,67.0609085
POL,Poland,2008,59.3020561,66.4626625,67.2703309
POL,Poland,2009,60.4228425,66.1968638,68.575621
POL,Poland,2010,61.9844209,68.0805994,69.3796607
POL,Poland,2011,62.5902655,71.4463848,68.1654994
POL,Poland,2012,63.0116543,71.9472954,68.3264878
POL,Poland,2013,64.0632258,71.1138154,69.0928873
POL,Poland,2014,69.011587,72.1271593,68.5171406
POL,Poland,2015,68.2915982,71.3493887,67.6749278
POL,Poland,2016,65.9236394,69.9512118,67.6559059
POL,Poland,2017,63.461552,67.6201563,66.2486473
POL,Poland,2018,64.7981864,66.3848598,66.8854215
POL,Poland,2019,64.234619,66.0240098,67.9175001
POL,Poland,2020,64.4958416,64.8828903,65.6740881
POL,Poland,2021,62.7886528,64.0186411,65.4865691
POL,Poland,2022,61.3624514,63.0667016,65.6980685
POL,Poland,2023,63.6700055,63.0992023,66.3020619
POL,Poland,2024,64.4341341,66.8937579,65.6793889
PRI,Puerto Rico (US),1996,76.1417363,70.8571333,71.6126809
PRI,Puerto Rico (US),1998,75.964261,70.6549454,72.0998364
PRI,Puerto Rico (US),2000,76.0256458,70.5219807,72.2324504
PRI,Puerto Rico (US),2002,76.0305301,70.6890949,72.4317349
PRI,Puerto Rico (US),2003,75.7806317,66.2271736,72.4330298
PRI,Puerto Rico (US),2004,67.1231546,65.6379548,65.0015017
PRI,Puerto Rico (US),2005,75.6467849,71.1444453,72.4105571
PRI,Puerto Rico (US),2006,61.6571197,70.5199705,72.3508228
PRI,Puerto Rico (US),2007,60.6990895,70.5861439,70.9202887
PRI,Puerto Rico (US),2008,60.9793965,69.7500101,70.8464107
PRI,Puerto Rico (US),2009,55.5079445,70.6536598,69.6545061
PRI,Puerto Rico (US),2010,55.3349316,70.0354169,69.4176004
PRI,Puerto Rico (US),2011,55.3515912,68.6661918,69.4263709
PRI,Puerto Rico (US),2012,56.1920571,70.3003533,72.4942686
PRI,Puerto Rico (US),2013,55.418957,68.0609121,70.7682049
PRI,Puerto Rico (US),2014,58.3470086,68.6916413,69.5505503
PRI,Puerto Rico (US),2015,57.5577584,69.4242941,70.9684862
PRI,Puerto Rico (US),2016,57.5664771,68.518913,70.9844973
PRI,Puerto Rico (US),2017,41.847206,67.053845,70.1170881
PRI,Puerto Rico (US),2018,44.9006424,66.1536116,68.6592632
PRI,Puerto Rico (US),2019,46.9040804,65.8227702,67.2133551
PRI,Puerto Rico (US),2020,43.698022,65.8336784,67.1812003
PRI,Puerto Rico (US),2021,43.7247381,65.79503,67.1682662
PRI,Puerto Rico (US),2022,40.6780488,64.2870678,67.1261186
PRI,Puerto Rico (US),2023,45.3536609,66.2016054,64.6482849
PRI,Puerto Rico (US),2024,46.3781293,66.3623912,65.158503
PRK,"Korea, Dem. People's Rep.",1996,12.8091468,39.6685714,17.1737696
PRK,"Korea, Dem. People's Rep.",1998,5.2313922,39.6053686,23.862724
PRK,"Korea, Dem. People's Rep.",2000,5.2714819,39.563803,25.465195
PRK,"Korea, Dem. People's Rep.",2002,3.6011881,32.3604455,21.3263563
PRK,"Korea, Dem. People's Rep.",2003,3.471127,33.5067111,20.3635962
PRK,"Korea, Dem. People's Rep.",2004,14.7712273,33.0266116,20.342013
PRK,"Korea, Dem. People's Rep.",2005,14.1147369,33.3248112,22.3000901
PRK,"Korea, Dem. People's Rep.",2006,14.0946901,31.9231233,23.3815222
PRK,"Korea, Dem. People's Rep.",2007,14.1250053,31.9368161,22.7791328
PRK,"Korea, Dem. People's Rep.",2008,13.7105832,31.2898985,22.7688293
PRK,"Korea, Dem. People's Rep.",2009,17.4373602,31.156815,19.0720304
PRK,"Korea, Dem. People's Rep.",2010,23.2825962,34.3819149,25.9329958
PRK,"Korea, Dem. People's Rep.",2011,23.1444795,34.3774918,25.8827087
PRK,"Korea, Dem. People's Rep.",2012,16.2472345,30.7766254,16.5951194
PRK,"Korea, Dem. People's Rep.",2013,16.2498284,30.1248698,16.5889969
PRK,"Korea, Dem. People's Rep.",2014,22.9426739,26.8311216,22.3494121
PRK,"Korea, Dem. People's Rep.",2015,22.9233388,26.845675,21.6649829
PRK,"Korea, Dem. People's Rep.",2016,22.9300606,26.8480741,21.6741003
PRK,"Korea, Dem. People's Rep.",2017,22.9322422,26.4498012,21.6837477
PRK,"Korea, Dem. People's Rep.",2018,22.5258797,27.4642724,22.8970005
PRK,"Korea, Dem. People's Rep.",2019,26.9744984,27.4713563,22.9077551
PRK,"Korea, Dem. People's Rep.",2020,26.9411442,28.0814121,24.179124
PRK,"Korea, Dem. People's Rep.",2021,22.5239975,28.0480784,24.1717587
PRK,"Korea, Dem. People's Rep.",2022,25.3819029,31.391717,24.1521296
PRK,"Korea, Dem. People's Rep.",2023,26.6321106,30.7076587,25.2994453
PRK,"Korea, Dem. People's Rep.",2024,26.6210975,30.7069238,25.3046262
PRT,Portugal,1996,65.3840853,78.6012459,69.6202868
PRT,Portugal,1998,64.9400656,76.4992132,72.938007
PRT,Portugal,2000,67.9709508,75.8044584,70.926621
PRT,Portugal,2002,72.6460301,78.2561885,75.0358914
PRT,Portugal,2003,68.3321604,78.5821712,74.0779148
PRT,Portugal,2004,64.685555,77.4017511,73.1272057
PRT,Portugal,2005,65.5595306,76.6911349,74.633441
PRT,Portugal,2006,67.4823984,74.8098295,72.0413986
PRT,Portugal,2007,67.0800588,76.8489106,73.3337104
PRT,Portugal,2008,68.7035976,75.8460687,73.4855056
PRT,Portugal,2009,70.9220767,74.6524755,73.354934
PRT,Portugal,2010,65.6166708,72.1277531,69.7608054
PRT,Portugal,2011,68.0243655,71.8876517,66.6460287
PRT,Portugal,2012,69.0760206,72.2493966,66.0360028
PRT,Portugal,2013,69.1208449,72.4650071,66.4369612
PRT,Portugal,2014,69.4932212,74.4884282,64.2949546
PRT,Portugal,2015,72.9656451,76.3661314,68.2696066
PRT,Portugal,2016,72.6031483,76.1665458,68.1083627
PRT,Portugal,2017,75.2574904,77.1402723,69.4430444
PRT,Portugal,2018,71.9545074,76.4186568,69.6061698
PRT,Portugal,2019,71.0506386,76.1813298,70.6329587
PRT,Portugal,2020,72.704298,77.3258828,67.530389
PRT,Portugal,2021,74.0464254,77.0853719,66.7000979
PRT,Portugal,2022,71.2121173,76.338565,67.6155815
PRT,Portugal,2023,70.1204736,75.5940661,67.1715892
PRT,Portugal,2024,69.76339,75.4172468,66.5361271
PRY,Paraguay,1996,35.3686491,48.4396019,44.7443625
PRY,Paraguay,1998,30.0760782,43.0688591,42.3058501
PRY,Paraguay,2000,27.2747919,39.2958306,37.3549804
PRY,Paraguay,2002,24.7057507,37.6901116,43.3654578
PRY,Paraguay,2003,24.6647783,37.8905973,43.139048
PRY,Paraguay,2004,29.9102693,43.0108969,43.0486683
PRY,Paraguay,2005,32.4593843,42.7340008,42.8851518
PRY,Paraguay,2006,33.8718193,43.5391364,44.5597171
PRY,Paraguay,2007,33.9392647,43.6033237,45.8643479
PRY,Paraguay,2008,34.9621719,44.0100195,46.8156816
PRY,Paraguay,2009,36.1948566,44.3225332,46.5228867
PRY,Paraguay,2010,36.420242,44.7360892,46.9206309
PRY,Paraguay,2011,36.7122348,44.7768906,47.9160615
PRY,Paraguay,2012,36.4824628,43.9071838,47.9075354
PRY,Paraguay,2013,36.5389885,43.7891219,48.0608084
PRY,Paraguay,2014,36.9819642,46.6880635,50.2136326
PRY,Paraguay,2015,36.0687116,47.5063033,51.9341873
PRY,Paraguay,2016,38.1443957,48.5190448,52.413271
PRY,Paraguay,2017,38.8443202,48.4754243,52.3707166
PRY,Paraguay,2018,41.6272611,49.1499892,52.9432586
PRY,Paraguay,2019,42.2719023,49.572808,52.3287693
PRY,Paraguay,2020,39.5287497,50.5499697,52.1358502
PRY,Paraguay,2021,40.1212829,47.8774177,51.9292524
PRY,Paraguay,2022,41.7004406,47.6644112,51.665723
PRY,Paraguay,2023,44.7713941,46.9805232,51.7540935
PRY,Paraguay,2024,44.447377,46.9208038,52.6360518
PSE,West Bank and Gaza,1996,25.9462734,52.2962056,35.2004498
PSE,West Bank and Gaza,1998,25.7687961,52.1960634,35.6876053
PSE,West Bank and Gaza,2000,25.8301809,51.5614204,35.8202193
PSE,West Bank and Gaza,2002,25.8350652,48.2422571,38.8204403
PSE,West Bank and Gaza,2003,25.5851688,51.7878203,36.0207987
PSE,West Bank and Gaza,2004,42.2723534,49.8879239,46.2021717
PSE,West Bank and Gaza,2005,32.5321788,44.5947273,45.0965462
PSE,West Bank and Gaza,2006,34.473565,43.5805746,45.0534161
PSE,West Bank and Gaza,2007,36.0702671,39.2627138,41.0839215
PSE,West Bank and Gaza,2008,34.8702269,39.8562232,43.0729137
PSE,West Bank and Gaza,2009,43.7757436,45.4298199,52.3697656
PSE,West Bank and Gaza,2010,48.6722709,47.7301096,55.2185242
PSE,West Bank and Gaza,2011,42.561906,44.3277171,53.7433648
PSE,West Bank and Gaza,2012,42.1441162,44.305875,49.2099488
PSE,West Bank and Gaza,2013,42.2662888,43.7184805,49.1973963
PSE,West Bank and Gaza,2014,46.054225,43.9046866,52.5892422
PSE,West Bank and Gaza,2015,46.4789971,42.0053357,52.6691734
PSE,West Bank and Gaza,2016,45.3362157,43.2387373,52.4608692
PSE,West Bank and Gaza,2017,48.6283333,43.0193267,54.1905493
PSE,West Bank and Gaza,2018,42.2874381,41.8523601,52.4887751
PSE,West Bank and Gaza,2019,42.6448969,42.3082028,52.5108204
PSE,West Bank and Gaza,2020,42.5948461,41.7473129,52.473286
PSE,West Bank and Gaza,2021,39.1102794,41.5971564,52.458188
PSE,West Bank and Gaza,2022,37.4267053,42.3783209,52.4179504
PSE,West Bank and Gaza,2023,31.079971,41.7209254,49.1756539
PSE,West Bank and Gaza,2024,29.9794589,39.9364904,47.4876908
PYF,French Polynesia,2019,,72.4164867,
PYF,French Polynesia,2020,,73.3591789,
PYF,French Polynesia,2021,,74.6908949,
PYF,French Polynesia,2022,,74.5240612,
PYF,French Polynesia,2023,,74.4786766,
PYF,French Polynesia,2024,,74.4713483,
QAT,Qatar,1996,55.9084641,56.752721,48.9510893
QAT,Qatar,1998,55.8267603,60.3252706,53.6436358
QAT,Qatar,2000,55.8550203,64.7964805,53.6876239
QAT,Qatar,2002,56.7227291,66.4125053,58.4023434
QAT,Qatar,2003,56.6283731,66.4230606,58.4027267
QAT,Qatar,2004,56.0396743,64.7646992,56.9722273
QAT,Qatar,2005,55.4015099,63.7132474,57.566272
QAT,Qatar,2006,58.981154,65.649961,59.6428287
QAT,Qatar,2007,63.8304381,66.3897975,61.6751687
QAT,Qatar,2008,65.2511368,65.7993017,65.9789859
QAT,Qatar,2009,71.2981921,70.0115646,68.9447022
QAT,Qatar,2010,70.0924275,69.1275471,68.4410183
QAT,Qatar,2011,70.9408518,68.0101095,68.2737292
QAT,Qatar,2012,70.2942915,69.4905604,69.868193
QAT,Qatar,2013,73.5009934,70.0939797,69.7748783
QAT,Qatar,2014,70.454238,67.1802421,65.9261217
QAT,Qatar,2015,71.4469466,66.186725,66.9662264
QAT,Qatar,2016,71.3532322,66.9790558,66.935551
QAT,Qatar,2017,70.2034412,65.0562881,63.708272
QAT,Qatar,2018,67.0161522,64.9488555,65.5413763
QAT,Qatar,2019,69.663893,65.4644262,67.311917
QAT,Qatar,2020,70.089857,65.2023123,68.1661792
QAT,Qatar,2021,73.268826,65.5758121,68.1491839
QAT,Qatar,2022,74.4612461,67.252336,68.8041552
QAT,Qatar,2023,73.631595,66.8240976,69.7069997
QAT,Qatar,2024,73.395251,67.1120206,70.1032913
ROU,Romania,1996,34.352594,56.3347969,48.2069969
ROU,Romania,1998,34.2708903,54.2304769,54.5439868
ROU,Romania,2000,38.9046997,51.9312939,48.5731162
ROU,Romania,2002,42.1031515,52.5858841,52.515842
ROU,Romania,2003,39.8812892,52.1184827,52.2073436
ROU,Romania,2004,45.078003,54.3819208,53.0443455
ROU,Romania,2005,41.3105724,55.3960116,54.7086625
ROU,Romania,2006,42.5316841,57.3076423,59.9612474
ROU,Romania,2007,41.9983483,57.7380045,61.0659124
ROU,Romania,2008,41.5058701,58.5579585,61.1510939
ROU,Romania,2009,41.6206754,59.0129028,60.2086032
ROU,Romania,2010,46.9432834,58.7492572,61.521932
ROU,Romania,2011,47.8694759,59.5823293,60.7753019
ROU,Romania,2012,47.638551,59.4913483,59.7154009
ROU,Romania,2013,50.4486805,60.4950077,61.0062002
ROU,Romania,2014,50.3717113,63.2525014,60.9773922
ROU,Romania,2015,51.1153654,63.6014536,62.0032978
ROU,Romania,2016,49.0223916,63.3368063,61.9207644
ROU,Romania,2017,49.0059945,63.7768049,61.4735595
ROU,Romania,2018,49.355108,62.2491966,60.9392095
ROU,Romania,2019,48.5141794,63.2771988,60.4963512
ROU,Romania,2020,46.4798604,64.8708497,59.6370643
ROU,Romania,2021,49.8294468,64.9084499,59.8243483
ROU,Romania,2022,55.2104413,64.4553816,61.0724244
ROU,Romania,2023,53.9057495,64.0528645,60.301724
ROU,Romania,2024,59.4705016,63.3515938,60.9104172
RUS,Russian Federation,1996,37.0586144,42.039783,44.7957174
RUS,Russian Federation,1998,34.4794624,40.8690386,42.1926066
RUS,Russian Federation,2000,31.340309,39.1162266,42.5116199
RUS,Russian Federation,2002,36.1242184,40.8422708,49.0194332
RUS,Russian Federation,2003,35.8922727,40.3293729,49.908066
RUS,Russian Federation,2004,38.1292566,43.3394836,52.4370748
RUS,Russian Federation,2005,34.7679436,41.1411003,51.1741026
RUS,Russian Federation,2006,35.3555263,40.7238474,49.9044654
RUS,Russian Federation,2007,37.2876864,41.2345286,52.3613468
RUS,Russian Federation,2008,36.5122958,40.1764558,50.1746866
RUS,Russian Federation,2009,35.7070412,40.2130923,49.4903899
RUS,Russian Federation,2010,35.6283415,40.9579027,49.1532411
RUS,Russian Federation,2011,35.6187517,45.1689676,48.8536298
RUS,Russian Federation,2012,35.1716326,40.3548465,48.0511263
RUS,Russian Federation,2013,36.98092,41.2144368,48.4637966
RUS,Russian Federation,2014,47.4684664,42.2901522,47.7630882
RUS,Russian Federation,2015,45.0710518,41.3230363,46.732052
RUS,Russian Federation,2016,44.9980608,42.0417656,48.1709261
RUS,Russian Federation,2017,47.1232942,42.5565429,48.6086729
RUS,Russian Federation,2018,48.1709302,42.637509,49.2220487
RUS,Russian Federation,2019,52.1461979,42.0461647,49.2760437
RUS,Russian Federation,2020,50.4999408,42.7588393,47.8440917
RUS,Russian Federation,2021,49.0645229,41.4273487,48.9957382
RUS,Russian Federation,2022,47.2828965,38.8098571,40.795601
RUS,Russian Federation,2023,47.2868281,38.4906606,40.8431771
RUS,Russian Federation,2024,45.088178,37.0602119,38.0144371
RWA,Rwanda,1996,25.9462734,30.7451057,29.7427087
RWA,Rwanda,1998,25.7687961,30.8349215,30.0950075
RWA,Rwanda,2000,25.8301809,33.2814402,30.1909104
RWA,Rwanda,2002,23.7543257,38.1264838,41.0539779
RWA,Rwanda,2003,23.5745696,39.4705468,42.1930593
RWA,Rwanda,2004,37.7135143,41.9912952,43.2523861
RWA,Rwanda,2005,37.1275649,42.484363,42.8919966
RWA,Rwanda,2006,44.1572178,43.94919,45.9917936
RWA,Rwanda,2007,44.0967372,45.1782356,45.5165786
RWA,Rwanda,2008,46.583954,47.2992173,48.2073643
RWA,Rwanda,2009,46.762872,46.2222455,48.5960021
RWA,Rwanda,2010,48.7558083,49.0412967,50.4032082
RWA,Rwanda,2011,49.0139879,49.7930654,51.9363401
RWA,Rwanda,2012,49.5913373,51.4076256,52.4088203
RWA,Rwanda,2013,51.1605222,51.9923747,53.7275209
RWA,Rwanda,2014,50.5563848,53.1968847,56.7437483
RWA,Rwanda,2015,50.3756701,54.24112,57.5611337
RWA,Rwanda,2016,53.6784936,54.8422606,57.2971611
RWA,Rwanda,2017,57.4987691,54.5787045,57.6085268
RWA,Rwanda,2018,56.7310978,54.4964563,56.7957183
RWA,Rwanda,2019,55.7922219,54.5454018,56.5891947
RWA,Rwanda,2020,56.4078546,56.4227918,56.77857
RWA,Rwanda,2021,55.4292332,57.29228,57.4184528
RWA,Rwanda,2022,58.5045849,57.0811012,57.3046415
RWA,Rwanda,2023,59.2865923,58.1948661,58.4144685
RWA,Rwanda,2024,58.1246449,58.6905257,59.1148394
SAU,Saudi Arabia,1996,45.4496463,60.5540714,49.1532884
SAU,Saudi Arabia,1998,45.3679406,57.4645712,50.6149316
SAU,Saudi Arabia,2000,45.3962005,52.9072905,53.9369559
SAU,Saudi Arabia,2002,40.6328803,54.4491699,50.9889998
SAU,Saudi Arabia,2003,40.5506399,55.1046395,52.1743876
SAU,Saudi Arabia,2004,41.1105265,55.5422027,53.3878944
SAU,Saudi Arabia,2005,42.2803838,52.9324818,54.6136097
SAU,Saudi Arabia,2006,47.579204,54.7330398,53.425383
SAU,Saudi Arabia,2007,48.6124747,54.2546442,55.7363346
SAU,Saudi Arabia,2008,49.9245436,53.6758482,59.1483095
SAU,Saudi Arabia,2009,50.4049334,51.7252129,59.0172049
SAU,Saudi Arabia,2010,53.073876,53.8738625,60.3517431
SAU,Saudi Arabia,2011,51.5118931,54.2514241,61.082138
SAU,Saudi Arabia,2012,51.2044443,53.7610533,58.6352084
SAU,Saudi Arabia,2013,49.8606797,53.4764502,59.1553247
SAU,Saudi Arabia,2014,52.8043993,49.4849731,57.9327825
SAU,Saudi Arabia,2015,52.9975543,52.3558045,58.6054982
SAU,Saudi Arabia,2016,56.8213355,53.5228864,57.8279089
SAU,Saudi Arabia,2017,54.7809656,51.2380399,56.4465642
SAU,Saudi Arabia,2018,56.5030836,52.9607246,56.1327398
SAU,Saudi Arabia,2019,56.4333535,54.0463,57.6909104
SAU,Saudi Arabia,2020,53.4389277,53.8782065,57.5945518
SAU,Saudi Arabia,2021,58.8939981,54.1098832,60.9762692
SAU,Saudi Arabia,2022,61.3410999,57.6414938,63.6030924
SAU,Saudi Arabia,2023,65.4540371,58.9708502,64.4850665
SAU,Saudi Arabia,2024,66.5710105,60.5850662,66.0645617
SDN,Sudan,1996,29.7309255,28.39775,30.9133234
SDN,Sudan,1998,29.6492198,28.3604492,33.6750206
SDN,Sudan,2000,29.6774797,29.0558563,30.747938
SDN,Sudan,2002,25.2511866,34.5555227,33.1873336
SDN,Sudan,2003,21.235802,29.9718805,31.6718736
SDN,Sudan,2004,26.3067713,30.529564,36.2362347
SDN,Sudan,2005,23.1902877,28.7740396,36.4766668
SDN,Sudan,2006,28.5979594,33.3335249,36.714943
SDN,Sudan,2007,28.4706672,32.8033286,35.7657795
SDN,Sudan,2008,25.8668562,32.4164939,34.4802605
SDN,Sudan,2009,27.4996056,32.9834782,35.4317834
SDN,Sudan,2010,25.7057645,33.1594335,33.919137
SDN,Sudan,2011,25.6491299,32.3334557,34.1519878
SDN,Sudan,2012,25.7528404,32.4568014,32.7933604
SDN,Sudan,2013,25.8422537,31.6175834,31.5652004
SDN,Sudan,2014,25.8815909,32.23568,32.2862556
SDN,Sudan,2015,26.1909997,31.3178917,31.8408659
SDN,Sudan,2016,26.5963122,31.4756433,32.5946168
SDN,Sudan,2017,27.1943753,33.1752484,32.3639503
SDN,Sudan,2018,22.3317137,33.4209519,31.1206277
SDN,Sudan,2019,23.7455895,32.485736,30.7397038
SDN,Sudan,2020,23.5485827,33.8185002,31.1921338
SDN,Sudan,2021,23.2904788,33.8937574,31.387641
SDN,Sudan,2022,21.4739485,32.4736249,30.4201038
SDN,Sudan,2023,16.8737656,28.4717405,29.5639854
SDN,Sudan,2024,16.4591471,26.4447602,28.6395041
SEN,Senegal,1996,45.4496463,55.4952037,51.1173712
SEN,Senegal,1998,40.1080395,56.1476495,52.5790145
SEN,Senegal,2000,40.1362995,56.181706,52.6230025
SEN,Senegal,2002,40.8356036,57.5005622,53.300915
SEN,Senegal,2003,36.6895358,53.8341678,50.8037471
SEN,Senegal,2004,39.1925645,54.6070987,48.7958165
SEN,Senegal,2005,40.843286,56.4876228,49.8581716
SEN,Senegal,2006,41.1530001,53.108475,48.461158
SEN,Senegal,2007,42.7186189,53.9133026,48.200988
SEN,Senegal,2008,46.1249118,53.2114432,49.8902885
SEN,Senegal,2009,44.7084538,51.9672109,49.1144087
SEN,Senegal,2010,45.788363,51.0798253,48.9005025
SEN,Senegal,2011,46.4693043,51.0220215,49.7209697
SEN,Senegal,2012,46.6746915,53.4890846,50.9807671
SEN,Senegal,2013,47.8301601,53.3757951,51.2493039
SEN,Senegal,2014,48.9253115,54.625435,50.6713145
SEN,Senegal,2015,48.1766856,54.6010027,52.3890682
SEN,Senegal,2016,47.7480792,55.8181884,52.2751323
SEN,Senegal,2017,50.7623495,54.7344924,51.9114907
SEN,Senegal,2018,49.6678242,54.5950702,51.3527707
SEN,Senegal,2019,53.7598532,55.0407431,51.6037477
SEN,Senegal,2020,52.997811,55.2541678,51.0489422
SEN,Senegal,2021,53.8862413,54.4086473,51.0670241
SEN,Senegal,2022,53.6808016,54.6305122,50.899161
SEN,Senegal,2023,54.28861,54.0331287,50.6656509
SEN,Senegal,2024,55.8984038,53.4421286,51.0517148
SGP,Singapore,1996,94.7718375,81.4286391,84.2606379
SGP,Singapore,1998,96.2460578,80.4460439,84.5604558
SGP,Singapore,2000,96.9403201,82.1930439,88.0869628
SGP,Singapore,2002,91.5412621,81.6381485,87.0307129
SGP,Singapore,2003,91.8302256,82.3933369,87.5060667
SGP,Singapore,2004,93.275029,82.8043061,84.6635788
SGP,Singapore,2005,93.6196879,83.1230088,85.5184986
SGP,Singapore,2006,94.0903284,81.7186928,85.9851119
SGP,Singapore,2007,95.6676507,81.4018782,87.4421009
SGP,Singapore,2008,95.925595,81.3751139,87.7977165
SGP,Singapore,2009,93.3599333,80.6871487,85.8155486
SGP,Singapore,2010,93.6769719,80.937647,86.4798046
SGP,Singapore,2011,92.7010182,81.4140703,85.5341928
SGP,Singapore,2012,94.9863419,83.6966209,88.3833661
SGP,Singapore,2013,93.6220464,82.4969849,87.7924378
SGP,Singapore,2014,93.3818933,83.4581304,88.9478347
SGP,Singapore,2015,93.8738309,83.5736762,90.0384427
SGP,Singapore,2016,95.0042168,83.5961362,89.5352634
SGP,Singapore,2017,94.4261072,82.6575367,88.7548541
SGP,Singapore,2018,94.4482054,83.3609829,88.5630657
SGP,Singapore,2019,94.9771682,83.234615,89.2601751
SGP,Singapore,2020,94.4177755,82.2710686,88.3329386
SGP,Singapore,2021,94.4686196,81.6232905,88.5386295
SGP,Singapore,2022,94.1426523,81.5399907,87.1812874
SGP,Singapore,2023,95.3284225,81.48039,88.4485778
SGP,Singapore,2024,95.6655857,81.596249,88.4893485
SLB,Solomon Islands,1996,,70.9557954,
SLB,Solomon Islands,1998,,70.3234655,
SLB,Solomon Islands,2000,,63.9504591,
SLB,Solomon Islands,2002,,69.4437284,
SLB,Solomon Islands,2003,,70.0407539,
SLB,Solomon Islands,2004,30.6173589,51.7137489,39.1988897
SLB,Solomon Islands,2005,36.6636636,47.8398657,36.4406607
SLB,Solomon Islands,2006,35.2466204,47.3689826,35.161302
SLB,Solomon Islands,2007,32.9768713,46.8852224,36.0732591
SLB,Solomon Islands,2008,32.8332655,49.1175883,35.4980376
SLB,Solomon Islands,2009,34.3608811,47.1365124,34.94045
SLB,Solomon Islands,2010,33.597643,48.7579001,36.0399105
SLB,Solomon Islands,2011,34.591771,49.7954697,38.1996457
SLB,Solomon Islands,2012,35.6728741,50.1876741,38.26117
SLB,Solomon Islands,2013,34.5384069,50.1427972,38.3305642
SLB,Solomon Islands,2014,34.1642807,52.9686191,39.3016752
SLB,Solomon Islands,2015,34.1319647,52.9795738,40.4504923
SLB,Solomon Islands,2016,34.1431975,53.4354096,40.464081
SLB,Solomon Islands,2017,30.2323343,53.5076515,40.4784598
SLB,Solomon Islands,2018,29.9329761,54.1718194,40.4843725
SLB,Solomon Islands,2019,32.4288124,55.5425693,43.0236864
SLB,Solomon Islands,2020,32.3614233,60.5984199,40.4902631
SLB,Solomon Islands,2021,29.5707573,57.2289463,38.1800039
SLB,Solomon Islands,2022,33.6434745,59.5015181,38.1507479
SLB,Solomon Islands,2023,33.6582675,59.5844582,38.1538659
SLB,Solomon Islands,2024,34.4510294,59.6040836,40.8504209
SLE,Sierra Leone,1996,19.365579,35.6543453,25.5604859
SLE,Sierra Leone,1998,11.7878244,37.9888446,23.6856504
SLE,Sierra Leone,2000,11.827914,38.2374481,25.8990384
SLE,Sierra Leone,2002,10.9978624,31.3690006,32.9549512
SLE,Sierra Leone,2003,10.8678033,36.9143753,32.9553959
SLE,Sierra Leone,2004,24.3187156,39.2651078,35.7326375
SLE,Sierra Leone,2005,25.2855733,40.4390499,36.6760113
SLE,Sierra Leone,2006,28.0732217,41.9588341,36.8779706
SLE,Sierra Leone,2007,29.1651764,42.2149001,37.1222857
SLE,Sierra Leone,2008,28.5210661,42.0940569,37.3520737
SLE,Sierra Leone,2009,28.2811444,42.549101,39.2467923
SLE,Sierra Leone,2010,29.1135234,42.5656801,39.7734552
SLE,Sierra Leone,2011,29.3026709,43.4781967,40.0458387
SLE,Sierra Leone,2012,29.9020484,44.2013733,39.9158759
SLE,Sierra Leone,2013,29.7841088,42.1297915,40.1520655
SLE,Sierra Leone,2014,30.9604681,41.5713214,40.8361682
SLE,Sierra Leone,2015,28.950985,43.3799443,40.2811609
SLE,Sierra Leone,2016,31.0381897,43.1532845,40.4544273
SLE,Sierra Leone,2017,31.5694665,43.9263755,40.3730515
SLE,Sierra Leone,2018,32.3906127,44.2858469,40.3917044
SLE,Sierra Leone,2019,31.0425355,43.5069352,40.8066709
SLE,Sierra Leone,2020,32.7329169,45.3519897,40.5946053
SLE,Sierra Leone,2021,31.6595778,43.8997041,40.4559666
SLE,Sierra Leone,2022,32.7063428,43.5295173,39.0056536
SLE,Sierra Leone,2023,32.7813461,42.7332607,39.1025137
SLE,Sierra Leone,2024,32.5361337,42.5322345,38.1620198
SLV,El Salvador,1996,29.7872451,42.2914551,48.976046
SLV,El Salvador,1998,34.0022381,44.9258251,53.9821079
SLV,El Salvador,2000,32.6343202,42.0473419,52.9511679
SLV,El Salvador,2002,34.0586452,44.8278584,54.4872191
SLV,El Salvador,2003,35.0857542,45.285145,55.5800493
SLV,El Salvador,2004,42.0933731,48.9116433,61.4384539
SLV,El Salvador,2005,41.1632043,48.3868735,61.6352907
SLV,El Salvador,2006,43.1190471,45.6991141,58.3765556
SLV,El Salvador,2007,43.1643867,45.1010249,59.0629404
SLV,El Salvador,2008,42.553932,45.4092015,61.1106733
SLV,El Salvador,2009,44.824803,45.0488318,63.4001189
SLV,El Salvador,2010,47.2970654,43.1965315,62.5286423
SLV,El Salvador,2011,45.7816782,45.2329914,62.0424425
SLV,El Salvador,2012,46.2276637,43.0148003,58.4976201
SLV,El Salvador,2013,46.8970397,45.2381082,58.5649562
SLV,El Salvador,2014,49.0592944,46.4711587,57.8661104
SLV,El Salvador,2015,45.4063483,43.7543201,56.5082463
SLV,El Salvador,2016,45.0266455,44.1267632,54.6737304
SLV,El Salvador,2017,44.5116454,42.1456598,53.864114
SLV,El Salvador,2018,44.241356,42.6501709,54.4818521
SLV,El Salvador,2019,44.6381812,44.0743893,53.9808099
SLV,El Salvador,2020,48.5651694,45.071142,53.6791988
SLV,El Salvador,2021,46.5089234,42.5917078,50.2997981
SLV,El Salvador,2022,43.813815,40.3615724,48.7776873
SLV,El Salvador,2023,49.4975432,44.795442,49.8317655
SLV,El Salvador,2024,47.7787327,44.6872968,52.083202
SMR,San Marino,1996,,72.5207113,
SMR,San Marino,1998,,72.1425904,
SMR,San Marino,2000,,71.8939267,
SMR,San Marino,2002,,72.2064542,
SMR,San Marino,2003,,72.0734774,
SMR,San Marino,2004,,71.9668881,
SMR,San Marino,2005,,80.8892815,
SMR,San Marino,2006,,80.8423841,
SMR,San Marino,2007,,80.9348331,
SMR,San Marino,2008,,80.8493733,
SMR,San Marino,2009,,80.7462072,
SMR,San Marino,2010,,80.7157357,
SMR,San Marino,2011,,80.9748394,
SMR,San Marino,2012,,80.8761257,
SMR,San Marino,2013,,80.6554776,
SMR,San Marino,2014,,80.7668842,
SMR,San Marino,2015,79.6028749,85.716691,68.5327496
SMR,San Marino,2016,79.6220817,85.7256957,68.5735707
SMR,San Marino,2017,79.6283194,85.7036608,68.6167623
SMR,San Marino,2018,79.6625603,84.8085442,68.634521
SMR,San Marino,2019,79.695934,84.8051674,68.6826695
SMR,San Marino,2020,79.6006175,82.0412851,68.6006897
SMR,San Marino,2021,79.6571821,81.9380691,68.5677148
SMR,San Marino,2022,73.8781316,78.3564925,68.4798333
SMR,San Marino,2023,68.8179323,81.2323803,68.4891968
SMR,San Marino,2024,68.793847,76.8913264,68.5104015
SOM,"Somalia, Fed. Rep.",1996,11.9037321,17.2309345,8.3901671
SOM,"Somalia, Fed. Rep.",1998,11.7878244,17.1211577,14.1405974
SOM,"Somalia, Fed. Rep.",2000,11.827914,17.0357049,19.6461543
SOM,"Somalia, Fed. Rep.",2002,14.050978,13.8290927,19.4838948
SOM,"Somalia, Fed. Rep.",2003,8.696023,13.7996056,18.3751891
SOM,"Somalia, Fed. Rep.",2004,13.9353872,14.188836,24.9090868
SOM,"Somalia, Fed. Rep.",2005,11.9190326,16.5999884,24.6083511
SOM,"Somalia, Fed. Rep.",2006,11.9006425,14.1098664,22.3050896
SOM,"Somalia, Fed. Rep.",2007,11.9284513,14.1604538,22.3241604
SOM,"Somalia, Fed. Rep.",2008,12.0506025,14.5073269,21.8021043
SOM,"Somalia, Fed. Rep.",2009,14.1449704,16.0536725,22.4310071
SOM,"Somalia, Fed. Rep.",2010,10.8098893,15.9177819,20.7066987
SOM,"Somalia, Fed. Rep.",2011,10.6819243,15.9946656,20.1909544
SOM,"Somalia, Fed. Rep.",2012,11.1874825,16.4370736,21.5888385
SOM,"Somalia, Fed. Rep.",2013,10.6955099,16.3872555,19.8878545
SOM,"Somalia, Fed. Rep.",2014,8.4537913,18.6118783,22.0434292
SOM,"Somalia, Fed. Rep.",2015,11.4613962,19.1801396,22.7373922
SOM,"Somalia, Fed. Rep.",2016,12.9063358,18.4495039,21.9091576
SOM,"Somalia, Fed. Rep.",2017,12.43294,17.0912197,21.9264273
SOM,"Somalia, Fed. Rep.",2018,11.8103814,17.2978239,23.6696629
SOM,"Somalia, Fed. Rep.",2019,12.2348482,17.7778166,23.7353761
SOM,"Somalia, Fed. Rep.",2020,13.6404214,19.3865751,25.3921244
SOM,"Somalia, Fed. Rep.",2021,13.161278,19.6488886,26.6632126
SOM,"Somalia, Fed. Rep.",2022,13.508484,19.0121046,26.6518083
SOM,"Somalia, Fed. Rep.",2023,15.0705194,20.2994773,28.0555751
SOM,"Somalia, Fed. Rep.",2024,13.4236225,19.0073717,27.6160004
SRB,Serbia,1996,40.8279758,36.5981475,32.3274931
SRB,Serbia,1998,34.9091227,34.9435845,26.5406624
SRB,Serbia,2000,34.8636684,32.7175762,25.2183108
SRB,Serbia,2002,42.3284494,41.6311974,40.424337
SRB,Serbia,2003,39.364226,41.8674987,40.386514
SRB,Serbia,2004,45.8533372,44.1405472,44.4559175
SRB,Serbia,2005,43.2901234,41.8687309,43.5528191
SRB,Serbia,2006,44.758528,49.5102006,45.6874493
SRB,Serbia,2007,44.5485559,52.4110818,48.2301004
SRB,Serbia,2008,45.0068457,50.3917139,48.5492146
SRB,Serbia,2009,46.8141732,49.8786955,49.3518837
SRB,Serbia,2010,46.8152212,49.8112674,50.4168773
SRB,Serbia,2011,45.7020802,52.9772348,50.4784379
SRB,Serbia,2012,45.6508238,53.2932801,50.4953306
SRB,Serbia,2013,46.5369286,53.4589418,50.9473049
SRB,Serbia,2014,53.3985172,55.7491029,54.8908413
SRB,Serbia,2015,50.5063767,56.2968645,56.0846496
SRB,Serbia,2016,52.4828166,55.7730878,54.7222701
SRB,Serbia,2017,53.5512889,55.242332,55.1398973
SRB,Serbia,2018,54.1095364,55.2452441,56.2769537
SRB,Serbia,2019,52.6343108,55.8408842,55.8765472
SRB,Serbia,2020,52.2674644,54.6437868,55.8925158
SRB,Serbia,2021,52.5624827,53.6493317,55.7399573
SRB,Serbia,2022,54.8176118,54.2806083,56.2704953
SRB,Serbia,2023,53.3537882,53.7972921,56.2043515
SRB,Serbia,2024,53.3227691,53.5212307,56.0984827
SSD,South Sudan,2011,20.6906617,33.8079242,29.993121
SSD,South Sudan,2012,22.2859444,37.0869057,32.4232635
SSD,South Sudan,2013,19.1508295,33.7003453,30.0941906
SSD,South Sudan,2014,15.7557228,28.065623,28.544087
SSD,South Sudan,2015,12.8069807,27.825587,28.4674316
SSD,South Sudan,2016,11.4218237,26.7323683,27.1286746
SSD,South Sudan,2017,9.7648452,26.787656,26.5572334
SSD,South Sudan,2018,10.9648523,24.7667786,25.1220594
SSD,South Sudan,2019,10.6087176,24.7413532,25.2004591
SSD,South Sudan,2020,9.2813794,24.1341269,24.0730391
SSD,South Sudan,2021,7.7355934,22.9250905,24.3631591
SSD,South Sudan,2022,8.235468,23.7501028,24.3495563
SSD,South Sudan,2023,8.4465115,22.5403676,23.2975773
SSD,South Sudan,2024,9.0916193,23.0160749,24.4315487
STP,Sao Tome and Principe,1996,35.9853648,59.7245568,43.6032734
STP,Sao Tome and Principe,1998,35.8078895,59.5976829,44.090429
STP,Sao Tome and Principe,2000,35.8692743,59.2383303,44.223043
STP,Sao Tome and Principe,2002,35.8741586,53.9092667,50.0242068
STP,Sao Tome and Principe,2003,35.6242602,54.0792482,47.2245588
STP,Sao Tome and Principe,2004,35.2952304,49.0274008,39.6449749
STP,Sao Tome and Principe,2005,33.5700909,49.802268,42.3878883
STP,Sao Tome and Principe,2006,31.5273604,49.7512589,43.236069
STP,Sao Tome and Principe,2007,34.1452741,50.6878619,42.4700953
STP,Sao Tome and Principe,2008,36.1484885,49.995792,42.9673193
STP,Sao Tome and Principe,2009,36.2222552,47.3308127,42.6127541
STP,Sao Tome and Principe,2010,35.4588946,48.5750347,42.3477185
STP,Sao Tome and Principe,2011,36.8454691,48.5620802,43.6822883
STP,Sao Tome and Principe,2012,36.081041,47.0118588,43.240586
STP,Sao Tome and Principe,2013,34.9352711,45.4944995,41.4135316
STP,Sao Tome and Principe,2014,37.0540723,46.0064267,42.3016329
STP,Sao Tome and Principe,2015,38.5418684,46.926115,43.0185275
STP,Sao Tome and Principe,2016,39.741267,48.2600891,43.3392141
STP,Sao Tome and Principe,2017,40.7292235,48.3736505,42.7356198
STP,Sao Tome and Principe,2018,43.9278328,48.4455172,41.7971603
STP,Sao Tome and Principe,2019,42.4090624,48.5757248,41.398585
STP,Sao Tome and Principe,2020,41.8378146,50.8225907,41.7600912
STP,Sao Tome and Principe,2021,39.8252788,50.1874332,41.8956308
STP,Sao Tome and Principe,2022,38.6919666,51.8981977,41.9543257
STP,Sao Tome and Principe,2023,38.1821735,50.8870276,40.9661815
STP,Sao Tome and Principe,2024,37.3665708,50.8864648,40.8123471
SUR,Suriname,1996,39.0348755,55.2635046,38.1034621
SUR,Suriname,1998,46.3808146,55.2003018,40.5105231
SUR,Suriname,2000,52.9773364,55.1587379,39.9720489
SUR,Suriname,2002,52.9805252,54.5330101,42.5093724
SUR,Suriname,2003,52.8173199,54.5107825,42.5100806
SUR,Suriname,2004,51.0695903,54.5316763,41.3616215
SUR,Suriname,2005,50.9616273,56.7210826,44.5533785
SUR,Suriname,2006,46.128017,53.3960556,46.3008882
SUR,Suriname,2007,45.9498515,53.6929746,47.2631073
SUR,Suriname,2008,48.3633016,54.0587503,47.5324564
SUR,Suriname,2009,49.9966031,54.6782547,47.7087887
SUR,Suriname,2010,50.0118122,55.5696486,47.4438935
SUR,Suriname,2011,49.2552668,55.659683,48.2874358
SUR,Suriname,2012,51.3128816,55.8021497,48.7659786
SUR,Suriname,2013,51.1241716,55.7911538,49.3147184
SUR,Suriname,2014,50.0904536,54.7294101,44.6337954
SUR,Suriname,2015,50.072217,53.5838897,45.1233261
SUR,Suriname,2016,50.6703112,53.3546466,44.7438468
SUR,Suriname,2017,48.86759,52.8102583,44.337012
SUR,Suriname,2018,48.8805183,52.4780246,43.430537
SUR,Suriname,2019,48.6264355,52.6862672,45.3650405
SUR,Suriname,2020,48.5825543,53.7793259,43.8917138
SUR,Suriname,2021,45.5274846,53.5712984,44.9491339
SUR,Suriname,2022,44.1239744,53.1846565,43.533242
SUR,Suriname,2023,44.136018,53.7366726,43.3391857
SUR,Suriname,2024,42.5072216,53.3749759,40.3728954
SVK,Slovak Republic,1996,61.0084011,61.3053771,56.1334937
SVK,Slovak Republic,1998,58.2638174,60.4981573,58.7287472
SVK,Slovak Republic,2000,61.2088864,61.0005067,60.3084505
SVK,Slovak Republic,2002,58.8428759,61.2705289,67.6775427
SVK,Slovak Republic,2003,61.5621551,62.5838226,71.047154
SVK,Slovak Republic,2004,65.4029324,62.1431528,72.6410343
SVK,Slovak Republic,2005,68.274575,63.899302,73.8741765
SVK,Slovak Republic,2006,64.9890003,64.3707325,72.9878715
SVK,Slovak Republic,2007,62.9013989,63.8004059,71.6034925
SVK,Slovak Republic,2008,63.7645112,65.0556376,71.939389
SVK,Slovak Republic,2009,64.1709165,63.4602622,71.1287633
SVK,Slovak Republic,2010,60.3353716,61.6229542,70.6100964
SVK,Slovak Republic,2011,60.6032227,62.5090937,70.1388637
SVK,Slovak Republic,2012,61.430173,62.7294974,70.2370487
SVK,Slovak Republic,2013,60.4719231,62.3770084,68.302602
SVK,Slovak Republic,2014,65.2069308,60.752874,66.3341836
SVK,Slovak Republic,2015,63.8746246,61.1753692,66.026849
SVK,Slovak Republic,2016,65.5394255,61.6864479,68.0983558
SVK,Slovak Republic,2017,62.4352091,61.4165135,66.5592118
SVK,Slovak Republic,2018,61.6389123,62.2253529,65.6685855
SVK,Slovak Republic,2019,59.8649255,63.2840624,66.3324661
SVK,Slovak Republic,2020,64.9044752,66.0276585,64.477053
SVK,Slovak Republic,2021,65.6644156,69.1341509,66.552818
SVK,Slovak Republic,2022,66.8181382,67.1566049,66.3156805
SVK,Slovak Republic,2023,62.7084734,66.4899363,63.3366469
SVK,Slovak Republic,2024,64.126485,66.6189425,61.245571
SVN,Slovenia,1996,66.3938113,75.1451404,65.8089101
SVN,Slovenia,1998,61.0866613,78.2254381,67.6645739
SVN,Slovenia,2000,60.5322132,73.5290709,64.6316587
SVN,Slovenia,2002,64.0204509,71.1214157,67.7407057
SVN,Slovenia,2003,67.2458911,71.1148636,68.9040104
SVN,Slovenia,2004,66.4847685,69.503052,67.0758094
SVN,Slovenia,2005,65.96013,70.1604182,67.1987476
SVN,Slovenia,2006,66.6016329,70.535942,68.3219771
SVN,Slovenia,2007,66.0814587,71.8389265,69.1388074
SVN,Slovenia,2008,70.4420524,71.9377297,69.3526079
SVN,Slovenia,2009,70.9491602,71.7969978,70.5077778
SVN,Slovenia,2010,66.7615716,71.2311976,67.7420115
SVN,Slovenia,2011,67.4058609,70.3779684,66.5993989
SVN,Slovenia,2012,68.0873096,70.702471,65.0103337
SVN,Slovenia,2013,67.4943545,69.6825269,64.6034515
SVN,Slovenia,2014,71.3685561,70.9090511,63.3789979
SVN,Slovenia,2015,71.2158233,70.8631553,63.9180477
SVN,Slovenia,2016,74.67346,71.0108421,65.0040219
SVN,Slovenia,2017,75.4494767,69.4542372,64.4348235
SVN,Slovenia,2018,76.6205375,70.0199031,65.1364703
SVN,Slovenia,2019,76.0758989,72.7366471,68.8169159
SVN,Slovenia,2020,77.9872169,73.0811279,67.8206368
SVN,Slovenia,2021,77.47504,72.9026581,67.9447815
SVN,Slovenia,2022,75.802794,72.8190416,66.4897497
SVN,Slovenia,2023,73.9433915,73.6727149,67.4059809
SVN,Slovenia,2024,72.521532,73.8081992,67.4509563
SWE,Sweden,1996,85.5207947,86.7243209,73.7626394
SWE,Sweden,1998,85.9036571,85.839424,72.9201285
SWE,Sweden,2000,89.3536524,89.4183347,77.8582597
SWE,Sweden,2002,90.7449206,89.667229,82.9124701
SWE,Sweden,2003,89.8772137,89.9962546,83.7091807
SWE,Sweden,2004,87.2003458,89.0382053,83.1273857
SWE,Sweden,2005,86.8969802,87.3418547,81.7112682
SWE,Sweden,2006,86.7097829,88.9308759,81.2955588
SWE,Sweden,2007,89.7790914,89.6576099,82.771942
SWE,Sweden,2008,89.7862352,90.0980594,83.0373671
SWE,Sweden,2009,91.4146193,89.2583715,82.6242143
SWE,Sweden,2010,89.1761479,89.2438233,82.433022
SWE,Sweden,2011,89.9131035,89.8197003,87.4426451
SWE,Sweden,2012,90.2247989,90.3309494,86.7436005
SWE,Sweden,2013,89.1206664,89.7310532,85.9518547
SWE,Sweden,2014,88.6060706,89.330092,82.0803778
SWE,Sweden,2015,86.9421622,90.4975318,83.0277119
SWE,Sweden,2016,86.5662432,90.4468153,83.3458545
SWE,Sweden,2017,87.8289379,89.227912,82.3920542
SWE,Sweden,2018,88.642499,88.6126758,82.6107707
SWE,Sweden,2019,88.1363537,89.0964326,82.901326
SWE,Sweden,2020,89.8547462,88.2963879,81.9153993
SWE,Sweden,2021,89.5832785,87.7428486,81.3707932
SWE,Sweden,2022,88.5743205,86.879293,80.476847
SWE,Sweden,2023,84.2596283,86.1321936,81.237255
SWE,Sweden,2024,85.8476797,86.6824542,81.2293598
SWZ,Eswatini,1996,46.0244582,56.8694147,47.3785904
SWZ,Eswatini,1998,45.8469829,53.3354653,47.7308908
SWZ,Eswatini,2000,45.9083676,53.3221339,47.8267921
SWZ,Eswatini,2002,45.913252,47.1292426,49.1322635
SWZ,Eswatini,2003,35.6242602,48.7627621,49.1331988
SWZ,Eswatini,2004,29.3731089,44.4113594,43.0773092
SWZ,Eswatini,2005,30.2583465,43.4194377,44.8715827
SWZ,Eswatini,2006,40.4325116,46.4972484,48.0016388
SWZ,Eswatini,2007,39.858985,45.484161,46.0011618
SWZ,Eswatini,2008,45.2204965,48.0103652,48.3943314
SWZ,Eswatini,2009,43.5921765,47.1446015,48.6298208
SWZ,Eswatini,2010,46.3681273,46.6125997,48.5079518
SWZ,Eswatini,2011,44.451888,45.0266403,47.8346399
SWZ,Eswatini,2012,47.7003071,46.4444718,48.3263203
SWZ,Eswatini,2013,47.3037114,46.5204192,50.2323343
SWZ,Eswatini,2014,46.0111935,46.9599771,48.8603248
SWZ,Eswatini,2015,45.7013588,47.7074104,48.7753689
SWZ,Eswatini,2016,46.5114453,47.7098147,48.2858855
SWZ,Eswatini,2017,45.7502683,48.9057039,48.7626493
SWZ,Eswatini,2018,42.5740624,48.954677,46.9602724
SWZ,Eswatini,2019,41.6919027,47.3764142,46.6148767
SWZ,Eswatini,2020,39.2160684,45.6126991,46.5960835
SWZ,Eswatini,2021,37.2765527,44.9567992,46.6027011
SWZ,Eswatini,2022,39.0505843,44.4531297,45.0533389
SWZ,Eswatini,2023,37.3840626,44.4450579,45.0553103
SWZ,Eswatini,2024,36.1519495,42.1656207,44.8006019
SYC,Seychelles,1996,66.1026449,64.863382,57.607978
SYC,Seychelles,1998,65.9251677,64.7365081,58.0951335
SYC,Seychelles,2000,65.9865524,64.974971,58.2277459
SYC,Seychelles,2002,65.9914368,65.2484508,61.2279748
SYC,Seychelles,2003,65.7415403,66.3228203,64.0302061
SYC,Seychelles,2004,56.7421342,64.8374093,48.3600333
SYC,Seychelles,2005,57.912532,64.0455293,52.0337901
SYC,Seychelles,2006,57.882946,62.1829388,52.0105383
SYC,Seychelles,2007,57.9276867,63.713571,54.4019226
SYC,Seychelles,2008,57.9625848,62.5752,52.9959619
SYC,Seychelles,2009,62.9735071,60.3418875,56.4203521
SYC,Seychelles,2010,62.9966319,58.8142621,58.2771183
SYC,Seychelles,2011,62.9830269,58.8923126,57.1856635
SYC,Seychelles,2012,65.153802,59.3522445,57.708412
SYC,Seychelles,2013,63.7929812,59.6881063,56.7425859
SYC,Seychelles,2014,62.4827984,59.3773928,53.4671095
SYC,Seychelles,2015,64.1264286,61.9891394,59.3315025
SYC,Seychelles,2016,67.1504773,62.7700871,58.8420191
SYC,Seychelles,2017,63.3720998,61.3002621,56.9076654
SYC,Seychelles,2018,63.9890235,64.445451,58.8493418
SYC,Seychelles,2019,62.2651148,64.4171755,59.1892222
SYC,Seychelles,2020,60.9952394,66.1375161,59.166882
SYC,Seychelles,2021,62.2528806,66.4674143,59.157897
SYC,Seychelles,2022,59.3334232,67.2621254,60.0165231
SYC,Seychelles,2023,61.6339366,66.5105358,61.6153209
SYC,Seychelles,2024,63.5273525,67.2377568,61.008506
SYR,Syrian Arab Republic,1996,30.3691579,47.3694163,38.1981868
SYR,Syrian Arab Republic,1998,25.0275512,47.3411271,33.8367424
SYR,Syrian Arab Republic,2000,29.6774797,47.5058782,33.8807304
SYR,Syrian Arab Republic,2002,26.8796836,44.2406154,39.9974236
SYR,Syrian Arab Republic,2003,22.864299,43.5384617,39.8907362
SYR,Syrian Arab Republic,2004,27.3579228,44.2281721,37.2891852
SYR,Syrian Arab Republic,2005,26.4984622,43.5336118,37.2589955
SYR,Syrian Arab Republic,2006,31.4629424,40.5930908,34.2458041
SYR,Syrian Arab Republic,2007,32.6819813,41.4693962,37.1387511
SYR,Syrian Arab Republic,2008,36.2838694,43.1398619,40.5092582
SYR,Syrian Arab Republic,2009,37.442941,43.2288429,41.5997889
SYR,Syrian Arab Republic,2010,37.8431962,43.8349385,43.1098235
SYR,Syrian Arab Republic,2011,37.9439512,40.067741,41.651762
SYR,Syrian Arab Republic,2012,33.2996984,34.1414831,32.40427
SYR,Syrian Arab Republic,2013,29.2645568,29.6304046,30.7936736
SYR,Syrian Arab Republic,2014,31.5785352,28.2933085,29.04585
SYR,Syrian Arab Republic,2015,27.1159673,28.6062077,30.4195487
SYR,Syrian Arab Republic,2016,22.7390037,25.1896198,29.0585255
SYR,Syrian Arab Republic,2017,22.7411231,25.8597374,29.0097903
SYR,Syrian Arab Republic,2018,22.7527564,26.383812,30.4497683
SYR,Syrian Arab Republic,2019,20.4407322,25.454539,29.6814099
SYR,Syrian Arab Republic,2020,22.6938196,25.1000037,28.8698836
SYR,Syrian Arab Republic,2021,21.6579239,24.4584471,27.1837909
SYR,Syrian Arab Republic,2022,19.9404842,24.6884269,25.0212658
SYR,Syrian Arab Republic,2023,19.9499281,24.9224185,25.0233571
SYR,Syrian Arab Republic,2024,18.8174812,25.7521361,23.3597703
TCD,Chad,1996,35.9853648,38.2805385,34.6580738
TCD,Chad,1998,35.8078895,38.20408,35.0103726
TCD,Chad,2000,35.8692743,38.1537989,35.1062755
TCD,Chad,2002,27.9739949,36.9879493,38.4298879
TCD,Chad,2003,20.0635668,31.9477105,36.3161895
TCD,Chad,2004,26.6026082,36.3921595,39.1352158
TCD,Chad,2005,24.575608,30.8872489,34.8081562
TCD,Chad,2006,23.1770074,30.1887284,35.870762
TCD,Chad,2007,23.4350801,30.7522034,35.8766305
TCD,Chad,2008,22.5195196,29.9891514,35.4579167
TCD,Chad,2009,25.3601664,30.4873049,36.2415355
TCD,Chad,2010,26.123387,30.368212,35.8270578
TCD,Chad,2011,27.3543374,30.4622168,35.9300389
TCD,Chad,2012,25.7021537,30.175934,35.687058
TCD,Chad,2013,26.9706388,30.2671938,35.5527344
TCD,Chad,2014,27.0068202,33.339855,36.4737696
TCD,Chad,2015,27.3784654,33.5366095,36.7254531
TCD,Chad,2016,28.2551905,32.8620222,36.8461518
TCD,Chad,2017,29.9436956,34.2717165,37.64593
TCD,Chad,2018,28.4343341,33.601962,37.1356993
TCD,Chad,2019,26.7968754,34.22622,36.7072687
TCD,Chad,2020,27.4402352,34.0153975,36.7671449
TCD,Chad,2021,27.220965,33.8494949,37.6904732
TCD,Chad,2022,28.4854174,33.1810243,38.4076691
TCD,Chad,2023,27.707048,31.9257703,37.7675024
TCD,Chad,2024,29.9423228,32.1012472,37.7058267
TGO,Togo,1996,32.4784433,41.6628909,41.2705794
TGO,Togo,1998,24.9006887,42.4306948,39.8577298
TGO,Togo,2000,24.9407784,42.5953014,37.7473434
TGO,Togo,2002,19.275874,38.8137881,38.8299599
TGO,Togo,2003,19.1458129,36.4646544,38.8304047
TGO,Togo,2004,21.1697196,39.0071331,35.5897042
TGO,Togo,2005,18.076946,37.0343373,36.4910456
TGO,Togo,2006,20.6076396,40.0548502,39.7395325
TGO,Togo,2007,21.136725,39.8884158,38.5560593
TGO,Togo,2008,22.1588505,42.123532,39.3998239
TGO,Togo,2009,23.200593,41.7634582,40.4708233
TGO,Togo,2010,24.9789334,42.5360312,41.2386817
TGO,Togo,2011,25.015037,43.3710739,38.8907588
TGO,Togo,2012,27.5056274,41.2308988,40.9709334
TGO,Togo,2013,26.8797516,39.976939,38.794878
TGO,Togo,2014,30.1819081,41.3616468,41.7751939
TGO,Togo,2015,30.1761041,42.9361302,42.2395219
TGO,Togo,2016,32.7136809,43.2062246,42.4801023
TGO,Togo,2017,32.2214828,43.0745231,42.6030799
TGO,Togo,2018,33.052911,45.0064693,44.0957976
TGO,Togo,2019,35.1629664,44.8662899,45.0661579
TGO,Togo,2020,34.1733493,46.3616797,47.134974
TGO,Togo,2021,34.287828,46.0737756,47.2652648
TGO,Togo,2022,32.5101273,45.3413466,48.225645
TGO,Togo,2023,33.4969833,46.1171793,48.4869254
TGO,Togo,2024,35.7568956,46.0727275,48.4262622
THA,Thailand,1996,59.2285558,67.4427449,53.9558421
THA,Thailand,1998,53.1377787,65.8843501,52.9045271
THA,Thailand,2000,56.7787454,67.6182717,60.0575288
THA,Thailand,2002,53.3914376,63.2052426,56.4379877
THA,Thailand,2003,55.0018108,56.9132487,57.5124978
THA,Thailand,2004,54.5948805,56.2123497,59.7023091
THA,Thailand,2005,56.1364744,56.0471699,59.8729101
THA,Thailand,2006,54.6647876,53.8860908,58.5360519
THA,Thailand,2007,54.2776202,53.268686,56.5033429
THA,Thailand,2008,53.3669421,53.0846554,56.6941282
THA,Thailand,2009,55.9956569,52.075628,58.9363338
THA,Thailand,2010,54.0252135,52.5273952,57.6009739
THA,Thailand,2011,53.713907,54.7719807,57.7530656
THA,Thailand,2012,54.8456403,54.9783525,56.1360565
THA,Thailand,2013,54.254093,53.1203728,56.9411828
THA,Thailand,2014,53.8461108,50.1167436,57.3820397
THA,Thailand,2015,52.6510813,50.4986354,58.1254903
THA,Thailand,2016,53.1751287,51.3201195,57.5485891
THA,Thailand,2017,54.3886359,51.474009,58.1795579
THA,Thailand,2018,54.7516616,51.8246908,57.1515751
THA,Thailand,2019,54.0667732,53.518212,56.2924522
THA,Thailand,2020,53.6186352,53.4591397,56.2170223
THA,Thailand,2021,55.3968725,52.532598,56.490505
THA,Thailand,2022,55.7638453,52.3485261,56.6541981
THA,Thailand,2023,57.278445,53.597765,56.7392613
THA,Thailand,2024,56.27225,53.2556386,56.5410603
TJK,Tajikistan,1996,25.9462734,25.6984198,25.8046449
TJK,Tajikistan,1998,25.7687961,32.5518664,26.5358237
TJK,Tajikistan,2000,25.8301809,34.5919372,32.926509
TJK,Tajikistan,2002,23.524021,41.5546046,31.0962924
TJK,Tajikistan,2003,23.3467751,41.5618951,34.0730724
TJK,Tajikistan,2004,28.1021952,41.0767443,38.4640425
TJK,Tajikistan,2005,26.5688456,38.7414515,39.5099195
TJK,Tajikistan,2006,25.9786107,37.1468334,37.9046885
TJK,Tajikistan,2007,27.4868211,36.9256001,38.3274919
TJK,Tajikistan,2008,27.3750725,36.6861872,38.1594206
TJK,Tajikistan,2009,27.9737947,35.9858509,37.9009223
TJK,Tajikistan,2010,31.2450663,36.0664762,39.1321041
TJK,Tajikistan,2011,30.5650798,35.8358752,39.1961203
TJK,Tajikistan,2012,31.9722727,35.8343727,39.8474689
TJK,Tajikistan,2013,31.7987912,35.2246112,39.6899313
TJK,Tajikistan,2014,37.6333349,37.3304406,40.0204435
TJK,Tajikistan,2015,37.0338583,38.1895645,40.3201967
TJK,Tajikistan,2016,36.1671178,38.0168533,39.8043593
TJK,Tajikistan,2017,37.7511074,36.9271731,42.3924274
TJK,Tajikistan,2018,37.9433582,38.0306133,42.7259298
TJK,Tajikistan,2019,36.2561403,35.513381,42.2317402
TJK,Tajikistan,2020,36.4857236,35.6316357,42.116377
TJK,Tajikistan,2021,35.2353234,35.2935401,41.5942531
TJK,Tajikistan,2022,35.8259238,36.3235335,41.5786457
TJK,Tajikistan,2023,36.4005316,36.1623329,41.5803096
TJK,Tajikistan,2024,39.6559136,36.5918157,42.8953543
TKM,Turkmenistan,1996,25.9462734,29.8267529,20.8609448
TKM,Turkmenistan,1998,25.7687961,34.5663603,21.4601484
TKM,Turkmenistan,2000,25.8301809,34.0740396,21.5247403
TKM,Turkmenistan,2002,17.7511478,39.6462491,24.981148
TKM,Turkmenistan,2003,17.5713937,39.6267408,26.170168
TKM,Turkmenistan,2004,22.4174073,36.5074901,25.6043967
TKM,Turkmenistan,2005,17.5647788,30.2767147,21.9682216
TKM,Turkmenistan,2006,22.6330726,31.1304878,21.9543758
TKM,Turkmenistan,2007,22.6757231,32.1020148,23.926081
TKM,Turkmenistan,2008,23.0171445,32.844772,25.2025488
TKM,Turkmenistan,2009,23.1333012,32.8069669,24.7251353
TKM,Turkmenistan,2010,18.0588494,32.7936217,26.3248147
TKM,Turkmenistan,2011,18.0458803,32.8404417,25.6795381
TKM,Turkmenistan,2012,25.6650331,32.813433,26.486191
TKM,Turkmenistan,2013,25.2718284,32.5424746,26.4798367
TKM,Turkmenistan,2014,39.5058232,31.952471,27.463352
TKM,Turkmenistan,2015,39.4451462,32.0967535,27.5038151
TKM,Turkmenistan,2016,35.8218153,31.594077,26.6476778
TKM,Turkmenistan,2017,34.0677197,31.4879989,26.6576879
TKM,Turkmenistan,2018,33.4162634,31.4367213,27.1248957
TKM,Turkmenistan,2019,35.3619409,29.514907,27.9058381
TKM,Turkmenistan,2020,32.1555481,30.6255654,27.8833418
TKM,Turkmenistan,2021,32.1822681,29.7273009,27.8742937
TKM,Turkmenistan,2022,41.89442,32.2906475,27.8501776
TKM,Turkmenistan,2023,41.9067358,32.3054918,27.8527468
TKM,Turkmenistan,2024,30.7465703,32.6429799,28.2317608
TLS,Timor-Leste,2000,,54.1048371,
TLS,Timor-Leste,2002,45.913252,44.8769777,33.2185594
TLS,Timor-Leste,2003,35.6242602,56.6101389,33.2198543
TLS,Timor-Leste,2004,41.9493474,52.0553917,37.2424576
TLS,Timor-Leste,2005,28.7927515,50.5742971,37.6561451
TLS,Timor-Leste,2006,27.8726197,36.9866619,33.0986415
TLS,Timor-Leste,2007,27.9486536,37.7322382,32.3613796
TLS,Timor-Leste,2008,28.7574217,40.3477574,35.018558
TLS,Timor-Leste,2009,28.202225,38.4131418,37.266968
TLS,Timor-Leste,2010,25.6604677,39.1286149,38.2909716
TLS,Timor-Leste,2011,26.6497794,37.7704098,38.9227353
TLS,Timor-Leste,2012,26.8889797,37.9083915,38.4572008
TLS,Timor-Leste,2013,25.4567391,36.4281729,38.850272
TLS,Timor-Leste,2014,32.1105002,38.8709741,40.4701782
TLS,Timor-Leste,2015,32.090957,38.8462371,39.6883447
TLS,Timor-Leste,2016,32.0977508,38.8554173,39.9167039
TLS,Timor-Leste,2017,32.0999557,38.8708295,40.0268389
TLS,Timor-Leste,2018,32.3196926,41.048918,40.0786842
TLS,Timor-Leste,2019,37.3865145,43.5398489,42.5777668
TLS,Timor-Leste,2020,37.347539,44.0757024,41.2182798
TLS,Timor-Leste,2021,37.1147338,45.948282,41.2115233
TLS,Timor-Leste,2022,36.5587787,45.547295,41.9587669
TLS,Timor-Leste,2023,34.7149314,45.8964623,42.141605
TLS,Timor-Leste,2024,33.8688152,46.1963829,43.2827099
TON,Tonga,1996,,72.5207113,
TON,Tonga,1998,,72.1425904,
TON,Tonga,2000,,71.8939267,
TON,Tonga,2002,,72.2064542,
TON,Tonga,2003,,56.1623715,
TON,Tonga,2004,37.9185184,55.4340214,46.441727
TON,Tonga,2005,38.812325,67.33271,41.5351229
TON,Tonga,2006,38.7718231,66.5938097,41.5084077
TON,Tonga,2007,41.7538611,65.6200023,43.7027249
TON,Tonga,2008,43.7825918,57.8898408,42.4473576
TON,Tonga,2009,45.6569215,57.0989935,47.2143578
TON,Tonga,2010,46.247205,60.6717806,49.5248426
TON,Tonga,2011,45.2222601,58.5991179,48.2009501
TON,Tonga,2012,45.2261411,57.5188296,48.1393737
TON,Tonga,2013,45.2304733,57.4644266,48.4628188
TON,Tonga,2014,49.0008574,55.9971969,50.3291393
TON,Tonga,2015,48.9254515,56.8161304,50.5887164
TON,Tonga,2016,48.9366863,56.820125,50.602305
TON,Tonga,2017,52.8548488,58.3170345,50.6166854
TON,Tonga,2018,55.3405159,59.6433722,50.9058655
TON,Tonga,2019,55.3600358,61.0438811,51.0744619
TON,Tonga,2020,52.7072979,69.9498384,49.119823
TON,Tonga,2021,52.7403819,69.8702647,50.199544
TON,Tonga,2022,46.5865692,70.5919508,50.4243387
TON,Tonga,2023,48.5443896,70.7315726,51.1968655
TON,Tonga,2024,50.6156521,68.9135234,51.7954824
TTO,Trinidad and Tobago,1996,51.2867936,69.9624659,59.2458905
TTO,Trinidad and Tobago,1998,56.4649928,69.1803805,63.3076385
TTO,Trinidad and Tobago,2000,62.8984415,64.4682707,63.795417
TTO,Trinidad and Tobago,2002,60.6283016,64.8585492,65.8935979
TTO,Trinidad and Tobago,2003,59.6320561,61.6997742,66.5971515
TTO,Trinidad and Tobago,2004,57.162617,59.8817473,64.7826291
TTO,Trinidad and Tobago,2005,52.4949458,60.3065126,65.2382938
TTO,Trinidad and Tobago,2006,52.8173043,56.2773941,63.4582508
TTO,Trinidad and Tobago,2007,53.8682711,57.7015281,64.5889387
TTO,Trinidad and Tobago,2008,53.4371641,56.4547435,64.1673102
TTO,Trinidad and Tobago,2009,56.1723642,56.200266,63.2051479
TTO,Trinidad and Tobago,2010,56.1182631,55.7084357,63.3650875
TTO,Trinidad and Tobago,2011,56.9835726,55.1632592,63.0835471
TTO,Trinidad and Tobago,2012,57.79999,55.7465144,61.5937582
TTO,Trinidad and Tobago,2013,57.0339306,54.456777,61.2572513
TTO,Trinidad and Tobago,2014,57.7974837,57.2980387,56.9807028
TTO,Trinidad and Tobago,2015,57.4099527,57.1025991,55.5877189
TTO,Trinidad and Tobago,2016,57.4444133,56.5242506,55.0893121
TTO,Trinidad and Tobago,2017,57.7224862,56.860997,55.0494198
TTO,Trinidad and Tobago,2018,58.5127067,54.8663573,53.8432531
TTO,Trinidad and Tobago,2019,56.9038346,54.5919103,53.1878954
TTO,Trinidad and Tobago,2020,58.0585352,54.1816123,52.8339153
TTO,Trinidad and Tobago,2021,57.7989848,54.3593971,53.9983792
TTO,Trinidad and Tobago,2022,54.2714195,52.699917,53.6275127
TTO,Trinidad and Tobago,2023,54.2803521,51.5398365,52.2587568
TTO,Trinidad and Tobago,2024,53.5044657,50.5703661,51.604828
TUN,Tunisia,1996,61.7456133,52.5972345,52.548768
TUN,Tunisia,1998,61.6639076,52.5599338,56.5850846
TUN,Tunisia,2000,61.6921676,52.5354016,56.6290727
TUN,Tunisia,2002,60.2604441,52.6871312,53.8741525
TUN,Tunisia,2003,55.7583388,50.561494,54.9517979
TUN,Tunisia,2004,56.7129837,54.2078139,53.4119868
TUN,Tunisia,2005,56.5359596,52.4178043,52.4357138
TUN,Tunisia,2006,61.507041,54.8245508,59.1251697
TUN,Tunisia,2007,62.5005624,54.4173301,58.5942296
TUN,Tunisia,2008,61.4693002,55.0952683,59.1373042
TUN,Tunisia,2009,61.9131372,54.60234,58.8439448
TUN,Tunisia,2010,58.1843458,53.2215098,55.2457787
TUN,Tunisia,2011,54.12445,50.0289536,51.4365785
TUN,Tunisia,2012,53.9023545,53.9493263,52.182666
TUN,Tunisia,2013,50.1357795,53.1497394,51.2056376
TUN,Tunisia,2014,51.1111655,54.3439092,49.288899
TUN,Tunisia,2015,51.0695475,55.0802623,48.9272508
TUN,Tunisia,2016,50.2261845,55.2100379,48.1504689
TUN,Tunisia,2017,52.3589057,55.4108145,52.9646462
TUN,Tunisia,2018,53.3457442,55.9765957,53.0175341
TUN,Tunisia,2019,52.4136018,56.5024705,52.5974008
TUN,Tunisia,2020,50.7034788,56.7642866,53.1344129
TUN,Tunisia,2021,51.05841,56.7043417,51.716865
TUN,Tunisia,2022,48.3762785,52.8893312,49.6003388
TUN,Tunisia,2023,48.0648067,51.5463765,48.0108446
TUN,Tunisia,2024,46.6866126,50.6915088,48.7100878
TUR,Turkiye,1996,54.1290757,54.7642049,52.7303933
TUR,Turkiye,1998,45.6754166,53.7260192,56.4894609
TUR,Turkiye,2000,45.9089821,56.2126818,58.2531284
TUR,Turkiye,2002,49.8564079,54.8214219,55.4319477
TUR,Turkiye,2003,48.9666126,56.7498726,56.2057425
TUR,Turkiye,2004,52.9190452,59.3324591,54.3675693
TUR,Turkiye,2005,52.3095685,59.7745298,56.8883864
TUR,Turkiye,2006,52.8800113,59.5054577,59.3474821
TUR,Turkiye,2007,55.0674616,59.1166765,59.9815862
TUR,Turkiye,2008,53.8712791,58.7472573,59.8705854
TUR,Turkiye,2009,55.8382459,58.1371844,60.8718277
TUR,Turkiye,2010,56.4736084,57.8159363,60.7687394
TUR,Turkiye,2011,57.6042976,55.4513991,60.8813726
TUR,Turkiye,2012,58.8220358,55.1371299,62.2976509
TUR,Turkiye,2013,57.1877853,54.9868288,62.415875
TUR,Turkiye,2014,60.6603143,50.7499237,60.6809005
TUR,Turkiye,2015,57.8182771,48.7487819,58.28807
TUR,Turkiye,2016,55.4087042,47.5698504,57.2964845
TUR,Turkiye,2017,56.9298118,46.3736394,57.1293832
TUR,Turkiye,2018,52.2695935,44.7632614,55.6793272
TUR,Turkiye,2019,55.4219261,46.6891064,54.6143904
TUR,Turkiye,2020,52.7193901,44.7460611,52.2583184
TUR,Turkiye,2021,51.8281987,43.620488,52.9207969
TUR,Turkiye,2022,50.8583854,43.5432566,51.2488229
TUR,Turkiye,2023,49.1222075,43.2093397,51.536951
TUR,Turkiye,2024,49.9654888,42.4489468,51.5312748
TUV,Tuvalu,1996,,72.5207113,
TUV,Tuvalu,1998,,72.1425904,
TUV,Tuvalu,2000,,71.8939267,
TUV,Tuvalu,2002,,72.2064542,
TUV,Tuvalu,2003,,72.0734774,
TUV,Tuvalu,2004,37.1072789,68.4652638,49.6104735
TUV,Tuvalu,2005,43.5050479,80.4642649,51.0022809
TUV,Tuvalu,2006,43.4505327,77.9833558,46.0108202
TUV,Tuvalu,2007,43.01333,77.2551641,44.7569166
TUV,Tuvalu,2008,43.0776314,77.2090084,39.7774533
TUV,Tuvalu,2009,43.8218026,77.1532887,41.7413705
TUV,Tuvalu,2010,44.3840537,77.1368319,41.0706766
TUV,Tuvalu,2011,44.3589884,77.2767704,41.0856011
TUV,Tuvalu,2012,40.0558596,71.0831838,38.1446349
TUV,Tuvalu,2013,40.0610978,71.0061418,37.7910854
TUV,Tuvalu,2014,35.5412284,72.9853108,43.6094353
TUV,Tuvalu,2015,32.1469889,73.019622,45.1527398
TUV,Tuvalu,2016,32.1605666,73.0252775,45.5122825
TUV,Tuvalu,2017,36.8966943,73.0114383,43.8614106
TUV,Tuvalu,2018,40.2760767,71.7222173,45.5395418
TUV,Tuvalu,2019,40.299672,71.7202518,45.5610745
TUV,Tuvalu,2020,40.2322829,73.2513435,44.0591811
TUV,Tuvalu,2021,43.0253561,73.7070347,45.5096644
TUV,Tuvalu,2022,43.4053953,74.2448847,45.8116493
TUV,Tuvalu,2023,39.8572544,77.5437772,44.3506069
TUV,Tuvalu,2024,37.9049407,77.985113,48.5193751
TZA,Tanzania,1996,29.7309255,53.4614511,44.1780503
TZA,Tanzania,1998,35.486369,53.4241486,46.9397459
TZA,Tanzania,2000,35.514629,50.3519279,46.8384902
TZA,Tanzania,2002,38.1114828,49.0892061,42.322325
TZA,Tanzania,2003,36.2351738,49.3221737,43.7678324
TZA,Tanzania,2004,37.4620876,48.2387255,46.5618611
TZA,Tanzania,2005,40.9042002,50.8073248,47.8004853
TZA,Tanzania,2006,43.0774642,49.7249076,48.560671
TZA,Tanzania,2007,43.3780959,50.5833947,48.607378
TZA,Tanzania,2008,41.2982177,50.1873213,47.6903094
TZA,Tanzania,2009,42.385049,50.6956411,48.2540951
TZA,Tanzania,2010,42.533823,50.3901821,48.2416278
TZA,Tanzania,2011,41.7713471,50.3884146,48.0155728
TZA,Tanzania,2012,39.6484529,49.4698639,47.2154571
TZA,Tanzania,2013,40.2125686,48.4714503,47.995969
TZA,Tanzania,2014,41.9613677,48.9707001,48.1954553
TZA,Tanzania,2015,43.8155825,50.0401233,48.0023958
TZA,Tanzania,2016,44.5046552,49.425653,48.3436152
TZA,Tanzania,2017,44.388308,48.5865366,46.1058383
TZA,Tanzania,2018,42.2802282,47.4631509,44.6664643
TZA,Tanzania,2019,41.426521,47.1058361,43.9393435
TZA,Tanzania,2020,41.8444761,47.2373878,43.4386482
TZA,Tanzania,2021,41.8743343,47.239651,44.2117333
TZA,Tanzania,2022,43.0330171,47.5060194,45.2244399
TZA,Tanzania,2023,43.4631091,48.4544616,45.5476846
TZA,Tanzania,2024,45.6540613,48.0250787,46.4192385
UGA,Uganda,1996,35.5680728,50.0970219,51.1008933
UGA,Uganda,1998,40.746272,47.0805863,55.1626429
UGA,Uganda,2000,40.7745319,44.0218846,49.9555601
UGA,Uganda,2002,42.1162413,43.9720424,51.2214484
UGA,Uganda,2003,38.6330473,44.7860071,50.9473743
UGA,Uganda,2004,40.6937615,44.7287023,52.0569694
UGA,Uganda,2005,39.4660544,47.7698199,51.8552971
UGA,Uganda,2006,41.368014,52.3841987,49.2449298
UGA,Uganda,2007,42.5877704,51.700414,49.7731321
UGA,Uganda,2008,40.9403603,52.5040661,50.2742674
UGA,Uganda,2009,41.9060844,51.2428847,49.7561872
UGA,Uganda,2010,42.6276598,50.9439985,50.3026638
UGA,Uganda,2011,42.0579617,49.0030494,49.5489634
UGA,Uganda,2012,41.3771021,48.3645891,48.1716752
UGA,Uganda,2013,42.0634196,47.3705195,47.9448538
UGA,Uganda,2014,45.3640692,46.9257605,48.4304905
UGA,Uganda,2015,45.4117071,46.4629285,48.8132455
UGA,Uganda,2016,43.9804114,45.9583004,48.6487906
UGA,Uganda,2017,44.2525868,45.6532803,48.9575241
UGA,Uganda,2018,41.6890095,45.0276402,48.5369397
UGA,Uganda,2019,41.2885677,44.4307403,47.3621676
UGA,Uganda,2020,40.1302213,45.0855129,47.0537212
UGA,Uganda,2021,40.2816746,44.4403319,47.3094895
UGA,Uganda,2022,41.3273449,44.4176808,47.3505614
UGA,Uganda,2023,42.9488536,44.0086134,46.9737995
UGA,Uganda,2024,44.5324232,44.2541878,46.5941247
UKR,Ukraine,1996,28.660295,41.3631562,43.3894713
UKR,Ukraine,1998,28.235132,38.316132,39.5221077
UKR,Ukraine,2000,31.3403167,38.0236051,40.6365525
UKR,Ukraine,2002,31.5598183,41.9878324,41.6833175
UKR,Ukraine,2003,33.5518893,42.6760695,43.0964226
UKR,Ukraine,2004,36.0692891,43.7755581,47.8330786
UKR,Ukraine,2005,34.2393385,43.5139244,48.186442
UKR,Ukraine,2006,34.3093972,44.8200017,49.5243694
UKR,Ukraine,2007,35.8757316,45.7067178,49.6643928
UKR,Ukraine,2008,35.2942427,45.8654383,45.4132585
UKR,Ukraine,2009,35.421496,44.7849246,44.3282573
UKR,Ukraine,2010,35.5721055,43.0463578,45.6837099
UKR,Ukraine,2011,35.2979254,43.7747664,42.3390474
UKR,Ukraine,2012,37.8091089,45.3646396,43.9565659
UKR,Ukraine,2013,36.9490299,44.5635037,44.354217
UKR,Ukraine,2014,41.2156954,44.477507,45.0381399
UKR,Ukraine,2015,40.5690047,44.9183282,45.1324735
UKR,Ukraine,2016,41.3103761,45.858721,46.6191492
UKR,Ukraine,2017,41.9349724,47.0488308,49.051864
UKR,Ukraine,2018,44.2785291,48.078709,49.3337166
UKR,Ukraine,2019,44.0890082,46.8865907,50.2883481
UKR,Ukraine,2020,43.8988087,47.206011,49.3485891
UKR,Ukraine,2021,43.4683901,47.1793877,49.2080862
UKR,Ukraine,2022,38.9508053,44.1890986,48.3605632
UKR,Ukraine,2023,40.0563826,44.1357592,48.8967489
UKR,Ukraine,2024,39.6965613,44.5695791,50.1179221
URY,Uruguay,1996,65.694688,66.2893799,61.0786289
URY,Uruguay,1998,60.4021171,66.005856,66.2147056
URY,Uruguay,2000,59.3418561,65.8159531,65.7168823
URY,Uruguay,2002,61.1635955,69.2783886,62.8799112
URY,Uruguay,2003,60.8832322,68.5059671,58.8761579
URY,Uruguay,2004,56.7098513,67.1355992,58.9504097
URY,Uruguay,2005,62.0958138,68.6019116,59.9976415
URY,Uruguay,2006,61.9172924,70.0182475,60.9337148
URY,Uruguay,2007,62.2393067,70.7766233,61.1325072
URY,Uruguay,2008,63.5760753,71.1457138,62.0777847
URY,Uruguay,2009,64.1374281,71.2910719,60.8837982
URY,Uruguay,2010,64.1740801,71.9744246,63.5846414
URY,Uruguay,2011,62.9792159,70.7484305,63.2923591
URY,Uruguay,2012,60.8927014,69.276146,65.4780777
URY,Uruguay,2013,60.7534181,69.0338641,66.7973918
URY,Uruguay,2014,64.3057238,70.7637721,66.2395803
URY,Uruguay,2015,63.6979874,71.7731575,65.1744243
URY,Uruguay,2016,62.8174455,72.8963486,66.4653403
URY,Uruguay,2017,60.8641479,72.003645,65.8584055
URY,Uruguay,2018,61.8662013,71.866572,64.324045
URY,Uruguay,2019,64.7176785,72.1165145,64.784121
URY,Uruguay,2020,66.2962276,72.2022737,65.8941262
URY,Uruguay,2021,67.4225536,73.346961,66.4260852
URY,Uruguay,2022,68.827629,73.7719793,66.2993098
URY,Uruguay,2023,67.9453819,73.4415441,66.496186
URY,Uruguay,2024,64.7661835,73.3245819,65.0645101
USA,United States,1996,85.2031883,83.3933063,76.2752759
USA,United States,1998,84.4962562,84.4490504,79.6271933
USA,United States,2000,88.0937071,85.9839612,83.7977909
USA,United States,2002,88.925219,85.4058279,82.2560162
USA,United States,2003,83.6300309,84.4040703,81.3628539
USA,United States,2004,83.0630278,82.8384746,81.2916254
USA,United States,2005,82.8097752,84.1056281,82.2849663
USA,United States,2006,81.4716942,84.175846,81.2534885
USA,United States,2007,81.4203931,83.8158859,78.7890542
USA,United States,2008,80.7495938,84.1817562,78.9403779
USA,United States,2009,79.0823119,82.5060619,75.5095403
USA,United States,2010,79.1364129,82.9389455,76.1815842
USA,United States,2011,79.6872017,80.4275889,76.9029343
USA,United States,2012,81.0674724,80.7890154,77.6095065
USA,United States,2013,81.5277163,79.3663047,76.7987356
USA,United States,2014,82.4573621,80.0486936,75.1394056
USA,United States,2015,81.921098,80.6641363,75.2385873
USA,United States,2016,82.2968867,81.0107788,77.0634574
USA,United States,2017,82.4298488,79.683417,78.6622599
USA,United States,2018,83.2803088,77.1374928,78.2710025
USA,United States,2019,81.4636929,76.3012367,76.431118
USA,United States,2020,78.6145996,74.2508207,75.016521
USA,United States,2021,79.3938712,74.6568866,77.9559668
USA,United States,2022,79.9489163,75.0674875,77.8706056
USA,United States,2023,77.7556405,73.4988816,77.4267473
USA,United States,2024,77.7839316,73.5177858,76.1934585
UZB,Uzbekistan,1996,29.5157443,34.1181712,26.0903568
UZB,Uzbekistan,1998,29.2986091,36.3266676,22.7656735
UZB,Uzbekistan,2000,28.8556024,36.2939088,21.244449
UZB,Uzbekistan,2002,20.0739849,36.1818378,27.6637358
UZB,Uzbekistan,2003,19.952137,36.930185,28.101481
UZB,Uzbekistan,2004,24.9437553,38.4557917,29.0208523
UZB,Uzbekistan,2005,24.326499,33.1056019,29.4265406
UZB,Uzbekistan,2006,24.5895494,32.895664,29.7756268
UZB,Uzbekistan,2007,28.6967992,36.944389,32.0352613
UZB,Uzbekistan,2008,31.676325,37.4990091,32.5771894
UZB,Uzbekistan,2009,33.0626836,35.9647369,31.4865231
UZB,Uzbekistan,2010,28.9990778,34.1650532,31.1271066
UZB,Uzbekistan,2011,29.5025944,33.5039935,29.9310809
UZB,Uzbekistan,2012,29.0640209,36.275452,32.0329051
UZB,Uzbekistan,2013,29.7826135,37.3138185,32.0383951
UZB,Uzbekistan,2014,38.1999687,38.2985426,31.7293446
UZB,Uzbekistan,2015,39.3387622,38.6241605,32.2316691
UZB,Uzbekistan,2016,39.7336021,39.010811,32.7790462
UZB,Uzbekistan,2017,41.2569478,39.8168726,34.4747878
UZB,Uzbekistan,2018,40.8414796,41.5506875,36.762057
UZB,Uzbekistan,2019,41.6021647,40.71871,40.3286218
UZB,Uzbekistan,2020,38.5718239,41.2587406,38.7365553
UZB,Uzbekistan,2021,45.4383298,44.9143525,43.9189069
UZB,Uzbekistan,2022,43.8923747,45.3992761,44.6389401
UZB,Uzbekistan,2023,45.5349919,45.3595349,44.2694583
UZB,Uzbekistan,2024,48.5484689,45.670923,46.555286
VCT,St. Vincent and the Grenadines,1996,,72.5207113,
VCT,St. Vincent and the Grenadines,1998,,72.1425904,
VCT,St. Vincent and the Grenadines,2000,,71.8939267,
VCT,St. Vincent and the Grenadines,2002,,72.2064542,
VCT,St. Vincent and the Grenadines,2003,,72.0734774,
VCT,St. Vincent and the Grenadines,2004,55.6237959,69.4125116,55.672678
VCT,St. Vincent and the Grenadines,2005,66.001151,72.7300657,63.790919
VCT,St. Vincent and the Grenadines,2006,65.9666184,72.7139789,62.6405721
VCT,St. Vincent and the Grenadines,2007,67.1925406,69.7235899,63.9998698
VCT,St. Vincent and the Grenadines,2008,67.2332738,74.6512914,61.2732514
VCT,St. Vincent and the Grenadines,2009,67.375501,74.6255201,62.2961116
VCT,St. Vincent and the Grenadines,2010,70.6521645,74.9929548,63.6699096
VCT,St. Vincent and the Grenadines,2011,70.6328469,75.0593984,63.6767228
VCT,St. Vincent and the Grenadines,2012,70.6377117,75.0340832,63.602277
VCT,St. Vincent and the Grenadines,2013,70.6431464,74.4468506,63.5912417
VCT,St. Vincent and the Grenadines,2014,57.1647519,69.0469442,61.7403567
VCT,St. Vincent and the Grenadines,2015,57.1242325,67.6832989,58.2942083
VCT,St. Vincent and the Grenadines,2016,62.0464279,67.7938037,58.886116
VCT,St. Vincent and the Grenadines,2017,62.0510011,67.6123839,57.9161657
VCT,St. Vincent and the Grenadines,2018,62.0761111,67.5173567,58.6370237
VCT,St. Vincent and the Grenadines,2019,62.1005873,68.7276736,58.548953
VCT,St. Vincent and the Grenadines,2020,57.1225759,68.1783114,57.5739764
VCT,St. Vincent and the Grenadines,2021,57.1640578,68.1077338,57.0909466
VCT,St. Vincent and the Grenadines,2022,61.698763,67.5671611,56.2294076
VCT,St. Vincent and the Grenadines,2023,57.7335517,66.4323045,56.3732224
VCT,St. Vincent and the Grenadines,2024,56.5559402,65.6008313,56.5377262
VEN,"Venezuela, RB",1996,37.1554495,43.4257402,44.0405392
VEN,"Venezuela, RB",1998,33.4258862,43.8825846,42.8676029
VEN,"Venezuela, RB",2000,31.6701145,41.8330394,44.5887286
VEN,"Venezuela, RB",2002,25.1735077,35.1895891,43.422432
VEN,"Venezuela, RB",2003,28.5852935,33.7719504,36.8871118
VEN,"Venezuela, RB",2004,29.2964216,35.4984352,37.4323676
VEN,"Venezuela, RB",2005,32.0817619,34.9417137,37.4822763
VEN,"Venezuela, RB",2006,31.9282164,32.0412128,35.7516814
VEN,"Venezuela, RB",2007,33.8382725,28.6489987,32.5162455
VEN,"Venezuela, RB",2008,33.2611837,27.0039515,31.7478051
VEN,"Venezuela, RB",2009,35.0905296,27.4454645,32.0797903
VEN,"Venezuela, RB",2010,30.9776838,26.679664,30.46668
VEN,"Venezuela, RB",2011,30.0219247,26.1664098,33.6106417
VEN,"Venezuela, RB",2012,33.3372857,25.4336228,31.6750562
VEN,"Venezuela, RB",2013,32.8062364,22.7182919,30.9833738
VEN,"Venezuela, RB",2014,31.7491156,20.9842894,27.9606359
VEN,"Venezuela, RB",2015,31.5085445,17.3413825,28.0652872
VEN,"Venezuela, RB",2016,30.4424425,17.7496117,27.0326865
VEN,"Venezuela, RB",2017,28.1577973,18.8448234,25.9940928
VEN,"Venezuela, RB",2018,20.3087248,17.2687585,21.0136831
VEN,"Venezuela, RB",2019,20.2793254,16.8469121,20.5965354
VEN,"Venezuela, RB",2020,20.9661193,16.4840502,20.6598576
VEN,"Venezuela, RB",2021,21.7886363,17.2305696,21.9676223
VEN,"Venezuela, RB",2022,22.1442675,18.4490255,24.5068919
VEN,"Venezuela, RB",2023,23.4884579,19.0875856,25.0876114
VEN,"Venezuela, RB",2024,22.83069,19.0276028,24.8486239
VIR,Virgin Islands (U.S.),2004,63.8781907,71.3149724,66.8122153
VIR,Virgin Islands (U.S.),2005,75.6467849,74.9283458,75.2114999
VIR,Virgin Islands (U.S.),2006,75.5894989,74.8830559,69.5498848
VIR,Virgin Islands (U.S.),2007,75.6761298,70.5815211,69.6538878
VIR,Virgin Islands (U.S.),2008,75.7437017,70.4989889,69.6077627
VIR,Virgin Islands (U.S.),2009,75.9796413,70.3993578,69.5459719
VIR,Virgin Islands (U.S.),2010,76.0244169,70.369931,69.5483581
VIR,Virgin Islands (U.S.),2011,75.9980761,70.6201557,69.5652856
VIR,Virgin Islands (U.S.),2012,76.0047104,70.5248239,69.3803199
VIR,Virgin Islands (U.S.),2013,76.0121205,70.3117382,69.3529044
VIR,Virgin Islands (U.S.),2014,79.658129,56.271138,64.6235806
VIR,Virgin Islands (U.S.),2015,79.6028749,71.9778358,64.7981576
VIR,Virgin Islands (U.S.),2016,79.6220817,68.0905334,68.5735707
VIR,Virgin Islands (U.S.),2017,66.2428596,68.0522516,68.6167623
VIR,Virgin Islands (U.S.),2018,66.2771005,75.8958937,68.634521
VIR,Virgin Islands (U.S.),2019,66.3104743,75.8910627,72.4172536
VIR,Virgin Islands (U.S.),2020,59.5224308,72.0297983,72.3352738
VIR,Virgin Islands (U.S.),2021,59.5789973,71.8820944,72.3022989
VIR,Virgin Islands (U.S.),2022,58.6292483,66.9560572,72.2144174
VIR,Virgin Islands (U.S.),2023,58.6520134,66.937998,72.2237825
VIR,Virgin Islands (U.S.),2024,58.62793,66.9350825,72.2449856
VNM,Viet Nam,1996,40.3533317,45.2718825,42.0664132
VNM,Viet Nam,1998,42.5086857,46.8715812,42.5612084
VNM,Viet Nam,2000,37.8068339,46.3829711,44.2339994
VNM,Viet Nam,2002,37.4505398,42.3458288,41.7058785
VNM,Viet Nam,2003,38.1529861,42.6352406,43.2168989
VNM,Viet Nam,2004,38.7043641,44.2222258,45.8064668
VNM,Viet Nam,2005,42.5348593,47.2391433,46.635859
VNM,Viet Nam,2006,43.2174611,47.1259296,47.0897116
VNM,Viet Nam,2007,42.9876172,47.577294,48.0450701
VNM,Viet Nam,2008,44.1704067,47.3286734,48.0303995
VNM,Viet Nam,2009,45.1319815,46.5362203,47.0740916
VNM,Viet Nam,2010,44.393486,45.9550923,46.29933
VNM,Viet Nam,2011,44.713939,47.8847495,47.1035542
VNM,Viet Nam,2012,44.8283573,47.0509563,44.8688054
VNM,Viet Nam,2013,45.0931207,46.3502914,45.3957033
VNM,Viet Nam,2014,52.921779,48.5138334,47.180894
VNM,Viet Nam,2015,53.278707,50.5503329,49.6745086
VNM,Viet Nam,2016,52.3972727,52.47983,49.9461067
VNM,Viet Nam,2017,52.7084431,51.64039,50.5475593
VNM,Viet Nam,2018,51.6994735,52.0515382,50.2564141
VNM,Viet Nam,2019,52.136435,51.8817753,50.4776383
VNM,Viet Nam,2020,52.6620263,51.7726646,51.1430534
VNM,Viet Nam,2021,52.2784619,51.61835,49.4260646
VNM,Viet Nam,2022,49.331569,51.1673005,49.3869152
VNM,Viet Nam,2023,47.8521338,51.109648,50.4557586
VNM,Viet Nam,2024,49.5458577,51.5616803,50.6548775
VUT,Vanuatu,1996,,63.309369,
VUT,Vanuatu,1998,,63.0633851,
VUT,Vanuatu,2000,,73.1930233,
VUT,Vanuatu,2002,,73.3963368,
VUT,Vanuatu,2003,,73.3098289,
VUT,Vanuatu,2004,45.219676,66.1909313,52.5528733
VUT,Vanuatu,2005,56.7510376,65.3626077,49.118678
VUT,Vanuatu,2006,56.7105357,64.8920567,47.6267332
VUT,Vanuatu,2007,50.0602706,64.566222,47.5445467
VUT,Vanuatu,2008,51.8706508,63.9329541,44.9480993
VUT,Vanuatu,2009,51.2653371,64.22007,45.7040283
VUT,Vanuatu,2010,53.4456553,63.2592893,45.2168175
VUT,Vanuatu,2011,53.4270319,63.3149074,46.4743407
VUT,Vanuatu,2012,53.0456607,63.4353892,46.1123093
VUT,Vanuatu,2013,53.050899,63.383468,48.6820478
VUT,Vanuatu,2014,41.8195197,64.7173405,50.7327
VUT,Vanuatu,2015,37.0307939,63.6833731,50.3012854
VUT,Vanuatu,2016,37.0420267,64.162452,49.4041786
VUT,Vanuatu,2017,37.0456744,65.0933514,49.4185574
VUT,Vanuatu,2018,42.8336439,62.7276025,47.8127934
VUT,Vanuatu,2019,37.7998477,63.4269457,49.0720908
VUT,Vanuatu,2020,36.6052946,66.4104314,48.2081513
VUT,Vanuatu,2021,35.7406929,67.6780995,48.0475525
VUT,Vanuatu,2022,35.7357114,65.4814458,48.2723457
VUT,Vanuatu,2023,34.9445595,64.1875813,48.396276
VUT,Vanuatu,2024,35.457586,64.2200786,49.7409994
WSM,Samoa,1996,46.0244582,69.4822373,56.6422371
WSM,Samoa,1998,45.8469829,69.3964626,56.9945359
WSM,Samoa,2000,45.9083676,69.3400545,57.0904388
WSM,Samoa,2002,45.913252,69.4109489,57.2345565
WSM,Samoa,2003,45.6633535,69.3807837,57.2354917
WSM,Samoa,2004,46.0309155,66.1579607,53.8049238
WSM,Samoa,2005,52.9131517,75.4915575,58.6212602
WSM,Samoa,2006,51.4961104,73.8876903,55.8766718
WSM,Samoa,2007,51.1712961,73.9199707,55.9231833
WSM,Samoa,2008,51.2190701,72.2092096,52.5901617
WSM,Samoa,2009,50.9830683,70.0282331,54.5270183
WSM,Samoa,2010,50.169023,71.1538544,54.4595293
WSM,Samoa,2011,50.5198728,71.366176,53.3442438
WSM,Samoa,2012,50.5237519,71.3418366,53.2826674
WSM,Samoa,2013,51.6668892,71.2874319,54.9363971
WSM,Samoa,2014,63.5856826,72.6850425,54.2944293
WSM,Samoa,2015,63.5533667,72.7092717,55.5958144
WSM,Samoa,2016,67.3852444,73.7824245,56.1317951
WSM,Samoa,2017,67.3896543,73.7723941,56.1482888
WSM,Samoa,2018,67.4138621,72.8202911,56.155069
WSM,Samoa,2019,62.7057435,76.9153921,54.9223968
WSM,Samoa,2020,61.261815,77.0054557,53.6400336
WSM,Samoa,2021,61.3018055,75.1149511,52.201382
WSM,Samoa,2022,55.5821312,74.9843254,51.7863571
WSM,Samoa,2023,59.4983921,75.0882074,52.1857005
WSM,Samoa,2024,59.7887088,75.0869803,53.2582407
XKX,Kosovo,2000,,47.6058019,
XKX,Kosovo,2002,,58.2107687,
XKX,Kosovo,2003,,68.5419547,
XKX,Kosovo,2004,,67.1259389,
XKX,Kosovo,2005,,55.7901763,
XKX,Kosovo,2006,42.2575487,57.8832714,
XKX,Kosovo,2007,42.5879785,57.9489526,
XKX,Kosovo,2008,44.1529848,56.0734145,49.0241268
XKX,Kosovo,2009,44.3930135,52.0499583,51.9321228
XKX,Kosovo,2010,37.4951755,51.8259644,49.4820389
XKX,Kosovo,2011,39.2356777,52.4894938,48.5719822
XKX,Kosovo,2012,41.6120598,51.047989,51.3994179
XKX,Kosovo,2013,40.6814728,49.7359689,52.0510393
XKX,Kosovo,2014,45.6998655,51.3299055,51.4976722
XKX,Kosovo,2015,44.7340616,52.1124297,49.6345265
XKX,Kosovo,2016,44.5699599,52.798975,50.8514541
XKX,Kosovo,2017,44.6529198,52.1649602,51.5487086
XKX,Kosovo,2018,44.9839775,52.6543465,49.1326089
XKX,Kosovo,2019,44.9902521,50.8934145,48.9468074
XKX,Kosovo,2020,44.1150398,52.1719305,48.712709
XKX,Kosovo,2021,48.2693811,54.8309704,48.9650155
XKX,Kosovo,2022,50.8782494,54.3964501,47.4717238
XKX,Kosovo,2023,51.5204679,56.2116888,48.7121618
XKX,Kosovo,2024,50.1486573,57.8620111,51.3465962
YEM,"Yemen, Rep.",1996,34.9908265,36.313942,44.4037724
YEM,"Yemen, Rep.",1998,29.6492198,33.7381796,44.7402289
YEM,"Yemen, Rep.",2000,29.6774797,31.9154663,42.1841121
YEM,"Yemen, Rep.",2002,27.4225159,31.4346508,36.3131819
YEM,"Yemen, Rep.",2003,27.3249924,33.8029228,35.6290098
YEM,"Yemen, Rep.",2004,27.8870374,36.156471,41.6986568
YEM,"Yemen, Rep.",2005,31.4107838,35.9431581,43.5763027
YEM,"Yemen, Rep.",2006,35.3534361,40.3747403,46.1589912
YEM,"Yemen, Rep.",2007,35.5492199,40.4643307,46.4666048
YEM,"Yemen, Rep.",2008,35.5628443,39.4832208,47.0504423
YEM,"Yemen, Rep.",2009,31.8471426,38.2483683,47.6265502
YEM,"Yemen, Rep.",2010,31.2432639,37.8802572,48.3431247
YEM,"Yemen, Rep.",2011,28.6100244,34.4703229,43.8386004
YEM,"Yemen, Rep.",2012,28.1381472,33.7436457,41.6621112
YEM,"Yemen, Rep.",2013,29.6142303,34.2689542,41.1965673
YEM,"Yemen, Rep.",2014,23.7781582,32.9968354,39.8876592
YEM,"Yemen, Rep.",2015,21.0703626,30.7497767,36.9353534
YEM,"Yemen, Rep.",2016,19.3114526,29.9869983,34.2563457
YEM,"Yemen, Rep.",2017,17.5936979,28.4016052,34.5262831
YEM,"Yemen, Rep.",2018,13.7018587,27.9602229,31.3976401
YEM,"Yemen, Rep.",2019,13.13337,28.2895772,30.3385577
YEM,"Yemen, Rep.",2020,12.3760079,25.6011415,29.4938562
YEM,"Yemen, Rep.",2021,12.8678677,25.1741336,29.5177167
YEM,"Yemen, Rep.",2022,16.3549894,24.0918247,29.9601461
YEM,"Yemen, Rep.",2023,14.6331553,24.1454378,30.5670477
YEM,"Yemen, Rep.",2024,14.9257528,24.237016,29.8788444
ZAF,South Africa,1996,63.3121811,56.7649423,57.6558206
ZAF,South Africa,1998,57.29324,56.8239251,61.4045784
ZAF,South Africa,2000,60.5355109,56.7517847,62.4703306
ZAF,South Africa,2002,59.6843275,58.2238799,67.677732
ZAF,South Africa,2003,60.2338991,58.5767716,68.1431513
ZAF,South Africa,2004,60.482382,59.2475174,64.9081175
ZAF,South Africa,2005,60.9310606,60.0339037,64.8663863
ZAF,South Africa,2006,58.7777773,62.2419199,65.9726648
ZAF,South Africa,2007,57.7990956,59.6965963,64.9410041
ZAF,South Africa,2008,57.2731757,58.2929946,65.0450418
ZAF,South Africa,2009,58.6564816,57.5409351,65.5475209
ZAF,South Africa,2010,56.6288359,58.0836126,65.9566631
ZAF,South Africa,2011,57.2747409,57.1498614,65.1912729
ZAF,South Africa,2012,57.4905229,57.1425296,64.9902582
ZAF,South Africa,2013,57.8248395,57.3896237,64.7152677
ZAF,South Africa,2014,57.784499,58.1773817,61.1976038
ZAF,South Africa,2015,56.0942459,57.7229004,59.510035
ZAF,South Africa,2016,55.2548767,58.1714096,58.9811893
ZAF,South Africa,2017,55.6720559,57.2114826,58.4851513
ZAF,South Africa,2018,54.2202351,55.7886824,55.9437729
ZAF,South Africa,2019,55.0228162,55.6753499,56.7364366
ZAF,South Africa,2020,53.1939817,55.9083277,56.2807483
ZAF,South Africa,2021,52.1589454,59.0484877,55.1425627
ZAF,South Africa,2022,51.3101517,57.5516367,53.8802608
ZAF,South Africa,2023,47.7497513,57.6449634,53.8835444
ZAF,South Africa,2024,46.9478119,57.2693915,53.9146724
ZMB,Zambia,1996,25.109255,49.0494339,44.9708433
ZMB,Zambia,1998,25.0275512,49.0121314,49.2583166
ZMB,Zambia,2000,25.0558111,49.7976744,47.9768224
ZMB,Zambia,2002,30.6610516,51.0256374,41.6489831
ZMB,Zambia,2003,27.7907253,49.8974655,41.9330153
ZMB,Zambia,2004,31.4275757,48.8746024,43.7407766
ZMB,Zambia,2005,33.4089583,50.3316675,45.3549421
ZMB,Zambia,2006,32.6331807,49.0629701,44.5137702
ZMB,Zambia,2007,34.0521295,49.8859584,46.930783
ZMB,Zambia,2008,35.634093,51.2609112,48.0166074
ZMB,Zambia,2009,37.7089236,51.0673493,48.0863786
ZMB,Zambia,2010,37.3534908,50.4359936,46.8625968
ZMB,Zambia,2011,41.4064665,51.3890001,47.111708
ZMB,Zambia,2012,41.6129795,48.5500103,46.8392456
ZMB,Zambia,2013,41.0112337,49.9073737,46.563771
ZMB,Zambia,2014,42.6637265,49.712163,47.8940398
ZMB,Zambia,2015,41.0407283,50.8371527,48.8337847
ZMB,Zambia,2016,41.0620351,50.0226372,47.7012942
ZMB,Zambia,2017,42.3325326,49.2119064,47.7215573
ZMB,Zambia,2018,41.5797263,48.6730341,47.9651579
ZMB,Zambia,2019,39.2906596,46.7905153,46.8385501
ZMB,Zambia,2020,37.061776,45.6611421,45.1981836
ZMB,Zambia,2021,37.2110769,46.5926198,46.7843516
ZMB,Zambia,2022,39.8696364,46.0981769,47.6502058
ZMB,Zambia,2023,40.3969835,46.4837036,47.5213202
ZMB,Zambia,2024,40.9757367,47.3064578,48.2283671
ZWE,Zimbabwe,1996,51.1207747,45.7553363,32.5300518
ZWE,Zimbabwe,1998,45.5985136,40.9908818,34.8619462
ZWE,Zimbabwe,2000,36.2186055,30.1212625,24.2792394
ZWE,Zimbabwe,2002,34.7823458,24.6028759,22.0230951
ZWE,Zimbabwe,2003,32.9126496,25.6543742,18.9502751
ZWE,Zimbabwe,2004,32.5333532,27.0136273,26.4281491
ZWE,Zimbabwe,2005,26.3135417,24.7609494,23.6288638
ZWE,Zimbabwe,2006,23.5912234,24.3743539,24.8508398
ZWE,Zimbabwe,2007,25.2822406,24.5567805,24.3871537
ZWE,Zimbabwe,2008,20.4785041,24.387916,23.7405586
ZWE,Zimbabwe,2009,21.1276252,25.0418556,25.433567
ZWE,Zimbabwe,2010,22.8453877,26.0290856,26.9960164
ZWE,Zimbabwe,2011,24.632719,26.2548005,27.7424825
ZWE,Zimbabwe,2012,24.9430514,28.6530174,28.3833873
ZWE,Zimbabwe,2013,26.1119364,27.7730031,28.2564321
ZWE,Zimbabwe,2014,27.9891204,28.5724352,27.931443
ZWE,Zimbabwe,2015,33.0382075,32.7358248,32.6662616
ZWE,Zimbabwe,2016,33.5775671,32.3260689,31.634642
ZWE,Zimbabwe,2017,32.7046939,33.1999819,32.9007984
ZWE,Zimbabwe,2018,30.9765172,34.6905975,33.299183
ZWE,Zimbabwe,2019,29.8556453,34.9077209,34.3588205
ZWE,Zimbabwe,2020,29.4604553,35.5831893,33.8834226
ZWE,Zimbabwe,2021,29.9618602,35.2167838,33.960138
ZWE,Zimbabwe,2022,29.9566706,34.5817467,33.8746285
ZWE,Zimbabwe,2023,32.1204614,35.1389346,35.4999018
ZWE,Zimbabwe,2024,32.136983,36.1235607,36.2828944
