country,iso3c,year,co2_per_capita_tons,gdp_per_capita_const2015_usd,population
Afghanistan,AFG,1990,0.24144795718956,,12045660.0
Afghanistan,AFG,1991,0.231491789403262,,12238879.0
Afghanistan,AFG,1992,0.136358426486866,,13278974.0
Afghanistan,AFG,1993,0.118642815594975,,14943172.0
Afghanistan,AFG,1994,0.102991890734693,,16250794.0
Afghanistan,AFG,1995,0.0851174240746249,,17065836.0
Afghanistan,AFG,1996,0.0791295924972356,,17763266.0
Afghanistan,AFG,1997,0.0744360083634966,,18452091.0
Afghanistan,AFG,1998,0.0735542951052808,,19159996.0
Afghanistan,AFG,1999,0.068549614750964,,19887785.0
Afghanistan,AFG,2000,0.0501382814099344,308.318269746638,20130327.0
Afghanistan,AFG,2001,0.0463511028500998,277.118051443941,20284307.0
Afghanistan,AFG,2002,0.0439140640871224,338.139973643387,21378117.0
Afghanistan,AFG,2003,0.0447454276810823,346.071627096223,22733049.0
Afghanistan,AFG,2004,0.038301143932592,338.637273888197,23560654.0
Afghanistan,AFG,2005,0.052297588398106,363.640141436773,24404567.0
Afghanistan,AFG,2006,0.0557935319150409,367.75831169358,25424094.0
Afghanistan,AFG,2007,0.0796685368947688,410.757728879097,25909852.0
Afghanistan,AFG,2008,0.14737589049906,417.647282647498,26482622.0
Afghanistan,AFG,2009,0.224491273806937,488.830652491949,27466101.0
Afghanistan,AFG,2010,0.278191742360873,542.871030476037,28284089.0
Afghanistan,AFG,2011,0.392640542832169,525.42698276582,29347708.0
Afghanistan,AFG,2012,0.323442048526517,568.929021458341,30560034.0
Afghanistan,AFG,2013,0.266539509081829,580.603833333096,31622704.0
Afghanistan,AFG,2014,0.242701667084292,575.146245808546,32792523.0
Afghanistan,AFG,2015,0.24909135686806,565.569730408751,33831764.0
Afghanistan,AFG,2016,0.219353479990497,563.872336723147,34700612.0
Afghanistan,AFG,2017,0.2913283907183,562.769574140988,35688935.0
Afghanistan,AFG,2018,0.321418704642259,553.125151688293,36743039.0
Afghanistan,AFG,2019,0.319752781855278,557.861533207459,37856121.0
Afghanistan,AFG,2020,0.310824605884889,527.834554499306,39068979.0
Afghanistan,AFG,2021,0.312156784785117,408.625855217403,40000412.0
Afghanistan,AFG,2022,0.278420956418618,377.665627080705,40578842.0
Afghanistan,AFG,2023,0.280995468771367,378.06630312259,41454761.0
Afghanistan,AFG,2024,0.2829802981146,,42647492.0
Albania,ALB,1990,2.02191239302586,1682.8810874018,3286542.0
Albania,ALB,1991,1.34064326142788,1218.96427317362,3266790.0
Albania,ALB,1992,0.727801544730445,1138.23773998809,3247039.0
Albania,ALB,1993,0.688751883548008,1254.67888414888,3227287.0
Albania,ALB,1994,0.730872545156157,1367.22058963712,3207536.0
Albania,ALB,1995,0.649416648053946,1558.96638565461,3187784.0
Albania,ALB,1996,0.648730616126789,1683.76965547424,3168033.0
Albania,ALB,1997,0.502051754592427,1495.90035328523,3148281.0
Albania,ALB,1998,0.612076598274589,1630.43874131845,3128530.0
Albania,ALB,1999,0.992962508098037,1841.80762760566,3108778.0
Albania,ALB,2000,1.04657550743325,1991.91435867116,3089027.0
Albania,ALB,2001,1.12398874181296,2188.91854451375,3060173.0
Albania,ALB,2002,1.31323725585954,2297.10853513924,3051010.0
Albania,ALB,2003,1.38556975617973,2428.68934653563,3039616.0
Albania,ALB,2004,1.45837098137756,2567.29763687121,3026939.0
Albania,ALB,2005,1.3776914859669,2712.86983830331,3011487.0
Albania,ALB,2006,1.3817995172674,2894.36032580174,2992547.0
Albania,ALB,2007,1.42962144661125,3105.8796756386,2970017.0
Albania,ALB,2008,1.42332985219763,3345.98161761476,2947314.0
Albania,ALB,2009,1.46321851369709,3459.24695646692,2927519.0
Albania,ALB,2010,1.56778821711206,3579.82413181046,2913021.0
Albania,ALB,2011,1.72129581663193,3677.89457937717,2905195.0
Albania,ALB,2012,1.58649537107597,3771.84781862015,2860708.0
Albania,ALB,2013,1.69345614437421,3895.89975621942,2816902.0
Albania,ALB,2014,1.83944794209463,4045.11934884933,2773767.0
Albania,ALB,2015,1.78508860089342,4199.53912925398,2731293.0
Albania,ALB,2016,1.68739628528903,4431.55635814168,2689469.0
Albania,ALB,2017,2.0244422333699,4648.23078660658,2648285.0
Albania,ALB,2018,2.04549315439886,4893.82375538717,2607733.0
Albania,ALB,2019,1.94096037816015,5072.43648354739,2567801.0
Albania,ALB,2020,1.80646079858255,4980.61699524696,2528480.0
Albania,ALB,2021,2.0532886275877,5511.75743402862,2489762.0
Albania,ALB,2022,1.84525761573088,5867.65096230557,2451636.0
Albania,ALB,2023,1.74914408919284,6198.17195301204,2414095.0
Albania,ALB,2024,1.7852214941728,6549.23387415397,2377128.0
Algeria,DZA,1990,2.84364912883569,3605.68701212608,25375810.0
Algeria,DZA,1991,2.89342420834781,3478.50976269176,25987928.0
Algeria,DZA,1992,3.18393013097813,3455.92936294162,26628568.0
Algeria,DZA,1993,3.0419347430851,3302.91950568634,27277048.0
Algeria,DZA,1994,2.91010105360225,3201.56914402566,27887279.0
Algeria,DZA,1995,2.94409686257461,3255.18726869561,28470191.0
Algeria,DZA,1996,2.8074355551557,3322.95538141474,29033044.0
Algeria,DZA,1997,2.6918452197366,3297.46603361265,29579301.0
Algeria,DZA,1998,2.70979701859974,3410.88254401644,30054133.0
Algeria,DZA,1999,2.78775720725696,3471.49196276497,30474354.0
Algeria,DZA,2000,2.84556706172908,3553.32420521991,30903893.0
Algeria,DZA,2001,2.73923253741053,3610.00605631983,31331221.0
Algeria,DZA,2002,2.82473516050838,3754.66081538446,31750835.0
Algeria,DZA,2003,2.9993425497372,3945.89816094007,32175818.0
Algeria,DZA,2004,2.96141820014695,4066.28204806495,32628286.0
Algeria,DZA,2005,3.06259438261496,4223.60252133943,33109249.0
Algeria,DZA,2006,3.13780186991803,4279.61547120827,33623506.0
Algeria,DZA,2007,3.18566716670446,4339.25055772831,34189416.0
Algeria,DZA,2008,3.26590250079552,4367.56538017541,34816961.0
Algeria,DZA,2009,3.27099589762822,4336.10054052949,35490445.0
Algeria,DZA,2010,3.27777236779378,4456.6102741643,36188236.0
Algeria,DZA,2011,3.38189926038203,4501.3543013352,36903376.0
Algeria,DZA,2012,3.72600758334859,4518.43978956464,37646166.0
Algeria,DZA,2013,3.79361564251901,4543.23444006767,38414171.0
Algeria,DZA,2014,3.95441595238121,4634.10149179952,39205031.0
Algeria,DZA,2015,4.11245469680565,4685.05902729002,40019529.0
Algeria,DZA,2016,3.93495625205734,4768.73140081027,40850721.0
Algeria,DZA,2017,3.98952018838216,4742.90075532529,41689299.0
Algeria,DZA,2018,4.1125786627396,4717.0035885361,42505035.0
Algeria,DZA,2019,4.19651934911155,4672.66408678635,43294546.0
Algeria,DZA,2020,3.90423106841135,4363.68533767783,44042091.0
Algeria,DZA,2021,4.05087238809753,4456.74687637774,44761099.0
Algeria,DZA,2022,4.16005852930563,4544.46688060372,45477389.0
Algeria,DZA,2023,4.12827519079225,4660.40545687895,46164219.0
Algeria,DZA,2024,3.98080005796518,4765.72900168387,46814308.0
American Samoa,ASM,1990,0.0021440823327615,,46640.0
American Samoa,ASM,1991,0.0020884674825613,,47882.0
American Samoa,ASM,1992,0.0020392348790733,,49038.0
American Samoa,ASM,1993,0.001993660160689,,50159.0
American Samoa,ASM,1994,0.0019511814403621,,51251.0
American Samoa,ASM,1995,0.0019114611208808,,52316.0
American Samoa,ASM,1996,0.001874308848612,,53353.0
American Samoa,ASM,1997,0.0018395202531179,,54362.0
American Samoa,ASM,1998,0.0018072071420826,,55334.0
American Samoa,ASM,1999,0.0017778409899018,,56248.0
American Samoa,ASM,2000,0.0017588602585524,,56855.0
American Samoa,ASM,2001,0.0017527562091388,,57053.0
American Samoa,ASM,2002,0.0017524797588587,13054.6364326897,57062.0
American Samoa,ASM,2003,0.0017552790015973,13201.7347516166,56971.0
American Samoa,ASM,2004,0.001760005632018,13291.5356626851,56818.0
American Samoa,ASM,2005,0.0017662539519932,13284.2791128875,56617.0
American Samoa,ASM,2006,0.0017738673856742,12794.7565021718,56374.0
American Samoa,ASM,2007,0.001782118225723,13092.3111393408,56113.0
American Samoa,ASM,2008,0.0017912158773375,12809.4633079683,55828.0
American Samoa,ASM,2009,0.0018008932430485,12342.0575384016,55528.0
American Samoa,ASM,2010,0.0018106757441877,12446.3086265015,55228.0
American Samoa,ASM,2011,0.0018216595318335,12521.8095058644,54895.0
American Samoa,ASM,2012,0.0018352327992805,12068.2667374983,54489.0
American Samoa,ASM,2013,0.0018516461133948,11871.7937192729,54006.0
American Samoa,ASM,2014,0.0018703475105674,12203.0894714284,53466.0
American Samoa,ASM,2015,0.0018911456560384,12727.4102651386,52878.0
American Samoa,ASM,2016,0.0019140587616039,12665.2829921268,52245.0
American Samoa,ASM,2017,0.0019385104485713,11930.7771236826,51586.0
American Samoa,ASM,2018,0.0019643278070244,12412.6024074562,50908.0
American Samoa,ASM,2019,0.0019916747993387,12524.0160252283,50209.0
American Samoa,ASM,2020,0.0020096059162798,13194.274740128,49761.0
American Samoa,ASM,2021,0.0020314880650076,13233.5784817341,49225.0
American Samoa,ASM,2022,0.0020685945968309,13709.0974895473,48342.0
American Samoa,ASM,2023,0.002104332821279,,47521.0
American Samoa,ASM,2024,0.0021383513311237,,46765.0
Andorra,AND,1990,,31143.1615046334,52597.0
Andorra,AND,1991,,29642.3199056721,56667.0
Andorra,AND,1992,,28161.9557223134,60200.0
Andorra,AND,1993,,26518.2460901533,63272.0
Andorra,AND,1994,,26587.1507935057,64612.0
Andorra,AND,1995,,27619.5190355779,63912.0
Andorra,AND,1996,,28871.2296369485,63984.0
Andorra,AND,1997,,31140.7043097433,64700.0
Andorra,AND,1998,,31800.3790054979,65382.0
Andorra,AND,1999,,32938.6592135008,65710.0
Andorra,AND,2000,,34113.8334027285,65685.0
Andorra,AND,2001,,36790.1209900717,65852.0
Andorra,AND,2002,,38084.5022003398,66506.0
Andorra,AND,2003,,39620.3387714274,69486.0
Andorra,AND,2004,,40054.3399679173,74325.0
Andorra,AND,2005,,40528.1938997392,77421.0
Andorra,AND,2006,,41322.0723316534,79585.0
Andorra,AND,2007,,40789.1781297264,81877.0
Andorra,AND,2008,,37775.1438845998,83495.0
Andorra,AND,2009,,35604.4007343193,83888.0
Andorra,AND,2010,,36277.2814831059,80706.0
Andorra,AND,2011,,37637.5045137987,77783.0
Andorra,AND,2012,,36206.9954432018,76834.0
Andorra,AND,2013,,35684.1861967511,75194.0
Andorra,AND,2014,,37300.6419409868,73737.0
Andorra,AND,2015,,38654.95287916,72174.0
Andorra,AND,2016,,40085.0394278177,72181.0
Andorra,AND,2017,,39361.0807539996,73763.0
Andorra,AND,2018,,39242.1633307803,75162.0
Andorra,AND,2019,,39346.2935180487,76474.0
Andorra,AND,2020,,34536.666145207,77380.0
Andorra,AND,2021,,36929.0364995869,78364.0
Andorra,AND,2022,,39780.4152991834,79705.0
Andorra,AND,2023,,40227.2524257376,80856.0
Andorra,AND,2024,,41034.5266723078,81938.0
Angola,AGO,1990,0.965977313621804,2675.05239370666,11626360.0
Angola,AGO,1991,0.979787215550443,2612.33170523819,12023529.0
Angola,AGO,1992,0.975473352891632,2380.58274213388,12423712.0
Angola,AGO,1993,0.946571467439923,1752.72318662558,12827135.0
Angola,AGO,1994,0.867222993556716,1719.54294465223,13249764.0
Angola,AGO,1995,0.945540869348394,1912.51777523397,13699778.0
Angola,AGO,1996,1.10640250320144,2099.35045384819,14170973.0
Angola,AGO,1997,1.11880886302453,2176.87757986492,14660413.0
Angola,AGO,1998,1.12382638592501,2203.98692701325,15159370.0
Angola,AGO,1999,1.15090505759312,2179.06426975438,15667235.0
Angola,AGO,2000,1.0195821898899,2172.46326720494,16194869.0
Angola,AGO,2001,0.966865641126569,2189.17352158246,16747208.0
Angola,AGO,2002,0.918500488726172,2404.97792071531,17327699.0
Angola,AGO,2003,0.965781216283453,2403.40415157038,17943712.0
Angola,AGO,2004,0.951069768682142,2583.32411461288,18600423.0
Angola,AGO,2005,0.810676972733782,2843.3966357968,19291161.0
Angola,AGO,2006,0.815392081219552,3065.05576243895,20015279.0
Angola,AGO,2007,0.820841250748789,3336.36332465208,20778561.0
Angola,AGO,2008,0.88603761448524,3559.19522512236,21578655.0
Angola,AGO,2009,0.940848252177258,3494.80724466172,22414773.0
Angola,AGO,2010,0.976178185498281,3540.79159568381,23294825.0
Angola,AGO,2011,0.976536306021153,3528.16824373399,24218352.0
Angola,AGO,2012,0.981682218580684,3682.35229322763,25177394.0
Angola,AGO,2013,1.09052642360471,3716.29718727282,26165620.0
Angola,AGO,2014,1.13720270585859,3746.81619978613,27160769.0
Angola,AGO,2015,1.17503861630089,3641.72893919944,28157798.0
Angola,AGO,2016,1.07167614647808,3454.03317187119,29183070.0
Angola,AGO,2017,0.92592191412033,3328.8982124109,30234839.0
Angola,AGO,2018,0.824809795011719,3196.79006983557,31297155.0
Angola,AGO,2019,0.833846270553112,3083.97534427357,32375632.0
Angola,AGO,2020,0.613970253682297,2864.16146036893,33451132.0
Angola,AGO,2021,0.740292552255736,2832.81777132286,34532429.0
Angola,AGO,2022,0.748810952279567,2860.90251922246,35635029.0
Angola,AGO,2023,0.743838637301548,2809.15727975557,36749906.0
Angola,AGO,2024,0.741712294740973,2845.47779302975,37885849.0
Antigua and Barbuda,ATG,1990,2.60045032188501,13166.5241173582,63066.0
Antigua and Barbuda,ATG,1991,2.59832457759477,13385.0114363295,63387.0
Antigua and Barbuda,ATG,1992,2.57437426246817,13326.2728796496,64404.0
Antigua and Barbuda,ATG,1993,2.4654275999817,13776.8264136781,65587.0
Antigua and Barbuda,ATG,1994,2.63453166374938,14420.4693979194,66843.0
Antigua and Barbuda,ATG,1995,2.70131546143806,13519.5287711166,68189.0
Antigua and Barbuda,ATG,1996,2.62454749181176,14117.8679127333,69612.0
Antigua and Barbuda,ATG,1997,2.72050441219934,14588.3079841576,71053.0
Antigua and Barbuda,ATG,1998,2.73297243550793,14991.7802610684,72412.0
Antigua and Barbuda,ATG,1999,2.72174408818179,15282.9733985907,73666.0
Antigua and Barbuda,ATG,2000,1.81145877829987,15961.0918359058,74912.0
Antigua and Barbuda,ATG,2001,1.74315424154386,15003.4389169034,76069.0
Antigua and Barbuda,ATG,2002,1.94854086613356,14968.0703013883,77032.0
Antigua and Barbuda,ATG,2003,2.10184376765446,15703.9347145491,77884.0
Antigua and Barbuda,ATG,2004,2.11384799095517,16433.4130541483,78719.0
Antigua and Barbuda,ATG,2005,2.16678599690997,17301.2134317518,79611.0
Antigua and Barbuda,ATG,2006,2.43412237606074,19259.6486517907,80604.0
Antigua and Barbuda,ATG,2007,2.62655439146186,20770.2689732844,81704.0
Antigua and Barbuda,ATG,2008,2.78729255113856,20464.786306605,82912.0
Antigua and Barbuda,ATG,2009,3.16847445142742,17746.700856041,84173.0
Antigua and Barbuda,ATG,2010,3.26887013595874,16135.397384487,85320.0
Antigua and Barbuda,ATG,2011,2.46490293286383,15633.9091131821,86332.0
Antigua and Barbuda,ATG,2012,2.59912903965162,15989.3900199779,87260.0
Antigua and Barbuda,ATG,2013,2.95012718023256,15748.1952024226,88064.0
Antigua and Barbuda,ATG,2014,3.15101672956683,15967.284996712,88765.0
Antigua and Barbuda,ATG,2015,3.25470590209039,16077.6340769406,89409.0
Antigua and Barbuda,ATG,2016,3.50009447698652,16635.895232831,89969.0
Antigua and Barbuda,ATG,2017,3.06406685236769,16992.9327495236,90468.0
Antigua and Barbuda,ATG,2018,3.15861249807536,18042.1596435727,90926.0
Antigua and Barbuda,ATG,2019,3.74983582154897,18525.2588907167,91364.0
Antigua and Barbuda,ATG,2020,3.54941968076998,14950.8942397208,91846.0
Antigua and Barbuda,ATG,2021,3.58964363447357,16084.7214406048,92349.0
Antigua and Barbuda,ATG,2022,3.69452822059457,17456.8722243104,92840.0
Antigua and Barbuda,ATG,2023,3.68747053024133,17789.4058123944,93316.0
Antigua and Barbuda,ATG,2024,3.79857526767052,18350.185036972,93772.0
Argentina,ARG,1990,3.05886258479045,8115.09386370753,32755901.0
Argentina,ARG,1991,3.17787739103362,8729.82318518892,33230294.0
Argentina,ARG,1992,3.19131030716968,9293.18692251748,33693527.0
Argentina,ARG,1993,3.25852259426388,9920.67358582437,34152717.0
Argentina,ARG,1994,3.31354326554348,10359.8927204871,34613491.0
Argentina,ARG,1995,3.31576942357033,9934.10776139515,35070020.0
Argentina,ARG,1996,3.56458686347583,10352.1400002191,35513793.0
Argentina,ARG,1997,3.64279129140369,11056.6881331002,35947791.0
Argentina,ARG,1998,3.79486518244647,11348.2022124673,36372860.0
Argentina,ARG,1999,3.80302240416156,10838.3199346387,36794682.0
Argentina,ARG,2000,3.67485781688948,10631.6503639029,37213984.0
Argentina,ARG,2001,3.49042420795313,10051.9448463043,37624825.0
Argentina,ARG,2002,3.26103662726385,8861.56199282278,38029349.0
Argentina,ARG,2003,3.51848864736106,9545.53194119994,38424282.0
Argentina,ARG,2004,3.85579719412006,10302.4465316428,38815916.0
Argentina,ARG,2005,3.91742679391727,11099.7509190602,39216789.0
Argentina,ARG,2006,4.1027920897206,11870.2791559298,39622115.0
Argentina,ARG,2007,4.32534235715168,12811.9021206578,40016763.0
Argentina,ARG,2008,4.43359004127929,13197.3570267029,40424148.0
Argentina,ARG,2009,4.03429401041948,12285.3784651865,40854831.0
Argentina,ARG,2010,4.2945461050427,13387.1553748458,41288694.0
Argentina,ARG,2011,4.42921822947444,14040.6189124444,41730660.0
Argentina,ARG,2012,4.47886128746974,13754.4254235596,42161721.0
Argentina,ARG,2013,4.53658672333476,13946.0950832252,42582455.0
Argentina,ARG,2014,4.41674615124171,13456.1319159151,43024071.0
Argentina,ARG,2015,4.51258701954955,13679.6264980954,43477012.0
Argentina,ARG,2016,4.4223010437306,13265.8860639123,43900313.0
Argentina,ARG,2017,4.32102910494897,13520.1129846159,44288894.0
Argentina,ARG,2018,4.25075806940885,13058.3285449954,44654882.0
Argentina,ARG,2019,4.07504069344001,12706.3978108968,44973465.0
Argentina,ARG,2020,3.72002854932287,11393.0505957877,45191965.0
Argentina,ARG,2021,4.09769704597303,12549.2811699342,45312281.0
Argentina,ARG,2022,4.2953116708492,13276.8232110189,45407904.0
Argentina,ARG,2023,4.16990486776205,12993.0928872416,45538401.0
Argentina,ARG,2024,4.01066531653131,12774.3506596628,45696159.0
Armenia,ARM,1990,5.85004256603366,1644.02214502158,3552128.0
Armenia,ARM,1991,5.97626935644582,1426.82791357144,3613977.0
Armenia,ARM,1992,3.07307591196858,840.205259177402,3571861.0
Armenia,ARM,1993,1.48126505068149,792.567859246381,3453332.0
Armenia,ARM,1994,0.834658400230636,857.394474812969,3364610.0
Armenia,ARM,1995,1.07063137682796,932.357829471807,3307581.0
Armenia,ARM,1996,0.791189284891887,995.728275319872,3278735.0
Armenia,ARM,1997,1.02837424517657,1039.0798243009,3246289.0
Armenia,ARM,1998,1.08237717168147,1128.09888845227,3208401.0
Armenia,ARM,1999,0.980113573576873,1180.45341995952,3167286.0
Armenia,ARM,2000,1.10822389866816,1229.21510436102,3221100.0
Armenia,ARM,2001,1.13126595678436,1351.12072694555,3211800.0
Armenia,ARM,2002,0.969248078004875,1535.20452885187,3199800.0
Armenia,ARM,2003,1.09058915946583,1759.64684829386,3182500.0
Armenia,ARM,2004,1.18777844481658,1955.22262459229,3164900.0
Armenia,ARM,2005,1.41835113145182,2240.09273209788,3146400.0
Armenia,ARM,2006,1.42166863867481,2551.43546358452,3127100.0
Armenia,ARM,2007,1.65871789920834,2919.3734936373,3107400.0
Armenia,ARM,2008,1.82971073175472,3141.33193500774,3087100.0
Armenia,ARM,2009,1.46836268754077,2716.97436280471,3066000.0
Armenia,ARM,2010,1.41194823962165,2796.08143428043,3044800.0
Armenia,ARM,2011,1.61963737243634,2943.83687119315,3027900.0
Armenia,ARM,2012,1.87480572732383,3159.75860786889,3024100.0
Armenia,ARM,2013,1.81763732627399,3266.29882999873,3022000.0
Armenia,ARM,2014,1.91144070608534,3393.09252326884,3013800.0
Armenia,ARM,2015,1.86953338214737,3512.39350276709,3004600.0
Armenia,ARM,2016,1.79624369214317,3533.88503607007,2992300.0
Armenia,ARM,2017,1.90951198227831,3815.3747426037,2979400.0
Armenia,ARM,2018,2.00458066689121,4027.83393010979,2969000.0
Armenia,ARM,2019,2.16867510548523,4343.45839583019,2962500.0
Armenia,ARM,2020,2.33479655579943,4032.09043454955,2961500.0
Armenia,ARM,2021,2.51946122945009,4264.79961505187,2962300.0
Armenia,ARM,2022,2.61828101845615,4791.00481712183,2969200.0
Armenia,ARM,2023,2.52966973653139,5197.23509013575,2964300.0
Armenia,ARM,2024,2.47028185264546,5378.31799981682,3033500.0
Aruba,ABW,1990,3.20303411789078,24763.6538099384,62753.0
Aruba,ABW,1991,3.43571688721622,25460.3630272927,65896.0
Aruba,ABW,1992,3.6345192377364,25743.4455010025,69005.0
Aruba,ABW,1993,3.41453484426953,25870.1533960504,73685.0
Aruba,ABW,1994,3.68322701204975,26581.9767488997,77595.0
Aruba,ABW,1995,3.93960278178059,26504.1864180809,79805.0
Aruba,ABW,1996,2.49093602823382,25779.5979282247,83021.0
Aruba,ABW,1997,3.97446147785078,26547.4166076696,86301.0
Aruba,ABW,1998,3.97055997105742,26418.0883302727,88451.0
Aruba,ABW,1999,3.96948437970533,26384.8105935137,89659.0
Aruba,ABW,2000,2.9683843334658,28104.8954362859,90588.0
Aruba,ABW,2001,2.97356707750522,29007.7386958774,91439.0
Aruba,ABW,2002,3.22566631187957,28535.4639480222,92074.0
Aruba,ABW,2003,3.67666008074908,28525.8077063839,93128.0
Aruba,ABW,2004,3.67255986041329,29959.7748189582,95138.0
Aruba,ABW,2005,3.94633072156501,29081.7066997897,97635.0
Aruba,ABW,2006,4.26739097630904,28885.9118700469,99405.0
Aruba,ABW,2007,4.57413879181228,29556.8384686554,100150.0
Aruba,ABW,2008,4.50370106126817,29870.6648077005,100917.0
Aruba,ABW,2009,4.85512381402307,26204.0597361984,101604.0
Aruba,ABW,2010,4.74086293917791,25429.2180974853,101838.0
Aruba,ABW,2011,2.83358189314852,26093.0542083227,102591.0
Aruba,ABW,2012,3.60580155604649,25444.7336646687,104110.0
Aruba,ABW,2013,3.90631653655075,26680.1411206342,105675.0
Aruba,ABW,2014,4.12987912777252,26773.8226808518,106807.0
Aruba,ABW,2015,4.28613793486924,27458.2201537506,107906.0
Aruba,ABW,2016,4.46439246921188,27587.2498040483,108727.0
Aruba,ABW,2017,4.29576493309422,28548.8904317739,108735.0
Aruba,ABW,2018,4.27241341315606,29419.208623316,108908.0
Aruba,ABW,2019,4.66562273930203,29699.1805366222,109203.0
Aruba,ABW,2020,4.50053873852303,22729.8897593533,108587.0
Aruba,ABW,2021,4.71123491179201,26292.9179363154,107700.0
Aruba,ABW,2022,4.99021526418787,29195.2670227422,107310.0
Aruba,ABW,2023,5.00284093555268,31430.9353682253,107359.0
Aruba,ABW,2024,5.14838649937497,33373.9174591266,107995.0
Australia,AUS,1990,16.2738304687782,36975.4199007908,17065128.0
Australia,AUS,1991,16.1846920476213,36366.6962397612,17284036.0
Australia,AUS,1992,16.1979296438194,36117.5446503441,17478635.0
Australia,AUS,1993,16.276281544999,37246.0044332363,17634808.0
Australia,AUS,1994,16.4212252101433,38356.7691976693,17805468.0
Australia,AUS,1995,16.8117791607854,39407.5647528439,18004882.0
Australia,AUS,1996,17.1567625528491,40437.0941864857,18224767.0
Australia,AUS,1997,17.4985372932812,41569.1653679391,18423037.0
Australia,AUS,1998,18.3860838677391,43081.7201718179,18607584.0
Australia,AUS,1999,18.5055078963383,44755.6599721318,18812264.0
Australia,AUS,2000,18.5978917642845,45979.0765654048,19028802.0
Australia,AUS,2001,18.6995326153179,46314.6235297968,19274701.0
Australia,AUS,2002,18.9093269577501,47599.4079289312,19495210.0
Australia,AUS,2003,18.6676694689453,48509.6632180363,19720737.0
Australia,AUS,2004,19.1634087908315,50018.5904483861,19932722.0
Australia,AUS,2005,19.0378039300894,50972.640519744,20176844.0
Australia,AUS,2006,19.0793285754815,51682.8925230537,20450966.0
Australia,AUS,2007,19.2389222350972,52671.325846724,20827622.0
Australia,AUS,2008,19.02811960112,53497.275355342,21249199.0
Australia,AUS,2009,18.9151698120932,53430.5274781651,21691653.0
Australia,AUS,2010,18.8509537372201,53768.349733441,22031750.0
Australia,AUS,2011,18.480821685778,54296.2321324814,22340024.0
Australia,AUS,2012,18.1834489375025,55465.4462872577,22733465.0
Australia,AUS,2013,17.5432435542019,55966.1509270561,23128129.0
Australia,AUS,2014,16.8873574131124,56571.8062524437,23475686.0
Australia,AUS,2015,16.8219551608068,56970.3613028094,23815995.0
Australia,AUS,2016,16.8911897350521,57632.9995925594,24190907.0
Australia,AUS,2017,16.7209445382487,57991.771347333,24592588.0
Australia,AUS,2018,16.3939979308791,58772.7063152213,24963258.0
Australia,AUS,2019,16.1007065925773,59181.2997904131,25334826.0
Australia,AUS,2020,15.3043785143331,58377.7670517802,25649248.0
Australia,AUS,2021,14.9787241100123,59465.535671364,25685412.0
Australia,AUS,2022,14.530502863688,61200.4588964781,26018721.0
Australia,AUS,2023,14.1596700845561,61869.082498576,26659922.0
Australia,AUS,2024,14.0973544987552,61480.670710531,27196812.0
Austria,AUT,1990,8.01839056506704,31167.1857978698,7677850.0
Austria,AUT,1991,8.4466048587917,31919.5573520278,7754891.0
Austria,AUT,1992,7.71751636235958,32231.1216141522,7840709.0
Austria,AUT,1993,7.66127139977279,32134.8299135937,7905633.0
Austria,AUT,1994,7.6979450154345,32780.3419423369,7936118.0
Austria,AUT,1995,8.05921735500444,33603.4278263558,7948278.0
Austria,AUT,1996,8.54079090420337,34301.6562151382,7959017.0
Austria,AUT,1997,8.47511954318508,34998.0321173934,7968041.0
Austria,AUT,1998,8.53656778435533,36180.7490571265,7976789.0
Austria,AUT,1999,8.28616307346899,37468.8698869794,7992324.0
Austria,AUT,2000,8.32478943567338,38571.0858780001,8011566.0
Austria,AUT,2001,8.87460827403329,38929.753800545,8042293.0
Austria,AUT,2002,9.05961266559572,39313.7225107545,8081957.0
Austria,AUT,2003,9.625074325029,39569.2885567329,8121423.0
Austria,AUT,2004,9.7416827235943,40333.3307183894,8171966.0
Austria,AUT,2005,9.77338007389313,40989.0131778975,8227829.0
Austria,AUT,2006,9.4660900140664,42120.1557002022,8268641.0
Austria,AUT,2007,9.09435455688135,43568.8302243941,8295487.0
Austria,AUT,2008,9.04182372977167,44063.8642019916,8321496.0
Austria,AUT,2009,8.15744518101481,42372.4758254763,8343323.0
Austria,AUT,2010,8.82413428790478,43035.4073531933,8363404.0
Austria,AUT,2011,8.6022725227944,44146.1956805294,8391643.0
Austria,AUT,2012,8.18751763791919,44221.4599530893,8429991.0
Austria,AUT,2013,8.2087562440867,43851.3675497404,8479823.0
Austria,AUT,2014,7.71395434498633,43838.8345892137,8546356.0
Austria,AUT,2015,7.79423187131705,43915.228020857,8642699.0
Austria,AUT,2016,7.75747687791272,44362.6702805116,8736668.0
Austria,AUT,2017,7.96641934826064,45056.6385912412,8797566.0
Austria,AUT,2018,7.60710822359904,45951.5819164034,8840521.0
Austria,AUT,2019,7.74519365039325,46550.5622459492,8879920.0
Austria,AUT,2020,7.05586627765098,43428.6983137234,8916864.0
Austria,AUT,2021,7.39223990896623,45368.6434337368,8955797.0
Austria,AUT,2022,6.92858132698714,47332.4240357971,9041851.0
Austria,AUT,2023,6.40359510066021,46497.9114640341,9131761.0
Austria,AUT,2024,6.32278424603578,45958.8250071261,9177982.0
Azerbaijan,AZE,1990,7.8219979930873,2866.41060718579,7175200.0
Azerbaijan,AZE,1991,7.5411824570572,2808.72744444906,7271300.0
Azerbaijan,AZE,1992,6.08252450200148,2141.34003837017,7382050.0
Azerbaijan,AZE,1993,5.25497678390351,1621.91809395607,7494800.0
Azerbaijan,AZE,1994,4.54312813053294,1284.95555073458,7596550.0
Azerbaijan,AZE,1995,4.40867420964625,1120.30867792344,7684850.0
Azerbaijan,AZE,1996,3.65863712482288,1123.44793844504,7763000.0
Azerbaijan,AZE,1997,3.49828086626479,1177.19685990232,7838250.0
Azerbaijan,AZE,1998,3.45974977884494,1282.68413749503,7913000.0
Azerbaijan,AZE,1999,3.4314991700855,1365.56585147028,7982750.0
Azerbaijan,AZE,2000,3.57759113386179,1504.73106706035,8048600.0
Azerbaijan,AZE,2001,3.41713926422724,1640.93664540398,8111200.0
Azerbaijan,AZE,2002,3.36350565042615,1782.47319183639,8171950.0
Azerbaijan,AZE,2003,3.61612076608251,1949.60608417331,8234100.0
Azerbaijan,AZE,2004,3.55156804911816,2111.4533834475,8306500.0
Azerbaijan,AZE,2005,3.72019280611546,2674.3688564996,8391850.0
Azerbaijan,AZE,2006,3.76443064157793,3556.83212858133,8484550.0
Azerbaijan,AZE,2007,3.37022362579096,4412.20326117932,8581300.0
Azerbaijan,AZE,2008,3.67789898897688,4778.12452736673,8763400.0
Azerbaijan,AZE,2009,3.12751089916749,5118.43395494687,8947243.0
Azerbaijan,AZE,2010,2.94181834728393,5300.11048729062,9054332.0
Azerbaijan,AZE,2011,3.21257348402642,5149.20665913206,9173082.0
Azerbaijan,AZE,2012,3.47266029417207,5193.17501119552,9295784.0
Azerbaijan,AZE,2013,3.52686650169203,5425.99559780578,9416801.0
Azerbaijan,AZE,2014,3.64178419497101,5508.60265612676,9535079.0
Azerbaijan,AZE,2015,3.57774691556657,5500.50364628486,9649341.0
Azerbaijan,AZE,2016,3.52696895574541,5272.71817141861,9757812.0
Azerbaijan,AZE,2017,3.47329869912147,5229.25259993413,9854033.0
Azerbaijan,AZE,2018,3.49731397232391,5261.92938234432,9939771.0
Azerbaijan,AZE,2019,3.68923143929596,5346.95318604114,10024283.0
Azerbaijan,AZE,2020,3.50800312410799,5087.50022783627,10093121.0
Azerbaijan,AZE,2021,3.69156864195704,5349.58226071425,10137750.0
Azerbaijan,AZE,2022,3.91289240245969,5599.58524971025,10141756.0
Azerbaijan,AZE,2023,4.1112835014681,5668.61021317029,10153958.0
Azerbaijan,AZE,2024,3.81144251153847,5871.14373251952,10202830.0
"Bahamas, The",BHS,1990,3.93737882549059,30995.4830715942,275945.0
"Bahamas, The",BHS,1991,3.49694191236451,29192.9942606391,280731.0
"Bahamas, The",BHS,1992,2.96124535283481,27565.9784622985,285927.0
"Bahamas, The",BHS,1993,2.9872416669241,27137.178342536,291339.0
"Bahamas, The",BHS,1994,3.25386413228604,27503.6353912861,296509.0
"Bahamas, The",BHS,1995,3.7006445278162,28236.3753765914,301461.0
"Bahamas, The",BHS,1996,4.06572021889326,28967.0480464753,306268.0
"Bahamas, The",BHS,1997,4.03886730309034,28902.571896854,310904.0
"Bahamas, The",BHS,1998,4.57465564039471,29837.4381789441,315368.0
"Bahamas, The",BHS,1999,4.05645559956698,31544.3540604454,319614.0
"Bahamas, The",BHS,2000,3.07965476245619,32424.7271786716,323835.0
"Bahamas, The",BHS,2001,3.02803840944863,32870.0918307285,327836.0
"Bahamas, The",BHS,2002,3.27760589118674,33374.602685914,331614.0
"Bahamas, The",BHS,2003,2.4122663265975,32559.311554898,335618.0
"Bahamas, The",BHS,2004,2.57223749345168,32444.0739567569,339782.0
"Bahamas, The",BHS,2005,2.50251530995016,33144.7878790275,343894.0
"Bahamas, The",BHS,2006,3.1443128812343,33541.850748701,348375.0
"Bahamas, The",BHS,2007,3.71829487114175,33549.3360007274,353334.0
"Bahamas, The",BHS,2008,3.80207751591645,32331.8246135092,358120.0
"Bahamas, The",BHS,2009,3.12119291089,30581.3342198488,362810.0
"Bahamas, The",BHS,2010,3.49136546949749,30657.4319059659,367478.0
"Bahamas, The",BHS,2011,2.29791057463905,30492.6738528071,371729.0
"Bahamas, The",BHS,2012,2.70887876229462,31553.4919490645,375469.0
"Bahamas, The",BHS,2013,2.87924887782918,30368.2631244189,378953.0
"Bahamas, The",BHS,2014,2.97228863347441,30658.5344563722,382298.0
"Bahamas, The",BHS,2015,2.90751688093298,30719.405417469,385346.0
"Bahamas, The",BHS,2016,3.20959657780469,30152.1619246021,388055.0
"Bahamas, The",BHS,2017,3.51818891890854,30974.7477261317,390485.0
"Bahamas, The",BHS,2018,3.08262692982478,31537.2423841956,392717.0
"Bahamas, The",BHS,2019,3.67517577753848,31117.6299132391,394675.0
"Bahamas, The",BHS,2020,2.96390417897101,24791.6704945106,395863.0
"Bahamas, The",BHS,2021,3.65514300923625,29114.0597726386,396373.0
"Bahamas, The",BHS,2022,3.53551107063979,32186.4575039237,397538.0
"Bahamas, The",BHS,2023,3.52944121770479,33009.645615121,399440.0
"Bahamas, The",BHS,2024,3.63633645083395,33968.2032187918,401283.0
Bahrain,BHR,1990,23.3043316103241,18345.8379968815,514797.0
Bahrain,BHR,1991,22.9982188720053,20882.5058640472,503052.0
Bahrain,BHR,1992,26.3628407343869,21701.2220342029,516458.0
Bahrain,BHR,1993,27.7765099721816,23858.1931245824,530225.0
Bahrain,BHR,1994,27.5542557764445,23180.3322555659,544366.0
Bahrain,BHR,1995,27.27459790044,23465.7129170227,558879.0
Bahrain,BHR,1996,27.5261767330322,23795.2092538862,573792.0
Bahrain,BHR,1997,27.6000441339976,23893.1335655763,589115.0
Bahrain,BHR,1998,28.4942183247856,24386.5916523491,604842.0
Bahrain,BHR,1999,27.9004942116527,24773.8464104044,620989.0
Bahrain,BHR,2000,27.8732774764658,25407.9694054552,637582.0
Bahrain,BHR,2001,27.8270902261551,25106.2869742612,661316.0
Bahrain,BHR,2002,27.0590652632527,24149.0156013799,710553.0
Bahrain,BHR,2003,26.0244049510998,23857.6403579769,764517.0
Bahrain,BHR,2004,24.1830866740881,23688.1121059225,823741.0
Bahrain,BHR,2005,26.2934535823821,23439.6704353038,888822.0
Bahrain,BHR,2006,26.4976718615945,23095.0181330228,960424.0
Bahrain,BHR,2007,24.8744581663532,23112.4888058398,1039295.0
Bahrain,BHR,2008,25.0739468018008,23127.2148040048,1103496.0
Bahrain,BHR,2009,23.4684724821052,22206.9371985225,1178415.0
Bahrain,BHR,2010,23.4711361344292,22224.0736166249,1228543.0
Bahrain,BHR,2011,24.2703050994962,23288.0449398313,1195020.0
Bahrain,BHR,2012,24.9936309104324,23894.8804447088,1208964.0
Bahrain,BHR,2013,25.6391882801584,24271.6278814506,1253191.0
Bahrain,BHR,2014,25.3239482048013,24135.4991304849,1314562.0
Bahrain,BHR,2015,24.4242594076429,23734.0551143019,1370322.0
Bahrain,BHR,2016,23.4996762017411,23715.2791328712,1423726.0
Bahrain,BHR,2017,22.4846714044751,23606.8867501313,1501116.0
Bahrain,BHR,2018,22.5016316377385,24059.7838641562,1503091.0
Bahrain,BHR,2019,24.8338675631303,24873.6640060134,1483756.0
Bahrain,BHR,2020,25.0238418045325,23586.9309581516,1472204.0
Bahrain,BHR,2021,24.8329361557867,24086.7847803428,1504365.0
Bahrain,BHR,2022,25.4678810750754,25234.40256182,1524693.0
Bahrain,BHR,2023,24.5323732339754,25342.6226641572,1577059.0
Bahrain,BHR,2024,23.8999918170545,25812.4504577306,1588670.0
Bangladesh,BGD,1990,0.132280823364504,473.444821021085,111633717.0
Bangladesh,BGD,1991,0.1236449376704,480.673358976087,113787109.0
Bangladesh,BGD,1992,0.135686093799762,497.371173735323,115952192.0
Bangladesh,BGD,1993,0.143507672241543,511.193509421294,118132360.0
Bangladesh,BGD,1994,0.149581390067816,521.323144726555,120343179.0
Bangladesh,BGD,1995,0.177641388847358,537.931946643983,122600370.0
Bangladesh,BGD,1996,0.176886229095842,552.077107138767,124862179.0
Bangladesh,BGD,1997,0.188351129764399,566.271140847632,127198069.0
Bangladesh,BGD,1998,0.188857889086581,584.448175174047,129622332.0
Bangladesh,BGD,1999,0.197803215117866,600.232323162952,132108065.0
Bangladesh,BGD,2000,0.200508674079581,620.560472822105,134544304.0
Bangladesh,BGD,2001,0.238535190866528,641.288922876274,136805810.0
Bangladesh,BGD,2002,0.247202877217844,655.672139362272,138933658.0
Bangladesh,BGD,2003,0.255292689169796,676.826252046427,140970351.0
Bangladesh,BGD,2004,0.265286510438952,702.656357081873,142902856.0
Bangladesh,BGD,2005,0.279053178068632,739.203718353409,144715786.0
Bangladesh,BGD,2006,0.297067114877888,779.419570444998,146405973.0
Bangladesh,BGD,2007,0.312314517812567,825.508229964537,147989278.0
Bangladesh,BGD,2008,0.343404266569929,866.45815762135,149474264.0
Bangladesh,BGD,2009,0.365403611658953,901.729626251937,150873714.0
Bangladesh,BGD,2010,0.399267470769648,943.66422864236,152201981.0
Bangladesh,BGD,2011,0.425203089273234,995.579947155662,153591076.0
Bangladesh,BGD,2012,0.450583313929743,1050.39140404066,155070101.0
Bangladesh,BGD,2013,0.460477953853579,1103.15695907123,156532141.0
Bangladesh,BGD,2014,0.485260877115325,1159.40753475981,157964929.0
Bangladesh,BGD,2015,0.536099232905876,1224.38647668165,159383179.0
Bangladesh,BGD,2016,0.584484613989962,1299.83091360792,160811932.0
Bangladesh,BGD,2017,0.622997104678737,1373.75363740186,162186147.0
Bangladesh,BGD,2018,0.643225929977613,1462.25050255713,163523103.0
Bangladesh,BGD,2019,0.662908100271382,1564.20802445636,164913055.0
Bangladesh,BGD,2020,0.626122292349066,1604.6659234742,166298024.0
Bangladesh,BGD,2021,0.702428158073895,1702.08028414189,167658854.0
Bangladesh,BGD,2022,0.713556533909868,1804.3493461776,169384897.0
Bangladesh,BGD,2023,0.693947563901367,1885.37733613545,171466990.0
Bangladesh,BGD,2024,0.715539343541092,1941.27874360025,173562364.0
Barbados,BRB,1990,2.38144959819322,19382.8687219216,258582.0
Barbados,BRB,1991,2.2616078003493,18570.1489669848,259373.0
Barbados,BRB,1992,2.19159555379668,17452.8832067824,260267.0
Barbados,BRB,1993,2.07986147026936,17540.078082481,261027.0
Barbados,BRB,1994,2.02278113294091,17852.2143292615,261620.0
Barbados,BRB,1995,2.06534141864379,18182.6370239921,262039.0
Barbados,BRB,1996,2.01575391560293,18888.0054711959,262284.0
Barbados,BRB,1997,2.39450897893228,19775.173675272,262392.0
Barbados,BRB,1998,2.63187977259217,20509.0448456954,262436.0
Barbados,BRB,1999,2.75601199160435,20571.3303337703,262517.0
Barbados,BRB,2000,2.24373528502688,21523.3992235883,262063.0
Barbados,BRB,2001,2.15261503286653,20985.2828573064,262425.0
Barbados,BRB,2002,2.29454699638082,21012.5595449081,264148.0
Barbados,BRB,2003,2.39750767563663,21338.1720739511,265776.0
Barbados,BRB,2004,2.35953879191015,21516.1662922098,267298.0
Barbados,BRB,2005,2.40299807224253,22250.0263806215,268706.0
Barbados,BRB,2006,2.58479566818024,23487.4418767503,270002.0
Barbados,BRB,2007,2.47559788859072,23862.135352962,271288.0
Barbados,BRB,2008,2.90450801939028,23887.7289633459,272714.0
Barbados,BRB,2009,2.91365554878649,22572.5926053677,274123.0
Barbados,BRB,2010,2.98063892633055,21982.1839041348,275243.0
Barbados,BRB,2011,2.45854442871163,21842.8635599786,276139.0
Barbados,BRB,2012,2.32398587409456,21036.3003366556,276938.0
Barbados,BRB,2013,2.63158842490051,20609.6076272963,277665.0
Barbados,BRB,2014,2.39628091453864,20713.7670210437,278348.0
Barbados,BRB,2015,2.57894548191691,20424.2087530019,278990.0
Barbados,BRB,2016,2.76396826872867,20684.7801825176,279598.0
Barbados,BRB,2017,2.43387074322467,20788.7046543161,280171.0
Barbados,BRB,2018,2.77224618914114,20483.9550976366,280711.0
Barbados,BRB,2019,3.08882780300633,20494.3871602646,281207.0
Barbados,BRB,2020,2.38766338419158,17519.837062872,281698.0
Barbados,BRB,2021,2.30908001857188,17475.0281776857,282147.0
Barbados,BRB,2022,2.4401561359885,20472.9494048647,282318.0
Barbados,BRB,2023,2.44602176130568,21068.2610447067,282336.0
Barbados,BRB,2024,2.52348061897496,21581.2171257633,282467.0
Belarus,BLR,1990,10.3572083316813,2888.81296582486,10189348.0
Belarus,BLR,1991,9.96517576429388,2852.83085924888,10194050.0
Belarus,BLR,1992,8.98959229557763,2573.29955103215,10216470.0
Belarus,BLR,1993,7.74414618543712,2372.48516910385,10239050.0
Belarus,BLR,1994,6.60940622110882,2097.38187007503,10226955.0
Belarus,BLR,1995,5.92783027303474,1885.36062660186,10193831.0
Belarus,BLR,1996,6.03949832911219,1944.68700512976,10159569.0
Belarus,BLR,1997,6.10897052641713,2175.40374180154,10117433.0
Belarus,BLR,1998,5.98767092373155,2368.78330877851,10071963.0
Belarus,BLR,1999,5.80063027477132,2460.36944195798,10026738.0
Belarus,BLR,2000,5.63748483157157,2615.36376799462,9979610.0
Belarus,BLR,2001,5.53944992364947,2753.0336970697,9928549.0
Belarus,BLR,2002,5.59425588928258,2910.39937484153,9865548.0
Belarus,BLR,2003,5.69894155704101,3137.26261430575,9796749.0
Belarus,BLR,2004,6.08289947550633,3520.40452642524,9730146.0
Belarus,BLR,2005,6.21065065245296,3877.71738911289,9663915.0
Belarus,BLR,2006,6.50329976582844,4291.68647163264,9604924.0
Belarus,BLR,2007,6.38627760224321,4682.20676719042,9560953.0
Belarus,BLR,2008,6.79739735106636,5177.64534775676,9527985.0
Belarus,BLR,2009,6.48177831683936,5200.77418555423,9504583.0
Belarus,BLR,2010,6.97190461749866,5616.0941173307,9483836.0
Belarus,BLR,2011,6.65434111179211,5941.68999156239,9461643.0
Belarus,BLR,2012,6.80323020321301,6052.6373706236,9446836.0
Belarus,BLR,2013,6.82283812148219,6115.43288098707,9443211.0
Belarus,BLR,2014,6.77047133861776,6212.91667418659,9448515.0
Belarus,BLR,2015,6.25386583936119,5967.05595058777,9461076.0
Belarus,BLR,2016,6.23725167194174,5811.20159182547,9469379.0
Belarus,BLR,2017,6.3666212107869,5964.89668834561,9458989.0
Belarus,BLR,2018,6.722115187495,6165.91320019277,9438785.0
Belarus,BLR,2019,6.50202478662403,6267.73508743505,9419758.0
Belarus,BLR,2020,6.20046882969124,6251.98898968645,9379952.0
Belarus,BLR,2021,6.30387145078492,6457.73053706343,9302585.0
Belarus,BLR,2022,6.05700801391753,6206.61909685419,9228071.0
Belarus,BLR,2023,5.86387585149229,6497.78450683592,9178298.0
Belarus,BLR,2024,5.93649429972465,6792.13183495565,9132629.0
Belgium,BEL,1990,11.6194738857627,29609.6207516724,9967379.0
Belgium,BEL,1991,11.9680611277781,30040.5508404095,10004486.0
Belgium,BEL,1992,11.7086759610949,30376.8745342462,10045158.0
Belgium,BEL,1993,11.4730018171496,29967.3944241601,10084475.0
Belgium,BEL,1994,12.0636308087615,30839.2414336465,10115603.0
Belgium,BEL,1995,12.0655697339134,31508.622663522,10136811.0
Belgium,BEL,1996,12.5344048428628,31862.6693868132,10156637.0
Belgium,BEL,1997,12.2128973421227,32991.5010116146,10181245.0
Belgium,BEL,1998,12.4775458374628,33566.9875919507,10203008.0
Belgium,BEL,1999,12.0249522340127,34676.6051555263,10226419.0
Belgium,BEL,2000,12.1836556517498,35878.3153586195,10251250.0
Belgium,BEL,2001,12.225212096938,36148.2880924306,10286570.0
Belgium,BEL,2002,11.4676730426502,36600.862592332,10332785.0
Belgium,BEL,2003,11.8899015654483,36826.2699296094,10376133.0
Belgium,BEL,2004,11.7049703885478,37976.6972967442,10421137.0
Belgium,BEL,2005,11.3572144110239,38645.2605193362,10478617.0
Belgium,BEL,2006,11.0047176903814,39371.0858277448,10547958.0
Belgium,BEL,2007,10.6264716677489,40520.0843207009,10625700.0
Belgium,BEL,2008,10.6675992553856,40380.9075004042,10709973.0
Belgium,BEL,2009,9.93765290266015,39293.637546825,10796493.0
Belgium,BEL,2010,10.5458393885377,39991.5646206286,10895586.0
Belgium,BEL,2011,9.46659728377578,40236.9596308558,11038264.0
Belgium,BEL,2012,9.27476642514783,40074.492800399,11106932.0
Belgium,BEL,2013,9.35170659157785,40007.8997891411,11159407.0
Belgium,BEL,2014,8.72331187181937,40533.9135027898,11209057.0
Belgium,BEL,2015,9.08415110044211,40893.804537772,11274196.0
Belgium,BEL,2016,8.94429666461985,41172.8862831209,11331422.0
Belgium,BEL,2017,8.77081443615992,41619.328629169,11375158.0
Belgium,BEL,2018,8.79128601300038,42208.3625650272,11427054.0
Belgium,BEL,2019,8.73127988733552,43006.4042308863,11488980.0
Belgium,BEL,2020,7.96694296814415,40769.0218072962,11538604.0
Belgium,BEL,2021,8.2875698190821,43140.9676652971,11586195.0
Belgium,BEL,2022,7.6776616173853,44486.7438563594,11680210.0
Belgium,BEL,2023,7.27763098404696,44866.1935177304,11779946.0
Belgium,BEL,2024,7.30661519351762,45045.6601021398,11858610.0
Belize,BLZ,1990,0.690969870436322,4112.59517532713,183076.0
Belize,BLZ,1991,0.774165953806672,4499.57971281862,187040.0
Belize,BLZ,1992,0.634611457564286,4967.92710478843,190983.0
Belize,BLZ,1993,0.606971708858811,5166.82867390165,194902.0
Belize,BLZ,1994,0.577105631928156,5056.95201193832,199097.0
Belize,BLZ,1995,0.635819462541514,4967.96153818049,204146.0
Belize,BLZ,1996,0.513527649660026,4875.65675023061,210310.0
Belize,BLZ,1997,0.854465016601823,4915.3403407039,217446.0
Belize,BLZ,1998,0.838910526572902,4931.45499103616,225173.0
Belize,BLZ,1999,0.846566749192265,5213.5662826521,233059.0
Belize,BLZ,2000,0.580151910929863,5663.64632374973,240799.0
Belize,BLZ,2001,0.573720000483133,5764.99055491104,248379.0
Belize,BLZ,2002,0.555449222488272,5895.15235037898,256009.0
Belize,BLZ,2003,0.567518386534233,6274.47428279313,263780.0
Belize,BLZ,2004,0.504991019110156,6383.07432412662,271688.0
Belize,BLZ,2005,0.539446825700405,6337.12389222378,279731.0
Belize,BLZ,2006,0.606159553699831,6435.58767337678,287878.0
Belize,BLZ,2007,0.568726781492739,6465.82885846045,296100.0
Belize,BLZ,2008,0.534891132569547,6187.95885023655,304361.0
Belize,BLZ,2009,0.629210464022725,5997.68447156383,312614.0
Belize,BLZ,2010,0.72850473855954,5937.75398343789,320245.0
Belize,BLZ,2011,0.45829794254777,5802.24344531492,327298.0
Belize,BLZ,2012,0.487120754513866,5902.74234696881,334414.0
Belize,BLZ,2013,0.602118684998551,6013.07879895362,341627.0
Belize,BLZ,2014,0.586089194464108,6116.49578852783,348923.0
Belize,BLZ,2015,0.693733109198418,6154.62264230369,356333.0
Belize,BLZ,2016,0.715098504270575,6012.21296983668,364705.0
Belize,BLZ,2017,0.762857648136934,5767.61921963762,373202.0
Belize,BLZ,2018,0.748502206582401,5707.61059954436,380226.0
Belize,BLZ,2019,1.03206342706225,5864.14611827109,385829.0
Belize,BLZ,2020,0.815225735136076,5006.48453276935,390812.0
Belize,BLZ,2021,0.850141395132365,5839.40157956017,395346.0
Belize,BLZ,2022,0.88023578897185,6262.56088273674,402733.0
Belize,BLZ,2023,0.913632980301917,6165.69414825936,411106.0
Belize,BLZ,2024,0.932452909809338,6290.49294452749,417072.0
Benin,BEN,1990,0.0754712837067041,749.459666582926,5281479.0
Benin,BEN,1991,0.0643481504817758,757.403145107877,5446932.0
Benin,BEN,1992,0.0677840110903756,756.080888165851,5617844.0
Benin,BEN,1993,0.0656256247120152,765.479914438342,5872706.0
Benin,BEN,1994,0.0643155276153259,752.277508740764,6096506.0
Benin,BEN,1995,0.0640138961224377,781.0647884601,6226773.0
Benin,BEN,1996,0.168354803877057,793.7950526962,6391858.0
Benin,BEN,1997,0.20731039521582,814.901395438676,6583365.0
Benin,BEN,1998,0.193755376877406,821.459971433599,6789489.0
Benin,BEN,1999,0.205845703829516,838.976786975768,7002818.0
Benin,BEN,2000,0.214093266343738,861.213292013209,7221619.0
Benin,BEN,2001,0.249449473218799,879.854463773645,7445596.0
Benin,BEN,2002,0.279189715333064,893.137100961634,7675426.0
Benin,BEN,2003,0.303295686756215,896.146763201736,7913070.0
Benin,BEN,2004,0.313564226616338,907.624431209378,8159094.0
Benin,BEN,2005,0.332477109339693,893.91536869992,8426144.0
Benin,BEN,2006,0.443919541179229,900.62053578735,8693242.0
Benin,BEN,2007,0.49124583746046,926.740113754071,8953969.0
Benin,BEN,2008,0.47312305208688,943.203380303862,9228466.0
Benin,BEN,2009,0.492616639306086,936.565651071554,9509423.0
Benin,BEN,2010,0.518653564527383,928.246655329144,9797484.0
Benin,BEN,2011,0.491508351362043,927.716412836707,10093623.0
Benin,BEN,2012,0.454419683203629,943.918771531001,10397657.0
Benin,BEN,2013,0.464168181148386,982.399206290516,10708834.0
Benin,BEN,2014,0.494995287399714,1014.4330062135,11030004.0
Benin,BEN,2015,0.511448213359745,1002.41886879614,11360681.0
Benin,BEN,2016,0.610993036151454,1006.03926633023,11697842.0
Benin,BEN,2017,0.601713652575047,1032.90471194182,12039780.0
Benin,BEN,2018,0.666298053345352,1071.50452156932,12383347.0
Benin,BEN,2019,0.639872457668903,1114.17304526443,12726755.0
Benin,BEN,2020,0.666089321415813,1126.65404122154,13070169.0
Benin,BEN,2021,0.502981455061003,1176.37727637273,13413417.0
Benin,BEN,2022,0.513056396449261,1218.49668929091,13759501.0
Benin,BEN,2023,0.488426291085402,1263.62158336368,14111034.0
Benin,BEN,2024,0.487328666439324,1324.78312597434,14462724.0
Bermuda,BMU,1990,4.3868031063778,89089.7346423608,57559.0
Bermuda,BMU,1991,3.93039459161148,85311.0494288592,57984.0
Bermuda,BMU,1992,3.08353450785009,84642.6084927299,58407.0
Bermuda,BMU,1993,3.41913764961915,86582.8344997142,58816.0
Bermuda,BMU,1994,3.36520593303375,86545.7823557807,59194.0
Bermuda,BMU,1995,3.3649161710849,89849.1250139813,59526.0
Bermuda,BMU,1996,3.41564542825138,91743.2962338679,59813.0
Bermuda,BMU,1997,3.48472007577646,95383.0225110365,60177.0
Bermuda,BMU,1998,3.54062566994838,98347.9089816051,60639.0
Bermuda,BMU,1999,3.5583404227472,100867.914579743,61124.0
Bermuda,BMU,2000,2.44354183590577,109502.763102809,61550.0
Bermuda,BMU,2001,2.40354308435838,116809.925253071,61867.0
Bermuda,BMU,2002,2.66486434295645,114574.433608566,62142.0
Bermuda,BMU,2003,2.74099958323983,118018.831592635,62386.0
Bermuda,BMU,2004,2.76556630165454,120432.12052555,62555.0
Bermuda,BMU,2005,2.9659868284671,122143.799577518,62711.0
Bermuda,BMU,2006,3.68590253684311,128662.931924261,62834.0
Bermuda,BMU,2007,4.3977146484685,132595.482654866,63010.0
Bermuda,BMU,2008,4.40600315955766,129525.177139097,63300.0
Bermuda,BMU,2009,3.84960276881932,121727.584908744,63565.0
Bermuda,BMU,2010,4.84896037661828,118382.908990645,63725.0
Bermuda,BMU,2011,2.40691635416503,113937.835700983,63733.0
Bermuda,BMU,2012,2.79200578198159,108040.575659203,63646.0
Bermuda,BMU,2013,3.1144807625759,107860.394791964,63574.0
Bermuda,BMU,2014,4.28150923200428,103941.982606956,63529.0
Bermuda,BMU,2015,3.63513172822387,104855.366822135,63464.0
Bermuda,BMU,2016,4.91260697568126,104190.876720334,63449.0
Bermuda,BMU,2017,4.48740130233729,107734.608357327,63578.0
Bermuda,BMU,2018,4.71401043380176,106843.163739391,63831.0
Bermuda,BMU,2019,4.71867346779603,106709.881238843,64107.0
Bermuda,BMU,2020,3.32701686806872,98999.5076617935,64382.0
Bermuda,BMU,2021,3.78511322856082,103134.729483915,64648.0
Bermuda,BMU,2022,3.97689539606789,109642.671877743,64749.0
Bermuda,BMU,2023,3.99239543726236,115124.71719745,64698.0
Bermuda,BMU,2024,4.1354663036079,122117.603586776,64636.0
Bhutan,BTN,1990,0.306641755205867,812.671325588739,589287.0
Bhutan,BTN,1991,0.313279447267683,795.191842865383,599784.0
Bhutan,BTN,1992,0.321752103763755,863.46389569327,577774.0
Bhutan,BTN,1993,0.35840936912379,917.291292689812,554673.0
Bhutan,BTN,1994,0.464565182498733,963.016574291679,554497.0
Bhutan,BTN,1995,0.585413210849123,1043.38748981674,547989.0
Bhutan,BTN,1996,0.652169159450713,1099.85817824831,548784.0
Bhutan,BTN,1997,0.677111206969073,1138.39922318847,558697.0
Bhutan,BTN,1998,0.695250555375065,1182.98781073316,569435.0
Bhutan,BTN,1999,0.687632063634288,1248.61600842811,582579.0
Bhutan,BTN,2000,0.679217843960842,1259.6237645235,596863.0
Bhutan,BTN,2001,0.719064037957151,1321.09878230279,610794.0
Bhutan,BTN,2002,0.764562970745137,1427.25693317315,624409.0
Bhutan,BTN,2003,0.777840332589471,1506.4152751782,637663.0
Bhutan,BTN,2004,0.770124695639342,1552.73915195801,650544.0
Bhutan,BTN,2005,0.82025790757934,1632.02169500573,661865.0
Bhutan,BTN,2006,0.847645867092825,1701.11878173586,670799.0
Bhutan,BTN,2007,0.850670678606214,1952.25734603779,678641.0
Bhutan,BTN,2008,0.844611576292597,2017.76018913403,686351.0
Bhutan,BTN,2009,1.1543427263872,2148.56480375034,693988.0
Bhutan,BTN,2010,1.28984994983125,2378.72810760985,701632.0
Bhutan,BTN,2011,1.55939648452092,2552.48871073094,709377.0
Bhutan,BTN,2012,1.47097572910959,2654.74798946027,717279.0
Bhutan,BTN,2013,1.52604605438228,2671.07460201171,725273.0
Bhutan,BTN,2014,1.54036274158106,2797.81883971908,733139.0
Bhutan,BTN,2015,1.76825299952202,2954.04081911097,740618.0
Bhutan,BTN,2016,1.90461927671535,3173.36773217431,747866.0
Bhutan,BTN,2017,1.95350871960071,3211.80903275593,754335.0
Bhutan,BTN,2018,2.30402009058136,3300.55006461736,759759.0
Bhutan,BTN,2019,2.36171982050772,3467.38598979356,764824.0
Bhutan,BTN,2020,1.83518050508697,3092.12428399363,770006.0
Bhutan,BTN,2021,1.99176727595359,3206.20366997254,775442.0
Bhutan,BTN,2022,1.94285158160822,3349.73309632799,780914.0
Bhutan,BTN,2023,1.98465128404026,3480.51388574877,786385.0
Bhutan,BTN,2024,2.01118348906666,,791524.0
Bolivia,BOL,1990,0.923445844416563,1679.40847934245,7130142.0
Bolivia,BOL,1991,0.947682159320873,1731.3951418014,7280289.0
Bolivia,BOL,1992,1.0000220716802,1724.36334508877,7430336.0
Bolivia,BOL,1993,1.17280265252444,1762.66830888368,7579195.0
Bolivia,BOL,1994,1.24158149485682,1809.57065085888,7727322.0
Bolivia,BOL,1995,1.10151833548453,1858.78185183799,7874676.0
Bolivia,BOL,1996,1.04535975753877,1904.28702147603,8021736.0
Bolivia,BOL,1997,1.24482425103148,1962.8640425071,8167900.0
Bolivia,BOL,1998,1.22391648946267,2025.50334651632,8313394.0
Bolivia,BOL,1999,1.04933848364844,1998.94534010592,8459806.0
Bolivia,BOL,2000,0.953345248599693,2014.19024658446,8606326.0
Bolivia,BOL,2001,0.906722195208447,2013.84581083123,8752736.0
Bolivia,BOL,2002,0.951411488642869,2029.66993638623,8900355.0
Bolivia,BOL,2003,0.996508557349155,2050.07133411879,9050700.0
Bolivia,BOL,2004,1.02693451431925,2099.990810637,9204287.0
Bolivia,BOL,2005,1.06158115040733,2156.18670325307,9360754.0
Bolivia,BOL,2006,1.13232011673559,2221.42722587103,9521689.0
Bolivia,BOL,2007,1.23849365473324,2283.4273357151,9685960.0
Bolivia,BOL,2008,1.30378490888814,2383.2503257823,9850858.0
Bolivia,BOL,2009,1.36372054481332,2422.57579390007,10016275.0
Bolivia,BOL,2010,1.45277929592839,2481.40700850945,10182345.0
Bolivia,BOL,2011,1.55521407094396,2568.5205166368,10348929.0
Bolivia,BOL,2012,1.62055085263547,2657.23884915853,10515807.0
Bolivia,BOL,2013,1.69450194184791,2793.51457098676,10682608.0
Bolivia,BOL,2014,1.7940087500212,2900.90241586338,10848888.0
Bolivia,BOL,2015,1.81142391012742,2996.01289811344,11014705.0
Bolivia,BOL,2016,1.91061375561046,3077.57057564766,11180020.0
Bolivia,BOL,2017,1.92014923064189,3160.16421228968,11344587.0
Bolivia,BOL,2018,1.90865464156169,3204.53670819124,11508368.0
Bolivia,BOL,2019,1.88492609189688,3207.3869521223,11671386.0
Bolivia,BOL,2020,1.57121108732946,2765.0927177231,11816299.0
Bolivia,BOL,2021,1.83202986254917,3011.55110807557,11937360.0
Bolivia,BOL,2022,1.93607699297368,3088.24126155241,12077154.0
Bolivia,BOL,2023,1.99475521348588,3122.77049447823,12244159.0
Bolivia,BOL,2024,2.29073378062186,3045.61476602385,12413315.0
Bosnia and Herzegovina,BIH,1990,5.52389802573903,791.443970389452,4448652.0
Bosnia and Herzegovina,BIH,1991,4.93277435136776,715.900064392785,4458343.0
Bosnia and Herzegovina,BIH,1992,3.83236638221742,705.206671025908,4234616.0
Bosnia and Herzegovina,BIH,1993,3.48840127832578,748.150021097699,3904482.0
Bosnia and Herzegovina,BIH,1994,0.885861751666661,871.398491492583,3725412.0
Bosnia and Herzegovina,BIH,1995,0.9459667495971,1013.22444955595,3715564.0
Bosnia and Herzegovina,BIH,1996,1.13525696175159,1498.00593266831,3875246.0
Bosnia and Herzegovina,BIH,1997,2.17093260286191,1974.05742700092,4018227.0
Bosnia and Herzegovina,BIH,1998,2.70235704595051,2262.0326315401,4089356.0
Bosnia and Herzegovina,BIH,1999,2.63714180914,2452.85188366768,4130305.0
Bosnia and Herzegovina,BIH,2000,3.43316975862373,2567.34136989735,4159771.0
Bosnia and Herzegovina,BIH,2001,3.3728936761354,2617.18230350812,4179438.0
Bosnia and Herzegovina,BIH,2002,3.54063823274201,2743.13878615838,4188002.0
Bosnia and Herzegovina,BIH,2003,3.63494469217951,2855.68314939849,4178523.0
Bosnia and Herzegovina,BIH,2004,3.87204789582773,3063.83543448936,4140987.0
Bosnia and Herzegovina,BIH,2005,4.11237124047325,3217.81341615345,4096493.0
Bosnia and Herzegovina,BIH,2006,4.59986434577848,3419.75887457192,4063272.0
Bosnia and Herzegovina,BIH,2007,4.91480591136147,3665.08966529499,4013424.0
Bosnia and Herzegovina,BIH,2008,5.48500536029491,3929.03297717336,3947544.0
Bosnia and Herzegovina,BIH,2009,5.58279640620095,3877.53540078456,3879794.0
Bosnia and Herzegovina,BIH,2010,5.82913897832648,3981.20985692032,3811472.0
Bosnia and Herzegovina,BIH,2011,6.75293000851462,4094.25329541877,3741798.0
Bosnia and Herzegovina,BIH,2012,6.35152105670861,4139.91732773657,3670113.0
Bosnia and Herzegovina,BIH,2013,6.42871959276172,4306.73175072214,3610859.0
Bosnia and Herzegovina,BIH,2014,5.83357574795313,4412.67617817734,3564829.0
Bosnia and Herzegovina,BIH,2015,5.92032322488213,4662.25869219448,3518541.0
Bosnia and Herzegovina,BIH,2016,6.7682636611601,4876.53471495633,3473003.0
Bosnia and Herzegovina,BIH,2017,6.99679935322086,5099.81602856447,3428682.0
Bosnia and Herzegovina,BIH,2018,7.10487156775908,5360.25201017633,3387000.0
Bosnia and Herzegovina,BIH,2019,6.75452909895075,5583.29721276458,3345533.0
Bosnia and Herzegovina,BIH,2020,6.83055960433407,5490.75366635139,3299349.0
Bosnia and Herzegovina,BIH,2021,7.09101986590062,5995.54197590494,3244907.0
Bosnia and Herzegovina,BIH,2022,6.98907452004835,6327.16206849174,3204802.0
Bosnia and Herzegovina,BIH,2023,6.53950474604507,6493.32400514463,3185073.0
Bosnia and Herzegovina,BIH,2024,6.44935787372249,6730.26828824205,3164253.0
Botswana,BWA,1990,2.16206528931696,4039.46544455099,1305696.0
Botswana,BWA,1991,2.08100429586303,4224.09857544948,1341756.0
Botswana,BWA,1992,2.46197011230891,4226.73999498293,1380033.0
Botswana,BWA,1993,2.35959763821944,4186.14547358363,1420115.0
Botswana,BWA,1994,2.20044478751362,4219.4408088678,1460023.0
Botswana,BWA,1995,2.22953011536953,4399.1388580936,1498836.0
Botswana,BWA,1996,1.96117751384518,4543.2105349273,1535914.0
Botswana,BWA,1997,2.04607648704485,4809.4439184672,1571691.0
Botswana,BWA,1998,2.38185474009256,4724.93670942028,1606899.0
Botswana,BWA,1999,2.45627732571984,5070.94772048729,1641997.0
Botswana,BWA,2000,2.44404673473305,5062.64289173588,1677382.0
Botswana,BWA,2001,2.31028807641857,4971.96371794188,1712254.0
Botswana,BWA,2002,2.39310439297486,5175.47655317231,1744763.0
Botswana,BWA,2003,2.32883716948916,5320.440295139,1775736.0
Botswana,BWA,2004,2.24298424145033,5369.42516766112,1807146.0
Botswana,BWA,2005,2.38640952628899,5514.21742664705,1839877.0
Botswana,BWA,2006,2.21315795650717,5865.00026521361,1874516.0
Botswana,BWA,2007,2.3141992914403,6085.6354476126,1911201.0
Botswana,BWA,2008,2.31254839818048,6158.61629368051,1949970.0
Botswana,BWA,2009,2.0736203284015,5179.4138607146,1990673.0
Botswana,BWA,2010,1.66355894980648,5584.5034321846,2033111.0
Botswana,BWA,2011,1.93548698237551,5850.07858575461,2073535.0
Botswana,BWA,2012,1.67156956431633,5742.91924452636,2108617.0
Botswana,BWA,2013,2.57945832216088,6284.97678002618,2140682.0
Botswana,BWA,2014,3.29095543184208,6547.12254115892,2172044.0
Botswana,BWA,2015,3.21839372606118,6141.20394726616,2203273.0
Botswana,BWA,2016,3.02151088073257,6490.83463593483,2234776.0
Botswana,BWA,2017,3.28258954351765,6662.57644805467,2266747.0
Botswana,BWA,2018,3.57037693642974,6843.84612027739,2299141.0
Botswana,BWA,2019,3.14825844534693,6951.73189051146,2332083.0
Botswana,BWA,2020,2.57488289838852,6254.24806241091,2365894.0
Botswana,BWA,2021,2.72602991287315,6895.91184943107,2401441.0
Botswana,BWA,2022,2.80246010889007,7159.5860618268,2439892.0
Botswana,BWA,2023,2.7096930785842,7269.05170664457,2480244.0
Botswana,BWA,2024,2.73749285541178,6937.33180990267,2521139.0
Brazil,BRA,1990,1.52128199616552,6149.86718171298,149143223.0
Brazil,BRA,1991,1.55060704334579,6107.64813406258,151724256.0
Brazil,BRA,1992,1.54720906025269,5973.98216883419,154275079.0
Brazil,BRA,1993,1.59016787933935,6167.46021218994,156794577.0
Brazil,BRA,1994,1.62465005024393,6427.1682800904,159265006.0
Brazil,BRA,1995,1.73140553131602,6596.33496795058,161735073.0
Brazil,BRA,1996,1.83087535382901,6640.72624266152,164202549.0
Brazil,BRA,1997,1.91554735453581,6764.85764267331,166661659.0
Brazil,BRA,1998,1.94230001237588,6687.49446621217,169159655.0
Brazil,BRA,1999,1.95707166300643,6621.63600079445,171641543.0
Brazil,BRA,2000,2.00787868943563,6817.78345634413,174018282.0
Brazil,BRA,2001,1.9928207750233,6823.0331851176,176301203.0
Brazil,BRA,2002,1.96879630651915,6944.62257593723,178503484.0
Brazil,BRA,2003,1.91839410561756,6941.43965883253,180622688.0
Brazil,BRA,2004,1.99978275095698,7258.78101654079,182675143.0
Brazil,BRA,2005,1.99935674253319,7409.56827992249,184688101.0
Brazil,BRA,2006,2.00204169117872,7622.03919432148,186653106.0
Brazil,BRA,2007,2.08496718576573,8003.2532101272,188552320.0
Brazil,BRA,2008,2.16839391882541,8330.76364001877,190367302.0
Brazil,BRA,2009,2.00746250710986,8246.09612122851,192079951.0
Brazil,BRA,2010,2.27112813109879,8792.63334959864,193701929.0
Brazil,BRA,2011,2.37418967936326,9067.99212019529,195284734.0
Brazil,BRA,2012,2.52901988702936,9167.49818450433,196876111.0
Brazil,BRA,2013,2.63744450973958,9366.73824670239,198478299.0
Brazil,BRA,2014,2.7310345760982,9338.34170840985,200085127.0
Brazil,BRA,2015,2.56818858918394,8936.1955889444,201675532.0
Brazil,BRA,2016,2.37533549789759,8577.84277969667,203218114.0
Brazil,BRA,2017,2.41694955353585,8628.25209645723,204703445.0
Brazil,BRA,2018,2.28562350357953,8722.33529970988,206107261.0
Brazil,BRA,2019,2.25869881785082,8771.43950372603,207455459.0
Brazil,BRA,2020,2.1466461829,8435.01046209185,208660842.0
Brazil,BRA,2021,2.41580858865319,8799.22844579944,209550294.0
Brazil,BRA,2022,2.27889577215227,9032.08377657776,210306415.0
Brazil,BRA,2023,2.27447826989363,9288.02594608687,211140729.0
Brazil,BRA,2024,2.31826466114939,9566.74408628371,211998573.0
British Virgin Islands,VGB,1990,1.16530820173204,,15704.0
British Virgin Islands,VGB,1991,1.13671464755668,,16187.0
British Virgin Islands,VGB,1992,1.11492798167902,,16593.0
British Virgin Islands,VGB,1993,1.05950909411972,,16989.0
British Virgin Islands,VGB,1994,1.05710674480064,,17406.0
British Virgin Islands,VGB,1995,1.01457399103139,,17840.0
British Virgin Islands,VGB,1996,1.28506589380434,,18287.0
British Virgin Islands,VGB,1997,1.2849221582427,,18756.0
British Virgin Islands,VGB,1998,1.28391724711508,,19238.0
British Virgin Islands,VGB,1999,1.27217435377598,,19730.0
British Virgin Islands,VGB,2000,1.37344992836322,,20241.0
British Virgin Islands,VGB,2001,1.33198692056165,,20796.0
British Virgin Islands,VGB,2002,1.44190387307513,,21430.0
British Virgin Islands,VGB,2003,1.55417005511882,,22134.0
British Virgin Islands,VGB,2004,1.55150561601329,,22881.0
British Virgin Islands,VGB,2005,1.57616733572787,,23665.0
British Virgin Islands,VGB,2006,1.82909402686482,,24493.0
British Virgin Islands,VGB,2007,1.91595048490105,,25366.0
British Virgin Islands,VGB,2008,2.08840535605599,,26288.0
British Virgin Islands,VGB,2009,2.32934087736057,,27218.0
British Virgin Islands,VGB,2010,2.54742547425474,,27675.0
British Virgin Islands,VGB,2011,1.9226750261233,,28710.0
British Virgin Islands,VGB,2012,1.88169385401219,,30345.0
British Virgin Islands,VGB,2013,2.06289625587484,,31703.0
British Virgin Islands,VGB,2014,2.12365754505188,,32962.0
British Virgin Islands,VGB,2015,2.0783813554409,,34498.0
British Virgin Islands,VGB,2016,2.27876498022315,,33878.0
British Virgin Islands,VGB,2017,2.05205052142267,,32699.0
British Virgin Islands,VGB,2018,1.91880428196324,,34657.0
British Virgin Islands,VGB,2019,2.40142876768787,,36395.0
British Virgin Islands,VGB,2020,2.27817422916386,,37135.0
British Virgin Islands,VGB,2021,2.23491761220873,,37809.0
British Virgin Islands,VGB,2022,2.30694955505102,,38319.0
British Virgin Islands,VGB,2023,2.27523406438374,,38985.0
British Virgin Islands,VGB,2024,2.32575815155431,,39471.0
Brunei Darussalam,BRN,1990,16.8438493959858,44179.827869454,255292.0
Brunei Darussalam,BRN,1991,18.696781367576,44201.1394947727,262596.0
Brunei Darussalam,BRN,1992,19.8692553707952,41672.3708419389,269839.0
Brunei Darussalam,BRN,1993,19.5363413498164,40342.0504065212,276971.0
Brunei Darussalam,BRN,1994,19.3388738115604,39721.4345352129,284091.0
Brunei Darussalam,BRN,1995,19.9656587510088,39274.4980204335,291195.0
Brunei Darussalam,BRN,1996,20.4766726119433,38331.6576177026,298276.0
Brunei Darussalam,BRN,1997,21.2919326261459,39820.2107524086,305341.0
Brunei Darussalam,BRN,1998,18.385005682091,36331.1813349886,312385.0
Brunei Darussalam,BRN,1999,18.8108737645228,37045.9342568638,319411.0
Brunei Darussalam,BRN,2000,18.6101512143715,37509.5983847742,326424.0
Brunei Darussalam,BRN,2001,17.5847845325414,37269.3099216587,333345.0
Brunei Darussalam,BRN,2002,16.3425943622298,37976.2627573601,340099.0
Brunei Darussalam,BRN,2003,18.6157276920813,38595.1688513702,346637.0
Brunei Darussalam,BRN,2004,17.7642521768945,37948.6590825194,352911.0
Brunei Darussalam,BRN,2005,16.7426361599929,37312.2778797122,358916.0
Brunei Darussalam,BRN,2006,23.6259231125724,38229.3565684183,364663.0
Brunei Darussalam,BRN,2007,22.0679316100121,36174.516515486,370873.0
Brunei Darussalam,BRN,2008,23.5785205125558,34126.6941563969,377793.0
Brunei Darussalam,BRN,2009,20.8361042415678,32855.6021602466,384952.0
Brunei Darussalam,BRN,2010,18.8093247555642,33121.3178241724,392332.0
Brunei Darussalam,BRN,2011,19.6830658831365,33754.3640783713,399389.0
Brunei Darussalam,BRN,2012,18.7948919633985,33544.5389457877,405557.0
Brunei Darussalam,BRN,2013,18.9425148710366,32381.0739795231,411202.0
Brunei Darussalam,BRN,2014,19.4524295140972,31148.7297405401,416750.0
Brunei Darussalam,BRN,2015,17.4445539207791,30625.1287744656,422212.0
Brunei Darussalam,BRN,2016,18.4753627527107,29492.4145927789,427564.0
Brunei Darussalam,BRN,2017,18.188792250885,29524.65912789,432772.0
Brunei Darussalam,BRN,2018,18.3419748292638,29200.1952024222,437810.0
Brunei Darussalam,BRN,2019,17.1760639739767,29996.2407223175,442680.0
Brunei Darussalam,BRN,2020,22.6370349840413,30015.9588506697,447404.0
Brunei Darussalam,BRN,2021,22.1070085296012,29256.1833678343,451721.0
Brunei Darussalam,BRN,2022,20.9436282583394,28549.1756060465,455370.0
Brunei Darussalam,BRN,2023,21.14308997296,28645.9645396284,458949.0
Brunei Darussalam,BRN,2024,20.2426516194424,29563.8682753082,462721.0
Bulgaria,BGR,1990,9.18234070928367,4425.49968282931,8718289.0
Bulgaria,BGR,1991,7.52064873979524,4092.07948943814,8632367.0
Bulgaria,BGR,1992,7.26263570582485,3835.45438611097,8540164.0
Bulgaria,BGR,1993,7.41642807578049,3808.94320479934,8472313.0
Bulgaria,BGR,1994,7.10857501269306,3891.38240422337,8443591.0
Bulgaria,BGR,1995,7.3003938702844,4021.99523881227,8406067.0
Bulgaria,BGR,1996,7.37293828665095,4253.23463876922,8362826.0
Bulgaria,BGR,1997,7.13748973179719,3675.18080678785,8312068.0
Bulgaria,BGR,1998,6.88582700338848,3839.97681613318,8256786.0
Bulgaria,BGR,1999,6.10426199031888,3537.34544408687,8210624.0
Bulgaria,BGR,2000,5.89680364134317,3717.92889906166,8170172.0
Bulgaria,BGR,2001,6.2958054683011,3937.70160937785,8009142.0
Bulgaria,BGR,2002,6.07329618467708,4260.40477488601,7837161.0
Bulgaria,BGR,2003,6.87596804610276,4519.18439177056,7775327.0
Bulgaria,BGR,2004,6.66896898479433,4849.87141310477,7716860.0
Bulgaria,BGR,2005,6.8534654520215,5231.33811895255,7658972.0
Bulgaria,BGR,2006,7.10899139615699,5629.80127993005,7601022.0
Bulgaria,BGR,2007,7.63903485834564,6048.74231752797,7545338.0
Bulgaria,BGR,2008,7.28226303396129,6464.72198023576,7492561.0
Bulgaria,BGR,2009,6.25111912335147,6288.72543188686,7444443.0
Bulgaria,BGR,2010,6.69444084245238,6428.71742590538,7395599.0
Bulgaria,BGR,2011,7.4553286135295,6605.30851691027,7348328.0
Bulgaria,BGR,2012,6.83236589446759,6693.4277325127,7305888.0
Bulgaria,BGR,2013,6.20837555281037,6792.73549964735,7160005.0
Bulgaria,BGR,2014,6.68898259606321,6941.01853946718,7073572.0
Bulgaria,BGR,2015,7.138544362474,7268.65445473873,6984225.0
Bulgaria,BGR,2016,6.83625613002581,7586.50411050819,6894139.0
Bulgaria,BGR,2017,7.2438350558862,7898.70693013652,6803468.0
Bulgaria,BGR,2018,6.90134019828938,8194.37434587757,6710798.0
Bulgaria,BGR,2019,6.74590424327681,8626.13418680372,6616726.0
Bulgaria,BGR,2020,6.01693316252197,8440.08304721192,6550696.0
Bulgaria,BGR,2021,7.04917445804336,9161.47737990726,6507301.0
Bulgaria,BGR,2022,7.64769654654833,9597.86796406548,6465097.0
Bulgaria,BGR,2023,5.73490257494032,9787.26510772747,6446596.0
Bulgaria,BGR,2024,5.30760215797104,10126.8980075708,6441421.0
Burkina Faso,BFA,1990,0.0357339533478118,332.153276660935,9159356.0
Burkina Faso,BFA,1991,0.0492302412696953,353.206720757378,9394632.0
Burkina Faso,BFA,1992,0.0410207414369202,345.401816823349,9629275.0
Burkina Faso,BFA,1993,0.0419380101508218,348.581211032689,9871713.0
Burkina Faso,BFA,1994,0.0445682539299974,344.371184069503,10123798.0
Burkina Faso,BFA,1995,0.0446435362379007,354.841188502861,10386722.0
Burkina Faso,BFA,1996,0.0481515383623522,383.973583031147,10655942.0
Burkina Faso,BFA,1997,0.0744634529586602,397.838955257373,10934223.0
Burkina Faso,BFA,1998,0.0686792168149497,415.273513470241,11240664.0
Burkina Faso,BFA,1999,0.0698146891280879,433.104727597234,11574928.0
Burkina Faso,BFA,2000,0.0731706539893436,428.309796566198,11925546.0
Burkina Faso,BFA,2001,0.0829849464835342,442.914122870048,12295001.0
Burkina Faso,BFA,2002,0.0853882812864106,448.128856317091,12680897.0
Burkina Faso,BFA,2003,0.0921992776321892,468.263047790124,13082532.0
Burkina Faso,BFA,2004,0.0791894660751542,474.086412333459,13500533.0
Burkina Faso,BFA,2005,0.0817032694873567,499.192797571217,13932123.0
Burkina Faso,BFA,2006,0.0799863250308358,514.113131757062,14373707.0
Burkina Faso,BFA,2007,0.110310889211461,519.26101218434,14816307.0
Burkina Faso,BFA,2008,0.124543742130815,533.471299938288,15258093.0
Burkina Faso,BFA,2009,0.117256031897002,533.470084831931,15710066.0
Burkina Faso,BFA,2010,0.121305612623944,561.847221302489,16176498.0
Burkina Faso,BFA,2011,0.133063992431119,581.603658737407,16661908.0
Burkina Faso,BFA,2012,0.15032942321544,600.731343697818,17172287.0
Burkina Faso,BFA,2013,0.171824228532949,616.741331164082,17695409.0
Burkina Faso,BFA,2014,0.15105767526533,624.576885187665,18229461.0
Burkina Faso,BFA,2015,0.209618038878152,630.124750752312,18777487.0
Burkina Faso,BFA,2016,0.203332261693596,648.420480176012,19334856.0
Burkina Faso,BFA,2017,0.228245053999348,669.276310328333,19894407.0
Burkina Faso,BFA,2018,0.264797129779167,694.492813126351,20438288.0
Burkina Faso,BFA,2019,0.271887847085997,717.021595096634,20961952.0
Burkina Faso,BFA,2020,0.265430526722067,713.8421779224,21478690.0
Burkina Faso,BFA,2021,0.292658735345638,745.472563435144,21995243.0
Burkina Faso,BFA,2022,0.288261986140856,740.306319930259,22509038.0
Burkina Faso,BFA,2023,0.272029919860247,745.405334618409,23025776.0
Burkina Faso,BFA,2024,0.274990879570369,763.833733522408,23548781.0
Burundi,BDI,1990,0.0359402418305754,373.245241687992,5587052.0
Burundi,BDI,1991,0.0499135935560797,383.870358589191,5703857.0
Burundi,BDI,1992,0.0381844416067371,377.518319697874,5858407.0
Burundi,BDI,1993,0.043827176478194,365.282012271705,5676843.0
Burundi,BDI,1994,0.0451009073735521,349.016249237768,5713854.0
Burundi,BDI,1995,0.0418540676087431,302.701844524604,6066316.0
Burundi,BDI,1996,0.0448727008918202,278.293479866983,6070506.0
Burundi,BDI,1997,0.0445631183441564,273.889548332896,6070042.0
Burundi,BDI,1998,0.0463382892297985,281.470892716422,6187108.0
Burundi,BDI,1999,0.0471820556700917,272.030864788973,6337155.0
Burundi,BDI,2000,0.0452072998120304,264.154407180223,6470194.0
Burundi,BDI,2001,0.0355422108973504,262.913885774384,6634365.0
Burundi,BDI,2002,0.0326341870292075,266.968141648342,6824132.0
Burundi,BDI,2003,0.026280839521612,255.500823385612,7043154.0
Burundi,BDI,2004,0.0299699507130413,258.050009115333,7310656.0
Burundi,BDI,2005,0.0242510542948156,250.878933475935,7587299.0
Burundi,BDI,2006,0.0292923047818543,255.105582251925,7865547.0
Burundi,BDI,2007,0.0456757847523743,254.311725516331,8161874.0
Burundi,BDI,2008,0.0259474981121343,256.012461554496,8505637.0
Burundi,BDI,2009,0.0248556994767115,252.582019875886,8947646.0
Burundi,BDI,2010,0.034117411675471,253.308577749924,9376444.0
Burundi,BDI,2011,0.0427455176375168,254.242110648215,9717978.0
Burundi,BDI,2012,0.0396483854478411,256.180393931874,10071028.0
Burundi,BDI,2013,0.0433169105214592,259.311117203355,10439341.0
Burundi,BDI,2014,0.0375470437605934,261.296721752002,10799785.0
Burundi,BDI,2015,0.0393751391707505,254.402585226788,11047580.0
Burundi,BDI,2016,0.043231648947978,258.061970808946,11239451.0
Burundi,BDI,2017,0.0474764316842566,261.725839288764,11506762.0
Burundi,BDI,2018,0.0654752338347002,267.508692172687,11859446.0
Burundi,BDI,2019,0.0624381085920451,270.411005710809,12255336.0
Burundi,BDI,2020,0.0733769801401851,263.463876356897,12617036.0
Burundi,BDI,2021,0.0692145551715359,264.682651664249,12965481.0
Burundi,BDI,2022,0.0698215770067585,263.587550051638,13321097.0
Burundi,BDI,2023,0.0693599815916636,264.843307950214,13689450.0
Burundi,BDI,2024,0.0689574855425617,268.700857391724,14047786.0
Cabo Verde,CPV,1990,0.143303110050396,835.120723175504,375428.0
Cabo Verde,CPV,1991,0.1760334489555,826.681399309547,384586.0
Cabo Verde,CPV,1992,0.170557807912764,896.519359558541,393415.0
Cabo Verde,CPV,1993,0.162700732650853,953.861011115729,401965.0
Cabo Verde,CPV,1994,0.186969197616935,1113.93806476467,410228.0
Cabo Verde,CPV,1995,0.183447180605782,1248.28104350759,418104.0
Cabo Verde,CPV,1996,0.215235172622838,1365.49820603623,425581.0
Cabo Verde,CPV,1997,0.210259751662438,1492.01847422507,432798.0
Cabo Verde,CPV,1998,0.211922216360759,1652.11117220593,439784.0
Cabo Verde,CPV,1999,0.217683905948011,1809.80582624137,446519.0
Cabo Verde,CPV,2000,0.618110505452035,2037.31720912714,453317.0
Cabo Verde,CPV,2001,0.705637496116604,2051.21733888102,460293.0
Cabo Verde,CPV,2002,0.773585471238379,2127.70872296502,467046.0
Cabo Verde,CPV,2003,0.767243437132301,2186.89500422765,473383.0
Cabo Verde,CPV,2004,0.81252477209671,2379.79636224135,479370.0
Cabo Verde,CPV,2005,1.25186811374623,2514.16779255327,485115.0
Cabo Verde,CPV,2006,1.34616325133271,2683.83943856892,490728.0
Cabo Verde,CPV,2007,1.50950240835164,3056.97102851154,496190.0
Cabo Verde,CPV,2008,1.44687895802376,3238.44159287498,501355.0
Cabo Verde,CPV,2009,1.3990172698912,3159.58698693977,506141.0
Cabo Verde,CPV,2010,1.47081901354299,3194.61667734233,509784.0
Cabo Verde,CPV,2011,1.70437992597473,3309.20121643898,511447.0
Cabo Verde,CPV,2012,1.46106591399635,3341.7421054836,511955.0
Cabo Verde,CPV,2013,1.42808336180389,3361.09387702205,512225.0
Cabo Verde,CPV,2014,1.51095201102423,3383.8422809791,512326.0
Cabo Verde,CPV,2015,1.54334359887118,3415.06266730931,512394.0
Cabo Verde,CPV,2016,1.62012197739165,3560.1400729534,512554.0
Cabo Verde,CPV,2017,1.73155024537282,3719.71306047915,512893.0
Cabo Verde,CPV,2018,1.55059746988304,3853.67940035241,513415.0
Cabo Verde,CPV,2019,1.62982587180804,4115.90283469406,514104.0
Cabo Verde,CPV,2020,1.22076090145508,3255.93628984058,514679.0
Cabo Verde,CPV,2021,1.2540428801759,3471.6553421786,516649.0
Cabo Verde,CPV,2022,1.3085363671521,3997.76763250653,519741.0
Cabo Verde,CPV,2023,1.24595323654924,4168.67748407593,522331.0
Cabo Verde,CPV,2024,1.28830183071462,4448.96609078891,524877.0
Cambodia,KHM,1990,0.0582799258876773,824.051655825487,7374752.0
Cambodia,KHM,1991,0.061650741200882,850.610221173097,7686850.0
Cambodia,KHM,1992,0.0640077267790802,862.478030887335,8113083.0
Cambodia,KHM,1993,0.0609884822874012,845.382004291868,8616381.0
Cambodia,KHM,1994,0.0584685061264214,513.967147967874,9239162.0
Cambodia,KHM,1995,0.149862798781095,520.926883186145,10018497.0
Cambodia,KHM,1996,0.154305928839849,511.670349597704,10801270.0
Cambodia,KHM,1997,0.153798528076528,496.770551310941,11570982.0
Cambodia,KHM,1998,0.165381604659346,499.016649050833,12058173.0
Cambodia,KHM,1999,0.158384363720352,552.901492232643,12265731.0
Cambodia,KHM,2000,0.160595894702245,598.561915252147,12462336.0
Cambodia,KHM,2001,0.172816902877153,632.833573980849,12658484.0
Cambodia,KHM,2002,0.17486253272109,662.188341283454,12855241.0
Cambodia,KHM,2003,0.18528127568775,719.333494240509,13050968.0
Cambodia,KHM,2004,0.182676416757728,775.847139030978,13244731.0
Cambodia,KHM,2005,0.201001517798453,866.340290123209,13439202.0
Cambodia,KHM,2006,0.220536243491838,947.065220050691,13639028.0
Cambodia,KHM,2007,0.267119017293309,1030.23117620792,13841770.0
Cambodia,KHM,2008,0.291564814662618,1090.57475806147,14053479.0
Cambodia,KHM,2009,0.341665960393113,1117.25834194514,14276810.0
Cambodia,KHM,2010,0.355795978766856,1155.85236856699,14500726.0
Cambodia,KHM,2011,0.364412931860331,1221.38839852454,14722584.0
Cambodia,KHM,2012,0.376906521441665,1295.25271477893,14945085.0
Cambodia,KHM,2013,0.375413441925121,1376.29557595926,15170208.0
Cambodia,KHM,2014,0.456810037844296,1464.53115866927,15396772.0
Cambodia,KHM,2015,0.54531544042914,1547.32010444393,15623251.0
Cambodia,KHM,2016,0.668405454858677,1645.46671578126,15852803.0
Cambodia,KHM,2017,0.735875459113371,1753.93530504662,16073372.0
Cambodia,KHM,2018,0.756550637862052,1884.28374817086,16274522.0
Cambodia,KHM,2019,0.953249815669925,2008.32094006706,16481304.0
Cambodia,KHM,2020,1.1140611022444,1908.63427518336,16725474.0
Cambodia,KHM,2021,1.08885754085366,1938.76436741728,16974305.0
Cambodia,KHM,2022,1.06878240808886,2011.27433313262,17201724.0
Cambodia,KHM,2023,1.08564797278218,2085.05748462122,17423880.0
Cambodia,KHM,2024,1.10207037315065,2182.71843902341,17638801.0
Cameroon,CMR,1990,0.419747188029179,1360.47765296011,11331821.0
Cameroon,CMR,1991,0.388431480443432,1271.04658608388,11667180.0
Cameroon,CMR,1992,0.362849568057844,1196.85081918895,12006353.0
Cameroon,CMR,1993,0.385311221908033,1070.98275377636,12353131.0
Cameroon,CMR,1994,0.405142801956064,1060.87326552909,12704903.0
Cameroon,CMR,1995,0.394815153574878,1062.01607349987,13058516.0
Cameroon,CMR,1996,0.394051118480939,1077.38925202961,13414757.0
Cameroon,CMR,1997,0.386331566246448,1096.69757735007,13775214.0
Cameroon,CMR,1998,0.391612218148501,1118.50819963079,14144860.0
Cameroon,CMR,1999,0.36724602998663,1138.36298546565,14525140.0
Cameroon,CMR,2000,0.383989921027349,1151.27689302947,14912631.0
Cameroon,CMR,2001,0.372337680745734,1169.92670464984,15309490.0
Cameroon,CMR,2002,0.357348891560271,1189.96707897027,15725528.0
Cameroon,CMR,2003,0.354943027188784,1221.09446141454,16160340.0
Cameroon,CMR,2004,0.33936994141111,1271.74326874167,16610487.0
Cameroon,CMR,2005,0.320435144753662,1264.74345218659,17074594.0
Cameroon,CMR,2006,0.317753314780677,1277.32990712342,17550407.0
Cameroon,CMR,2007,0.373237607574027,1295.73067471287,18049896.0
Cameroon,CMR,2008,0.3805792337441,1295.02211276052,18574056.0
Cameroon,CMR,2009,0.403568614250496,1290.89961351149,19113974.0
Cameroon,CMR,2010,0.398005579196246,1290.9013745759,19668066.0
Cameroon,CMR,2011,0.367209784906356,1297.3064962694,20232304.0
Cameroon,CMR,2012,0.360945218894671,1319.66961634054,20809529.0
Cameroon,CMR,2013,0.382158504270741,1347.2130636706,21402376.0
Cameroon,CMR,2014,0.402109837976095,1381.81938454907,22059893.0
Cameroon,CMR,2015,0.403515922523748,1415.00009710569,22763414.0
Cameroon,CMR,2016,0.413632361438979,1435.61830727839,23454161.0
Cameroon,CMR,2017,0.408780434472765,1444.90682916573,24128601.0
Cameroon,CMR,2018,0.425229264580814,1461.01969999317,24806383.0
Cameroon,CMR,2019,0.402691984014017,1470.31785276187,25506095.0
Cameroon,CMR,2020,0.39632883817277,1434.51913723409,26210558.0
Cameroon,CMR,2021,0.384499667443882,1443.57600237663,26915758.0
Cameroon,CMR,2022,0.377591519866032,1458.66180431693,27632771.0
Cameroon,CMR,2023,0.364184752751828,1468.17837007337,28372687.0
Cameroon,CMR,2024,0.353419532873246,1480.73097431993,29123744.0
Canada,CAN,1990,15.9076488658574,31700.5462613508,27691138.0
Canada,CAN,1991,15.4990188112886,30654.3331550624,28037420.0
Canada,CAN,1992,15.7665939733951,30563.3788132238,28371264.0
Canada,CAN,1993,15.5715417425083,31032.7546058282,28684764.0
Canada,CAN,1994,15.9956963742519,32074.1562636226,29000663.0
Canada,CAN,1995,16.2424970508299,32595.4515150443,29302311.0
Canada,CAN,1996,16.5438869784748,32801.3018574024,29610218.0
Canada,CAN,1997,16.9077703204727,33867.0079071879,29905948.0
Canada,CAN,1998,17.0401244257494,34894.6134264056,30155173.0
Canada,CAN,1999,17.2178440083094,36391.535343959,30401286.0
Canada,CAN,2000,17.6990281801997,37906.8601321366,30685730.0
Canada,CAN,2001,17.2263337035681,38200.456120621,31020855.0
Canada,CAN,2002,17.6683722055528,38921.6673033743,31359199.0
Canada,CAN,2003,18.1301542885681,39270.0234577749,31642461.0
Canada,CAN,2004,17.5256514747091,40108.7587456658,31938807.0
Canada,CAN,2005,18.0601166179094,41006.2229523971,32242732.0
Canada,CAN,2006,17.6443460330114,41663.5123057295,32571193.0
Canada,CAN,2007,18.0804998989628,42106.8724378248,32888886.0
Canada,CAN,2008,17.3072079421311,42067.5687072607,33247298.0
Canada,CAN,2009,16.140062037934,40376.4153847836,33630069.0
Canada,CAN,2010,16.5297747432196,41164.3399119626,34005902.0
Canada,CAN,2011,16.7674945217889,42043.6419795513,34339221.0
Canada,CAN,2012,16.3390529794046,42320.6431330726,34713395.0
Canada,CAN,2013,16.396768369606,42851.170527104,35080992.0
Canada,CAN,2014,16.3774543965685,43643.2356440047,35434066.0
Canada,CAN,2015,16.0870291468599,43594.1941045394,35704498.0
Canada,CAN,2016,15.8982424179268,43551.3425975115,36110803.0
Canada,CAN,2017,16.196245321702,44339.3886689254,36545075.0
Canada,CAN,2018,16.5238820455635,44907.3436912123,37072620.0
Canada,CAN,2019,16.190860373335,45100.2915069262,37618495.0
Canada,CAN,2020,14.4219048812634,42366.1285377884,38028638.0
Canada,CAN,2021,14.6897593568847,44639.193269037,38239864.0
Canada,CAN,2022,14.7892997763968,45677.686578804,38935934.0
Canada,CAN,2023,14.1478944295361,45048.2842408265,40083484.0
Canada,CAN,2024,13.9983582392805,44413.3983847404,41288599.0
Cayman Islands,CYM,1990,4.45017116042925,,25999.0
Cayman Islands,CYM,1991,4.19139737671283,,27294.0
Cayman Islands,CYM,1992,4.0879074805213,,28621.0
Cayman Islands,CYM,1993,3.61956231651988,,29976.0
Cayman Islands,CYM,1994,4.06672620566471,,31352.0
Cayman Islands,CYM,1995,4.08026142992395,,32743.0
Cayman Islands,CYM,1996,3.88366575872067,,34143.0
Cayman Islands,CYM,1997,3.82916467377543,,35543.0
Cayman Islands,CYM,1998,3.77552678619793,,36922.0
Cayman Islands,CYM,1999,3.68822484588862,,38284.0
Cayman Islands,CYM,2000,3.32963653778293,,39674.0
Cayman Islands,CYM,2001,3.1833337389569,,41089.0
Cayman Islands,CYM,2002,3.36830220633203,,42514.0
Cayman Islands,CYM,2003,3.43242135931169,,43934.0
Cayman Islands,CYM,2004,3.08475921679308,,45352.0
Cayman Islands,CYM,2005,3.14396853894161,,46788.0
Cayman Islands,CYM,2006,3.4105987725991,96066.629965728,48232.0
Cayman Islands,CYM,2007,4.13387807676052,96202.7389296237,49687.0
Cayman Islands,CYM,2008,4.35768606674356,93115.3176374189,51151.0
Cayman Islands,CYM,2009,4.32551598312365,84001.4219797545,52618.0
Cayman Islands,CYM,2010,4.56940054344812,79483.0963975025,54099.0
Cayman Islands,CYM,2011,3.58954069704708,78233.0182694571,55606.0
Cayman Islands,CYM,2012,3.34290114813778,77074.3886285602,57136.0
Cayman Islands,CYM,2013,3.69448469866167,76038.8787807923,58655.0
Cayman Islands,CYM,2014,3.85804521276596,76104.621790038,60160.0
Cayman Islands,CYM,2015,4.07027675935239,76379.2098777987,61642.0
Cayman Islands,CYM,2016,4.17115689381933,77031.864216869,63100.0
Cayman Islands,CYM,2017,4.35422638878128,77717.1760762284,64535.0
Cayman Islands,CYM,2018,4.68904020260536,79305.7692066005,65941.0
Cayman Islands,CYM,2019,5.84460914640486,80714.5721513481,67327.0
Cayman Islands,CYM,2020,4.83227534797042,75199.6446248648,68684.0
Cayman Islands,CYM,2021,4.48023050151195,77259.6331345061,70108.0
Cayman Islands,CYM,2022,5.00342221787655,80029.0319676823,71591.0
Cayman Islands,CYM,2023,4.92072619732194,83005.4838305223,73038.0
Cayman Islands,CYM,2024,4.99617228736049,,74457.0
Central African Republic,CAF,1990,0.0554683120292767,519.786735961912,2871910.0
Central African Republic,CAF,1991,0.0711057775215975,500.991150890901,2963191.0
Central African Republic,CAF,1992,0.0555114028856122,454.148968239471,3058831.0
Central African Republic,CAF,1993,0.0584893656706374,441.384907508364,3157839.0
Central African Republic,CAF,1994,0.0594851861014612,448.784442959801,3257954.0
Central African Republic,CAF,1995,0.0594972837936806,468.150527620686,3348052.0
Central African Republic,CAF,1996,0.0629808510855029,437.925054761723,3435965.0
Central African Republic,CAF,1997,0.0608771979499958,448.634663639551,3531700.0
Central African Republic,CAF,1998,0.0606256512090546,457.148858416438,3628827.0
Central African Republic,CAF,1999,0.0614835967770047,460.827900216085,3729450.0
Central African Republic,CAF,2000,0.0668855141210868,437.168928414826,3833416.0
Central African Republic,CAF,2001,0.0697029993976253,446.658634192083,3919487.0
Central African Republic,CAF,2002,0.069694117212425,452.808702217035,4006077.0
Central African Republic,CAF,2003,0.0644393025152288,418.240532289858,4103086.0
Central African Republic,CAF,2004,0.0611282223493176,433.825227770233,4192826.0
Central African Republic,CAF,2005,0.0588974564039908,427.968043155237,4288810.0
Central African Republic,CAF,2006,0.0611753665667713,439.294330902768,4377579.0
Central African Republic,CAF,2007,0.0600972042027709,450.762785401893,4462770.0
Central African Republic,CAF,2008,0.0439790970970725,450.313616886022,4558984.0
Central African Republic,CAF,2009,0.0431878936120557,492.215398914836,4529047.0
Central African Republic,CAF,2010,0.044491480627065,519.141456408484,4492995.0
Central African Republic,CAF,2011,0.0476449067813708,532.38295493852,4565021.0
Central African Republic,CAF,2012,0.047952133750668,553.729578314912,4610848.0
Central African Republic,CAF,2013,0.0320522555159282,349.821171688973,4642419.0
Central African Republic,CAF,2014,0.0349759105308854,351.561554911625,4623182.0
Central African Republic,CAF,2015,0.0504177719405874,366.322853938121,4629320.0
Central African Republic,CAF,2016,0.0533555326292949,376.858254120398,4713663.0
Central African Republic,CAF,2017,0.0552204845258517,387.35795131742,4793511.0
Central African Republic,CAF,2018,0.0601599989505309,395.020015455909,4878657.0
Central African Republic,CAF,2019,0.0611563525655636,401.82582161435,4944703.0
Central African Republic,CAF,2020,0.0633426623175616,398.834274122139,5026628.0
Central African Republic,CAF,2021,0.0631247432561961,396.020622931961,5112100.0
Central African Republic,CAF,2022,0.0632596180609838,398.91539795642,5098039.0
Central African Republic,CAF,2023,0.0645327701288385,397.467795750451,5152421.0
Central African Republic,CAF,2024,0.0632938700243308,389.938307964229,5330690.0
Chad,TCD,1990,0.0393459085353043,602.670685766624,5982833.0
Chad,TCD,1991,0.0462640975777659,630.620682685597,6205676.0
Chad,TCD,1992,0.0381178552188719,652.785002163699,6474656.0
Chad,TCD,1993,0.0192785013333543,537.410535921164,6629146.0
Chad,TCD,1994,0.0211102020358372,578.423503776262,6783450.0
Chad,TCD,1995,0.0208349085295322,560.331446834029,7089064.0
Chad,TCD,1996,0.0207419379042789,547.925799466002,7410108.0
Chad,TCD,1997,0.0206900166171992,559.259855835883,7670366.0
Chad,TCD,1998,0.0203808113024069,577.909573468712,7938840.0
Chad,TCD,1999,0.0203582640992228,554.148900757095,8222705.0
Chad,TCD,2000,0.0282421726360368,530.600331270541,8512093.0
Chad,TCD,2001,0.0276234182980612,572.806706828797,8804124.0
Chad,TCD,2002,0.0289046128032407,600.171451974641,9116192.0
Chad,TCD,2003,0.0418746830809522,661.556916681677,9487833.0
Chad,TCD,2004,0.0459171720747788,845.518131173419,9920036.0
Chad,TCD,2005,0.04656232729143,952.871910097036,10328092.0
Chad,TCD,2006,0.0464674292742376,914.210664598894,10706424.0
Chad,TCD,2007,0.0512558587792804,920.352815674967,11081660.0
Chad,TCD,2008,0.0422348813589332,916.087274632505,11476296.0
Chad,TCD,2009,0.0418370852465925,871.485311273077,11893754.0
Chad,TCD,2010,0.042606847064891,956.953018715651,12312575.0
Chad,TCD,2011,0.05359468136292,965.286963557057,12754997.0
Chad,TCD,2012,0.0915222301903308,1016.42152061894,13210998.0
Chad,TCD,2013,0.096069856875415,1008.61711429294,13691079.0
Chad,TCD,2014,0.0989591842171624,993.321157708395,14188678.0
Chad,TCD,2015,0.110147579596714,993.990730610869,14647621.0
Chad,TCD,2016,0.111858325578718,923.56587204799,15114655.0
Chad,TCD,2017,0.141485892472642,879.075895466718,15622759.0
Chad,TCD,2018,0.149407072594977,898.834794007399,16156531.0
Chad,TCD,2019,0.141712220447998,917.203710065059,16685223.0
Chad,TCD,2020,0.140107110268934,884.980541933197,17224679.0
Chad,TCD,2021,0.153189262919633,857.527630579087,17828273.0
Chad,TCD,2022,0.155239823582539,862.60212817252,18455316.0
Chad,TCD,2023,0.150566300727613,856.832488745342,19319064.0
Chad,TCD,2024,0.142508619707364,849.707321000625,20299123.0
Channel Islands,CHI,1990,,,143087.0
Channel Islands,CHI,1991,,,144269.0
Channel Islands,CHI,1992,,,144733.0
Channel Islands,CHI,1993,,,144984.0
Channel Islands,CHI,1994,,,145163.0
Channel Islands,CHI,1995,,,145247.0
Channel Islands,CHI,1996,,,145565.0
Channel Islands,CHI,1997,,,146214.0
Channel Islands,CHI,1998,,,146906.0
Channel Islands,CHI,1999,,,147554.0
Channel Islands,CHI,2000,,,148110.0
Channel Islands,CHI,2001,,,148850.0
Channel Islands,CHI,2002,,,149881.0
Channel Islands,CHI,2003,,,150960.0
Channel Islands,CHI,2004,,,152039.0
Channel Islands,CHI,2005,,,153126.0
Channel Islands,CHI,2006,,,154214.0
Channel Islands,CHI,2007,,,155309.0
Channel Islands,CHI,2008,,,156408.0
Channel Islands,CHI,2009,,67617.8205403696,157511.0
Channel Islands,CHI,2010,,64722.9832990297,158621.0
Channel Islands,CHI,2011,,65006.4871287216,159706.0
Channel Islands,CHI,2012,,60861.9006460501,160767.0
Channel Islands,CHI,2013,,60780.669022098,161777.0
Channel Islands,CHI,2014,,61892.8083445708,162726.0
Channel Islands,CHI,2015,,61847.8212238857,163454.0
Channel Islands,CHI,2016,,62434.1859444218,163883.0
Channel Islands,CHI,2017,,63393.3938698644,164319.0
Channel Islands,CHI,2018,,63859.9826096615,164949.0
Channel Islands,CHI,2019,,64594.5213908684,165639.0
Channel Islands,CHI,2020,,58636.7036143365,166235.0
Channel Islands,CHI,2021,,64267.6930018122,166741.0
Channel Islands,CHI,2022,,67508.9385276664,167215.0
Channel Islands,CHI,2023,,69818.1528119104,167691.0
Channel Islands,CHI,2024,,,168126.0
Chile,CHL,1990,2.47233496085785,5290.53694835535,13437176.0
Chile,CHL,1991,2.32699878814193,5606.86557277047,13662491.0
Chile,CHL,1992,2.36772067308928,6151.76546454326,13884577.0
Chile,CHL,1993,2.47523165764165,6461.73217350303,14102276.0
Chile,CHL,1994,2.66402752227957,6688.29717704707,14316256.0
Chile,CHL,1995,2.87658869826571,7201.13100361441,14527381.0
Chile,CHL,1996,3.25049209158163,7605.28953010603,14734046.0
Chile,CHL,1997,3.64026387124832,8058.94228801535,14932434.0
Chile,CHL,1998,3.62656193409233,8287.45061096547,15127799.0
Chile,CHL,1999,3.74659751387024,8161.45168872186,15319313.0
Chile,CHL,2000,3.47382404191017,8465.35303258864,15503635.0
Chile,CHL,2001,3.29401921683893,8632.0148244056,15683849.0
Chile,CHL,2002,3.29162863363271,8810.69052712257,15857925.0
Chile,CHL,2003,3.37761857406592,9130.7842621819,16024752.0
Chile,CHL,2004,3.61395788630139,9642.37478651228,16187322.0
Chile,CHL,2005,3.6175914799259,10104.4208391373,16348778.0
Chile,CHL,2006,3.65616252034094,10611.6144012877,16509195.0
Chile,CHL,2007,4.06392771027535,11051.3450717678,16671581.0
Chile,CHL,2008,4.23564646521513,11356.0922105983,16838988.0
Chile,CHL,2009,4.01098641712794,11116.4093443103,17009731.0
Chile,CHL,2010,4.2093619030369,11649.2897090856,17181464.0
Chile,CHL,2011,4.55717718537356,12252.8441074615,17351816.0
Chile,CHL,2012,4.64341271955513,12882.834417927,17519119.0
Chile,CHL,2013,4.82901967693119,13182.7329619856,17687006.0
Chile,CHL,2014,4.4057176939683,13285.9540361192,17864195.0
Chile,CHL,2015,4.67539634716479,13433.9202987032,18047625.0
Chile,CHL,2016,4.86474105721938,13505.097711133,18267221.0
Chile,CHL,2017,4.83609776199712,13473.3458532934,18558868.0
Chile,CHL,2018,4.75406192633103,13763.0068844795,18893191.0
Chile,CHL,2019,4.96139546396702,13630.5935435578,19197744.0
Chile,CHL,2020,4.51770681212954,12679.024004022,19370624.0
Chile,CHL,2021,4.57991726498939,14051.4713630677,19456334.0
Chile,CHL,2022,4.62474983424569,14283.1489501524,19553036.0
Chile,CHL,2023,3.91719041336885,14280.3475638842,19658835.0
Chile,CHL,2024,3.93744000373189,14579.4001071307,19764771.0
China,CHN,1990,2.12676894074534,917.270661782581,1135185000.0
China,CHN,1991,2.21606084568727,989.548540519036,1150780000.0
China,CHN,1992,2.2917226194666,1117.27329480169,1164970000.0
China,CHN,1993,2.45254862360409,1258.34946089635,1178440000.0
China,CHN,1994,2.55649490072032,1406.85845705008,1191835000.0
China,CHN,1995,2.79351042241598,1545.19429404212,1204855000.0
China,CHN,1996,2.74342450002053,1681.62743528935,1217550000.0
China,CHN,1997,2.79439822775034,1819.09789302268,1230075000.0
China,CHN,1998,2.83592410230809,1944.43719705771,1241935000.0
China,CHN,1999,2.75219491752047,2076.81812919622,1252735000.0
China,CHN,2000,2.88907594771294,2237.44298500334,1262645000.0
China,CHN,2001,3.00747564571294,2405.89396743215,1271850000.0
China,CHN,2002,3.22795454545455,2610.72960252379,1280400000.0
China,CHN,2003,3.70467882645141,2857.0373538115,1288400000.0
China,CHN,2004,4.24069749050016,3127.86276523632,1296075000.0
China,CHN,2005,4.78299420120885,3465.81734409951,1303720000.0
China,CHN,2006,5.28052516361306,3883.35412942474,1311020000.0
China,CHN,2007,5.7076324565497,4409.75700836878,1317885000.0
China,CHN,2008,5.85225866357655,4811.47471804961,1324655000.0
China,CHN,2009,6.24909018523805,5237.76666540352,1331260000.0
China,CHN,2010,6.80718476794211,5764.86534987407,1337705000.0
China,CHN,2011,7.40185065816131,6275.90956436258,1345035000.0
China,CHN,2012,7.58441651466929,6723.19443752823,1354190000.0
China,CHN,2013,7.89327631231478,7198.06876478162,1363240000.0
China,CHN,2014,7.93164331637339,7686.57792954381,1371860000.0
China,CHN,2015,7.79057049265868,8175.33285077393,1379860000.0
China,CHN,2016,7.76322483949301,8679.37704460133,1387790000.0
China,CHN,2017,7.87802652170332,9221.51403820573,1396215000.0
China,CHN,2018,8.2177362485386,9798.6528523316,1402760000.0
China,CHN,2019,8.39147587098516,10356.4804194995,1407745000.0
China,CHN,2020,8.47858302033874,10573.6420059282,1411100000.0
China,CHN,2021,8.88715660313235,11469.5707134928,1412360000.0
China,CHN,2022,8.86482511020235,11830.5983703496,1412175000.0
China,CHN,2023,9.23027553501428,12484.1578844175,1410710000.0
China,CHN,2024,9.31508933799393,13121.6769905565,1408975000.0
Colombia,COL,1990,1.64000267693635,3714.1849928328,32440069.0
Colombia,COL,1991,1.66249566594997,3713.17727535576,33098372.0
Colombia,COL,1992,1.72780549238933,3787.5942918216,33760571.0
Colombia,COL,1993,1.79020798558761,3912.6590835796,34441473.0
Colombia,COL,1994,1.74539483554296,4059.32146113882,35127410.0
Colombia,COL,1995,1.78708292233006,4189.72770913999,35804662.0
Colombia,COL,1996,1.73271101777993,4198.69126252708,36462745.0
Colombia,COL,1997,1.84164288664664,4265.6935185646,37121149.0
Colombia,COL,1998,1.81889553033016,4213.82800470051,37792165.0
Colombia,COL,1999,1.5665300900955,3967.11339937681,38454863.0
Colombia,COL,2000,1.62232046746357,4016.80951748167,39089934.0
Colombia,COL,2001,1.58737525769177,4020.50789754842,39709262.0
Colombia,COL,2002,1.50246201581761,4058.28493578738,40324680.0
Colombia,COL,2003,1.46690208610805,4154.17528523618,40937429.0
Colombia,COL,2004,1.44656025415104,4311.91591255233,41543171.0
Colombia,COL,2005,1.46901976755809,4457.27537460443,42128977.0
Colombia,COL,2006,1.38318811487663,4694.03442939175,42691084.0
Colombia,COL,2007,1.41654840316635,4947.25260813108,43235374.0
Colombia,COL,2008,1.39852072752987,5048.57187245249,43758808.0
Colombia,COL,2009,1.47547382640238,5046.97121757727,44271541.0
Colombia,COL,2010,1.52200045741908,5214.24547620131,44777319.0
Colombia,COL,2011,1.61663552853102,5517.1011086899,45259614.0
Colombia,COL,2012,1.61000537888315,5675.75617978305,45715810.0
Colombia,COL,2013,1.8121783209001,5910.80592301166,46151584.0
Colombia,COL,2014,1.82364474726519,6121.83982019825,46565429.0
Colombia,COL,2015,1.83556759919216,6248.51490534512,46969940.0
Colombia,COL,2016,1.8654751539246,6316.07067782542,47437512.0
Colombia,COL,2017,1.68289187289759,6309.67745292518,48131078.0
Colombia,COL,2018,1.74191600051117,6353.5464285392,49024465.0
Colombia,COL,2019,1.72438739011403,6439.96359812647,49907985.0
Colombia,COL,2020,1.66507219030647,5891.95523215403,50629997.0
Colombia,COL,2021,1.80057803586778,6457.16921807086,51188173.0
Colombia,COL,2022,1.70753982802254,6856.72590505374,51737944.0
Colombia,COL,2023,1.77360964835025,6828.59753791113,52321152.0
Colombia,COL,2024,1.79780371737796,6863.59563194342,52886363.0
Comoros,COM,1990,0.0883948573536424,1253.76196294342,444596.0
Comoros,COM,1991,0.10470721491979,1148.13931888356,455556.0
Comoros,COM,1992,0.0870756138830779,1207.29209443855,465113.0
Comoros,COM,1993,0.0833892780388531,1215.6495051112,473682.0
Comoros,COM,1994,0.081718663796143,1146.70713941919,482142.0
Comoros,COM,1995,0.0825543329813733,1190.50038004288,490586.0
Comoros,COM,1996,0.0839499345831655,1164.20336109423,499107.0
Comoros,COM,1997,0.0821226640828553,1194.79487327423,507777.0
Comoros,COM,1998,0.10240090438001,1174.68989605102,516597.0
Comoros,COM,1999,0.104775559722069,1185.07043579337,525886.0
Comoros,COM,2000,0.168071929562752,1150.82840106354,536080.0
Comoros,COM,2001,0.177442344943533,1188.50107049357,547220.0
Comoros,COM,2002,0.179631183544066,1217.11501559943,558923.0
Comoros,COM,2003,0.228853032127175,1216.98036712949,569798.0
Comoros,COM,2004,0.241431090538381,1231.14746798849,580704.0
Comoros,COM,2005,0.228961137347999,1274.6143662974,592677.0
Comoros,COM,2006,0.26738188979633,1227.24636392125,604753.0
Comoros,COM,2007,0.17360238731649,1212.69629084896,616927.0
Comoros,COM,2008,0.16939268115562,1235.97247187374,629307.0
Comoros,COM,2009,0.206714884562121,1250.90035344227,641947.0
Comoros,COM,2010,0.238074876763037,1272.60650664705,654836.0
Comoros,COM,2011,0.210760774545846,1299.11099021922,668056.0
Comoros,COM,2012,0.213312207502604,1313.5812493744,681630.0
Comoros,COM,2013,0.250792884721456,1343.5451171047,696192.0
Comoros,COM,2014,0.217145957220138,1342.32802421364,711503.0
Comoros,COM,2015,0.235591359081414,1329.37048235986,726682.0
Comoros,COM,2016,0.270175168960594,1345.62555739306,741741.0
Comoros,COM,2017,0.344536382486926,1369.41038262485,756669.0
Comoros,COM,2018,0.268666001373787,1391.84620461012,771590.0
Comoros,COM,2019,0.287320520024715,1389.36430643805,786578.0
Comoros,COM,2020,0.334969326682981,1359.70624686714,802163.0
Comoros,COM,2021,0.485471305614698,1359.76242021159,818174.0
Comoros,COM,2022,0.515231578493098,1368.3741885336,834188.0
Comoros,COM,2023,0.515412394592109,1382.51308503106,850387.0
Comoros,COM,2024,0.514984514693732,1401.88898411553,866628.0
"Congo, Dem. Rep.",COD,1990,0.0918791356344579,831.662947440969,36684063.0
"Congo, Dem. Rep.",COD,1991,0.0499844209025214,736.691215470812,37925817.0
"Congo, Dem. Rep.",COD,1992,0.0415331448159024,637.436883335816,39228910.0
"Congo, Dem. Rep.",COD,1993,0.038643423253881,532.214450612231,40656336.0
"Congo, Dem. Rep.",COD,1994,0.0582730951243061,487.814601480181,42626876.0
"Congo, Dem. Rep.",COD,1995,0.0521293475781357,471.254216678637,44433704.0
"Congo, Dem. Rep.",COD,1996,0.056534638592918,457.55178560632,45296124.0
"Congo, Dem. Rep.",COD,1997,0.0557854761454847,424.966609734203,46029902.0
"Congo, Dem. Rep.",COD,1998,0.0540534826291397,406.859287635037,47297600.0
"Congo, Dem. Rep.",COD,1999,0.0483000715699727,376.62289344811,48912971.0
"Congo, Dem. Rep.",COD,2000,0.0371727398112935,339.52682222392,50507442.0
"Congo, Dem. Rep.",COD,2001,0.0350106917650027,322.033920024307,52132646.0
"Congo, Dem. Rep.",COD,2002,0.0356238387555068,321.547848190451,53750524.0
"Congo, Dem. Rep.",COD,2003,0.0419088893806427,329.709536540469,55343867.0
"Congo, Dem. Rep.",COD,2004,0.0388664526195872,341.714925751419,56997741.0
"Congo, Dem. Rep.",COD,2005,0.0422504365918147,351.708486411683,58775724.0
"Congo, Dem. Rep.",COD,2006,0.0421028090513797,358.454382275579,60615908.0
"Congo, Dem. Rep.",COD,2007,0.0451232624374833,377.437143095814,62477752.0
"Congo, Dem. Rep.",COD,2008,0.0449242144792916,393.331182464822,64390664.0
"Congo, Dem. Rep.",COD,2009,0.0423191311503679,383.515898271062,66412044.0
"Congo, Dem. Rep.",COD,2010,0.0429619235950426,400.619567973092,68563038.0
"Congo, Dem. Rep.",COD,2011,0.0475516268605633,417.130434045991,70849311.0
"Congo, Dem. Rep.",COD,2012,0.0411769262109865,438.406058243633,73254618.0
"Congo, Dem. Rep.",COD,2013,0.0439415039531586,464.526715460494,75789395.0
"Congo, Dem. Rep.",COD,2014,0.0473985501773001,481.830241883776,78403242.0
"Congo, Dem. Rep.",COD,2015,0.0443348733039091,495.826633014883,81035531.0
"Congo, Dem. Rep.",COD,2016,0.0356208635159088,480.461377880475,83956415.0
"Congo, Dem. Rep.",COD,2017,0.0373745177008366,482.854682128541,87083398.0
"Congo, Dem. Rep.",COD,2018,0.0462188660927098,495.312105711027,90047644.0
"Congo, Dem. Rep.",COD,2019,0.0478324083410493,482.524295129472,92947442.0
"Congo, Dem. Rep.",COD,2020,0.0482487769194453,470.852950000929,95989998.0
"Congo, Dem. Rep.",COD,2021,0.0466742294309333,485.160805929784,99148932.0
"Congo, Dem. Rep.",COD,2022,0.0610125487309351,513.512704372167,102396968.0
"Congo, Dem. Rep.",COD,2023,0.0580434409082674,539.45912637913,105789731.0
"Congo, Dem. Rep.",COD,2024,0.0568247825820182,554.244129980766,109276265.0
"Congo, Rep.",COG,1990,1.00165507275599,2363.76701814587,2380560.0
"Congo, Rep.",COG,1991,0.993373833153208,2352.52754080776,2449229.0
"Congo, Rep.",COG,1992,0.941787244514212,2346.67913794406,2519465.0
"Congo, Rep.",COG,1993,0.902423159741114,2255.94360801961,2595124.0
"Congo, Rep.",COG,1994,0.802089225271815,2069.79640456567,2673144.0
"Congo, Rep.",COG,1995,0.992994626946882,2092.54337905245,2749461.0
"Congo, Rep.",COG,1996,1.16259283956863,2122.62819294837,2826785.0
"Congo, Rep.",COG,1997,1.17193965639632,2064.7536042465,2887862.0
"Congo, Rep.",COG,1998,1.36399620468547,2095.34403570595,2952061.0
"Congo, Rep.",COG,1999,1.37460375867906,1986.8478922289,3032874.0
"Congo, Rep.",COG,2000,1.43173787700172,2057.01922023551,3151345.0
"Congo, Rep.",COG,2001,1.34418648284191,2056.16505922617,3272537.0
"Congo, Rep.",COG,2002,0.853385683474042,2100.16876714574,3350771.0
"Congo, Rep.",COG,2003,1.03507128920732,2058.88683675038,3445753.0
"Congo, Rep.",COG,2004,1.01524195118066,2058.88402946896,3565554.0
"Congo, Rep.",COG,2005,1.17157455930687,2140.03686200251,3696393.0
"Congo, Rep.",COG,2006,1.25545648118301,2226.0233547376,3837409.0
"Congo, Rep.",COG,2007,1.07141690721857,2004.10103961966,3980430.0
"Congo, Rep.",COG,2008,1.07747214852886,2061.55829880574,4113517.0
"Congo, Rep.",COG,2009,1.14836451954455,2211.31572382028,4281219.0
"Congo, Rep.",COG,2010,1.18584852172315,2332.28508055953,4462290.0
"Congo, Rep.",COG,2011,1.05242743383335,2307.49384399715,4609724.0
"Congo, Rep.",COG,2012,0.944931388370302,2467.06102906839,4740450.0
"Congo, Rep.",COG,2013,1.11984540566293,2390.65754938662,4857099.0
"Congo, Rep.",COG,2014,1.0605360257884,2488.68118548992,4975880.0
"Congo, Rep.",COG,2015,1.12810370252086,2439.35189403696,5097581.0
"Congo, Rep.",COG,2016,1.07043781028987,2174.19310251224,5222536.0
"Congo, Rep.",COG,2017,1.03367382350737,2003.27121075187,5351011.0
"Congo, Rep.",COG,2018,1.17123140519682,1909.9560382117,5483118.0
"Congo, Rep.",COG,2019,1.28891524697681,1885.51080877731,5616661.0
"Congo, Rep.",COG,2020,1.28685363330599,1725.51040049963,5752791.0
"Congo, Rep.",COG,2021,1.20634406636725,1701.79060456872,5892183.0
"Congo, Rep.",COG,2022,1.38493056623382,1686.00234391385,6035104.0
"Congo, Rep.",COG,2023,1.27244805620677,1677.08549205924,6182885.0
"Congo, Rep.",COG,2024,1.33536271579755,1679.58061097707,6332961.0
Costa Rica,CRI,1990,0.934232756063511,6037.05111668102,3121706.0
Costa Rica,CRI,1991,0.984892772914418,6018.68283701715,3202176.0
Costa Rica,CRI,1992,1.29201177252213,6408.20531541453,3284258.0
Costa Rica,CRI,1993,1.26657270788381,6693.49083166149,3367434.0
Costa Rica,CRI,1994,1.45010810976836,6826.32273425801,3451122.0
Costa Rica,CRI,1995,1.40519170756986,6940.83702069434,3535176.0
Costa Rica,CRI,1996,1.31115859489866,6871.60941046409,3619013.0
Costa Rica,CRI,1997,1.26449633696418,7085.98834302225,3701711.0
Costa Rica,CRI,1998,1.36923653616676,7430.1724106288,3782838.0
Costa Rica,CRI,1999,1.3384424695263,7584.42136977783,3862101.0
Costa Rica,CRI,2000,1.30313360027163,7726.51985682031,3937739.0
Costa Rica,CRI,2001,1.379963366939,7854.2339580182,4008947.0
Costa Rica,CRI,2002,1.38535541703828,7989.55926102157,4075705.0
Costa Rica,CRI,2003,1.46632440832863,8207.45746763047,4138784.0
Costa Rica,CRI,2004,1.47144886356872,8445.52914945791,4200078.0
Costa Rica,CRI,2005,1.49160807652233,8655.33965418585,4261240.0
Costa Rica,CRI,2006,1.59797655356903,9160.29437453236,4321340.0
Costa Rica,CRI,2007,1.76101901079574,9779.51149389818,4380248.0
Costa Rica,CRI,2008,1.71851436108013,10104.9092039691,4440056.0
Costa Rica,CRI,2009,1.62647554075289,9883.67567046297,4499791.0
Costa Rica,CRI,2010,1.58829243966477,10285.0856660419,4555962.0
Costa Rica,CRI,2011,1.66999542065841,10612.4694861141,4609833.0
Costa Rica,CRI,2012,1.63797343615926,11001.5192856576,4663934.0
Costa Rica,CRI,2013,1.68258114091864,11151.1437869768,4716147.0
Costa Rica,CRI,2014,1.68785381694898,11422.6735793176,4767119.0
Costa Rica,CRI,2015,1.61015749564449,11714.7105980732,4818038.0
Costa Rica,CRI,2016,1.69149442839303,12084.4351325634,4866998.0
Costa Rica,CRI,2017,1.70887391193112,12468.5654531709,4913177.0
Costa Rica,CRI,2018,1.70246265595066,12679.5253643016,4957818.0
Costa Rica,CRI,2019,1.63874650393745,12877.650101079,4999553.0
Costa Rica,CRI,2020,1.42529676301864,12242.2098908533,5034320.0
Costa Rica,CRI,2021,1.59152551349924,13146.6927918465,5059988.0
Costa Rica,CRI,2022,1.61315999460817,13686.1614090822,5081765.0
Costa Rica,CRI,2023,1.58608566210135,14318.8389652137,5105525.0
Costa Rica,CRI,2024,1.63283566378358,14866.5823676109,5129910.0
Cote d'Ivoire,CIV,1990,0.243819042479691,1866.0785698741,12189778.0
Cote d'Ivoire,CIV,1991,0.241629723420376,1794.12062566918,12683870.0
Cote d'Ivoire,CIV,1992,0.23121426693767,1719.71261335163,13200310.0
Cote d'Ivoire,CIV,1993,0.235753607449532,1649.47036183619,13735951.0
Cote d'Ivoire,CIV,1994,0.236897346093192,1598.69239055813,14287201.0
Cote d'Ivoire,CIV,1995,0.249266857234982,1647.08777075504,14855565.0
Cote d'Ivoire,CIV,1996,0.299961560160163,1706.97650014485,15442312.0
Cote d'Ivoire,CIV,1997,0.351401524380934,1801.13163122133,16047170.0
Cote d'Ivoire,CIV,1998,0.327935492837592,1808.42289027986,16663948.0
Cote d'Ivoire,CIV,1999,0.423863124483219,1770.86540389357,17215935.0
Cote d'Ivoire,CIV,2000,0.393649269755518,1717.95385651231,17699004.0
Cote d'Ivoire,CIV,2001,0.384346412791568,1636.57318705218,18178913.0
Cote d'Ivoire,CIV,2002,0.396005933281089,1551.27925902838,18654771.0
Cote d'Ivoire,CIV,2003,0.304012299363856,1441.58801755037,19125542.0
Cote d'Ivoire,CIV,2004,0.305981117632049,1451.86547141894,19595000.0
Cote d'Ivoire,CIV,2005,0.318684175934195,1431.73320203111,20068458.0
Cote d'Ivoire,CIV,2006,0.305580401271205,1437.77453798586,20546802.0
Cote d'Ivoire,CIV,2007,0.296468595840396,1420.1738958245,21030558.0
Cote d'Ivoire,CIV,2008,0.321574734065806,1454.62731800082,21514439.0
Cote d'Ivoire,CIV,2009,0.291450017592556,1473.9183699329,21997940.0
Cote d'Ivoire,CIV,2010,0.325279209216089,1540.52927270246,22488065.0
Cote d'Ivoire,CIV,2011,0.307997563310417,1426.46463864534,22982000.0
Cote d'Ivoire,CIV,2012,0.384376785213736,1503.43433046682,23467078.0
Cote d'Ivoire,CIV,2013,0.409402344006993,1632.32712787006,23939775.0
Cote d'Ivoire,CIV,2014,0.426425227791211,1742.53693001178,24527395.0
Cote d'Ivoire,CIV,2015,0.44620325590139,1814.71855088017,25246342.0
Cote d'Ivoire,CIV,2016,0.43877495464017,1889.27777949938,25989405.0
Cote d'Ivoire,CIV,2017,0.461221278034062,1972.81431788947,26733372.0
Cote d'Ivoire,CIV,2018,0.449429152663727,2013.32307598499,27464173.0
Cote d'Ivoire,CIV,2019,0.467605284700189,2093.09994335779,28193009.0
Cote d'Ivoire,CIV,2020,0.459550187168112,2055.08483996432,28915449.0
Cote d'Ivoire,CIV,2021,0.580322307864011,2146.47635317946,29639736.0
Cote d'Ivoire,CIV,2022,0.605701555801839,2227.09845246984,30395002.0
Cote d'Ivoire,CIV,2023,0.575152377678325,2315.38147441648,31165654.0
Cote d'Ivoire,CIV,2024,0.589054440955677,2395.67689089222,31934230.0
Croatia,HRV,1990,5.0286266412803,9754.64902543885,4777368.0
Croatia,HRV,1991,3.78315563458649,7842.55247755837,4689022.0
Croatia,HRV,1992,3.58147985780903,7095.22695946955,4575818.0
Croatia,HRV,1993,3.61850535478712,6490.8345795673,4600463.0
Croatia,HRV,1994,3.43386018644788,6795.71249379572,4652024.0
Croatia,HRV,1995,3.57173005370095,7304.70928464758,4620030.0
Croatia,HRV,1996,3.77527623397088,7857.99236434772,4557097.0
Croatia,HRV,1997,4.03768974976405,8383.47054293443,4534920.0
Croatia,HRV,1998,4.19835243213188,8577.50694428774,4532135.0
Croatia,HRV,1999,4.4183205369325,8541.53260365793,4512597.0
Croatia,HRV,2000,4.33677043315335,8880.26980689876,4468302.0
Croatia,HRV,2001,4.77793267439475,9515.73569793698,4299642.0
Croatia,HRV,2002,4.96469924275494,10062.0396800621,4302174.0
Croatia,HRV,2003,5.28621677887642,10619.3078243865,4303399.0
Croatia,HRV,2004,5.27995632579101,11059.0980614364,4304600.0
Croatia,HRV,2005,5.30160818255534,11522.7905248265,4310145.0
Croatia,HRV,2006,5.34348188039458,12104.0421469867,4311159.0
Croatia,HRV,2007,5.68549100892136,12717.9875997872,4310217.0
Croatia,HRV,2008,5.41153048758558,12970.4376964616,4309705.0
Croatia,HRV,2009,5.03419020013328,12099.5521781656,4305181.0
Croatia,HRV,2010,4.87506829937978,11965.0049285028,4295427.0
Croatia,HRV,2011,4.77830091047516,11993.0713179162,4280622.0
Croatia,HRV,2012,4.40975990806428,11780.4742767284,4260368.0
Croatia,HRV,2013,4.34143567122871,11838.2152450357,4233922.0
Croatia,HRV,2014,4.20723258150827,11862.7609491821,4201598.0
Croatia,HRV,2015,4.34144843408463,12283.7840620053,4151725.0
Croatia,HRV,2016,4.44976669563441,12848.419539107,4106867.0
Croatia,HRV,2017,4.65112768894595,13485.3012514274,4041407.0
Croatia,HRV,2018,4.45402410514506,14060.9874833125,3988775.0
Croatia,HRV,2019,4.5506268056586,14641.663970693,3949390.0
Croatia,HRV,2020,4.39207849561316,13545.4881162417,3914206.0
Croatia,HRV,2021,4.5132213846884,15395.1287782758,3878981.0
Croatia,HRV,2022,4.57371420212618,16618.1111874724,3855641.0
Croatia,HRV,2023,4.83573016043274,17225.154484029,3859686.0
Croatia,HRV,2024,4.83151414825927,17854.2091012685,3866200.0
Cuba,CUB,1990,3.63673165754921,4961.45738860948,10631799.0
Cuba,CUB,1991,2.81099197211326,4395.45493473446,10717640.0
Cuba,CUB,1992,2.21746164239448,3861.87437370304,10785801.0
Cuba,CUB,1993,2.017723222081,3270.55047645542,10841031.0
Cuba,CUB,1994,2.06715566688692,3280.38453264476,10886021.0
Cuba,CUB,1995,2.19166193303252,3348.88763214863,10925362.0
Cuba,CUB,1996,2.36580700072341,3599.32498555978,10962010.0
Cuba,CUB,1997,2.5807756256766,3687.42530352589,10997934.0
Cuba,CUB,1998,2.52503191746191,3680.98418008951,11034712.0
Cuba,CUB,1999,2.5868772595945,3895.54643322661,11072230.0
Cuba,CUB,2000,2.6101013141558,4112.26168350671,11109109.0
Cuba,CUB,2001,2.49667717503705,4229.90309433356,11144132.0
Cuba,CUB,2002,2.3766937945776,4277.39565642359,11177418.0
Cuba,CUB,2003,2.30143800064642,4426.96599591833,11209383.0
Cuba,CUB,2004,2.25263365447208,4670.18802138025,11238756.0
Cuba,CUB,2005,2.32679017565643,5182.35283601732,11262554.0
Cuba,CUB,2006,2.3753319353995,5799.41163668615,11278550.0
Cuba,CUB,2007,2.44623324395833,6215.76603727772,11287272.0
Cuba,CUB,2008,2.36176603793102,6469.08507847668,11291762.0
Cuba,CUB,2009,2.38540684367623,6561.25305093006,11294719.0
Cuba,CUB,2010,2.49451002437816,6716.49048497058,11297409.0
Cuba,CUB,2011,2.45522503021925,6902.16397571139,11301571.0
Cuba,CUB,2012,2.55579516374824,7109.24834185635,11303175.0
Cuba,CUB,2013,2.56876181773557,7307.82004410741,11298167.0
Cuba,CUB,2014,2.38402768086374,7392.48324633027,11285775.0
Cuba,CUB,2015,2.61116898217438,7727.91997207998,11275065.0
Cuba,CUB,2016,2.42368545978683,7774.0698462623,11265612.0
Cuba,CUB,2017,2.35681925818751,7927.27769431767,11247829.0
Cuba,CUB,2018,2.38546526365894,8120.43123558256,11227118.0
Cuba,CUB,2019,1.98985150737589,8124.75282059108,11202846.0
Cuba,CUB,2020,1.6536430395816,7252.28811179844,11176354.0
Cuba,CUB,2021,1.95602152386118,7379.04275283674,11122168.0
Cuba,CUB,2022,1.78698206661591,7552.33152218842,11059820.0
Cuba,CUB,2023,1.81740702369189,7433.42885399674,11019931.0
Cuba,CUB,2024,1.9129886264601,7381.39774048869,10979783.0
Curacao,CUW,1990,,,145400.0
Curacao,CUW,1991,,,144403.0
Curacao,CUW,1992,,,143912.0
Curacao,CUW,1993,,,144299.0
Curacao,CUW,1994,,,144630.0
Curacao,CUW,1995,,,145139.0
Curacao,CUW,1996,,,146306.0
Curacao,CUW,1997,,,146956.0
Curacao,CUW,1998,,,144472.0
Curacao,CUW,1999,,,139428.0
Curacao,CUW,2000,,21523.645846078,133860.0
Curacao,CUW,2001,,22171.0654932071,129047.0
Curacao,CUW,2002,,22231.8792561824,129205.0
Curacao,CUW,2003,,21840.8912647914,131897.0
Curacao,CUW,2004,,21512.1115522523,134192.0
Curacao,CUW,2005,,21112.3218717015,137658.0
Curacao,CUW,2006,,20913.6629896021,141239.0
Curacao,CUW,2007,,21011.1570121301,144056.0
Curacao,CUW,2008,,21202.4304610307,145880.0
Curacao,CUW,2009,,20952.8997952543,146833.0
Curacao,CUW,2010,,20706.437408421,148703.0
Curacao,CUW,2011,,20518.0985782641,150831.0
Curacao,CUW,2012,,20277.5112566223,152088.0
Curacao,CUW,2013,,19921.4771792975,153822.0
Curacao,CUW,2014,,19529.5285930905,155909.0
Curacao,CUW,2015,,19361.8129630226,157980.0
Curacao,CUW,2016,,18953.0538552203,159664.0
Curacao,CUW,2017,,18651.4796966993,160175.0
Curacao,CUW,2018,,18355.1765793615,159336.0
Curacao,CUW,2019,,17980.5297947929,157441.0
Curacao,CUW,2020,,14849.9696941839,155482.0
Curacao,CUW,2021,,15625.4114231051,153948.0
Curacao,CUW,2022,,16772.8147195764,153321.0
Curacao,CUW,2023,,17326.9646862721,154654.0
Curacao,CUW,2024,,18044.7751865648,155967.0
Cyprus,CYP,1990,5.88468841924473,17144.46875,788351.0
Cyprus,CYP,1991,6.46177954900469,16829.912109375,798944.0
Cyprus,CYP,1992,6.77504902257198,17928.541015625,810341.0
Cyprus,CYP,1993,6.95734073900106,17623.28515625,826034.0
Cyprus,CYP,1994,7.09309112348417,18281.021484375,844667.0
Cyprus,CYP,1995,6.793826323324,19453.845703125,862695.0
Cyprus,CYP,1996,7.0699428597394,19385.287109375,880290.0
Cyprus,CYP,1997,7.03255909301579,19617.185546875,897568.0
Cyprus,CYP,1998,7.23537747608655,20562.296875,914548.0
Cyprus,CYP,1999,7.38568394195229,21349.75,931234.0
Cyprus,CYP,2000,7.52680002574744,22383.96484375,947667.0
Cyprus,CYP,2001,7.25889846462136,23019.25,964127.0
Cyprus,CYP,2002,7.31170524942941,23604.189453125,981440.0
Cyprus,CYP,2003,7.84731740013405,23930.783203125,999590.0
Cyprus,CYP,2004,7.65231487166892,24799.6484375,1017875.0
Cyprus,CYP,2005,7.63016201306566,25631.3671875,1036151.0
Cyprus,CYP,2006,7.59803038263763,26395.50390625,1054418.0
Cyprus,CYP,2007,7.74568058214957,27156.818359375,1072714.0
Cyprus,CYP,2008,7.78551565223927,27449.2265625,1091026.0
Cyprus,CYP,2009,7.47035932974632,26183.685546875,1109371.0
Cyprus,CYP,2010,7.01719074742689,26090.048828125,1127816.0
Cyprus,CYP,2011,6.67871500305715,25538.78125,1146493.0
Cyprus,CYP,2012,6.11139379970946,24285.49609375,1165397.0
Cyprus,CYP,2013,5.440262861149,22711.71875,1183895.0
Cyprus,CYP,2014,5.67256975156453,22373.578125,1201801.0
Cyprus,CYP,2015,5.62213100101517,23088.44140625,1219502.0
Cyprus,CYP,2016,5.83770911607033,24477.986328125,1237112.0
Cyprus,CYP,2017,5.87048294831676,25666.00390625,1254275.0
Cyprus,CYP,2018,5.67702050070156,26962.40625,1270737.0
Cyprus,CYP,2019,5.60889302704421,28167.16015625,1286671.0
Cyprus,CYP,2020,5.22358661605671,26895.68359375,1302247.0
Cyprus,CYP,2021,5.25252617267475,29517.072265625,1317309.0
Cyprus,CYP,2022,5.425313774533,31370.55078125,1331370.0
Cyprus,CYP,2023,5.35563459868429,31884.84375,1344976.0
Cyprus,CYP,2024,5.40469504859816,32617.216796875,1358282.0
Czechia,CZE,1990,16.0160567405262,11900.5844581421,10333355.0
Czechia,CZE,1991,14.5662282421494,10543.6195982395,10308578.0
Czechia,CZE,1992,13.9913827948363,10479.4918667877,10319123.0
Czechia,CZE,1993,13.538002227524,10475.0849147458,10329855.0
Czechia,CZE,1994,13.0025420988859,10775.9443891717,10333587.0
Czechia,CZE,1995,12.9358310481984,11453.3800188807,10327253.0
Czechia,CZE,1996,13.3200281021064,11944.7171474526,10315241.0
Czechia,CZE,1997,13.0058905501104,11886.3480904927,10304131.0
Czechia,CZE,1998,12.4309173565015,11850.8396211995,10294373.0
Czechia,CZE,1999,11.6412903326183,12026.4688076608,10283860.0
Czechia,CZE,2000,12.902573099746,12543.9364342367,10255063.0
Czechia,CZE,2001,12.9423815445542,12958.4667607533,10216605.0
Czechia,CZE,2002,12.4942776816049,13179.9878092741,10196916.0
Czechia,CZE,2003,12.8180719674459,13618.9349633164,10193998.0
Czechia,CZE,2004,12.8990092380177,14259.63342798,10197101.0
Czechia,CZE,2005,12.6378778002542,15147.7214417611,10211216.0
Czechia,CZE,2006,12.7739538554172,16107.3042502688,10238905.0
Czechia,CZE,2007,12.8496660008304,16892.542854974,10298828.0
Czechia,CZE,2008,12.1449804099396,17190.6470333289,10384603.0
Czechia,CZE,2009,11.4624026803688,16272.8084766719,10443936.0
Czechia,CZE,2010,11.551447766509,16665.9317825137,10474410.0
Czechia,CZE,2011,11.253602294493,16926.2846674435,10496088.0
Czechia,CZE,2012,10.8487615339863,16772.3539223328,10510785.0
Czechia,CZE,2013,10.41753532722,16759.7808635642,10514272.0
Czechia,CZE,2014,10.1886522126064,17118.0425571578,10525347.0
Czechia,CZE,2015,10.2684424579836,17931.5987670768,10546059.0
Czechia,CZE,2016,10.3928969863904,18359.0978103904,10566332.0
Czechia,CZE,2017,10.4187499138699,19257.6930680911,10594438.0
Czechia,CZE,2018,10.2865042924091,19736.6295261285,10629928.0
Czechia,CZE,2019,9.72456561033821,20360.0599221814,10671870.0
Czechia,CZE,2020,8.86715826663618,19233.1469549829,10697858.0
Czechia,CZE,2021,9.4724309646164,20373.8783043424,10505772.0
Czechia,CZE,2022,9.15364691432385,20627.348651011,10672118.0
Czechia,CZE,2023,7.88005974203708,20272.5874017334,10864042.0
Czechia,CZE,2024,7.12966532502255,20445.432830127,10905028.0
Denmark,DNK,1990,10.1987983129152,39306.7939232431,5140939.0
Denmark,DNK,1991,12.239940337171,39776.5961774467,5154298.0
Denmark,DNK,1992,11.0982776324262,40447.2328284958,5171370.0
Denmark,DNK,1993,11.50880348331,40280.8935863909,5188628.0
Denmark,DNK,1994,12.2344790230073,42270.6520867615,5206180.0
Denmark,DNK,1995,11.578116063961,43328.5293418439,5233373.0
Denmark,DNK,1996,14.0636251741853,44331.6199637443,5263074.0
Denmark,DNK,1997,12.1573338535487,45546.5896151864,5284991.0
Denmark,DNK,1998,11.3599193396804,46437.1921069175,5304219.0
Denmark,DNK,1999,10.7626950961508,47657.1731901716,5321799.0
Denmark,DNK,2000,9.95378693898587,49266.9882757886,5339616.0
Denmark,DNK,2001,10.2155097528674,49557.1509962227,5358783.0
Denmark,DNK,2002,10.0932099016896,49624.5965359582,5375931.0
Denmark,DNK,2003,11.0731621530472,49708.0909084109,5390574.0
Denmark,DNK,2004,10.0130575815849,50956.3045398814,5404523.0
Denmark,DNK,2005,9.34585026622716,52015.1841169021,5419432.0
Denmark,DNK,2006,10.777426621291,53823.1590295482,5437272.0
Denmark,DNK,2007,9.86357439194586,54113.9771471341,5461438.0
Denmark,DNK,2008,9.21101037002735,53572.5346568185,5493621.0
Denmark,DNK,2009,8.7648139313193,50635.9118061988,5523095.0
Denmark,DNK,2010,8.75320381499808,51209.4492757775,5547683.0
Denmark,DNK,2011,7.80618220175594,51667.5313210425,5570572.0
Denmark,DNK,2012,6.9026384708987,51470.689845427,5591572.0
Denmark,DNK,2013,7.18355983652162,51970.3909324806,5614932.0
Denmark,DNK,2014,6.41399137942491,52368.3625969272,5643475.0
Denmark,DNK,2015,5.99477468305967,53094.0133607574,5683483.0
Denmark,DNK,2016,6.2287600754887,54300.2039621991,5728010.0
Denmark,DNK,2017,5.81887534735593,55601.0145717787,5764980.0
Denmark,DNK,2018,5.78874820578994,56355.0733084714,5793636.0
Denmark,DNK,2019,5.17323991963432,57114.6227336347,5814422.0
Denmark,DNK,2020,4.76521606117498,55934.5555945523,5831404.0
Denmark,DNK,2021,5.04788249694838,59312.8158043771,5856733.0
Denmark,DNK,2022,4.8270407249692,59108.7449374068,5903037.0
Denmark,DNK,2023,4.4073670007762,59026.9843650999,5946952.0
Denmark,DNK,2024,4.2782054919933,60772.8624276041,5976992.0
Djibouti,DJI,1990,1.6818569274146,,579538.0
Djibouti,DJI,1991,1.94852731455953,,631092.0
Djibouti,DJI,1992,1.67792846759636,,626010.0
Djibouti,DJI,1993,1.68092536365782,,614245.0
Djibouti,DJI,1994,1.68690462893523,,626710.0
Djibouti,DJI,1995,1.701380881224,,633074.0
Djibouti,DJI,1996,1.72068086891608,,648348.0
Djibouti,DJI,1997,1.66354825793334,,671817.0
Djibouti,DJI,1998,1.63565700820188,,699352.0
Djibouti,DJI,1999,1.64812252664253,,724218.0
Djibouti,DJI,2000,0.981643691172968,,747318.0
Djibouti,DJI,2001,0.978850349987618,,771313.0
Djibouti,DJI,2002,0.984069363754974,,795574.0
Djibouti,DJI,2003,1.01644829438526,,813519.0
Djibouti,DJI,2004,0.958088616236788,,826124.0
Djibouti,DJI,2005,0.898629235897026,,839167.0
Djibouti,DJI,2006,0.845443369901048,,855764.0
Djibouti,DJI,2007,0.857834168831644,,874528.0
Djibouti,DJI,2008,0.903852659358779,,892734.0
Djibouti,DJI,2009,0.798988949312527,,911527.0
Djibouti,DJI,2010,0.872452703625151,,930251.0
Djibouti,DJI,2011,0.661108756660109,,948558.0
Djibouti,DJI,2012,0.82337985015728,,966747.0
Djibouti,DJI,2013,0.888889791475431,2140.13769442336,984824.0
Djibouti,DJI,2014,0.881106034903168,2253.14082249768,1002717.0
Djibouti,DJI,2015,0.800048612533605,2376.12554719873,1020313.0
Djibouti,DJI,2016,0.718448267388038,2502.85181449431,1037653.0
Djibouti,DJI,2017,0.641423683758974,2596.45134698268,1054841.0
Djibouti,DJI,2018,0.686269570717672,2677.1650334451,1071882.0
Djibouti,DJI,2019,0.765677513458601,2781.94350113484,1088709.0
Djibouti,DJI,2020,0.674907798492202,2773.40661780097,1105188.0
Djibouti,DJI,2021,0.731060389851309,2854.15987035097,1121248.0
Djibouti,DJI,2022,0.762292717589368,2959.78673011268,1137096.0
Djibouti,DJI,2023,0.763263436905869,3117.8155381531,1152944.0
Djibouti,DJI,2024,0.765537056716653,3290.42482052598,1168722.0
Dominica,DMA,1990,0.305915808522556,5536.87901663922,69627.0
Dominica,DMA,1991,0.308820133918264,5638.3073302382,69296.0
Dominica,DMA,1992,0.311575910566174,5750.32541372085,69325.0
Dominica,DMA,1993,0.5588120922328,5865.47647130041,69433.0
Dominica,DMA,1994,0.736934525094636,5863.78283734011,69477.0
Dominica,DMA,1995,0.84786019663447,6042.20196512625,69469.0
Dominica,DMA,1996,0.930701628007492,6235.05917401475,69410.0
Dominica,DMA,1997,0.897559849348475,6381.53965204338,69299.0
Dominica,DMA,1998,0.522249869799201,6639.15946016126,69124.0
Dominica,DMA,1999,0.898794830840714,6687.23987711733,68870.0
Dominica,DMA,2000,0.791113835734408,6879.59737273918,68511.0
Dominica,DMA,2001,0.798090440487348,6897.65674086518,68288.0
Dominica,DMA,2002,0.719645442976875,6676.97271467957,68367.0
Dominica,DMA,2003,0.817148443769973,7047.66189595946,68531.0
Dominica,DMA,2004,0.871097903829626,7323.8530008275,68649.0
Dominica,DMA,2005,0.856926702941776,7381.74728529453,68734.0
Dominica,DMA,2006,0.908351015899776,7698.53701483824,68806.0
Dominica,DMA,2007,1.09808706261711,8106.18951878325,68847.0
Dominica,DMA,2008,1.06892845731548,8682.57378179773,68854.0
Dominica,DMA,2009,1.0891031598513,8582.71481435718,68864.0
Dominica,DMA,2010,1.12258383072656,8574.27308682238,68859.0
Dominica,DMA,2011,0.861656988110582,8553.8384670104,69053.0
Dominica,DMA,2012,0.785613009635695,8532.34388117289,69118.0
Dominica,DMA,2013,0.859212508068565,8459.6586988024,69715.0
Dominica,DMA,2014,0.950648686285933,8576.26367623609,70373.0
Dominica,DMA,2015,1.02826303081949,8282.59874702141,70410.0
Dominica,DMA,2016,1.11628307904491,8499.52291903149,69606.0
Dominica,DMA,2017,1.01027797243635,7985.6341102129,68496.0
Dominica,DMA,2018,1.04878692756769,8261.16492553236,68174.0
Dominica,DMA,2019,1.26988803771361,8624.51695993537,67880.0
Dominica,DMA,2020,1.14098826454353,7302.94454951254,67573.0
Dominica,DMA,2021,1.13687092646052,7738.31730070386,67202.0
Dominica,DMA,2022,1.21509592074941,8590.92209069816,66826.0
Dominica,DMA,2023,1.22387610885581,8946.98822588042,66510.0
Dominica,DMA,2024,1.27331772524734,9172.71049624795,66205.0
Dominican Republic,DOM,1990,1.12131364311778,2772.77065608381,7151166.0
Dominican Republic,DOM,1991,1.1496669864448,2741.93908143923,7299853.0
Dominican Republic,DOM,1992,1.3083362224561,2989.60630229953,7447474.0
Dominican Republic,DOM,1993,1.2667599964817,3147.67060324766,7594572.0
Dominican Republic,DOM,1994,1.45257614160415,3167.94494108567,7741694.0
Dominican Republic,DOM,1995,1.51596420691128,3286.36149249382,7888115.0
Dominican Republic,DOM,1996,1.60211251387109,3419.50600399521,8032894.0
Dominican Republic,DOM,1997,1.79168831029016,3659.50819044162,8174078.0
Dominican Republic,DOM,1998,2.020874662259,3840.8718026365,8310362.0
Dominican Republic,DOM,1999,2.15563007683448,4004.19876842647,8446208.0
Dominican Republic,DOM,2000,2.21497893219978,4123.10573163115,8584190.0
Dominican Republic,DOM,2001,2.19583469940138,4158.98430282429,8720283.0
Dominican Republic,DOM,2002,2.374394715007,4280.80182397408,8852235.0
Dominican Republic,DOM,2003,2.09259494333353,4162.66686117661,8980620.0
Dominican Republic,DOM,2004,1.91386125173149,4212.01044121773,9104892.0
Dominican Republic,DOM,2005,2.03684886147845,4549.24957008857,9225034.0
Dominican Republic,DOM,2006,2.20308284293328,4904.71715839398,9341183.0
Dominican Republic,DOM,2007,2.19492921592553,5204.78500652254,9455658.0
Dominican Republic,DOM,2008,2.16443315822516,5308.92664966814,9573130.0
Dominican Republic,DOM,2009,2.04647320109352,5294.64953374426,9695265.0
Dominican Republic,DOM,2010,2.13109236851685,5666.45633430206,9820175.0
Dominican Republic,DOM,2011,2.12429168575798,5773.57403459156,9945621.0
Dominican Republic,DOM,2012,2.17318836341436,5860.29893321013,10070411.0
Dominican Republic,DOM,2013,2.10753894045547,6075.03399972737,10193833.0
Dominican Republic,DOM,2014,2.10372169025182,6430.27811051339,10315528.0
Dominican Republic,DOM,2015,2.28789566173054,6800.95309395474,10434829.0
Dominican Republic,DOM,2016,2.35715917178999,7177.75376475488,10551430.0
Dominican Republic,DOM,2017,2.23015375777069,7379.39978067137,10666843.0
Dominican Republic,DOM,2018,2.37696846787898,7818.70593240469,10782053.0
Dominican Republic,DOM,2019,2.61257459696093,8117.04639185786,10894043.0
Dominican Republic,DOM,2020,2.44597258432274,7395.8734262396,11008300.0
Dominican Republic,DOM,2021,2.66716087668998,8344.90510312395,11123476.0
Dominican Republic,DOM,2022,2.85936787390744,8698.13592094395,11230734.0
Dominican Republic,DOM,2023,2.89366632939923,8809.96335385949,11331265.0
Dominican Republic,DOM,2024,2.99473457012728,9168.45418897141,11427557.0
Ecuador,ECU,1990,1.67628872889196,3919.71758067093,10473673.0
Ecuador,ECU,1991,1.64393340546682,4000.56819787678,10702380.0
Ecuador,ECU,1992,1.69563430547199,4000.03146191686,10930128.0
Ecuador,ECU,1993,1.62101092370512,3996.99377481811,11154274.0
Ecuador,ECU,1994,1.66671400433883,4087.34069011974,11372197.0
Ecuador,ECU,1995,1.79497647817862,4100.68735341031,11590514.0
Ecuador,ECU,1996,2.02946418366008,4093.84154476335,11810950.0
Ecuador,ECU,1997,2.07677136148592,4192.85523208483,12031127.0
Ecuador,ECU,1998,2.00228810537822,4252.04348649475,12251184.0
Ecuador,ECU,1999,1.74101971847023,3979.19293611513,12470795.0
Ecuador,ECU,2000,1.73867458688905,3953.39879728357,12689206.0
Ecuador,ECU,2001,1.88347840635006,4049.0001889951,12910740.0
Ecuador,ECU,2002,1.84934747358749,4174.89793579965,13138472.0
Ecuador,ECU,2003,1.86512333773995,4220.21298466638,13372306.0
Ecuador,ECU,2004,1.96681520153907,4430.23717984188,13608701.0
Ecuador,ECU,2005,2.08473639953538,4589.32849203452,13846163.0
Ecuador,ECU,2006,2.19912763838417,4706.98056823816,14086131.0
Ecuador,ECU,2007,2.20911448593679,4715.30359842555,14328773.0
Ecuador,ECU,2008,2.24142348078606,4939.90215021789,14575202.0
Ecuador,ECU,2009,2.38705043871039,4909.33681705683,14825954.0
Ecuador,ECU,2010,2.53722052479008,5022.20374387205,15076695.0
Ecuador,ECU,2011,2.50021091296638,5359.45724615639,15326227.0
Ecuador,ECU,2012,2.48269447452299,5579.85624282158,15572194.0
Ecuador,ECU,2013,2.60378102840693,5893.32172683036,15807128.0
Ecuador,ECU,2014,2.71026279559796,6055.04172761485,16035124.0
Ecuador,ECU,2015,2.66047592480738,5976.1596805651,16266225.0
Ecuador,ECU,2016,2.548787986578,5849.13587933672,16505139.0
Ecuador,ECU,2017,2.44983761168802,6104.27253521751,16759519.0
Ecuador,ECU,2018,2.47598953802116,6063.0956178776,17049547.0
Ecuador,ECU,2019,2.41784020907472,5971.38938386723,17340021.0
Ecuador,ECU,2020,2.08585799722046,5355.68934196443,17546065.0
Ecuador,ECU,2021,2.32777079470983,5815.09477390949,17682454.0
Ecuador,ECU,2022,2.47809443692364,6107.49495006543,17823897.0
Ecuador,ECU,2023,2.60232947756693,6174.81822806637,17980083.0
Ecuador,ECU,2024,2.64474970000791,5999.39391066593,18135478.0
"Egypt, Arab Rep.",EGY,1990,1.56708047716051,1972.13789303215,58396618.0
"Egypt, Arab Rep.",EGY,1991,1.56061411454201,1940.10019358455,60028997.0
"Egypt, Arab Rep.",EGY,1992,1.58506756433649,1979.02010131221,61480660.0
"Egypt, Arab Rep.",EGY,1993,1.55426593888414,1989.9792002068,62915681.0
"Egypt, Arab Rep.",EGY,1994,1.45020838185056,2024.95373805139,64285589.0
"Egypt, Arab Rep.",EGY,1995,1.51907565854719,2074.8399114013,65652622.0
"Egypt, Arab Rep.",EGY,1996,1.59521130616843,2133.64804177125,67028048.0
"Egypt, Arab Rep.",EGY,1997,1.66267144456651,2204.66575942323,68431740.0
"Egypt, Arab Rep.",EGY,1998,1.71747844761215,2277.28504834543,69943294.0
"Egypt, Arab Rep.",EGY,1999,1.80938162541848,2361.86425101237,71520954.0
"Egypt, Arab Rep.",EGY,2000,1.75027301728806,2458.60835003016,73083284.0
"Egypt, Arab Rep.",EGY,2001,1.89148509278964,2492.03441188721,74652029.0
"Egypt, Arab Rep.",EGY,2002,1.90141842765088,2498.48121191713,76239137.0
"Egypt, Arab Rep.",EGY,2003,1.89914658738482,2524.80477192682,77853548.0
"Egypt, Arab Rep.",EGY,2004,2.0184066565906,2574.42341789124,79477443.0
"Egypt, Arab Rep.",EGY,2005,2.1995658648073,2635.70305227819,81101004.0
"Egypt, Arab Rep.",EGY,2006,2.28386190572735,2761.62410769792,82700403.0
"Egypt, Arab Rep.",EGY,2007,2.39637572755543,2902.06559804963,84276225.0
"Egypt, Arab Rep.",EGY,2008,2.35283522329508,3052.21297844721,85864789.0
"Egypt, Arab Rep.",EGY,2009,2.40386934022582,3135.09661303014,87501636.0
"Egypt, Arab Rep.",EGY,2010,2.37407988100642,3233.84521246786,89196072.0
"Egypt, Arab Rep.",EGY,2011,2.40787061503775,3222.37650111856,91093059.0
"Egypt, Arab Rep.",EGY,2012,2.50058176167515,3220.99194203067,93161001.0
"Egypt, Arab Rep.",EGY,2013,2.39951090462348,3216.3783902629,95333553.0
"Egypt, Arab Rep.",EGY,2014,2.39012321445552,3235.66246235257,97528654.0
"Egypt, Arab Rep.",EGY,2015,2.40381816615146,3306.98159414141,99597342.0
"Egypt, Arab Rep.",EGY,2016,2.46076060182603,3381.22246306207,101644589.0
"Egypt, Arab Rep.",EGY,2017,2.52378641552398,3452.90961245539,103696057.0
"Egypt, Arab Rep.",EGY,2018,2.42443152195678,3568.63966286161,105682094.0
"Egypt, Arab Rep.",EGY,2019,2.20383858928624,3701.2446345188,107553158.0
"Egypt, Arab Rep.",EGY,2020,2.25205800434348,3770.86947867421,109315124.0
"Egypt, Arab Rep.",EGY,2021,2.35795200966486,3837.31992324447,110957008.0
"Egypt, Arab Rep.",EGY,2022,2.29974804261299,4029.78295457978,112618250.0
"Egypt, Arab Rep.",EGY,2023,2.40830000255291,4111.3118478995,114535772.0
"Egypt, Arab Rep.",EGY,2024,2.50251380967098,4137.60929232898,116538258.0
El Salvador,SLV,1990,0.480505862704885,2348.20460167761,5399726.0
El Salvador,SLV,1991,0.602229959652977,2341.93382299132,5495077.0
El Salvador,SLV,1992,0.666874462569793,2465.75989060719,5585609.0
El Salvador,SLV,1993,0.714793416275071,2574.95134564317,5659957.0
El Salvador,SLV,1994,0.821332525044499,2670.21278543567,5714129.0
El Salvador,SLV,1995,0.890868326318857,2773.32529027549,5762131.0
El Salvador,SLV,1996,0.787179132948833,2775.04629038695,5805286.0
El Salvador,SLV,1997,0.958529426761008,2842.88487409077,5844578.0
El Salvador,SLV,1998,0.997809644671345,2900.32064261101,5880781.0
El Salvador,SLV,1999,0.985187439760564,2946.4330235012,5913900.0
El Salvador,SLV,2000,0.975676073120854,2964.89346881406,5943366.0
El Salvador,SLV,2001,1.01143420139878,2978.59734844669,5968060.0
El Salvador,SLV,2002,1.01123653687692,3016.06307728602,5986631.0
El Salvador,SLV,2003,1.09683944534382,3057.16467629097,5998599.0
El Salvador,SLV,2004,1.13733125428521,3081.23629665234,6004671.0
El Salvador,SLV,2005,1.17101134978182,3163.36118376833,6005578.0
El Salvador,SLV,2006,1.23104086937065,3302.34817354347,6002319.0
El Salvador,SLV,2007,1.29431410969772,3359.1623024135,6009824.0
El Salvador,SLV,2008,1.17600775015727,3420.44927357444,6029297.0
El Salvador,SLV,2009,1.14057238430965,3337.81150878211,6048279.0
El Salvador,SLV,2010,1.10817799335525,3398.49346060363,6068249.0
El Salvador,SLV,2011,1.15322718229029,3514.069144355,6090127.0
El Salvador,SLV,2012,1.14454180790729,3601.44222914588,6113975.0
El Salvador,SLV,2013,1.080823263161,3665.1547327058,6138839.0
El Salvador,SLV,2014,1.10571957770258,3713.94992016222,6162955.0
El Salvador,SLV,2015,1.17485133438427,3790.34089108162,6183676.0
El Salvador,SLV,2016,1.18183137659657,3875.84691357954,6200800.0
El Salvador,SLV,2017,1.06736376872868,3954.84014277572,6213533.0
El Salvador,SLV,2018,1.14186822838715,4046.16291720583,6219807.0
El Salvador,SLV,2019,1.30285851671355,4143.11437097867,6222318.0
El Salvador,SLV,2020,1.06717705964691,3808.53195436409,6234673.0
El Salvador,SLV,2021,1.20400614983067,4247.54750394978,6255782.0
El Salvador,SLV,2022,1.34798885215862,4355.96083888359,6280319.0
El Salvador,SLV,2023,1.46387486797945,4489.17787712717,6309624.0
El Salvador,SLV,2024,1.50569728627702,4585.22599757795,6338193.0
Equatorial Guinea,GNQ,1990,0.149913341233127,366.314404747023,474274.0
Equatorial Guinea,GNQ,1991,0.150543357909215,349.352882285968,492217.0
Equatorial Guinea,GNQ,1992,0.145075082718249,453.637813917067,510770.0
Equatorial Guinea,GNQ,1993,0.145654056522075,485.392231712925,530023.0
Equatorial Guinea,GNQ,1994,2.20253827221534,545.595470854947,550138.0
Equatorial Guinea,GNQ,1995,2.253423986108,617.294826128753,571264.0
Equatorial Guinea,GNQ,1996,2.3722307967083,989.777266733628,593492.0
Equatorial Guinea,GNQ,1997,3.13863182107756,2380.32106827232,616893.0
Equatorial Guinea,GNQ,1998,3.66998506564568,2833.33184629343,641474.0
Equatorial Guinea,GNQ,1999,3.85603419592515,3423.12126162912,667214.0
Equatorial Guinea,GNQ,2000,3.90257636016432,3839.08642737128,703279.0
Equatorial Guinea,GNQ,2001,4.80185000453432,5882.85050306586,749836.0
Equatorial Guinea,GNQ,2002,4.02553019774249,6604.00546310809,797957.0
Equatorial Guinea,GNQ,2003,4.23488728118491,7082.65489186921,847862.0
Equatorial Guinea,GNQ,2004,6.97831022194269,9208.60566707162,899917.0
Equatorial Guinea,GNQ,2005,6.75102679320686,10212.4545051498,947367.0
Equatorial Guinea,GNQ,2006,6.44857387793926,10521.9996774827,990343.0
Equatorial Guinea,GNQ,2007,6.88812444259124,11594.9172068456,1036044.0
Equatorial Guinea,GNQ,2008,6.0917632522844,13048.0703050168,1084530.0
Equatorial Guinea,GNQ,2009,4.82339546682892,12627.862381545,1135673.0
Equatorial Guinea,GNQ,2010,4.8069734291493,10984.3243932426,1189085.0
Equatorial Guinea,GNQ,2011,4.80007408391614,11203.9073679091,1241835.0
Equatorial Guinea,GNQ,2012,4.3371269664928,11650.7196270884,1293483.0
Equatorial Guinea,GNQ,2013,4.25139167653382,10731.6455729191,1346218.0
Equatorial Guinea,GNQ,2014,4.08471612226645,10363.4872473549,1399828.0
Equatorial Guinea,GNQ,2015,3.71883517902943,9068.91003238645,1453923.0
Equatorial Guinea,GNQ,2016,3.57336561935995,7971.83401904573,1508186.0
Equatorial Guinea,GNQ,2017,3.12788819223808,7259.10936454803,1562396.0
Equatorial Guinea,GNQ,2018,3.28825022178614,6578.90039765711,1616422.0
Equatorial Guinea,GNQ,2019,3.0669803260373,6018.12066321865,1670177.0
Equatorial Guinea,GNQ,2020,2.86058347723348,5575.26241511492,1716468.0
Equatorial Guinea,GNQ,2021,2.86038210447434,5487.92479201992,1758786.0
Equatorial Guinea,GNQ,2022,2.82155421683407,5524.24312418579,1803545.0
Equatorial Guinea,GNQ,2023,2.57914675064098,5118.21986148331,1847549.0
Equatorial Guinea,GNQ,2024,2.55052004844345,5041.94038551173,1892516.0
Eritrea,ERI,1990,0.161949135574351,,2032737.0
Eritrea,ERI,1991,0.197023189035467,,1919571.0
Eritrea,ERI,1992,0.273023236162042,642.072233527209,1798748.0
Eritrea,ERI,1993,0.36831777483478,705.988405158037,1856006.0
Eritrea,ERI,1994,0.402734708699185,829.915037227268,1913915.0
Eritrea,ERI,1995,0.41179755558156,806.702995328956,2025267.0
Eritrea,ERI,1996,0.430921077359072,838.660572635214,2128464.0
Eritrea,ERI,1997,0.399045598905273,895.033773452053,2152135.0
Eritrea,ERI,1998,0.293246389799392,899.082974199102,2180419.0
Eritrea,ERI,1999,0.306989397951898,886.053679218386,2212780.0
Eritrea,ERI,2000,0.298304740789068,845.132430060544,2247031.0
Eritrea,ERI,2001,0.318025465392835,893.268735439193,2312079.0
Eritrea,ERI,2002,0.30322050599713,889.009113592982,2392978.0
Eritrea,ERI,2003,0.28084492460212,830.379672282601,2493903.0
Eritrea,ERI,2004,0.276105306425318,808.591420184592,2598284.0
Eritrea,ERI,2005,0.227039153168759,809.794793468889,2661215.0
Eritrea,ERI,2006,0.200998556686845,789.402432018085,2703502.0
Eritrea,ERI,2007,0.1932399200648,789.072701743247,2743222.0
Eritrea,ERI,2008,0.164434030565343,693.398874212494,2816327.0
Eritrea,ERI,2009,0.166523251445262,702.430936480778,2887885.0
Eritrea,ERI,2010,0.175472788475838,703.877374381654,2945186.0
Eritrea,ERI,2011,0.205637180109289,751.374899794668,2998485.0
Eritrea,ERI,2012,0.208858250345408,,3036988.0
Eritrea,ERI,2013,0.193080836336668,,3074360.0
Eritrea,ERI,2014,0.192428662307406,,3095173.0
Eritrea,ERI,2015,0.185989838823833,,3105546.0
Eritrea,ERI,2016,0.191122470075508,,3124698.0
Eritrea,ERI,2017,0.186042997803099,,3150347.0
Eritrea,ERI,2018,0.205182976484296,,3192760.0
Eritrea,ERI,2019,0.207888786905969,,3240194.0
Eritrea,ERI,2020,0.204024524264334,,3291271.0
Eritrea,ERI,2021,0.212495854704056,,3350183.0
Eritrea,ERI,2022,0.219947692397037,,3409447.0
Eritrea,ERI,2023,0.220205798195592,,3470390.0
Eritrea,ERI,2024,0.220047329974547,,3535603.0
Estonia,EST,1990,25.516673103174,9341.22561480009,1569174.0
Estonia,EST,1991,23.3944613319294,8637.20598149255,1561314.0
Estonia,EST,1992,17.3536339330151,6934.17066642789,1533091.0
Estonia,EST,1993,14.6521583157534,6706.56000129024,1494128.0
Estonia,EST,1994,15.4246044824186,6738.99914418874,1462514.0
Estonia,EST,1995,14.340813317797,7170.94607721168,1436634.0
Estonia,EST,1996,15.2769084921242,7637.25708286963,1415594.0
Estonia,EST,1997,15.1335264927279,8732.99085657194,1399535.0
Estonia,EST,1998,13.7120930111762,9199.93534127632,1386156.0
Estonia,EST,1999,12.5302464891055,9133.89593384355,1390244.0
Estonia,EST,2000,12.7571162181412,10006.7696280939,1396985.0
Estonia,EST,2001,13.1461730476221,10662.9455020331,1388115.0
Estonia,EST,2002,12.7007648530105,11474.6622721923,1379350.0
Estonia,EST,2003,14.2657873234504,12424.0441535693,1370720.0
Estonia,EST,2004,14.7118270889142,13348.5284463324,1362550.0
Estonia,EST,2005,14.813456108948,14703.6179707772,1354775.0
Estonia,EST,2006,14.4285385466398,16234.5152041417,1346810.0
Estonia,EST,2007,17.1806098397828,17543.4661785723,1340680.0
Estonia,EST,2008,15.6166002288552,16688.997772178,1337090.0
Estonia,EST,2009,13.0675938449549,14274.8511086787,1334515.0
Estonia,EST,2010,16.6849546555512,14657.939813612,1331475.0
Estonia,EST,2011,16.8260839104471,15820.922342204,1327439.0
Estonia,EST,2012,16.0506269014195,16460.6843479001,1322696.0
Estonia,EST,2013,17.9337282254815,16809.5326683781,1317997.0
Estonia,EST,2014,17.3074333704818,17413.6867560212,1314545.0
Estonia,EST,2015,15.9815175075091,17722.1557669523,1315407.0
Estonia,EST,2016,15.6467217413113,18264.9873304279,1315790.0
Estonia,EST,2017,16.6729670316324,19270.8141210511,1317384.0
Estonia,EST,2018,17.8889647853178,19914.3454922878,1321977.0
Estonia,EST,2019,11.6534202327534,20579.8756732376,1326898.0
Estonia,EST,2020,9.12576098778358,19946.945696898,1329522.0
Estonia,EST,2021,9.71169075504984,21570.6658455268,1330932.0
Estonia,EST,2022,11.1341597224282,21023.2994937246,1348840.0
Estonia,EST,2023,8.37350742837627,20126.3730486957,1370286.0
Estonia,EST,2024,7.75936884491537,20078.1397620993,1372341.0
Eswatini,SWZ,1990,1.26749714589628,2027.97481893357,872428.0
Eswatini,SWZ,1991,1.20074125539948,1982.41521465314,908189.0
Eswatini,SWZ,1992,0.967971711312931,1969.96082543683,943416.0
Eswatini,SWZ,1993,0.844625550025841,1972.80340757512,971318.0
Eswatini,SWZ,1994,1.5030703903988,2020.384816101,971212.0
Eswatini,SWZ,1995,1.46099730738753,2119.58163577162,970433.0
Eswatini,SWZ,1996,1.1471539368444,2157.86134470358,989841.0
Eswatini,SWZ,1997,1.14897654065277,2187.6982967057,1006635.0
Eswatini,SWZ,1998,1.15598149566568,2216.00896601996,1019653.0
Eswatini,SWZ,1999,1.22761165794513,2256.76912678764,1030782.0
Eswatini,SWZ,2000,1.05395164651138,2273.04683761056,1041414.0
Eswatini,SWZ,2001,1.05797553716995,2283.98316815361,1051064.0
Eswatini,SWZ,2002,1.02176525167518,2358.56935643468,1059441.0
Eswatini,SWZ,2003,0.941876816349489,2448.83792077995,1066700.0
Eswatini,SWZ,2004,0.926703312370301,2522.14342097167,1073159.0
Eswatini,SWZ,2005,0.918331600282478,2658.75180508187,1079022.0
Eswatini,SWZ,2006,0.921123975965387,2823.48728215402,1084436.0
Eswatini,SWZ,2007,0.946543749226418,2928.46845823015,1090705.0
Eswatini,SWZ,2008,0.922510065194961,2950.67334362132,1098091.0
Eswatini,SWZ,2009,0.949461296309199,2973.83456912379,1105153.0
Eswatini,SWZ,2010,0.769666711644852,3069.52175725884,1111650.0
Eswatini,SWZ,2011,0.733025416139978,3108.70225253092,1117833.0
Eswatini,SWZ,2012,0.72161820435409,3218.50138205493,1123863.0
Eswatini,SWZ,2013,0.851954442074709,3332.11983927912,1129990.0
Eswatini,SWZ,2014,0.865001201268328,3381.79292071291,1136299.0
Eswatini,SWZ,2015,0.858320652635208,3419.82276559528,1142813.0
Eswatini,SWZ,2016,0.910738255617408,3500.17688847942,1149507.0
Eswatini,SWZ,2017,0.916771355428058,3596.23605400492,1158195.0
Eswatini,SWZ,2018,0.908609504939992,3565.54285067501,1168929.0
Eswatini,SWZ,2019,0.962899428244033,3759.67106964666,1179874.0
Eswatini,SWZ,2020,0.805379931233331,3609.3669136859,1192729.0
Eswatini,SWZ,2021,0.81982905586225,3719.03838239806,1206593.0
Eswatini,SWZ,2022,0.883161035575023,3695.64957179548,1218917.0
Eswatini,SWZ,2023,0.876387437363166,3790.16576788091,1230506.0
Eswatini,SWZ,2024,0.880335237065324,3864.20550510839,1242822.0
Ethiopia,ETH,1990,0.0459464662231511,267.078134508598,47609755.0
Ethiopia,ETH,1991,0.0435644020002897,237.502454667904,49717198.0
Ethiopia,ETH,1992,0.0327093044982844,207.967880879774,51853747.0
Ethiopia,ETH,1993,0.0401981861811297,227.173295614208,53708891.0
Ethiopia,ETH,1994,0.0448899893165997,226.399912642527,55611508.0
Ethiopia,ETH,1995,0.0491228869046507,232.230450633845,57537335.0
Ethiopia,ETH,1996,0.0535955398259911,252.612985005506,59467635.0
Ethiopia,ETH,1997,0.0542842606472463,252.311666681832,61404539.0
Ethiopia,ETH,1998,0.0558980905165565,236.05551452188,63363524.0
Ethiopia,ETH,1999,0.053477988173412,240.604711286049,65374561.0
Ethiopia,ETH,2000,0.0575065136518114,247.505413659694,67411494.0
Ethiopia,ETH,2001,0.0688999021151379,260.04231608135,69487762.0
Ethiopia,ETH,2002,0.068704745999111,256.066635883709,71635517.0
Ethiopia,ETH,2003,0.0712516626956825,243.076666020009,73832663.0
Ethiopia,ETH,2004,0.0753366257956424,267.923513391712,76077206.0
Ethiopia,ETH,2005,0.0698363747100678,290.833381425059,78367470.0
Ethiopia,ETH,2006,0.071814738123469,313.013896721503,80703490.0
Ethiopia,ETH,2007,0.0764266442296692,338.799064654308,83103217.0
Ethiopia,ETH,2008,0.0802467343345623,364.642208155735,85543668.0
Ethiopia,ETH,2009,0.0785136417026359,385.632419711374,88007636.0
Ethiopia,ETH,2010,0.0760019100821557,421.898622378633,90538514.0
Ethiopia,ETH,2011,0.0854374939680603,455.909628648555,93149970.0
Ethiopia,ETH,2012,0.0938018335872736,481.639999909808,95798767.0
Ethiopia,ETH,2013,0.106072048801188,518.324662208106,98438751.0
Ethiopia,ETH,2014,0.122678387639653,556.362532243867,101115610.0
Ethiopia,ETH,2015,0.130068091316854,597.912113218663,103867135.0
Ethiopia,ETH,2016,0.15021997848876,636.835680951429,106718162.0
Ethiopia,ETH,2017,0.144744318001779,678.98541915757,109666481.0
Ethiopia,ETH,2018,0.155059082147088,705.96881207336,112664152.0
Ethiopia,ETH,2019,0.159693432847017,744.702789753973,115737383.0
Ethiopia,ETH,2020,0.151498089800296,768.705424485209,118917671.0
Ethiopia,ETH,2021,0.156331429015701,790.65701959778,122138588.0
Ethiopia,ETH,2022,0.146229646781817,811.177729326201,125384287.0
Ethiopia,ETH,2023,0.147767891652244,842.44660489404,128691692.0
Ethiopia,ETH,2024,0.146636636122491,883.458588619291,132059767.0
Faroe Islands,FRO,1990,0.0335148722245496,,47740.0
Faroe Islands,FRO,1991,0.0337218369970704,,47447.0
Faroe Islands,FRO,1992,0.0338359379956436,,47287.0
Faroe Islands,FRO,1993,0.0344278521323751,,46474.0
Faroe Islands,FRO,1994,0.0357981877167468,,44695.0
Faroe Islands,FRO,1995,0.0366879915617619,,43611.0
Faroe Islands,FRO,1996,0.0390078245106813,,43581.0
Faroe Islands,FRO,1997,0.0385208012326656,,44132.0
Faroe Islands,FRO,1998,0.038053453910552,,44674.0
Faroe Islands,FRO,1999,0.0376556062552607,,45146.0
Faroe Islands,FRO,2000,0.0393408226603138,,45754.0
Faroe Islands,FRO,2001,0.0385976198134448,,46635.0
Faroe Islands,FRO,2002,0.0380268300411957,,47335.0
Faroe Islands,FRO,2003,0.0395569620253165,,48032.0
Faroe Islands,FRO,2004,0.0392691798941799,,48384.0
Faroe Islands,FRO,2005,0.0392894807584938,,48359.0
Faroe Islands,FRO,2006,0.0413778835212579,,48335.0
Faroe Islands,FRO,2007,0.04134110546116,,48378.0
Faroe Islands,FRO,2008,0.041197190351618,44623.0315871975,48547.0
Faroe Islands,FRO,2009,0.04099116640364,42378.2165335393,48791.0
Faroe Islands,FRO,2010,0.0411040549150174,42333.5215714088,48657.0
Faroe Islands,FRO,2011,0.0412005850483077,43946.251738291,48543.0
Faroe Islands,FRO,2012,0.0414155846845168,47303.8655939098,48291.0
Faroe Islands,FRO,2013,0.0414542138208349,50120.7530887167,48246.0
Faroe Islands,FRO,2014,0.0412984224002643,52644.7898999399,48428.0
Faroe Islands,FRO,2015,0.0409006319147631,52637.1903526574,48899.0
Faroe Islands,FRO,2016,0.0404334465469837,52757.3960429144,49464.0
Faroe Islands,FRO,2017,0.0398565165404544,53831.0294952424,50180.0
Faroe Islands,FRO,2018,0.0411797003686564,54433.5931539501,50996.0
Faroe Islands,FRO,2019,0.0405468025949954,56029.4991512974,51792.0
Faroe Islands,FRO,2020,0.0399505374298488,54301.6594145787,52565.0
Faroe Islands,FRO,2021,0.0394025818072651,56270.2511347442,53296.0
Faroe Islands,FRO,2022,0.038952366820003,57775.0758629956,53912.0
Faroe Islands,FRO,2023,0.0385930091520565,59050.1954015578,54414.0
Faroe Islands,FRO,2024,0.0384045646568278,59257.6449307094,54681.0
Fiji,FJI,1990,1.30373611822334,3414.95053196369,773316.0
Fiji,FJI,1991,1.13639861682588,3295.72685663527,779656.0
Fiji,FJI,1992,1.26428351325403,3471.43143724943,785346.0
Fiji,FJI,1993,1.35784677789741,3522.8422806512,790369.0
Fiji,FJI,1994,1.41235651527295,3682.00013774058,794771.0
Fiji,FJI,1995,1.39293342314077,3755.268335603,798746.0
Fiji,FJI,1996,1.44839006256617,3910.82963547549,803789.0
Fiji,FJI,1997,1.48078099931169,3785.46684889302,812139.0
Fiji,FJI,1998,1.44978826597005,3787.48702167736,822258.0
Fiji,FJI,1999,1.53361031367061,4073.37708743898,831828.0
Fiji,FJI,2000,1.71635694230886,3960.8890315,840909.0
Fiji,FJI,2001,1.84040414502893,3998.79729208867,849596.0
Fiji,FJI,2002,1.50783929589103,4086.10434130578,858049.0
Fiji,FJI,2003,1.76073490740933,4087.72449101023,866286.0
Fiji,FJI,2004,2.26335424753479,4264.59723774177,874366.0
Fiji,FJI,2005,1.96151540324509,4255.45097421847,882379.0
Fiji,FJI,2006,2.08992941097191,4295.40679748345,890365.0
Fiji,FJI,2007,1.92029243778346,4223.44800626708,897832.0
Fiji,FJI,2008,1.42982226015304,4240.77265686858,903399.0
Fiji,FJI,2009,1.17223796596046,4164.29314800857,907239.0
Fiji,FJI,2010,1.86342771844612,4272.359150902,910419.0
Fiji,FJI,2011,1.36409091456743,4375.5808542034,912989.0
Fiji,FJI,2012,1.31727652095598,4427.97844455038,914918.0
Fiji,FJI,2013,1.49844164687806,4630.35126544718,916352.0
Fiji,FJI,2014,1.70000599399511,4883.24300436251,917585.0
Fiji,FJI,2015,1.76054728068819,5097.53106864695,918578.0
Fiji,FJI,2016,1.73254885406989,5218.85823412748,919166.0
Fiji,FJI,2017,1.67682711135347,5500.67840152349,918759.0
Fiji,FJI,2018,1.80433502693037,5720.21447177109,917180.0
Fiji,FJI,2019,1.76959423936413,5701.10435269432,914899.0
Fiji,FJI,2020,1.17414583977713,4721.1228189763,914963.0
Fiji,FJI,2021,1.46469279849375,4507.33353596072,916711.0
Fiji,FJI,2022,1.56000182723494,5291.51693123572,919422.0
Fiji,FJI,2023,1.55581645737411,5761.5694863591,924145.0
Fiji,FJI,2024,1.62222863442953,5935.20896505673,928784.0
Finland,FIN,1990,11.2758403756113,31291.5222587198,4986431.0
Finland,FIN,1991,11.351007431578,29290.9773950558,5013740.0
Finland,FIN,1992,10.7287357853801,28162.3512348846,5041992.0
Finland,FIN,1993,10.9285264407187,27807.8614663327,5066447.0
Finland,FIN,1994,12.2030338816269,28785.9195720485,5088333.0
Finland,FIN,1995,11.5021565099583,29890.5243289925,5107790.0
Finland,FIN,1996,12.6716313729944,30883.8347237846,5124573.0
Finland,FIN,1997,12.2072984833171,32762.1179107575,5139835.0
Finland,FIN,1998,11.5538028733105,34457.4555939742,5153498.0
Finland,FIN,1999,11.402244982745,35886.4949080548,5165474.0
Finland,FIN,2000,11.1139059493154,37872.6020343504,5176209.0
Finland,FIN,2001,12.2543758606386,38784.1308115726,5188008.0
Finland,FIN,2002,12.6383158244494,39343.0698997627,5200598.0
Finland,FIN,2003,14.2135432592354,40038.9839702277,5213014.0
Finland,FIN,2004,13.4759720988521,41521.962874476,5228172.0
Finland,FIN,2005,11.1028086409399,42529.3506920884,5246096.0
Finland,FIN,2006,13.2647256083435,44069.3958834717,5266268.0
Finland,FIN,2007,12.8705811614152,46213.6898975737,5288720.0
Finland,FIN,2008,11.2598169269803,46359.8732844055,5313399.0
Finland,FIN,2009,10.6915488312042,42412.5133513534,5338871.0
Finland,FIN,2010,12.2771915772077,43556.5385834368,5363352.0
Finland,FIN,2011,10.8053750812877,44391.4535667984,5388272.0
Finland,FIN,2012,9.66512380653683,43507.9345371578,5413971.0
Finland,FIN,2013,9.80540072646081,42883.6384986417,5438972.0
Finland,FIN,2014,9.05273118506377,42502.4880199858,5461512.0
Finland,FIN,2015,8.39046261440988,42560.3456767103,5479531.0
Finland,FIN,2016,8.88160307084068,43529.6761616969,5495303.0
Finland,FIN,2017,8.36494370044446,44862.220404205,5508214.0
Finland,FIN,2018,8.6010307269027,45337.2409550575,5515525.0
Finland,FIN,2019,7.99426833424913,45898.5708448954,5521606.0
Finland,FIN,2020,7.13874546232844,44690.9801103074,5529543.0
Finland,FIN,2021,7.09479866241161,45792.0454180872,5541017.0
Finland,FIN,2022,6.68162198489374,46016.1492103929,5556106.0
Finland,FIN,2023,5.88954587564164,45357.0296547377,5583911.0
Finland,FIN,2024,5.53521221243539,45254.0358658917,5619911.0
France,FRA,1990,6.6078992929268,27992.9751471374,58261012.0
France,FRA,1991,7.00271894903874,28197.2359540607,58554242.0
France,FRA,1992,6.740126155836,28482.5194675509,58846584.0
France,FRA,1993,6.37822784709037,28257.0962487817,59103094.0
France,FRA,1994,6.28192432572495,28822.5006495069,59324863.0
France,FRA,1995,6.41153012227111,29379.6158424052,59541294.0
France,FRA,1996,6.63417940846769,29683.7786067651,59754504.0
France,FRA,1997,6.47243151046425,30325.522871824,59968066.0
France,FRA,1998,6.81353446656297,31256.5073830655,60190684.0
France,FRA,1999,6.67500237099655,32152.7207478734,60501986.0
France,FRA,2000,6.58034817935345,33255.1379642335,60918661.0
France,FRA,2001,6.59967427030181,33640.6738002565,61364377.0
France,FRA,2002,6.46436747006761,33753.5782979758,61812142.0
France,FRA,2003,6.49767617932604,33840.6175720101,62249855.0
France,FRA,2004,6.46668310699496,34557.1471111581,62707588.0
France,FRA,2005,6.45391402908229,34946.0372494703,63180854.0
France,FRA,2006,6.24021668362979,35645.4162427116,63622342.0
France,FRA,2007,6.09003030294036,36322.1685141004,64016890.0
France,FRA,2008,5.94290191259616,36257.3658930938,64375116.0
France,FRA,2009,5.71717317269645,35052.8510772683,64706436.0
France,FRA,2010,5.80194807906,35578.1968010183,65026211.0
France,FRA,2011,5.56604040689413,36269.9561530888,65340830.0
France,FRA,2012,5.55949763606406,36161.2918253465,65657659.0
France,FRA,2013,5.45712098979101,36256.086680981,65997932.0
France,FRA,2014,4.93048874498212,36444.3949089146,66312067.0
France,FRA,2015,4.99116340691761,36702.4323733379,66548272.0
France,FRA,2016,5.01727531627851,36920.5342846914,66724104.0
France,FRA,2017,5.06155143263354,37580.5979329356,66918020.0
France,FRA,2018,4.89217066506758,38062.4435961412,67158348.0
France,FRA,2019,4.79214044818249,38705.2072940618,67382061.0
France,FRA,2020,4.24677642127474,35709.2045925926,67601110.0
France,FRA,2021,4.66820869200128,38030.8571685178,67842811.0
France,FRA,2022,4.51246828877731,38868.3303330557,68184457.0
France,FRA,2023,4.15598361008436,39319.4152227295,68372286.0
France,FRA,2024,4.00355772602595,39683.3953489029,68551653.0
French Polynesia,PYF,1990,4.1545618718593,25307.7045477138,203776.0
French Polynesia,PYF,1991,4.22635551447936,25731.776022059,207744.0
French Polynesia,PYF,1992,4.28674743215841,24899.5108111715,211559.0
French Polynesia,PYF,1993,4.25984694659858,24158.449666239,215219.0
French Polynesia,PYF,1994,3.40910129927127,23373.7127446694,218738.0
French Polynesia,PYF,1995,3.17759028984594,22928.4986555237,222118.0
French Polynesia,PYF,1996,3.09372075799706,22434.729936296,225489.0
French Polynesia,PYF,1997,3.20267456933236,22051.9807859615,229121.0
French Polynesia,PYF,1998,3.24228931130872,22071.0627604129,232891.0
French Polynesia,PYF,1999,3.18645787104546,22136.2587286349,236595.0
French Polynesia,PYF,2000,2.95293691774467,22498.8285530328,240337.0
French Polynesia,PYF,2001,3.39946824418162,22076.5919162624,244097.0
French Polynesia,PYF,2002,3.54273029966704,21932.9195333418,247775.0
French Polynesia,PYF,2003,3.71249061147605,22055.6419702196,251637.0
French Polynesia,PYF,2004,3.45506035501107,21919.9410589378,255654.0
French Polynesia,PYF,2005,3.62726246305495,21661.4244664054,259507.0
French Polynesia,PYF,2006,3.36406772964369,21545.5997136473,263223.0
French Polynesia,PYF,2007,3.55917699427259,21648.532237682,266438.0
French Polynesia,PYF,2008,3.61391912183889,21493.4178311249,268379.0
French Polynesia,PYF,2009,3.4662926143216,20499.7723032831,269481.0
French Polynesia,PYF,2010,3.65769827777367,19913.0252687915,270580.0
French Polynesia,PYF,2011,3.52228523481288,19241.6437951625,271727.0
French Polynesia,PYF,2012,3.38577141099442,18968.4422157904,273084.0
French Polynesia,PYF,2013,3.61739611543053,18930.1268887012,274728.0
French Polynesia,PYF,2014,3.55841627862381,18928.1858620128,276387.0
French Polynesia,PYF,2015,3.61973037363333,19166.9594761931,277866.0
French Polynesia,PYF,2016,3.61024149467365,19516.0718353276,279178.0
French Polynesia,PYF,2017,3.14473717095045,20287.7685831663,280087.0
French Polynesia,PYF,2018,2.79792005432161,20674.4206829029,279815.0
French Polynesia,PYF,2019,2.81327723503229,21289.8751241139,279034.0
French Polynesia,PYF,2020,2.56080570468717,19026.790444196,279209.0
French Polynesia,PYF,2021,2.28741350717676,19626.2332540206,279792.0
French Polynesia,PYF,2022,3.30197091069913,20160.4994298379,280378.0
French Polynesia,PYF,2023,3.30181631912578,20664.9770259225,281118.0
French Polynesia,PYF,2024,3.45591131519089,20846.6514059991,281807.0
Gabon,GAB,1990,6.27334218396436,8354.26309000876,983734.0
Gabon,GAB,1991,4.88139308955717,8627.38985737905,1010818.0
Gabon,GAB,1992,4.78842042412219,8138.86821905371,1038380.0
Gabon,GAB,1993,4.76648177756106,8237.7433874389,1066405.0
Gabon,GAB,1994,4.60958053200819,8322.61010843084,1094720.0
Gabon,GAB,1995,5.04890880002279,8514.94009899596,1123213.0
Gabon,GAB,1996,5.49732425359045,8603.00813400361,1152015.0
Gabon,GAB,1997,5.12019664155322,8870.12550864019,1181439.0
Gabon,GAB,1998,5.71362078868664,8949.1211008365,1211736.0
Gabon,GAB,1999,5.3019430160191,7944.64517936466,1243016.0
Gabon,GAB,2000,5.17720677468618,7596.09970650519,1275572.0
Gabon,GAB,2001,5.14741647952144,7556.76995314898,1309589.0
Gabon,GAB,2002,4.81148732283377,7338.75620613605,1345135.0
Gabon,GAB,2003,5.31146236481354,7301.67154442842,1382350.0
Gabon,GAB,2004,4.66035316321154,7148.98713447497,1421609.0
Gabon,GAB,2005,4.36742182241825,7130.22505771754,1463495.0
Gabon,GAB,2006,3.78376980741041,6724.08148977274,1508337.0
Gabon,GAB,2007,3.3257145280571,6908.67399162999,1556237.0
Gabon,GAB,2008,3.43403798590695,6468.38523357609,1607175.0
Gabon,GAB,2009,3.27951630880933,6264.83611480154,1661556.0
Gabon,GAB,2010,3.46431347786676,6481.49612073562,1719879.0
Gabon,GAB,2011,3.26602075775049,6699.23394606512,1781985.0
Gabon,GAB,2012,3.1891467218658,6803.22668079211,1846889.0
Gabon,GAB,2013,3.17695376880692,6938.25753862236,1913059.0
Gabon,GAB,2014,3.16776342891399,6998.60545439576,1978399.0
Gabon,GAB,2015,3.15596997338055,7047.12654634355,2040989.0
Gabon,GAB,2016,3.12287828535461,6991.3251446736,2100306.0
Gabon,GAB,2017,2.66535305299272,6840.05959347802,2156900.0
Gabon,GAB,2018,2.44580571147547,6724.5961429108,2212318.0
Gabon,GAB,2019,2.49273935862938,6817.56879468764,2267706.0
Gabon,GAB,2020,2.3804551828839,6534.27966528997,2322539.0
Gabon,GAB,2021,2.25718447508796,6479.04900690761,2376722.0
Gabon,GAB,2022,2.29694822208975,6527.48207900404,2430747.0
Gabon,GAB,2023,2.06073835645602,6541.2536861807,2484789.0
Gabon,GAB,2024,2.0474983378969,6618.98685865885,2538952.0
"Gambia, The",GMB,1990,0.116242026138337,658.711165332156,1054696.0
"Gambia, The",GMB,1991,0.139550655978996,651.229615381431,1099959.0
"Gambia, The",GMB,1992,0.113741312276205,646.421031932611,1145582.0
"Gambia, The",GMB,1993,0.114863699284311,641.918738488002,1188365.0
"Gambia, The",GMB,1994,0.127686343020764,622.551318791124,1227226.0
"Gambia, The",GMB,1995,0.118404224270414,609.618491441846,1264313.0
"Gambia, The",GMB,1996,0.119101589814125,605.40992484126,1301410.0
"Gambia, The",GMB,1997,0.115020737342677,617.297597679527,1338889.0
"Gambia, The",GMB,1998,0.12186026447599,621.226058231623,1376987.0
"Gambia, The",GMB,1999,0.123677494863252,642.873705091153,1415779.0
"Gambia, The",GMB,2000,0.182944764700869,659.911237641141,1455084.0
"Gambia, The",GMB,2001,0.199463415319352,679.539755947951,1495011.0
"Gambia, The",GMB,2002,0.201668174131384,640.03893213613,1535691.0
"Gambia, The",GMB,2003,0.200049315071966,665.834222326194,1577611.0
"Gambia, The",GMB,2004,0.201565152173055,693.563314497133,1621312.0
"Gambia, The",GMB,2005,0.199035774250961,658.676285443081,1667037.0
"Gambia, The",GMB,2006,0.214426258180175,636.596026908866,1715275.0
"Gambia, The",GMB,2007,0.219337242478369,637.20930597537,1765774.0
"Gambia, The",GMB,2008,0.215089017147711,657.675679192228,1817852.0
"Gambia, The",GMB,2009,0.232016081888532,681.433469086571,1871422.0
"Gambia, The",GMB,2010,0.22879328153304,701.014524591061,1926630.0
"Gambia, The",GMB,2011,0.233694797417461,625.464360270983,1983784.0
"Gambia, The",GMB,2012,0.217513242170943,639.139881889048,2043094.0
"Gambia, The",GMB,2013,0.212137920544533,638.522368532214,2103820.0
"Gambia, The",GMB,2014,0.223512932149642,611.879472952196,2164528.0
"Gambia, The",GMB,2015,0.228812481203886,619.536364296461,2224529.0
"Gambia, The",GMB,2016,0.224978971165648,615.193365494386,2283769.0
"Gambia, The",GMB,2017,0.223551557965647,628.777299272925,2342189.0
"Gambia, The",GMB,2018,0.191821079232149,658.127833258563,2399632.0
"Gambia, The",GMB,2019,0.189267206220664,682.797642940426,2456844.0
"Gambia, The",GMB,2020,0.167744351248722,670.758642891251,2515733.0
"Gambia, The",GMB,2021,0.185403006975905,689.49323955737,2576010.0
"Gambia, The",GMB,2022,0.187713116401856,710.686979216316,2636470.0
"Gambia, The",GMB,2023,0.17562165357906,735.612383709511,2697845.0
"Gambia, The",GMB,2024,0.178370340740612,758.96588872906,2759988.0
Georgia,GEO,1990,7.18256976259892,3534.03227732782,4802000.0
Georgia,GEO,1991,5.50311214044955,2768.81016089293,4835900.0
Georgia,GEO,1992,4.29350569405971,1513.85017404463,4873500.0
Georgia,GEO,1993,3.41058011443465,1062.09528080207,4911100.0
Georgia,GEO,1994,2.25867004571475,966.419596225484,4836076.0
Georgia,GEO,1995,1.8298430005054,1029.48054628347,4657722.0
Georgia,GEO,1996,1.53623383935566,1187.123206219,4491699.0
Georgia,GEO,1997,1.39117724883233,1354.78352202066,4349913.0
Georgia,GEO,1998,1.29312162978334,1431.79336069224,4243607.0
Georgia,GEO,1999,1.17598609830867,1503.46298776734,4157192.0
Georgia,GEO,2000,1.27849706080084,1561.19867638847,4077131.0
Georgia,GEO,2001,0.966228100876525,1661.83019106421,4014373.0
Georgia,GEO,2002,0.903226455096939,1768.5970116888,3978515.0
Georgia,GEO,2003,1.00105371411451,1977.46143338741,3951736.0
Georgia,GEO,2004,1.09804600569342,2105.00472843799,3927340.0
Georgia,GEO,2005,1.27593582421795,2321.60084285163,3902469.0
Georgia,GEO,2006,1.46419894921769,2554.81253503914,3880347.0
Georgia,GEO,2007,1.70871244130422,2891.13702331846,3860158.0
Georgia,GEO,2008,1.47617910488095,2970.15858282428,3848449.0
Georgia,GEO,2009,1.69653622216123,2887.25607935922,3814419.0
Georgia,GEO,2010,1.66699456914275,3090.06513662318,3786695.0
Georgia,GEO,2011,2.01914524945287,3362.1030031968,3756441.0
Georgia,GEO,2012,2.21884676178385,3609.780798626,3728874.0
Georgia,GEO,2013,2.46103202330063,3806.50600649051,3717668.0
Georgia,GEO,2014,2.64568558380433,3960.35080091901,3719414.0
Georgia,GEO,2015,2.8580432698141,4086.6223465965,3725276.0
Georgia,GEO,2016,2.95779616660474,4225.09154904806,3727505.0
Georgia,GEO,2017,2.99648283639181,4442.50744127374,3728004.0
Georgia,GEO,2018,2.98855589984192,4713.65354845303,3726549.0
Georgia,GEO,2019,3.20488817553864,4975.81148194814,3720161.0
Georgia,GEO,2020,3.1000484592432,4659.60925318234,3722716.0
Georgia,GEO,2021,3.32825506052133,5175.19865185825,3708610.0
Georgia,GEO,2022,3.62639535278365,5736.30449578597,3712502.0
Georgia,GEO,2023,3.64859696572424,6180.6206023429,3715483.0
Georgia,GEO,2024,3.6402736868225,6808.07398025981,3699557.0
Germany,DEU,1990,12.7491248004656,29763.3124657124,79433029.0
Germany,DEU,1991,12.394338353428,31056.5938822126,80013896.0
Germany,DEU,1992,11.6315990809653,31441.9743477578,80624598.0
Germany,DEU,1993,11.4510713103297,30932.0193060317,81156363.0
Germany,DEU,1994,11.2385555758081,31625.3939679554,81438348.0
Germany,DEU,1995,11.1470987474958,32007.145402934,81678051.0
Germany,DEU,1996,11.4674545321347,32245.8608379557,81914831.0
Germany,DEU,1997,11.0621677727363,32795.7833455165,82034771.0
Germany,DEU,1998,11.0498012759607,33477.9856458764,82047195.0
Germany,DEU,1999,10.604888221829,34168.8308210083,82100243.0
Germany,DEU,2000,10.5993032021746,35104.1308467844,82211508.0
Germany,DEU,2001,10.7525841705381,35618.5143698493,82349925.0
Germany,DEU,2002,10.546202837135,35477.5151544301,82488495.0
Germany,DEU,2003,10.6369632865784,35270.0227284267,82534176.0
Germany,DEU,2004,10.4632650583049,35687.6378708542,82516260.0
Germany,DEU,2005,10.2067903422435,36024.0947047021,82469422.0
Germany,DEU,2006,10.3846207212787,37459.261328042,82376451.0
Germany,DEU,2007,10.0478127320359,38593.0749910508,82266372.0
Germany,DEU,2008,10.1072965484379,39009.8477636357,82110097.0
Germany,DEU,2009,9.37864424258525,36940.4078672661,81902307.0
Germany,DEU,2010,9.96567124737992,38526.7371042695,81776930.0
Germany,DEU,2011,9.81776726131477,40722.4849268242,80274983.0
Germany,DEU,2012,9.94745307113612,40834.5088218456,80425823.0
Germany,DEU,2013,10.1408601249876,40884.8926759028,80645605.0
Germany,DEU,2014,9.61630846170469,41602.4661281668,80982500.0
Germany,DEU,2015,9.60884887243027,41929.7549110722,81686611.0
Germany,DEU,2016,9.58423383867929,42516.9337063103,82348669.0
Germany,DEU,2017,9.36976518940283,43543.4807050551,82657002.0
Germany,DEU,2018,9.00657809367265,43905.8550061973,82905782.0
Germany,DEU,2019,8.38218043063623,44235.2658954682,83092962.0
Germany,DEU,2020,7.72103264767393,42372.8726784255,83160871.0
Germany,DEU,2021,8.06128144646434,44011.0194631674,83196078.0
Germany,DEU,2022,7.91182860265874,44817.1316331389,83177813.0
Germany,DEU,2023,7.07982839106762,44368.9920074881,83287273.0
Germany,DEU,2024,6.94395663386317,44027.7631554469,83516593.0
Ghana,GHA,1990,0.20338886605267,855.85250708181,15394648.0
Ghana,GHA,1991,0.1838796982118,878.63570406594,15787496.0
Ghana,GHA,1992,0.211759697569116,890.313174799419,16184855.0
Ghana,GHA,1993,0.213134570086089,910.722897752222,16589519.0
Ghana,GHA,1994,0.22148284106751,918.428722656692,16993190.0
Ghana,GHA,1995,0.232444166242265,933.895311664356,17399017.0
Ghana,GHA,1996,0.246521919120305,954.325387944775,17810181.0
Ghana,GHA,1997,0.253161392224271,970.995739362631,18238958.0
Ghana,GHA,1998,0.335514122511322,992.20631798932,18688036.0
Ghana,GHA,1999,0.357323686476311,1010.88194916348,19149864.0
Ghana,GHA,2000,0.306420193585739,1022.27520714566,19637087.0
Ghana,GHA,2001,0.322486128251954,1035.22666053257,20167069.0
Ghana,GHA,2002,0.370502978669703,1052.46591644399,20729388.0
Ghana,GHA,2003,0.338470199967554,1077.69990866645,21296705.0
Ghana,GHA,2004,0.307147817356431,1108.30475353633,21868298.0
Ghana,GHA,2005,0.316524627476198,1143.31178934301,22449438.0
Ghana,GHA,2006,0.375018955585641,1185.26570738595,23040702.0
Ghana,GHA,2007,0.385855356837638,1205.31705804209,23642279.0
Ghana,GHA,2008,0.356759557320251,1282.63416886747,24249946.0
Ghana,GHA,2009,0.398915417913382,1311.63053760125,24862664.0
Ghana,GHA,2010,0.436820497903925,1381.2279503506,25474995.0
Ghana,GHA,2011,0.459557752784739,1537.81834019283,26095088.0
Ghana,GHA,2012,0.541462365829504,1640.54072088003,26734268.0
Ghana,GHA,2013,0.562243171221352,1718.59704769958,27386193.0
Ghana,GHA,2014,0.529042716262329,1726.36930134647,28041592.0
Ghana,GHA,2015,0.543997874552012,1722.77282833606,28696068.0
Ghana,GHA,2016,0.546382156439567,1740.81101902928,29356742.0
Ghana,GHA,2017,0.578922122819532,1841.44636153249,30008354.0
Ghana,GHA,2018,0.621997458350585,1915.4532323781,30637585.0
Ghana,GHA,2019,0.648665525979844,1999.55372220211,31258945.0
Ghana,GHA,2020,0.71957907173867,1970.19411460398,31887809.0
Ghana,GHA,2021,0.753155149511826,2030.04866500967,32518665.0
Ghana,GHA,2022,0.717599050497581,2067.20895910766,33149152.0
Ghana,GHA,2023,0.687364126711107,2091.8133564595,33787914.0
Ghana,GHA,2024,0.702085843566409,2167.72691406678,34427414.0
Gibraltar,GIB,1990,5.28676470588235,,27200.0
Gibraltar,GIB,1991,7.54702951892334,,26898.0
Gibraltar,GIB,1992,8.96644095542823,,26878.0
Gibraltar,GIB,1993,9.01736239379387,,27070.0
Gibraltar,GIB,1994,10.5804177833254,,27239.0
Gibraltar,GIB,1995,10.2969646053256,,27377.0
Gibraltar,GIB,1996,10.4849565249027,,27487.0
Gibraltar,GIB,1997,10.7860198680299,,27582.0
Gibraltar,GIB,1998,11.3273056057866,,27650.0
Gibraltar,GIB,1999,11.7615195724397,,27692.0
Gibraltar,GIB,2000,12.3136886932044,,27709.0
Gibraltar,GIB,2001,12.6550240445457,,27657.0
Gibraltar,GIB,2002,12.7986777334627,,27831.0
Gibraltar,GIB,2003,12.8209662587536,,28274.0
Gibraltar,GIB,2004,13.7140867142608,,28715.0
Gibraltar,GIB,2005,13.9320371703871,,29163.0
Gibraltar,GIB,2006,14.3610191254984,,29594.0
Gibraltar,GIB,2007,14.0571885622875,,30006.0
Gibraltar,GIB,2008,14.17485943511,,30413.0
Gibraltar,GIB,2009,15.3035071213055,,30823.0
Gibraltar,GIB,2010,15.194572452637,,31248.0
Gibraltar,GIB,2011,14.5041061276058,,31660.0
Gibraltar,GIB,2012,14.6304911174248,,32029.0
Gibraltar,GIB,2013,15.4225938840374,,32407.0
Gibraltar,GIB,2014,16.3746076250267,,32813.0
Gibraltar,GIB,2015,17.6904769077818,,33193.0
Gibraltar,GIB,2016,18.1918117535207,,33658.0
Gibraltar,GIB,2017,18.9750328515112,,34245.0
Gibraltar,GIB,2018,19.7882595971768,,34854.0
Gibraltar,GIB,2019,20.2118667943878,,35494.0
Gibraltar,GIB,2020,17.6761673071075,,36173.0
Gibraltar,GIB,2021,17.4073471159585,,36858.0
Gibraltar,GIB,2022,16.9028689941238,,37609.0
Gibraltar,GIB,2023,16.3551766265499,,38471.0
Gibraltar,GIB,2024,16.1483892293219,,39329.0
Greece,GRC,1990,7.64067757781075,15438.7937023583,10196792.0
Greece,GRC,1991,7.55205923452753,15727.4735434744,10319927.0
Greece,GRC,1992,7.69927207850786,15717.04638162,10399061.0
Greece,GRC,1993,7.60899065668045,15374.8626265369,10460415.0
Greece,GRC,1994,7.72502640084269,15604.0339944242,10512922.0
Greece,GRC,1995,7.97760645959209,15857.4161930856,10562153.0
Greece,GRC,1996,7.94151082120504,16005.9511569711,10608800.0
Greece,GRC,1997,7.99168278343111,16501.0316491318,10661259.0
Greece,GRC,1998,8.26968197125715,16973.8293714071,10720509.0
Greece,GRC,1999,8.2611684512983,17358.4346978294,10761698.0
Greece,GRC,2000,8.89024680060945,18002.9064613985,10805808.0
Greece,GRC,2001,9.03332789548129,18742.4235780691,10862132.0
Greece,GRC,2002,8.99722088251152,19548.3677447396,10902022.0
Greece,GRC,2003,9.31960538320124,20632.2557041942,10928070.0
Greece,GRC,2004,9.27329917524567,21688.1050959558,10955141.0
Greece,GRC,2005,9.43267845080244,21880.5265835801,10987314.0
Greece,GRC,2006,9.29067484353055,23220.5324419197,11020362.0
Greece,GRC,2007,9.59465620271688,23973.6936091313,11048473.0
Greece,GRC,2008,9.19276599113492,23923.8800731311,11077841.0
Greece,GRC,2009,8.6627939796977,22878.1346644397,11107017.0
Greece,GRC,2010,8.01145293539691,21547.724178239,11121341.0
Greece,GRC,2011,7.75736006243731,19448.255802525,11104899.0
Greece,GRC,2012,7.38387675666416,17924.6620496886,11045011.0
Greece,GRC,2013,6.73744445045335,17644.8766635021,10965211.0
Greece,GRC,2014,6.51907892218189,17903.5252440012,10892413.0
Greece,GRC,2015,6.41834866895798,17980.7298238137,10820883.0
Greece,GRC,2016,6.32529541885367,18049.928997892,10775971.0
Greece,GRC,2017,6.35852543809071,18352.0884461258,10754679.0
Greece,GRC,2018,6.19923893694163,18769.0389621976,10732882.0
Greece,GRC,2019,5.7354129269356,19216.6759579785,10721582.0
Greece,GRC,2020,4.89415483279633,17486.951333323,10698599.0
Greece,GRC,2021,5.08222613106168,19232.9683327114,10569207.0
Greece,GRC,2022,5.28092585505901,20552.3223279685,10436882.0
Greece,GRC,2023,4.92324127436463,21050.8648111581,10407351.0
Greece,GRC,2024,5.04642227577271,21494.6856060599,10405134.0
Greenland,GRL,1990,0.0197841726618705,26805.5496974442,55600.0
Greenland,GRL,1991,0.0216216216216216,26823.378375534,55500.0
Greenland,GRL,1992,0.0216998191681736,25544.2992633194,55300.0
Greenland,GRL,1993,0.0217391304347826,24303.8982888635,55200.0
Greenland,GRL,1994,0.0216216216216216,25604.5956883247,55500.0
Greenland,GRL,1995,0.021505376344086,26416.5165028368,55800.0
Greenland,GRL,1996,0.0232558139534884,26772.6138141762,55900.0
Greenland,GRL,1997,0.0232142857142857,27117.3732945796,56000.0
Greenland,GRL,1998,0.0231729055258467,29169.0465812684,56100.0
Greenland,GRL,1999,0.0231729055258467,29570.9623369365,56100.0
Greenland,GRL,2000,0.0231378481801192,31623.0591501943,56185.0
Greenland,GRL,2001,0.0248319409709289,31914.1710964481,56379.0
Greenland,GRL,2002,0.0247371675943105,31483.6074780094,56595.0
Greenland,GRL,2003,0.0246691688252189,32787.9680355213,56751.0
Greenland,GRL,2004,10.6137298323315,34961.9356097257,56898.0
Greenland,GRL,2005,10.728023184333,36681.8055890619,56935.0
Greenland,GRL,2006,11.001321003963,38828.8524943222,56775.0
Greenland,GRL,2007,10.8796746529927,39896.875364094,56555.0
Greenland,GRL,2008,11.2253231075131,42527.6668469766,56328.0
Greenland,GRL,2009,9.77220673614687,42899.7441985862,56323.0
Greenland,GRL,2010,11.3701489369229,43481.5161087805,56534.0
Greenland,GRL,2011,12.0038671119705,42994.8790874739,56890.0
Greenland,GRL,2012,9.48600598486182,43655.7004664255,56810.0
Greenland,GRL,2013,9.51436715471912,43338.3839246907,56483.0
Greenland,GRL,2014,8.54072297717382,45545.1429414917,56295.0
Greenland,GRL,2015,9.24546458994191,44536.3549705377,56114.0
Greenland,GRL,2016,9.18200263410814,46561.7831434013,56186.0
Greenland,GRL,2017,8.95641956846828,46597.9452470348,56172.0
Greenland,GRL,2018,9.0730592792246,47012.9860350276,56023.0
Greenland,GRL,2019,9.31791907514451,48170.7896955512,56225.0
Greenland,GRL,2020,9.35831248780315,48169.9406957389,56367.0
Greenland,GRL,2021,9.67998164263146,48709.9339758895,56653.0
Greenland,GRL,2022,10.4198655159634,49679.3365414895,56661.0
Greenland,GRL,2023,10.2857645300273,49929.7755428605,56865.0
Greenland,GRL,2024,10.4528819762123,,56836.0
Grenada,GRD,1990,0.509218964154586,5102.69172981553,99957.0
Grenada,GRD,1991,0.506979651364678,5130.48257478522,100793.0
Grenada,GRD,1992,0.52065904214484,5046.3110720505,101602.0
Grenada,GRD,1993,0.58115684397648,4909.77076444883,102382.0
Grenada,GRD,1994,0.673854447439353,4956.32245138997,103138.0
Grenada,GRD,1995,0.601719473567667,5026.24215573734,103869.0
Grenada,GRD,1996,0.637764858869425,5213.43103712383,104584.0
Grenada,GRD,1997,0.863305252960786,5438.0445822801,105293.0
Grenada,GRD,1998,0.748049693893915,6036.15899808614,106009.0
Grenada,GRD,1999,0.752386931142073,6409.14591451052,106727.0
Grenada,GRD,2000,0.53419698281077,6677.1265230922,107451.0
Grenada,GRD,2001,0.539879800346338,6509.51660313374,107987.0
Grenada,GRD,2002,0.584849267554703,6707.36873532777,108404.0
Grenada,GRD,2003,0.639212372800411,7309.78547094579,108884.0
Grenada,GRD,2004,0.607374477465858,7233.29494434962,109323.0
Grenada,GRD,2005,0.649753039167441,8162.91232124727,109734.0
Grenada,GRD,2006,0.738184954828165,7808.24358323434,110135.0
Grenada,GRD,2007,0.818841497620383,8257.36225682689,110522.0
Grenada,GRD,2008,0.891826576251623,8307.49221491819,110896.0
Grenada,GRD,2009,0.955471263954555,7733.12990600058,111254.0
Grenada,GRD,2010,1.06464968723675,7670.71165827663,111586.0
Grenada,GRD,2011,0.819957351510988,7695.37616017287,112079.0
Grenada,GRD,2012,0.843272001773443,7559.5628483956,112775.0
Grenada,GRD,2013,1.08029994624935,7688.75297701343,113487.0
Grenada,GRD,2014,0.963796306031612,8206.62862112333,114132.0
Grenada,GRD,2015,1.02113781436395,8694.12438005692,114676.0
Grenada,GRD,2016,1.10831234256927,8983.68397337899,115130.0
Grenada,GRD,2017,1.10882031913235,9357.40728883583,115438.0
Grenada,GRD,2018,1.24037306272744,9744.16919577204,115691.0
Grenada,GRD,2019,1.55542718203844,9785.56040240592,115981.0
Grenada,GRD,2020,1.3202568312117,8413.28335500372,116341.0
Grenada,GRD,2021,1.37803373097491,8782.32193426078,116688.0
Grenada,GRD,2022,1.44894066528102,9406.19337643226,116913.0
Grenada,GRD,2023,1.45113212220599,9817.86383583917,117081.0
Grenada,GRD,2024,1.50076360626925,10196.0049872434,117207.0
Guam,GUM,1990,0.0014428973378544,,138610.0
Guam,GUM,1991,0.0014177057268222,,141073.0
Guam,GUM,1992,0.0013947682243903,,143393.0
Guam,GUM,1993,0.0013731171131585,,145654.0
Guam,GUM,1994,0.0013525576865853,,147868.0
Guam,GUM,1995,0.0013328535060711,,150054.0
Guam,GUM,1996,0.0013143281483087,,152169.0
Guam,GUM,1997,0.0012968907045358,,154215.0
Guam,GUM,1998,0.0019201597572918,,156237.0
Guam,GUM,1999,0.00189526751701,,158289.0
Guam,GUM,2000,0.0018742385905725,,160065.0
Guam,GUM,2001,0.0018595540789318,,161329.0
Guam,GUM,2002,0.0018482580168191,29576.221681311,162315.0
Guam,GUM,2003,0.0018389451810441,29685.9531745657,163137.0
Guam,GUM,2004,0.001831390025029,31483.8141949558,163810.0
Guam,GUM,2005,0.0018252060961883,32520.3729565352,164365.0
Guam,GUM,2006,0.0012133051037679,31242.462900947,164839.0
Guam,GUM,2007,0.0018152444226615,31385.0475162113,165267.0
Guam,GUM,2008,0.0018105773931306,31941.2706025874,165693.0
Guam,GUM,2009,0.0018053474391146,31988.7229358255,166173.0
Guam,GUM,2010,0.0018015637573413,32644.1484056205,166522.0
Guam,GUM,2011,0.001801336591751,32665.3787483379,166543.0
Guam,GUM,2012,0.001803632515887,33404.9317636913,166331.0
Guam,GUM,2013,0.0018075991468132,34044.3190415455,165966.0
Guam,GUM,2014,0.0012085614493068,34755.2691107298,165486.0
Guam,GUM,2015,0.0012128195021375,35165.7014644795,164905.0
Guam,GUM,2016,0.0018266730803188,35373.8483143417,164233.0
Guam,GUM,2017,0.0018349746161844,35850.9025520506,163490.0
Guam,GUM,2018,0.0018441224743205,35731.2203743081,162679.0
Guam,GUM,2019,0.0024720656580638,36830.1264410973,161808.0
Guam,GUM,2020,0.0024667299794028,32884.8852646787,162158.0
Guam,GUM,2021,0.0018322848592194,33239.4846327875,163730.0
Guam,GUM,2022,0.0018162005085361,34627.9862781837,165180.0
Guam,GUM,2023,0.0018017368743468,,166506.0
Guam,GUM,2024,0.0017880877593472,,167777.0
Guatemala,GTM,1990,0.434282391368736,2741.53813375037,9024773.0
Guatemala,GTM,1991,0.446898081484083,2765.88213482886,9272584.0
Guatemala,GTM,1992,0.510204188792878,2823.67212991373,9522266.0
Guatemala,GTM,1993,0.5509337089117,2857.29628943939,9779761.0
Guatemala,GTM,1994,0.579795251121149,2894.43116818061,10043718.0
Guatemala,GTM,1995,0.658819221882758,2958.34840487622,10312996.0
Guatemala,GTM,1996,0.630149158229497,2967.99357852543,10583526.0
Guatemala,GTM,1997,0.64214017005727,3019.28723341593,10857754.0
Guatemala,GTM,1998,0.781208970706459,3089.97595220047,11139145.0
Guatemala,GTM,1999,0.756835024881894,3129.12077244858,11422965.0
Guatemala,GTM,2000,0.827443802109015,3165.9323746889,11697592.0
Guatemala,GTM,2001,0.849690152122634,3166.20351297452,11969422.0
Guatemala,GTM,2002,0.868651411396258,3213.26837369582,12246915.0
Guatemala,GTM,2003,0.848429989776336,3222.15468293683,12525842.0
Guatemala,GTM,2004,0.846049807759606,3250.20406037693,12807402.0
Guatemala,GTM,2005,0.898994004185174,3284.80971612832,13087629.0
Guatemala,GTM,2006,0.892331145358291,3388.15003339926,13367459.0
Guatemala,GTM,2007,0.930212627563353,3527.7782721364,13652040.0
Guatemala,GTM,2008,0.829648772236357,3569.92861121538,13935174.0
Guatemala,GTM,2009,0.858176268329233,3516.19227725255,14215611.0
Guatemala,GTM,2010,0.812345449469632,3546.6258162259,14500112.0
Guatemala,GTM,2011,0.820889438069957,3621.37409769184,14792126.0
Guatemala,GTM,2012,0.833631164466604,3655.57315791242,15089647.0
Guatemala,GTM,2013,0.87963888748261,3717.30462628413,15387337.0
Guatemala,GTM,2014,0.926919710682339,3809.61587570091,15681725.0
Guatemala,GTM,2015,1.06172507283645,3893.50533299068,15971743.0
Guatemala,GTM,2016,1.10787792062825,3924.77894837098,16268760.0
Guatemala,GTM,2017,1.02957279184604,3972.74057836068,16567357.0
Guatemala,GTM,2018,1.11243324329049,4040.2121371198,16845685.0
Guatemala,GTM,2019,1.14962736649855,4139.12203836307,17103803.0
Guatemala,GTM,2020,1.01505848395418,4005.83911593999,17357325.0
Guatemala,GTM,2021,1.14808238131902,4268.62858565412,17598650.0
Guatemala,GTM,2022,1.06185178214753,4385.14891178047,17847877.0
Guatemala,GTM,2023,1.11051475329048,4470.70728455461,18124838.0
Guatemala,GTM,2024,1.1066501528086,4563.09590652717,18406359.0
Guinea,GIN,1990,0.14717826473873,548.371534819426,6434374.0
Guinea,GIN,1991,0.137819489616951,540.622747465388,6697166.0
Guinea,GIN,1992,0.119432497498686,540.768238017649,6914366.0
Guinea,GIN,1993,0.119315219024443,551.006742654772,7128177.0
Guinea,GIN,1994,0.11767017144883,555.962782286148,7345107.0
Guinea,GIN,1995,0.116625309188139,565.553359749505,7553249.0
Guinea,GIN,1996,0.117271029023679,574.302865750492,7770035.0
Guinea,GIN,1997,0.115465550087816,591.77353015526,7931370.0
Guinea,GIN,1998,0.11776802495425,601.907993085373,8081990.0
Guinea,GIN,1999,0.120494274555866,611.007685844967,8265123.0
Guinea,GIN,2000,0.173226848037783,614.137235083638,8428832.0
Guinea,GIN,2001,0.184473931962211,628.320554864936,8539960.0
Guinea,GIN,2002,0.195755946519199,650.554963973291,8674066.0
Guinea,GIN,2003,0.202721722021996,644.071217908894,8870781.0
Guinea,GIN,2004,0.201970135696478,645.182843390689,9062726.0
Guinea,GIN,2005,0.189522990005023,651.359606871604,9245844.0
Guinea,GIN,2006,0.196659927036593,645.472001923653,9441171.0
Guinea,GIN,2007,0.200760048274315,673.698997420626,9662281.0
Guinea,GIN,2008,0.208306604693263,684.775780377366,9898870.0
Guinea,GIN,2009,0.215694056923356,660.756701330284,10143534.0
Guinea,GIN,2010,0.241465874753248,675.736917327708,10396086.0
Guinea,GIN,2011,0.248995712600675,696.199991395571,10656810.0
Guinea,GIN,2012,0.229920924452238,719.505916794546,10921581.0
Guinea,GIN,2013,0.20281681180621,729.833143236326,11191873.0
Guinea,GIN,2014,0.206869669841795,738.272274481308,11472924.0
Guinea,GIN,2015,0.243671534205201,747.356966759448,11767070.0
Guinea,GIN,2016,0.267497057490953,807.236421043888,12073030.0
Guinea,GIN,2017,0.264023093159597,867.907502577607,12385659.0
Guinea,GIN,2018,0.294495596694597,899.907328045175,12704774.0
Guinea,GIN,2019,0.369331917381969,926.42221954853,13034346.0
Guinea,GIN,2020,0.403359971963588,945.570903389665,13371183.0
Guinea,GIN,2021,0.370350839534597,973.646890096159,13710513.0
Guinea,GIN,2022,0.371451377528373,987.502501465337,14055137.0
Guinea,GIN,2023,0.348923061715176,1016.88094800324,14405468.0
Guinea,GIN,2024,0.352794025802477,1045.92207475817,14754785.0
Guinea-Bissau,GNB,1990,0.173570279016791,569.169670374215,973669.0
Guinea-Bissau,GNB,1991,0.213846430715063,585.58551396824,994639.0
Guinea-Bissau,GNB,1992,0.185580013198536,574.852002556155,1024356.0
Guinea-Bissau,GNB,1993,0.192869860070177,567.860072938098,1058745.0
Guinea-Bissau,GNB,1994,0.186350021199032,568.168871993007,1092031.0
Guinea-Bissau,GNB,1995,0.186794220093951,578.381849917403,1119949.0
Guinea-Bissau,GNB,1996,0.180667841386578,632.160906920913,1143535.0
Guinea-Bissau,GNB,1997,0.184634655890592,660.537774707954,1165545.0
Guinea-Bissau,GNB,1998,0.185435795171764,502.81554020706,1187473.0
Guinea-Bissau,GNB,1999,0.189802397277819,576.330795296558,1210206.0
Guinea-Bissau,GNB,2000,0.16286816425469,571.094015178625,1234741.0
Guinea-Bissau,GNB,2001,0.167687725020674,585.837980688333,1261273.0
Guinea-Bissau,GNB,2002,0.17319381652314,594.040535151552,1289307.0
Guinea-Bissau,GNB,2003,0.200560203699407,579.092506821836,1318806.0
Guinea-Bissau,GNB,2004,0.199842467524673,572.526464627294,1349563.0
Guinea-Bissau,GNB,2005,0.199263888939153,595.94255560187,1381585.0
Guinea-Bissau,GNB,2006,0.204267213451819,597.257151722046,1415303.0
Guinea-Bissau,GNB,2007,0.211787019309628,597.482020935948,1450986.0
Guinea-Bissau,GNB,2008,0.195960630460991,608.958620496925,1488054.0
Guinea-Bissau,GNB,2009,0.202505671927709,608.202131879882,1526377.0
Guinea-Bissau,GNB,2010,0.200338749970473,625.904027290582,1566347.0
Guinea-Bissau,GNB,2011,0.19800059201182,658.953470528116,1608076.0
Guinea-Bissau,GNB,2012,0.193894092164487,630.66862302825,1651417.0
Guinea-Bissau,GNB,2013,0.194283753338054,634.095456089352,1695973.0
Guinea-Bissau,GNB,2014,0.195965590004606,623.610159103365,1741122.0
Guinea-Bissau,GNB,2015,0.202915603342258,645.066837207039,1786457.0
Guinea-Bissau,GNB,2016,0.206780636205281,663.242608032005,1831893.0
Guinea-Bissau,GNB,2017,0.163339498964344,677.466131311367,1877072.0
Guinea-Bissau,GNB,2018,0.183438700467389,686.456819839526,1922168.0
Guinea-Bissau,GNB,2019,0.181227181434531,706.298562874985,1967696.0
Guinea-Bissau,GNB,2020,0.167042923027634,710.275129060129,2013255.0
Guinea-Bissau,GNB,2021,0.16319861514318,729.627090607537,2058841.0
Guinea-Bissau,GNB,2022,0.163331875267451,752.901123263165,2105529.0
Guinea-Bissau,GNB,2023,0.152925294159443,779.085789155531,2153339.0
Guinea-Bissau,GNB,2024,0.155449923501557,793.692157673779,2201352.0
Guyana,GUY,1990,1.56515454184191,2377.21795364949,749894.0
Guyana,GUY,1991,1.53223660546545,2528.08038811696,747861.0
Guyana,GUY,1992,1.443504629216,2716.75893023455,749911.0
Guyana,GUY,1993,1.44601674712636,2926.93693707006,752965.0
Guyana,GUY,1994,1.87200160884441,3164.66777875426,755822.0
Guyana,GUY,1995,2.02060159179734,3312.64996890674,758388.0
Guyana,GUY,1996,2.07987629614241,3566.13499360957,760526.0
Guyana,GUY,1997,2.26173999173494,3778.00652865741,762245.0
Guyana,GUY,1998,2.29103205139958,3708.04637110615,763586.0
Guyana,GUY,1999,2.27290861928911,3813.33057565798,764483.0
Guyana,GUY,2000,2.17315698087946,3759.60789699989,764832.0
Guyana,GUY,2001,2.1525827461127,3847.09461851367,764477.0
Guyana,GUY,2002,2.12623027242775,3894.87107415198,763652.0
Guyana,GUY,2003,2.12252375504684,3873.04123684261,763101.0
Guyana,GUY,2004,2.19499014976037,3937.11435304522,762418.0
Guyana,GUY,2005,1.94949757791288,3867.93308158647,760914.0
Guyana,GUY,2006,1.75844504233391,4076.77981715707,758966.0
Guyana,GUY,2007,2.12324323752974,4382.10449666813,756861.0
Guyana,GUY,2008,2.12760036363347,4472.34517889699,754606.0
Guyana,GUY,2009,2.1659526601728,4649.34144792756,752094.0
Guyana,GUY,2010,2.35059846033932,4860.09110980566,749256.0
Guyana,GUY,2011,2.45713680706236,5133.89539813637,746153.0
Guyana,GUY,2012,2.68341444589756,5403.79899428921,746288.0
Guyana,GUY,2013,2.63645951246698,5573.3421790463,750021.0
Guyana,GUY,2014,2.73802784035087,5635.71704117947,754229.0
Guyana,GUY,2015,2.73412223026143,5640.41560569466,758781.0
Guyana,GUY,2016,3.21708654858634,5818.61682204646,763548.0
Guyana,GUY,2017,3.21257965409595,5997.18271426826,768479.0
Guyana,GUY,2018,3.26041366624724,6080.90612132746,791556.0
Guyana,GUY,2019,3.45861217212582,6278.63054079553,807665.0
Guyana,GUY,2020,4.12368835923074,9010.61000469878,807481.0
Guyana,GUY,2021,4.07256076774227,10711.9973374148,815482.0
Guyana,GUY,2022,4.48373186699236,17365.3336428642,821637.0
Guyana,GUY,2023,4.52651590785052,23101.3538282741,826353.0
Guyana,GUY,2024,4.55860818422139,33034.9576389333,831087.0
Haiti,HTI,1990,0.166548957092198,1627.31264525633,6854441.0
Haiti,HTI,1991,0.15926066228763,1624.49598864977,6995450.0
Haiti,HTI,1992,0.145251830325796,1507.81872889823,7136571.0
Haiti,HTI,1993,0.120565839184269,1398.25464638175,7278181.0
Haiti,HTI,1994,0.0558238252905649,1207.6605445003,7419771.0
Haiti,HTI,1995,0.148970994688826,1302.13491168553,7562546.0
Haiti,HTI,1996,0.166148625303712,1330.54039885269,7707557.0
Haiti,HTI,1997,0.190430767969333,1340.99702096807,7854298.0
Haiti,HTI,1998,0.191536192242503,1344.9390395747,8002143.0
Haiti,HTI,1999,0.196655844665683,1356.11344556059,8151296.0
Haiti,HTI,2000,0.20415141191579,1342.89490450523,8303151.0
Haiti,HTI,2001,0.204353921123644,1314.11419693969,8455918.0
Haiti,HTI,2002,0.226717169082679,1304.5293810385,8607641.0
Haiti,HTI,2003,0.221166605326629,1326.47161042212,8759912.0
Haiti,HTI,2004,0.200981721863878,1286.90282128221,8910263.0
Haiti,HTI,2005,0.201859054461774,1304.33303731231,9061273.0
Haiti,HTI,2006,0.200877507252704,1305.03813815611,9216562.0
Haiti,HTI,2007,0.232981013295643,1343.61111422048,9373296.0
Haiti,HTI,2008,0.226980515958095,1356.53400140048,9530774.0
Haiti,HTI,2009,0.219132282396937,1412.89653523429,9689581.0
Haiti,HTI,2010,0.26510476988653,1317.58389339746,9803294.0
Haiti,HTI,2011,0.296967070987273,1369.16921255852,9914904.0
Haiti,HTI,2012,0.273948632992746,1354.88546124499,10069771.0
Haiti,HTI,2013,0.291263408593826,1392.38204736859,10222362.0
Haiti,HTI,2014,0.311214389725095,1411.76834802154,10373235.0
Haiti,HTI,2015,0.332026955191185,1411.12684746796,10523242.0
Haiti,HTI,2016,0.335286924737644,1416.74881879698,10671457.0
Haiti,HTI,2017,0.331556809297013,1432.67228609541,10817754.0
Haiti,HTI,2018,0.32453772280098,1437.35251928349,10962362.0
Haiti,HTI,2019,0.323714293972993,1394.42114071112,11105163.0
Haiti,HTI,2020,0.306345301003713,1331.69778506932,11243848.0
Haiti,HTI,2021,0.299641674870628,1292.71954963551,11374586.0
Haiti,HTI,2022,0.294629353613119,1256.72143592448,11503606.0
Haiti,HTI,2023,0.290485897277037,1219.11871645847,11637398.0
Haiti,HTI,2024,0.298473814991934,1154.87300909888,11772557.0
Honduras,HND,1990,0.473929462333811,457.981040092588,4980488.0
Honduras,HND,1991,0.463992293207843,561.125591834347,5123792.0
Honduras,HND,1992,0.507338519654341,594.689001241267,5271431.0
Honduras,HND,1993,0.517014800537464,656.86982773363,5423249.0
Honduras,HND,1994,0.57384139279135,823.791676020234,5579242.0
Honduras,HND,1995,0.658926688220875,998.356565121201,5739637.0
Honduras,HND,1996,0.678951766900623,1193.38830826361,5903954.0
Honduras,HND,1997,0.67822304179526,1420.73109649805,6071454.0
Honduras,HND,1998,0.764801150257337,1543.75794763324,6234431.0
Honduras,HND,1999,0.754851641201582,1677.77949120879,6400463.0
Honduras,HND,2000,0.760181295401954,1789.47798512637,6577773.0
Honduras,HND,2001,0.871087022434027,1789.18816032117,6757993.0
Honduras,HND,2002,0.896055100701715,1807.97305547292,6938859.0
Honduras,HND,2003,0.966806302887693,1842.29750018813,7119213.0
Honduras,HND,2004,1.07270947201765,1908.90950050464,7298994.0
Honduras,HND,2005,0.948804917659031,1975.85647913236,7478355.0
Honduras,HND,2006,1.06403013674585,2056.53491469231,7656832.0
Honduras,HND,2007,1.10621869255595,2134.19540639485,7834798.0
Honduras,HND,2008,1.08143599564036,2175.14709403064,8012587.0
Honduras,HND,2009,0.997594720032567,2076.30859895638,8189899.0
Honduras,HND,2010,0.95425728178202,2108.47314459603,8365878.0
Honduras,HND,2011,1.11128244992174,2144.56265540491,8540583.0
Honduras,HND,2012,1.13935896829815,2188.39378817891,8715076.0
Honduras,HND,2013,1.13847266335916,2205.40126728067,8889278.0
Honduras,HND,2014,1.09616752372968,2229.24772232218,9063122.0
Honduras,HND,2015,1.17120740302502,2271.20265980349,9237305.0
Honduras,HND,2016,1.03396802934008,2315.72983058198,9412380.0
Honduras,HND,2017,0.974871343619725,2383.37398439714,9588137.0
Honduras,HND,2018,0.922263832523827,2430.13503657762,9765210.0
Honduras,HND,2019,1.02100509944404,2447.61649282181,9943633.0
Honduras,HND,2020,0.91129723982276,2189.43168668222,10119640.0
Honduras,HND,2021,1.00784489455025,2423.76634916911,10289877.0
Honduras,HND,2022,1.01020922274279,2482.22384904714,10463872.0
Honduras,HND,2023,1.11312971877201,2527.27366333188,10644851.0
Honduras,HND,2024,1.13551979026212,2573.37159995648,10825703.0
"Hong Kong SAR, China",HKG,1990,6.14327285476378,21357.261954163,5704500.0
"Hong Kong SAR, China",HKG,1991,6.69278511821975,22388.6218309583,5752000.0
"Hong Kong SAR, China",HKG,1992,7.49809499181105,23585.6725886113,5800500.0
"Hong Kong SAR, China",HKG,1993,7.53496017624131,24621.6526581433,5901000.0
"Hong Kong SAR, China",HKG,1994,6.31918348411042,25526.4430507368,6035400.0
"Hong Kong SAR, China",HKG,1995,6.27467065187375,25620.0249332016,6156100.0
"Hong Kong SAR, China",HKG,1996,5.60891927589154,25551.3664004759,6435500.0
"Hong Kong SAR, China",HKG,1997,5.30257500809024,26631.7937071384,6489300.0
"Hong Kong SAR, China",HKG,1998,6.50592172624051,24856.7648070417,6543700.0
"Hong Kong SAR, China",HKG,1999,6.89319609475517,25237.6579989129,6606500.0
"Hong Kong SAR, China",HKG,2000,6.28672168042011,26933.2377453994,6665000.0
"Hong Kong SAR, China",HKG,2001,6.23399311916358,26885.4284833926,6714300.0
"Hong Kong SAR, China",HKG,2002,6.07216678281757,27210.0693480769,6744100.0
"Hong Kong SAR, China",HKG,2003,6.61398347893267,28097.108881817,6730800.0
"Hong Kong SAR, China",HKG,2004,6.00745927618486,30304.3126863152,6783500.0
"Hong Kong SAR, China",HKG,2005,6.3120706863148,32401.3907659685,6813200.0
"Hong Kong SAR, China",HKG,2006,6.18806784209068,34458.0498746756,6857100.0
"Hong Kong SAR, China",HKG,2007,6.42411404941949,36371.6859370268,6916300.0
"Hong Kong SAR, China",HKG,2008,6.19885596021731,36924.0883854556,6957800.0
"Hong Kong SAR, China",HKG,2009,6.47451525929325,35938.5902369431,6972800.0
"Hong Kong SAR, China",HKG,2010,6.01174510976339,38090.0213994329,7024200.0
"Hong Kong SAR, China",HKG,2011,6.38924712936252,39656.3392885062,7071600.0
"Hong Kong SAR, China",HKG,2012,6.24424833219116,39887.8339456509,7150100.0
"Hong Kong SAR, China",HKG,2013,6.43354831520149,40959.9813033996,7178900.0
"Hong Kong SAR, China",HKG,2014,6.57781312677225,41796.8681867763,7229500.0
"Hong Kong SAR, China",HKG,2015,6.06825943247432,42432.1619740441,7291300.0
"Hong Kong SAR, China",HKG,2016,6.14445383420113,43087.5455578429,7336600.0
"Hong Kong SAR, China",HKG,2017,5.96964778445058,44380.8100340362,7393200.0
"Hong Kong SAR, China",HKG,2018,5.91190993747149,45280.5079891951,7452600.0
"Hong Kong SAR, China",HKG,2019,5.79498927796055,44195.2768644431,7507900.0
"Hong Kong SAR, China",HKG,2020,4.55312124047587,41451.2981131333,7481000.0
"Hong Kong SAR, China",HKG,2021,4.65895509301102,44530.9262090583,7413100.0
"Hong Kong SAR, China",HKG,2022,4.37404881501749,43281.6852291306,7346100.0
"Hong Kong SAR, China",HKG,2023,4.52746115364711,43550.6298747786,7536100.0
"Hong Kong SAR, China",HKG,2024,4.60070971943488,44712.7654725532,7524100.0
Hungary,HUN,1990,6.97179329684977,8646.44754431988,10373988.0
Hungary,HUN,1991,6.59683421057705,7618.64029551674,10373400.0
Hungary,HUN,1992,5.95205616248901,7388.08229422743,10369341.0
Hungary,HUN,1993,6.05480673323149,7353.90020686221,10357523.0
Hungary,HUN,1994,6.03863059906578,7581.00102233039,10343355.0
Hungary,HUN,1995,6.03809771840644,7704.6409020455,10328965.0
Hungary,HUN,1996,6.16753293833388,7725.69980358198,10311238.0
Hungary,HUN,1997,6.05455369163322,7971.80554914825,10290486.0
Hungary,HUN,1998,6.05920964840253,8297.85419511945,10266570.0
Hungary,HUN,1999,6.11620185728393,8578.19506388065,10237530.0
Hungary,HUN,2000,5.82337370265766,8979.73578602949,10210971.0
Hungary,HUN,2001,5.9881860022443,9365.95393193015,10187576.0
Hungary,HUN,2002,5.90458850267675,9836.94065083321,10158608.0
Hungary,HUN,2003,6.18793407645274,10253.723920764,10129552.0
Hungary,HUN,2004,6.01747516064377,10786.4881991495,10107146.0
Hungary,HUN,2005,6.06869292504807,11272.7345428122,10087065.0
Hungary,HUN,2006,6.02496979060446,11734.4544729813,10071370.0
Hungary,HUN,2007,5.88170186698595,11791.7074416876,10055780.0
Hungary,HUN,2008,5.76183669801761,11929.7209867703,10038188.0
Hungary,HUN,2009,5.15845609694043,11142.885928524,10022650.0
Hungary,HUN,2010,5.23461796037869,11287.3686666108,10000023.0
Hungary,HUN,2011,5.15825393134008,11536.3578996772,9971727.0
Hungary,HUN,2012,4.80352430687509,11440.7622718825,9920362.0
Hungary,HUN,2013,4.5374057479924,11729.5720798501,9872734.0
Hungary,HUN,2014,4.55934371452648,12287.3779441033,9833038.0
Hungary,HUN,2015,4.85223400666785,12782.9412577973,9797755.0
Hungary,HUN,2016,4.94531881179394,13145.6559885563,9759755.0
Hungary,HUN,2017,5.2571073027842,13734.2442804335,9726756.0
Hungary,HUN,2018,5.28069332491601,14533.7783144312,9706964.0
Hungary,HUN,2019,5.31240175169761,15290.8085466331,9694824.0
Hungary,HUN,2020,5.13443109342005,14664.2971195385,9670419.0
Hungary,HUN,2021,5.29398400902426,15787.9535427563,9630932.0
Hungary,HUN,2022,4.95293425120931,16487.7973935944,9605074.0
Hungary,HUN,2023,4.48048025757632,16375.0462724192,9592186.0
Hungary,HUN,2024,4.45791782423566,16518.6369936397,9562065.0
Iceland,ISL,1990,9.18116675692433,37302.8060328139,254826.0
Iceland,ISL,1991,8.88877682827962,36790.4868219112,257797.0
Iceland,ISL,1992,8.83331992629962,35105.2870077472,261057.0
Iceland,ISL,1993,9.12655227983695,35206.5664577253,263725.0
Iceland,ISL,1994,9.47556771833803,36162.2911245914,266021.0
Iceland,ISL,1995,9.12408213318976,36008.5846233014,267468.0
Iceland,ISL,1996,10.072290231894,37425.5142720925,268916.0
Iceland,ISL,1997,9.68066743383199,38657.2763868107,271128.0
Iceland,ISL,1998,9.88224647596945,40926.7158141627,274047.0
Iceland,ISL,1999,9.88171504176566,42010.937618333,277381.0
Iceland,ISL,2000,10.1434896250067,43472.3369863945,281205.0
Iceland,ISL,2001,10.3787091884001,44545.9822640262,284968.0
Iceland,ISL,2002,10.8822598539943,44389.5560505836,287523.0
Iceland,ISL,2003,10.7073407455763,45088.9225976672,289521.0
Iceland,ISL,2004,10.8729294630813,48101.7116286153,292074.0
Iceland,ISL,2005,10.5394056629844,50674.4411254865,296734.0
Iceland,ISL,2006,10.6711391721695,52306.1284689188,303782.0
Iceland,ISL,2007,11.1536560471939,55457.3601417561,311566.0
Iceland,ISL,2008,11.9081073928686,55360.8136015347,317414.0
Iceland,ISL,2009,12.0169922040572,50581.0846203691,318499.0
Iceland,ISL,2010,11.7481708333202,49528.4864575422,318041.0
Iceland,ISL,2011,11.2966829041986,50058.8302502676,319014.0
Iceland,ISL,2012,11.3655071776899,50375.4116888351,320716.0
Iceland,ISL,2013,11.4608171384095,51696.0876528983,323764.0
Iceland,ISL,2014,10.5804768682839,52102.5757919438,327386.0
Iceland,ISL,2015,10.9704819914454,53505.6964079339,330815.0
Iceland,ISL,2016,9.4768348343514,56049.2928648152,335439.0
Iceland,ISL,2017,9.69685497961561,56657.9800285572,343400.0
Iceland,ISL,2018,9.34052693205111,57731.6523401884,352721.0
Iceland,ISL,2019,8.81066554249882,57118.8452718755,360563.0
Iceland,ISL,2020,8.38201946717677,52464.3072858637,366463.0
Iceland,ISL,2021,8.49269837861054,54285.0209153958,372520.0
Iceland,ISL,2022,8.48003811488391,57606.8756094882,382003.0
Iceland,ISL,2023,8.34925829026897,60019.4084189868,385663.0
Iceland,ISL,2024,8.5199194837855,59307.1777759714,386506.0
India,IND,1990,0.694451434874462,537.870269533789,864972221.0
India,IND,1991,0.731259551121608,531.898397841583,883927600.0
India,IND,1992,0.741625955705735,549.235069966802,902957070.0
India,IND,1993,0.758847464560969,563.372872328964,922118387.0
India,IND,1994,0.790350655307367,588.727892188017,941163767.0
India,IND,1995,0.829370336496271,620.699954330379,960301044.0
India,IND,1996,0.850777408846526,654.355928429641,979678458.0
India,IND,1997,0.878441939789039,667.598423095039,999133762.0
India,IND,1998,0.884093818156602,695.293709344799,1018665080.0
India,IND,1999,0.926189927757172,742.53920839445,1038225823.0
India,IND,2000,0.942309744278839,756.704109527449,1057922733.0
India,IND,2001,0.939789720011458,778.507377528365,1077898575.0
India,IND,2002,0.957620477500199,793.615912906381,1097600380.0
India,IND,2003,0.969744882653011,841.278894571674,1116803006.0
India,IND,2004,1.02822643182898,892.596614581612,1135991513.0
India,IND,2005,1.05460489385527,947.732565646672,1154676322.0
India,IND,2006,1.10810989189174,1008.23275343783,1172878890.0
India,IND,2007,1.18862350046436,1069.24696813025,1190676021.0
India,IND,2008,1.25815998206335,1086.50605251513,1207930964.0
India,IND,2009,1.32284533301467,1155.10163274172,1225524753.0
India,IND,2010,1.39129863287623,1235.15939133951,1243481564.0
India,IND,2011,1.46337391608571,1281.61054354933,1261224954.0
India,IND,2012,1.57607553513255,1333.09626557668,1278674502.0
India,IND,2013,1.59945855716817,1399.4537980287,1295829511.0
India,IND,2014,1.70517686000076,1484.31640682913,1312277191.0
India,IND,2015,1.71550269097521,1583.99815907985,1328024498.0
India,IND,2016,1.7202923565219,1694.46534973825,1343944296.0
India,IND,2017,1.79545339877531,1788.69770318446,1359657400.0
India,IND,2018,1.85989309419052,1883.35772705062,1374659064.0
India,IND,2019,1.83688223212799,1936.03067741067,1389030312.0
India,IND,2020,1.68040016064392,1806.50110583878,1402617695.0
India,IND,2021,1.83702951699406,1965.30943437506,1414203896.0
India,IND,2022,1.96929618962877,2098.2112447615,1425423212.0
India,IND,2023,2.09622858892568,2270.9051808027,1438069596.0
India,IND,2024,2.17365173535787,2396.94999213544,1450935791.0
Indonesia,IDN,1990,0.881568022007149,1470.91822258528,183501098.0
Indonesia,IDN,1991,0.935115899315851,1544.99580894527,186778238.0
Indonesia,IDN,1992,0.960580949194518,1617.10954872218,190043744.0
Indonesia,IDN,1993,1.03386113298326,1693.1074260189,193305168.0
Indonesia,IDN,1994,1.08217875668769,1790.32729962455,196591828.0
Indonesia,IDN,1995,1.1961645112194,1905.54236111238,199888057.0
Indonesia,IDN,1996,1.24016834521671,2020.99148132509,203204348.0
Indonesia,IDN,1997,1.33400750120699,2081.8416693962,206536095.0
Indonesia,IDN,1998,1.32606233289908,1780.20049544892,209826788.0
Indonesia,IDN,1999,1.38611985724181,1767.51466729756,213004668.0
Indonesia,IDN,2000,1.38408579613851,1828.10265968361,216077790.0
Indonesia,IDN,2001,1.45853518944239,1868.59172307292,219097902.0
Indonesia,IDN,2002,1.46310550665851,1926.37435868149,222088495.0
Indonesia,IDN,2003,1.57132250644049,1991.91820506473,225048008.0
Indonesia,IDN,2004,1.58011931285841,2065.70617470842,227926649.0
Indonesia,IDN,2005,1.57055662745946,2155.4478015921,230871650.0
Indonesia,IDN,2006,1.63888306289882,2244.0802226202,233951652.0
Indonesia,IDN,2007,1.69488500402322,2355.1528565328,237062337.0
Indonesia,IDN,2008,1.6541425247205,2464.60193418272,240157903.0
Indonesia,IDN,2009,1.69126327047376,2546.21969707767,243220028.0
Indonesia,IDN,2010,1.80134962735397,2670.8129098953,246305322.0
Indonesia,IDN,2011,2.00399300866727,2799.62468790318,249470032.0
Indonesia,IDN,2012,1.9954892890649,2930.518445323,252698525.0
Indonesia,IDN,2013,1.85640226795234,3055.24246006469,255852467.0
Indonesia,IDN,2014,1.95102470107868,3170.72103011429,258877399.0
Indonesia,IDN,2015,1.95721455259026,3288.22269725538,261799249.0
Indonesia,IDN,2016,1.91626591013332,3416.81005170972,264627418.0
Indonesia,IDN,2017,2.00394276108737,3553.51999262321,267346658.0
Indonesia,IDN,2018,2.20953925241911,3701.32155461912,269951846.0
Indonesia,IDN,2019,2.33979466524606,3850.90321738979,272489381.0
Indonesia,IDN,2020,2.16976580881181,3739.44906563161,274814866.0
Indonesia,IDN,2021,2.24993200107532,3850.68877253903,276758053.0
Indonesia,IDN,2022,2.5918955237502,4024.91225288391,278830529.0
Indonesia,IDN,2023,2.74747187282401,4192.65167890692,281190067.0
Indonesia,IDN,2024,2.86503978188758,4367.86266621191,283487931.0
"Iran, Islamic Rep.",IRN,1990,3.57099300220356,3222.20102704479,58380092.0
"Iran, Islamic Rep.",IRN,1991,3.8379476356275,3534.65396417255,59986931.0
"Iran, Islamic Rep.",IRN,1992,3.99649698358174,3579.73221786246,61184983.0
"Iran, Islamic Rep.",IRN,1993,3.96247981977196,3514.51966574661,61403543.0
"Iran, Islamic Rep.",IRN,1994,4.51152149073713,3448.25956881527,61520598.0
"Iran, Islamic Rep.",IRN,1995,4.55537042207171,3492.17204969482,62205567.0
"Iran, Islamic Rep.",IRN,1996,4.6780982581467,3674.0326860276,62881300.0
"Iran, Islamic Rep.",IRN,1997,4.82861483278707,3679.27534912962,63639638.0
"Iran, Islamic Rep.",IRN,1998,4.75902620927922,3704.56563043092,64519859.0
"Iran, Islamic Rep.",IRN,1999,5.1318541285818,3725.31745828772,65445391.0
"Iran, Islamic Rep.",IRN,2000,5.32891818848676,3885.30183360649,66418659.0
"Iran, Islamic Rep.",IRN,2001,5.45816095459282,3917.29935489016,67452005.0
"Iran, Islamic Rep.",IRN,2002,5.65089777632155,4198.95356080727,68011317.0
"Iran, Islamic Rep.",IRN,2003,5.89791758943739,4511.43134034458,68769340.0
"Iran, Islamic Rep.",IRN,2004,6.19124691935171,4607.45169088209,70256316.0
"Iran, Islamic Rep.",IRN,2005,6.52930513401687,4650.35841490708,71828455.0
"Iran, Islamic Rep.",IRN,2006,6.89507643037261,4778.7934584732,73392747.0
"Iran, Islamic Rep.",IRN,2007,7.21864993317663,5084.71796043623,74602648.0
"Iran, Islamic Rep.",IRN,2008,7.35172418688277,5035.94008533618,75514204.0
"Iran, Islamic Rep.",IRN,2009,7.49713453135765,5023.89314362941,76457825.0
"Iran, Islamic Rep.",IRN,2010,7.44954181717631,5249.06133369759,77420842.0
"Iran, Islamic Rep.",IRN,2011,7.47503068180157,5321.75870744453,78383598.0
"Iran, Islamic Rep.",IRN,2012,7.46470417628295,5058.64637811835,79370580.0
"Iran, Islamic Rep.",IRN,2013,7.61840318570665,4916.97291948475,80414686.0
"Iran, Islamic Rep.",IRN,2014,7.8101095500119,5093.20319702187,81502045.0
"Iran, Islamic Rep.",IRN,2015,7.61916074830014,4952.73355532178,82619362.0
"Iran, Islamic Rep.",IRN,2016,7.66363471449536,5312.61724954192,83812228.0
"Iran, Islamic Rep.",IRN,2017,7.83730730212281,5395.2398398598,85026754.0
"Iran, Islamic Rep.",IRN,2018,7.68073939665899,5127.22495367018,86117998.0
"Iran, Islamic Rep.",IRN,2019,8.18571981543646,4952.45669081078,87051648.0
"Iran, Islamic Rep.",IRN,2020,8.38853190019001,5132.82430762118,87723443.0
"Iran, Islamic Rep.",IRN,2021,8.86620624375505,5300.62271961895,88455488.0
"Iran, Islamic Rep.",IRN,2022,8.84742330027555,5465.31447539413,89524246.0
"Iran, Islamic Rep.",IRN,2023,9.00722487961339,5687.84396330117,90608707.0
"Iran, Islamic Rep.",IRN,2024,9.05329342087712,5834.44296939863,91567738.0
Iraq,IRQ,1990,3.94992812210948,3526.57925126853,17581206.0
Iraq,IRQ,1991,3.06467747152585,1254.6305738573,17767253.0
Iraq,IRQ,1992,4.14047548077698,1615.03903542829,18300845.0
Iraq,IRQ,1993,5.21692009273381,2005.56353163967,19201195.0
Iraq,IRQ,1994,5.45956572473609,1985.79691950751,20139807.0
Iraq,IRQ,1995,5.23867921900944,1961.09255088401,20825860.0
Iraq,IRQ,1996,4.68179141179279,2108.82328338078,21501321.0
Iraq,IRQ,1997,5.46166401665035,2478.84310444448,22176593.0
Iraq,IRQ,1998,4.11929979021953,3242.95733892163,22884399.0
Iraq,IRQ,1999,3.1435540424361,3691.74051342002,23636527.0
Iraq,IRQ,2000,3.6362101364327,4172.78025105244,24424056.0
Iraq,IRQ,2001,3.99450111596867,4116.09405320279,25197840.0
Iraq,IRQ,2002,3.65491643857998,3660.92527507177,26006559.0
Iraq,IRQ,2003,3.09254764611228,2250.06990123369,26802659.0
Iraq,IRQ,2004,3.27515771880636,3354.26588756715,27577878.0
Iraq,IRQ,2005,3.07089535110651,3310.86344473993,28407448.0
Iraq,IRQ,2006,2.96556027175217,3471.98744698568,28616515.0
Iraq,IRQ,2007,2.76243609599133,3565.58054079041,28391607.0
Iraq,IRQ,2008,3.12972584066376,3781.78001712762,28971036.0
Iraq,IRQ,2009,3.22209515764181,3768.17284328983,30058206.0
Iraq,IRQ,2010,3.59130892513878,3881.94327045302,31045366.0
Iraq,IRQ,2011,3.60389826022629,4030.01686860986,32161424.0
Iraq,IRQ,2012,3.95321422100273,4387.90469058707,33654842.0
Iraq,IRQ,2013,4.09302888224357,4504.82687537354,35281989.0
Iraq,IRQ,2014,3.78352330429891,4446.97343234862,36550059.0
Iraq,IRQ,2015,3.67151586099612,4440.14189252367,37560535.0
Iraq,IRQ,2016,4.03030161950881,4932.9272911439,38469627.0
Iraq,IRQ,2017,4.25410677734214,4736.32710809857,39337353.0
Iraq,IRQ,2018,4.4937314270853,4749.00921836896,40265624.0
Iraq,IRQ,2019,4.70108992313127,4898.14897652265,41192171.0
Iraq,IRQ,2020,4.3658386045124,4213.99843766061,42116605.0
Iraq,IRQ,2021,4.6367351965098,4182.5006404573,43071211.0
Iraq,IRQ,2022,5.04369459778254,4412.99733146512,44070551.0
Iraq,IRQ,2023,5.16873911194444,4337.08705324182,45074049.0
Iraq,IRQ,2024,5.18375227496016,4180.29619477317,46042015.0
Ireland,IRL,1990,9.20302768318718,23456.999356198,3513974.0
Ireland,IRL,1991,9.30167348803914,23772.5663058612,3534235.0
Ireland,IRL,1992,9.20824633335488,24400.3064402451,3558430.0
Ireland,IRL,1993,9.227877942913,24932.3770542724,3576261.0
Ireland,IRL,1994,9.5308693828463,26263.7091752353,3590386.0
Ireland,IRL,1995,9.63979848377914,28646.8176219898,3608841.0
Ireland,IRL,1996,9.92635071793617,30518.4039336362,3637510.0
Ireland,IRL,1997,10.169151081972,33543.9942975657,3674171.0
Ireland,IRL,1998,10.7156632269381,36105.9184837456,3712696.0
Ireland,IRL,1999,10.978175587104,39460.4758655009,3754786.0
Ireland,IRL,2000,11.5177387420391,42599.4803921319,3805174.0
Ireland,IRL,2001,11.9109688656404,44151.1536032557,3866243.0
Ireland,IRL,2002,11.4404136169689,45974.4881988842,3931947.0
Ireland,IRL,2003,11.1268025365061,46594.8620267616,3996521.0
Ireland,IRL,2004,11.0536619018628,48856.3238587396,4070262.0
Ireland,IRL,2005,11.3160512452902,50547.2123729763,4159914.0
Ireland,IRL,2006,11.1588123430623,51656.8194855887,4273591.0
Ireland,IRL,2007,10.6718615521641,52849.6948429458,4398942.0
Ireland,IRL,2008,10.3087084122575,49461.1594281353,4489544.0
Ireland,IRL,2009,9.0783011327619,46466.3794269222,4535375.0
Ireland,IRL,2010,8.97445371922665,46991.6464673949,4560155.0
Ireland,IRL,2011,8.10989492769128,47539.9181739968,4580084.0
Ireland,IRL,2012,8.17522126702863,47147.1604669421,4599533.0
Ireland,IRL,2013,7.8579683966663,47928.0346487005,4623816.0
Ireland,IRL,2014,7.75893459059544,52044.6201181887,4657740.0
Ireland,IRL,2015,8.00687883789665,64250.1385181257,4701957.0
Ireland,IRL,2016,8.29636917712182,64205.979777351,4762722.0
Ireland,IRL,2017,7.92618041220563,69748.6221034014,4827445.0
Ireland,IRL,2018,7.76337876800063,74029.0550611436,4898022.0
Ireland,IRL,2019,7.30821291296457,76485.635854651,4976456.0
Ireland,IRL,2020,6.80456776897729,80927.936475395,5039747.0
Ireland,IRL,2021,7.11906758228265,92781.2322150786,5110585.0
Ireland,IRL,2022,6.84581291258731,97793.5366671697,5212836.0
Ireland,IRL,2023,6.1870780177041,93541.9643678381,5311538.0
Ireland,IRL,2024,6.03605774131313,94474.9879707069,5395790.0
Isle of Man,IMN,1990,,28042.4441205102,68916.0
Isle of Man,IMN,1991,,28128.4485818915,69808.0
Isle of Man,IMN,1992,,28133.8324364624,70353.0
Isle of Man,IMN,1993,,28694.4160940259,70772.0
Isle of Man,IMN,1994,,29676.1422111499,71168.0
Isle of Man,IMN,1995,,30802.8930909929,71513.0
Isle of Man,IMN,1996,,32928.8324560471,72047.0
Isle of Man,IMN,1997,,35337.9128286621,72909.0
Isle of Man,IMN,1998,,39591.5712572814,73861.0
Isle of Man,IMN,1999,,44456.4562710624,74790.0
Isle of Man,IMN,2000,,46274.9709691403,75659.0
Isle of Man,IMN,2001,,48252.7638498277,76476.0
Isle of Man,IMN,2002,,50714.5824703383,77275.0
Isle of Man,IMN,2003,,53224.3527757804,78049.0
Isle of Man,IMN,2004,,55464.0220993356,78792.0
Isle of Man,IMN,2005,,58201.5990838178,79516.0
Isle of Man,IMN,2006,,62075.7601604994,80294.0
Isle of Man,IMN,2007,,66029.9755907183,81147.0
Isle of Man,IMN,2008,,68520.6825624937,82029.0
Isle of Man,IMN,2009,,69192.0258221691,82939.0
Isle of Man,IMN,2010,,70747.8417587183,83873.0
Isle of Man,IMN,2011,,71727.5055082703,84382.0
Isle of Man,IMN,2012,,77009.2978612012,84335.0
Isle of Man,IMN,2013,,80383.8273088527,84141.0
Isle of Man,IMN,2014,,84778.5806639347,83892.0
Isle of Man,IMN,2015,,84753.5187422732,83593.0
Isle of Man,IMN,2016,,90783.7647245394,83466.0
Isle of Man,IMN,2017,,93200.3108083857,83609.0
Isle of Man,IMN,2018,,95040.4061748938,83805.0
Isle of Man,IMN,2019,,95110.1385990737,83957.0
Isle of Man,IMN,2020,,86595.0676099275,84064.0
Isle of Man,IMN,2021,,89873.5420093569,84106.0
Isle of Man,IMN,2022,,86103.3379308107,84132.0
Isle of Man,IMN,2023,,,84165.0
Isle of Man,IMN,2024,,,84160.0
Israel,ISR,1990,7.55858369098712,22395.1118825784,4660000.0
Israel,ISR,1991,7.24833299656496,22716.5668753642,4949000.0
Israel,ISR,1992,7.49711106773375,23647.7824286474,5123000.0
Israel,ISR,1993,8.00551226002661,23975.4686313192,5261000.0
Israel,ISR,1994,8.34984256343767,25097.9901268886,5399000.0
Israel,ISR,1995,8.69139765554554,26050.7265906943,5545000.0
Israel,ISR,1996,9.00643007730148,26859.877460854,5692000.0
Israel,ISR,1997,9.07027073337903,27143.4560040151,5836000.0
Israel,ISR,1998,8.96062636074359,27620.6563115809,5971000.0
Israel,ISR,1999,8.97057959183674,27814.0260563783,6125000.0
Israel,ISR,2000,9.42660200349817,29413.4894578106,6289000.0
Israel,ISR,2001,9.19913029973598,28808.1300136037,6439000.0
Israel,ISR,2002,9.51086757990868,28195.8676389139,6570000.0
Israel,ISR,2003,9.6043768778869,28092.6176251486,6689700.0
Israel,ISR,2004,9.4006168306653,28883.247588548,6809000.0
Israel,ISR,2005,8.92812513527943,29623.7172812577,6930100.0
Israel,ISR,2006,9.22039497001574,30734.9619835354,7053700.0
Israel,ISR,2007,9.38933998133731,32103.1628576567,7180100.0
Israel,ISR,2008,9.27417633537653,32554.0413211945,7308800.0
Israel,ISR,2009,8.95687720423213,32178.5727387015,7485600.0
Israel,ISR,2010,9.43716879164699,33344.7213294093,7623600.0
Israel,ISR,2011,9.16057585825028,34540.6749784398,7765800.0
Israel,ISR,2012,9.80845711396245,34738.6587001,7910500.0
Israel,ISR,2013,8.47298219492524,35489.5086561247,8059500.0
Israel,ISR,2014,8.02420974475699,36129.3146105805,8215700.0
Israel,ISR,2015,8.11347119962769,36213.1041481958,8380100.0
Israel,ISR,2016,7.90452843435525,37093.7879065422,8546000.0
Israel,ISR,2017,7.78383620442312,37963.0491190696,8713300.0
Israel,ISR,2018,7.14844418426622,38729.6426036983,8882800.0
Israel,ISR,2019,7.21388336646786,39407.2016076709,9054000.0
Israel,ISR,2020,6.66216318867945,37935.5432717179,9215100.0
Israel,ISR,2021,6.50617837249504,40804.9689802536,9371400.0
Israel,ISR,2022,6.65826837562124,42516.3888090274,9557500.0
Israel,ISR,2023,6.14077571327038,42011.6213954855,9849000.0
Israel,ISR,2024,5.78134023099134,41845.1660567523,9974400.0
Italy,ITA,1990,7.51169268135469,27625.1792306413,56719240.0
Italy,ITA,1991,7.48600373149258,28030.7653841073,56758521.0
Italy,ITA,1992,7.44846474256681,28245.4271054692,56797087.0
Italy,ITA,1993,7.32505650311645,27987.4328969281,56831821.0
Italy,ITA,1994,7.22599985222559,28583.6255328648,56843400.0
Italy,ITA,1995,7.65087752065497,29408.3209572297,56844303.0
Italy,ITA,1996,7.55970235180512,29795.6597750915,56860281.0
Italy,ITA,1997,7.6163994849603,30353.3778243995,56890372.0
Italy,ITA,1998,7.7754334354466,30892.1758654455,56906744.0
Italy,ITA,1999,7.89504352504046,31405.2609007683,56916317.0
Italy,ITA,2000,7.97861399862471,32609.66746283,56942108.0
Italy,ITA,2001,7.96252086434695,33243.599343976,56976981.0
Italy,ITA,2002,8.07424104162591,33267.4474482048,57089824.0
Italy,ITA,2003,8.37573927880229,33110.1698494812,57399184.0
Italy,ITA,2004,8.51073142040319,33348.9744820456,57828179.0
Italy,ITA,2005,8.4768648141216,33407.6754716472,58166682.0
Italy,ITA,2006,8.34804384209065,33873.0493680093,58399861.0
Italy,ITA,2007,8.17482777618523,34159.9109244074,58756247.0
Italy,ITA,2008,7.85286143845028,33550.6340800063,59211181.0
Italy,ITA,2009,6.94826035580217,31587.0638416305,59555454.0
Italy,ITA,2010,7.08186391750757,31928.5543621096,59819407.0
Italy,ITA,2011,6.9053125750862,32039.5032494316,60026841.0
Italy,ITA,2012,6.55333989010063,30953.4147447427,60191247.0
Italy,ITA,2013,5.99742374656768,30330.0221599668,60311613.0
Italy,ITA,2014,5.68586837020992,30325.0287793923,60320707.0
Italy,ITA,2015,5.87319309166979,30639.8829751432,60229605.0
Italy,ITA,2016,5.80834075921169,31077.6792675211,60115223.0
Italy,ITA,2017,5.7611454316748,31635.52277108,60002252.0
Italy,ITA,2018,5.65886939655412,31819.3971830067,60148658.0
Italy,ITA,2019,5.56784056329278,32180.4341017428,59729081.0
Italy,ITA,2020,4.96667406979317,29469.7989238626,59438851.0
Italy,ITA,2021,5.58651571090224,32267.7091050201,59133173.0
Italy,ITA,2022,5.60897190137329,33891.8866526216,59013667.0
Italy,ITA,2023,5.1591446091273,34239.6554751239,58984216.0
Italy,ITA,2024,5.07573834102673,34495.2545799636,58952704.0
Jamaica,JAM,1990,3.23718410657357,4773.62848195303,2379877.0
Jamaica,JAM,1991,3.16714489628547,4960.83040580996,2400869.0
Jamaica,JAM,1992,3.42413353234069,5008.12883358686,2424701.0
Jamaica,JAM,1993,3.44399563087061,5423.3508419918,2449916.0
Jamaica,JAM,1994,3.44349189162984,5442.16740407801,2475220.0
Jamaica,JAM,1995,3.52394715359192,5514.51252836665,2500151.0
Jamaica,JAM,1996,3.64018010959162,5455.19334658148,2524463.0
Jamaica,JAM,1997,3.69072252347864,5343.48049225757,2547848.0
Jamaica,JAM,1998,3.85354760177699,5174.28295609468,2569736.0
Jamaica,JAM,1999,3.92309043766012,5187.99579646328,2589795.0
Jamaica,JAM,2000,3.9283295741357,5197.39692210665,2607826.0
Jamaica,JAM,2001,3.92801715285343,5234.02744397806,2624403.0
Jamaica,JAM,2002,3.88537029098241,5305.87658697244,2640572.0
Jamaica,JAM,2003,3.97384197908397,5467.17406988236,2656623.0
Jamaica,JAM,2004,3.96703121930227,5507.20135110043,2672225.0
Jamaica,JAM,2005,3.95557831478646,5525.73577833713,2687066.0
Jamaica,JAM,2006,4.55799550383418,5656.66803579988,2700968.0
Jamaica,JAM,2007,4.50876999041934,5710.53878446758,2713800.0
Jamaica,JAM,2008,3.62135795878759,5639.58974873397,2725635.0
Jamaica,JAM,2009,2.94092608864832,5372.14234169511,2736995.0
Jamaica,JAM,2010,2.79862095462073,5271.57221477938,2748568.0
Jamaica,JAM,2011,2.75432585616922,5339.62170188798,2760494.0
Jamaica,JAM,2012,2.52991058385604,5284.00852557589,2772430.0
Jamaica,JAM,2013,2.68841288550042,5289.88438546111,2783687.0
Jamaica,JAM,2014,2.58240808318858,5307.19165380801,2793749.0
Jamaica,JAM,2015,2.53581223278647,5339.30718256806,2802534.0
Jamaica,JAM,2016,2.71374756887664,5472.28314023034,2809915.0
Jamaica,JAM,2017,2.59524590839289,5586.1365723133,2815764.0
Jamaica,JAM,2018,3.08184434790718,5717.87621107532,2820097.0
Jamaica,JAM,2019,2.98926316318908,5814.79275311692,2823271.0
Jamaica,JAM,2020,2.09235114929352,5317.84145033966,2830739.0
Jamaica,JAM,2021,2.28087572885193,5607.45378253877,2837682.0
Jamaica,JAM,2022,2.64695978787973,5965.46127464873,2839144.0
Jamaica,JAM,2023,2.7128452636924,6127.90771263434,2839786.0
Jamaica,JAM,2024,2.84378384565939,6096.4327030963,2839175.0
Japan,JPN,1990,9.41290189345471,28422.2131194472,123478000.0
Japan,JPN,1991,9.4546545771353,29308.2740881269,123964000.0
Japan,JPN,1992,9.46250431987141,29462.6539671073,124425000.0
Japan,JPN,1993,9.37144093119387,29232.4397928009,124829000.0
Japan,JPN,1994,9.77285465497132,29466.7552451648,125178000.0
Japan,JPN,1995,9.82868129941341,30171.1637924153,125472000.0
Japan,JPN,1996,9.90822777260908,31046.1701544217,125757000.0
Japan,JPN,1997,9.77095123634546,31276.1930771989,126057000.0
Japan,JPN,1998,9.37017721518987,30795.0888900919,126400000.0
Japan,JPN,1999,9.67513168181567,30636.2661169604,126631000.0
Japan,JPN,2000,9.80406329083986,31430.631130325,126843000.0
Japan,JPN,2001,9.67360734256659,31476.0520665746,127149000.0
Japan,JPN,2002,9.92193416768018,31416.1241772309,127445000.0
Japan,JPN,2003,9.95886797475689,31830.217584972,127718000.0
Japan,JPN,2004,9.91730575058116,32515.1158024695,127761000.0
Japan,JPN,2005,10.0074734098753,33098.5474664881,127773000.0
Japan,JPN,2006,9.82400472413847,33531.518563066,127854000.0
Japan,JPN,2007,10.0916024093562,33990.0360341367,128001000.0
Japan,JPN,2008,9.53253711064086,33557.6454041595,128063000.0
Japan,JPN,2009,9.03961045553586,31651.0837739562,128047000.0
Japan,JPN,2010,9.50311626454283,32942.2020783835,128070000.0
Japan,JPN,2011,9.93397401297005,33011.1342301291,127833000.0
Japan,JPN,2012,10.2516011251361,33518.4449368599,127629000.0
Japan,JPN,2013,10.3847926556554,34239.8862473488,127445000.0
Japan,JPN,2014,10.0063625506773,34386.9058552671,127276000.0
Japan,JPN,2015,9.69456115651128,34960.6393843385,127141000.0
Japan,JPN,2016,9.66865261733136,35242.199377148,127076000.0
Japan,JPN,2017,9.55283290804272,35861.9728545672,126972000.0
Japan,JPN,2018,9.17213648658239,36138.5290824814,126811000.0
Japan,JPN,2019,8.87456666113888,36043.7844013518,126633000.0
Japan,JPN,2020,8.39710520271501,34642.9718743239,126261000.0
Japan,JPN,2021,8.5947828493867,35741.1601062924,125681593.0
Japan,JPN,2022,8.3956307081074,36238.3294895302,125124989.0
Japan,JPN,2023,8.05063579850566,36952.5150709861,124516650.0
Japan,JPN,2024,7.84242057238933,37152.5636003552,123975371.0
Jordan,JOR,1990,2.78079951230125,3202.33686003165,3621908.0
Jordan,JOR,1991,2.57640258391188,3010.13731183677,3915149.0
Jordan,JOR,1992,2.89912549213326,3264.84472634328,4127693.0
Jordan,JOR,1993,2.8596004618194,3238.47541692105,4348020.0
Jordan,JOR,1994,2.84736767566842,3240.44545104214,4561406.0
Jordan,JOR,1995,2.90438156131526,3303.28717864788,4752096.0
Jordan,JOR,1996,2.87508478343887,3262.10615178904,4912516.0
Jordan,JOR,1997,2.897042081452,3280.69793184873,5046285.0
Jordan,JOR,1998,2.87288615420841,3302.29942733776,5164284.0
Jordan,JOR,1999,2.81699189833153,3341.65644275163,5276444.0
Jordan,JOR,2000,3.05659330102683,3412.07673213708,5386945.0
Jordan,JOR,2001,3.00198549017311,3518.76635312228,5498894.0
Jordan,JOR,2002,3.06397752448066,3644.62434644332,5616066.0
Jordan,JOR,2003,3.07334179985886,3713.15193593268,5741828.0
Jordan,JOR,2004,3.23277844279412,3935.15704743447,5882061.0
Jordan,JOR,2005,3.36910305797064,4151.61313015439,6029587.0
Jordan,JOR,2006,3.19629907780335,4209.86864014361,6427371.0
Jordan,JOR,2007,3.12567606145218,4287.35229821209,6827227.0
Jordan,JOR,2008,2.93181586027543,4489.95545537311,6989866.0
Jordan,JOR,2009,2.94909387093057,4615.23067817324,7141753.0
Jordan,JOR,2010,2.82145795221434,4621.5742854131,7297043.0
Jordan,JOR,2011,2.80918568252281,4631.67703841605,7480424.0
Jordan,JOR,2012,3.23339783293465,4677.47613977192,7587127.0
Jordan,JOR,2013,3.015399892565,4556.52023716712,7991809.0
Jordan,JOR,2014,2.93907556095458,4282.11872849239,8791710.0
Jordan,JOR,2015,2.68560794130457,4042.75678097555,9544729.0
Jordan,JOR,2016,2.52192429080405,3933.14704611068,10006367.0
Jordan,JOR,2017,2.59425578446284,3940.70199181145,10234226.0
Jordan,JOR,2018,2.4097651129684,3928.77026821205,10462306.0
Jordan,JOR,2019,2.18238735759201,3919.06426916073,10671891.0
Jordan,JOR,2020,1.9279853124113,3806.87949354914,10865228.0
Jordan,JOR,2021,1.96480214444574,3874.32714084633,11066356.0
Jordan,JOR,2022,2.07333464045749,3909.80228869045,11256263.0
Jordan,JOR,2023,2.10161310922351,3958.23043952182,11439213.0
Jordan,JOR,2024,2.0898692239058,4016.83429143296,11552876.0
Kazakhstan,KAZ,1990,14.4939149661066,5557.08215736977,17154054.0
Kazakhstan,KAZ,1991,15.0436435822347,4910.15324119135,17278600.0
Kazakhstan,KAZ,1992,15.3072716913912,4635.42154654073,17332625.0
Kazakhstan,KAZ,1993,13.0903858389543,4223.1282023154,17274487.0
Kazakhstan,KAZ,1994,11.9626284582209,3740.97810892024,17043771.0
Kazakhstan,KAZ,1995,10.7783755403891,3498.51454364229,16730536.0
Kazakhstan,KAZ,1996,9.6265131630205,3583.36908423331,16416027.0
Kazakhstan,KAZ,1997,8.55873289023528,3728.96386519689,16043251.0
Kazakhstan,KAZ,1998,9.04827104922518,3750.56494562659,15647785.0
Kazakhstan,KAZ,1999,8.38873298268348,3899.65723139778,15455874.0
Kazakhstan,KAZ,2000,8.52997364123056,4269.33016782791,15501103.0
Kazakhstan,KAZ,2001,8.37700755350533,4822.52862802669,15575550.0
Kazakhstan,KAZ,2002,9.29533131455672,5267.6990320263,15656677.0
Kazakhstan,KAZ,2003,10.2972430969469,5724.43199248054,15747380.0
Kazakhstan,KAZ,2004,11.0129179145774,6233.29439373307,15850159.0
Kazakhstan,KAZ,2005,11.7482167747143,6787.4115548789,15968117.0
Kazakhstan,KAZ,2006,13.0524097667892,7450.39687062615,16103716.0
Kazakhstan,KAZ,2007,13.5081878112695,8036.87599811505,16257214.0
Kazakhstan,KAZ,2008,15.1238317294741,8216.52181589585,16426525.0
Kazakhstan,KAZ,2009,13.5068941072017,8218.39912556048,16619846.0
Kazakhstan,KAZ,2010,14.3850527504913,8704.70655484556,16836810.0
Kazakhstan,KAZ,2011,15.389052456457,9223.3021336315,17066002.0
Kazakhstan,KAZ,2012,14.9547390961317,9531.91477617058,17306106.0
Kazakhstan,KAZ,2013,15.7272046561439,9959.72586930534,17556502.0
Kazakhstan,KAZ,2014,13.07867493139,10226.7100539683,17816285.0
Kazakhstan,KAZ,2015,11.2116791211142,10196.1226255982,18084169.0
Kazakhstan,KAZ,2016,11.7692010281208,10151.423313302,18363600.0
Kazakhstan,KAZ,2017,12.1409198865254,10404.2718646317,18651931.0
Kazakhstan,KAZ,2018,12.1155235587562,10670.2120148279,18932727.0
Kazakhstan,KAZ,2019,11.3909406022159,10989.6840718388,19209555.0
Kazakhstan,KAZ,2020,11.5744967551524,10565.0359816235,19482117.0
Kazakhstan,KAZ,2021,12.2524647603581,10873.3915275276,19743603.0
Kazakhstan,KAZ,2022,12.3050866627844,11058.3482413407,20034609.0
Kazakhstan,KAZ,2023,12.5643331681924,11453.3952725363,20330104.0
Kazakhstan,KAZ,2024,12.5678187536661,11872.7842626298,20592571.0
Kenya,KEN,1990,0.28245745763564,1329.33312766232,22892651.0
Kenya,KEN,1991,0.262922475591963,1305.46415701447,23646514.0
Kenya,KEN,1992,0.258247116984915,1255.93870622359,24382460.0
Kenya,KEN,1993,0.246500523864375,1223.50616725762,25117188.0
Kenya,KEN,1994,0.24311669547239,1219.7841113305,25857130.0
Kenya,KEN,1995,0.252671337311593,1237.88250467675,26601751.0
Kenya,KEN,1996,0.270656922593232,1254.21025248674,27344211.0
Kenya,KEN,1997,0.253179799932873,1226.19542113337,28101768.0
Kenya,KEN,1998,0.269419296701055,1232.06658106635,28888057.0
Kenya,KEN,1999,0.26866412353404,1224.63404639886,29733408.0
Kenya,KEN,2000,0.290677543795641,1195.41296851656,30642890.0
Kenya,KEN,2001,0.26100621869581,1202.29348759987,31619170.0
Kenya,KEN,2002,0.245465741018151,1171.4262517349,32629808.0
Kenya,KEN,2003,0.214880306718519,1169.14433674051,33652223.0
Kenya,KEN,2004,0.231964810186713,1191.25443604556,34713455.0
Kenya,KEN,2005,0.252147669028053,1223.44738472019,35796484.0
Kenya,KEN,2006,0.270940760689191,1263.54164666211,36904008.0
Kenya,KEN,2007,0.262922185302275,1309.91092948216,38036349.0
Kenya,KEN,2008,0.269606829771024,1273.77226103073,39206351.0
Kenya,KEN,2009,0.308699389943664,1276.73503486074,40408891.0
Kenya,KEN,2010,0.324116934124197,1340.16467408856,41598567.0
Kenya,KEN,2011,0.324518228099931,1370.58000874482,42758461.0
Kenya,KEN,2012,0.293759364539568,1396.30178709756,43888303.0
Kenya,KEN,2013,0.308839543589584,1413.94142522583,44986791.0
Kenya,KEN,2014,0.341036024063525,1450.59338202277,46051440.0
Kenya,KEN,2015,0.361032749251909,1489.11959777284,47088526.0
Kenya,KEN,2016,0.384366853070731,1517.97796057742,48139687.0
Kenya,KEN,2017,0.391204755110222,1542.33773973372,49197766.0
Kenya,KEN,2018,0.381159185292234,1596.69045914945,50207107.0
Kenya,KEN,2019,0.380387200105182,1645.70961777862,51202827.0
Kenya,KEN,2020,0.367016056392308,1609.33414078281,52217334.0
Kenya,KEN,2021,0.404281044163676,1698.89578271444,53219166.0
Kenya,KEN,2022,0.405006512054817,1747.53198804428,54252461.0
Kenya,KEN,2023,0.3843202596187,1811.21651838425,55339003.0
Kenya,KEN,2024,0.38344092060836,1860.02287047776,56432944.0
Kiribati,KIR,1990,0.223097989446263,1387.65292117411,74855.0
Kiribati,KIR,1991,0.229156572865243,1283.34641272284,76367.0
Kiribati,KIR,1992,0.244716064965675,1564.72273135,77641.0
Kiribati,KIR,1993,0.243528113544983,1539.30439677093,78841.0
Kiribati,KIR,1994,0.247435048299821,1547.62409121805,80021.0
Kiribati,KIR,1995,0.22035108452126,1566.47252339768,81234.0
Kiribati,KIR,1996,0.21906732992024,1539.33649246045,82623.0
Kiribati,KIR,1997,0.221041748368926,1529.24918326127,84147.0
Kiribati,KIR,1998,0.224149806787536,1569.02677065396,85657.0
Kiribati,KIR,1999,0.220370497899594,1482.19213280683,87126.0
Kiribati,KIR,2000,0.365634839131956,1555.58190420161,88613.0
Kiribati,KIR,2001,0.32324126861128,1477.951639475,90335.0
Kiribati,KIR,2002,0.468221624902454,1467.99259660077,92264.0
Kiribati,KIR,2003,0.474648261215822,1415.54564772956,94175.0
Kiribati,KIR,2004,0.482905760524536,1378.9582420937,96085.0
Kiribati,KIR,2005,0.628347018921814,1368.99716100101,98035.0
Kiribati,KIR,2006,0.661887479128548,1419.38709899471,100017.0
Kiribati,KIR,2007,0.603519222479132,1433.3573454448,102068.0
Kiribati,KIR,2008,0.658210358657481,1361.83587176171,104222.0
Kiribati,KIR,2009,0.545708999032564,1340.27593200253,106467.0
Kiribati,KIR,2010,0.562076832499264,1328.78764145125,108704.0
Kiribati,KIR,2011,0.515151789022748,1348.06011226744,110647.0
Kiribati,KIR,2012,0.496954151971786,1405.50280446236,112284.0
Kiribati,KIR,2013,0.527943217554771,1493.49134858915,113838.0
Kiribati,KIR,2014,0.526334044361202,1492.8506819325,115326.0
Kiribati,KIR,2015,0.533321919274066,1639.85274740652,116815.0
Kiribati,KIR,2016,0.57225814075187,1731.43693824902,118478.0
Kiribati,KIR,2017,0.574516732488048,1769.51191332519,120275.0
Kiribati,KIR,2018,0.621703089675961,1803.94864980951,122084.0
Kiribati,KIR,2019,0.614100919133964,1835.21963082467,123921.0
Kiribati,KIR,2020,0.584461415237234,1777.0447605811,126099.0
Kiribati,KIR,2021,0.627059364216332,1893.52661599343,128377.0
Kiribati,KIR,2022,0.580980922671286,1948.24312238625,130469.0
Kiribati,KIR,2023,0.573455066777333,1968.80973802094,132530.0
Kiribati,KIR,2024,0.592485763986976,2041.87601786956,134518.0
"Korea, Dem. People's Rep.",PRK,1990,6.25064625149032,,21112137.0
"Korea, Dem. People's Rep.",PRK,1991,5.92270960011551,,21428638.0
"Korea, Dem. People's Rep.",PRK,1992,5.16044132588286,,21750911.0
"Korea, Dem. People's Rep.",PRK,1993,4.71188064232383,,22073352.0
"Korea, Dem. People's Rep.",PRK,1994,4.25070136052219,,22393975.0
"Korea, Dem. People's Rep.",PRK,1995,3.93046473769111,,22669304.0
"Korea, Dem. People's Rep.",PRK,1996,3.45295584603358,,22895746.0
"Korea, Dem. People's Rep.",PRK,1997,3.31757881478078,,23110830.0
"Korea, Dem. People's Rep.",PRK,1998,2.69688468778843,,23311564.0
"Korea, Dem. People's Rep.",PRK,1999,2.91801728338287,,23497599.0
"Korea, Dem. People's Rep.",PRK,2000,3.11867576611252,,23665910.0
"Korea, Dem. People's Rep.",PRK,2001,3.21947711220633,,23815358.0
"Korea, Dem. People's Rep.",PRK,2002,3.06728962649599,,23943973.0
"Korea, Dem. People's Rep.",PRK,2003,3.11253288657132,,24090380.0
"Korea, Dem. People's Rep.",PRK,2004,3.1550105065182,,24254943.0
"Korea, Dem. People's Rep.",PRK,2005,3.2684040326715,,24396433.0
"Korea, Dem. People's Rep.",PRK,2006,3.31295140815675,,24524507.0
"Korea, Dem. People's Rep.",PRK,2007,2.7584412690495,,24646383.0
"Korea, Dem. People's Rep.",PRK,2008,3.00746007873007,,24764618.0
"Korea, Dem. People's Rep.",PRK,2009,2.88086837976115,,24878332.0
"Korea, Dem. People's Rep.",PRK,2010,2.76311230307863,,24987258.0
"Korea, Dem. People's Rep.",PRK,2011,2.02453403025292,,25097874.0
"Korea, Dem. People's Rep.",PRK,2012,1.94440063767148,,25211728.0
"Korea, Dem. People's Rep.",PRK,2013,1.49661356655539,,25329451.0
"Korea, Dem. People's Rep.",PRK,2014,1.63490910588245,,25451262.0
"Korea, Dem. People's Rep.",PRK,2015,1.27678018091639,,25575350.0
"Korea, Dem. People's Rep.",PRK,2016,1.40192400080846,,25698326.0
"Korea, Dem. People's Rep.",PRK,2017,2.84853702549672,,25817709.0
"Korea, Dem. People's Rep.",PRK,2018,2.56049221424721,,25931147.0
"Korea, Dem. People's Rep.",PRK,2019,2.81942305659747,,26037632.0
"Korea, Dem. People's Rep.",PRK,2020,2.64172695826404,,26136312.0
"Korea, Dem. People's Rep.",PRK,2021,2.18395218700565,,26232534.0
"Korea, Dem. People's Rep.",PRK,2022,2.27140993081922,,26328845.0
"Korea, Dem. People's Rep.",PRK,2023,2.48536198751437,,26418204.0
"Korea, Dem. People's Rep.",PRK,2024,2.49971102490099,,26498823.0
"Korea, Rep.",KOR,1990,6.07037444503096,9672.57845182894,42869283.0
"Korea, Rep.",KOR,1991,6.75265379678316,10618.8431439122,43295704.0
"Korea, Rep.",KOR,1992,7.33959218488852,11176.560685871,43747962.0
"Korea, Rep.",KOR,1993,7.91126242764166,11837.4692053797,44194628.0
"Korea, Rep.",KOR,1994,8.45512498000741,12817.2447824958,44641540.0
"Korea, Rep.",KOR,1995,9.02775111990243,13924.3044000347,45092991.0
"Korea, Rep.",KOR,1996,9.58813088662829,14894.3278834104,45524681.0
"Korea, Rep.",KOR,1997,9.98535261017749,15682.2717905189,45953580.0
"Korea, Rep.",KOR,1998,8.50386342645069,14800.5091573641,46286503.0
"Korea, Rep.",KOR,1999,9.23725644365427,16402.9168341094,46616677.0
"Korea, Rep.",KOR,2000,9.9217579706617,17763.1353417297,47008111.0
"Korea, Rep.",KOR,2001,10.0719727295012,18460.4288193829,47370164.0
"Korea, Rep.",KOR,2002,10.3782797747059,19775.3800655139,47644736.0
"Korea, Rep.",KOR,2003,10.5024332706302,20278.0406421178,47892330.0
"Korea, Rep.",KOR,2004,10.8037309775721,21244.8136800528,48082519.0
"Korea, Rep.",KOR,2005,10.7084009751588,22123.7613066851,48184561.0
"Korea, Rep.",KOR,2006,10.8117127664204,23162.1860111297,48438292.0
"Korea, Rep.",KOR,2007,11.1126206303646,24391.7651013448,48683638.0
"Korea, Rep.",KOR,2008,11.2602688410662,24934.5396367691,49054708.0
"Korea, Rep.",KOR,2009,11.2836813865383,25009.9148311999,49307835.0
"Korea, Rep.",KOR,2010,12.3690482033055,26623.0487122927,49554112.0
"Korea, Rep.",KOR,2011,12.9702684429817,27393.455357272,49936638.0
"Korea, Rep.",KOR,2012,12.8528563619499,27944.0564190045,50199853.0
"Korea, Rep.",KOR,2013,12.7317329769662,28732.711152033,50428893.0
"Korea, Rep.",KOR,2014,12.4261677995393,29470.6732991655,50746659.0
"Korea, Rep.",KOR,2015,12.6198190502874,30171.7906545222,51014947.0
"Korea, Rep.",KOR,2016,12.6677788190173,31005.4072876388,51217803.0
"Korea, Rep.",KOR,2017,12.952944838832,31979.9027302467,51361911.0
"Korea, Rep.",KOR,2018,13.1917269531809,32852.8887488942,51585058.0
"Korea, Rep.",KOR,2019,12.6531894575046,33496.3113815643,51764822.0
"Korea, Rep.",KOR,2020,11.9094442789339,33215.9298928108,51836239.0
"Korea, Rep.",KOR,2021,12.3387268331673,34792.9397214598,51769539.0
"Korea, Rep.",KOR,2022,11.8737409785064,35809.0138105144,51672569.0
"Korea, Rep.",KOR,2023,11.4162657281001,36347.7036392553,51712619.0
"Korea, Rep.",KOR,2024,11.3622569893006,37048.4264001496,51751065.0
Kosovo,XKX,1990,,,1973790.0
Kosovo,XKX,1991,,,2005362.0
Kosovo,XKX,1992,,,2039723.0
Kosovo,XKX,1993,,,2072664.0
Kosovo,XKX,1994,,,2105256.0
Kosovo,XKX,1995,,,2137514.0
Kosovo,XKX,1996,,,2168753.0
Kosovo,XKX,1997,,,2197284.0
Kosovo,XKX,1998,,,2078964.0
Kosovo,XKX,1999,,,1871524.0
Kosovo,XKX,2000,,,1802493.0
Kosovo,XKX,2001,,,1820009.0
Kosovo,XKX,2002,,,1829462.0
Kosovo,XKX,2003,,,1826434.0
Kosovo,XKX,2004,,,1822773.0
Kosovo,XKX,2005,,,1818354.0
Kosovo,XKX,2006,,,1813079.0
Kosovo,XKX,2007,,,1807094.0
Kosovo,XKX,2008,,2543.59926351696,1800858.0
Kosovo,XKX,2009,,2680.86121521141,1794681.0
Kosovo,XKX,2010,,2822.63359634011,1788743.0
Kosovo,XKX,2011,,2995.64952029477,1791949.0
Kosovo,XKX,2012,,3021.35142613995,1807126.0
Kosovo,XKX,2013,,3163.47189486431,1818119.0
Kosovo,XKX,2014,,3279.02499043758,1812788.0
Kosovo,XKX,2015,,3520.62850699375,1788274.0
Kosovo,XKX,2016,,3739.17562318261,1777568.0
Kosovo,XKX,2017,,3890.17807271082,1791019.0
Kosovo,XKX,2018,,4009.12140760339,1797086.0
Kosovo,XKX,2019,,4219.06693858503,1788891.0
Kosovo,XKX,2020,,3990.94613053859,1790151.0
Kosovo,XKX,2021,,4429.87597525975,1786079.0
Kosovo,XKX,2022,,4666.3913779077,1768096.0
Kosovo,XKX,2023,,5102.74914613981,1682668.0
Kosovo,XKX,2024,,5631.68223392136,1594353.0
Kuwait,KWT,1990,19.2352412929816,20140.7834697754,1684819.0
Kuwait,KWT,1991,28.4872935380299,14812.9200924661,1351399.0
Kuwait,KWT,1992,16.4916472013706,22382.8420685118,1634961.0
Kuwait,KWT,1993,20.4989860365481,29323.8532618275,1672151.0
Kuwait,KWT,1994,24.4742576880857,31946.4902579278,1664361.0
Kuwait,KWT,1995,23.9743017151815,33156.8473491495,1681513.0
Kuwait,KWT,1996,22.9142561231178,32417.9627954317,1730246.0
Kuwait,KWT,1997,23.3538608355061,32152.4367426144,1787683.0
Kuwait,KWT,1998,25.1193134313144,32306.668723862,1844302.0
Kuwait,KWT,1999,26.2574275143024,30798.0947114833,1900030.0
Kuwait,KWT,2000,28.6596112260188,31341.9780819419,1954709.0
Kuwait,KWT,2001,29.3184026261366,30573.4284224199,2008121.0
Kuwait,KWT,2002,29.894552067162,30702.2162068121,2059974.0
Kuwait,KWT,2003,30.7689391013048,35169.6335737863,2109881.0
Kuwait,KWT,2004,31.975599354755,37918.5405829238,2157320.0
Kuwait,KWT,2005,34.5288422505843,40451.2551656974,2236788.0
Kuwait,KWT,2006,33.802251670696,41137.969927672,2364733.0
Kuwait,KWT,2007,31.1914372537519,41113.8693942735,2507887.0
Kuwait,KWT,2008,31.5351654829618,39852.5129115699,2651421.0
Kuwait,KWT,2009,30.5211548340109,35124.0853941026,2795484.0
Kuwait,KWT,2010,29.4966453441835,32568.4981754501,2943372.0
Kuwait,KWT,2011,29.3265415693367,33545.346271839,3132814.0
Kuwait,KWT,2012,27.5578052739662,33578.3309651964,3337109.0
Kuwait,KWT,2013,26.7612812884495,32311.1800008536,3507844.0
Kuwait,KWT,2014,25.1870221469575,31073.1537300624,3665876.0
Kuwait,KWT,2015,24.9282188842881,29882.2126495698,3834574.0
Kuwait,KWT,2016,24.5748353685826,29454.4426388829,4004096.0
Kuwait,KWT,2017,23.4582455235038,27048.3706935958,4154812.0
Kuwait,KWT,2018,22.9164695855109,26706.0191660864,4323515.0
Kuwait,KWT,2019,21.7968059903888,26580.2264741607,4442316.0
Kuwait,KWT,2020,21.1232409306072,25541.5378987908,4400267.0
Kuwait,KWT,2021,22.9081845000934,26203.2617257856,4360865.0
Kuwait,KWT,2022,22.3585581710822,26579.8321646876,4589643.0
Kuwait,KWT,2023,22.6972114508944,24716.196765637,4853420.0
Kuwait,KWT,2024,23.6726718577295,23867.826500295,4897263.0
Kyrgyz Republic,KGZ,1990,5.38718483816402,1203.47208279448,4391236.0
Kyrgyz Republic,KGZ,1991,4.76327136140642,1089.90005451003,4463634.0
Kyrgyz Republic,KGZ,1992,3.10025689861363,928.31552055094,4515400.0
Kyrgyz Republic,KGZ,1993,2.27755321991765,784.564919201316,4516777.0
Kyrgyz Republic,KGZ,1994,1.49063059722897,627.220989930123,4515069.0
Kyrgyz Republic,KGZ,1995,1.04331717850898,587.298180667228,4560454.0
Kyrgyz Republic,KGZ,1996,1.27812017790883,619.667768615001,4628438.0
Kyrgyz Republic,KGZ,1997,1.24284002647974,671.25000816306,4696421.0
Kyrgyz Republic,KGZ,1998,1.29104228021929,675.058248147575,4769015.0
Kyrgyz Republic,KGZ,1999,1.01518008140613,689.414278205464,4840422.0
Kyrgyz Republic,KGZ,2000,0.979490695052754,718.342832397662,4898362.0
Kyrgyz Republic,KGZ,2001,0.815154801557025,749.423779561565,4945073.0
Kyrgyz Republic,KGZ,2002,1.00955696831549,742.44300111832,4990704.0
Kyrgyz Republic,KGZ,2003,1.12225943765481,786.350474964134,5043308.0
Kyrgyz Republic,KGZ,2004,1.09912153729309,831.482103944381,5104713.0
Kyrgyz Republic,KGZ,2005,1.0872925479987,820.709519437592,5162640.0
Kyrgyz Republic,KGZ,2006,1.07127259780012,837.138026647346,5218373.0
Kyrgyz Republic,KGZ,2007,1.27961415120573,900.02796489729,5268385.0
Kyrgyz Republic,KGZ,2008,1.47100933324484,966.409971184817,5318729.0
Kyrgyz Republic,KGZ,2009,1.30648727568783,981.220904665529,5389643.0
Kyrgyz Republic,KGZ,2010,1.20827304040436,962.764789828724,5467059.0
Kyrgyz Republic,KGZ,2011,1.42500243843647,1005.4831781815,5546587.0
Kyrgyz Republic,KGZ,2012,1.84730353944285,985.8472865972,5652076.0
Kyrgyz Republic,KGZ,2013,1.67670910396995,1069.78404438716,5777150.0
Kyrgyz Republic,KGZ,2014,1.68334843700684,1088.58214229508,5905848.0
Kyrgyz Republic,KGZ,2015,1.70796995249697,1105.65193844261,6040036.0
Kyrgyz Republic,KGZ,2016,1.57746831023662,1128.3161612818,6175338.0
Kyrgyz Republic,KGZ,2017,1.5280901441896,1157.18275758067,6306696.0
Kyrgyz Republic,KGZ,2018,1.78020784661392,1175.0712778747,6444079.0
Kyrgyz Republic,KGZ,2019,1.55180160392437,1201.87701429721,6590211.0
Kyrgyz Republic,KGZ,2020,1.38383515228208,1093.32856461422,6726596.0
Kyrgyz Republic,KGZ,2021,1.53476225562031,1132.5546781282,6851224.0
Kyrgyz Republic,KGZ,2022,1.5054865652983,1212.17812721768,6975220.0
Kyrgyz Republic,KGZ,2023,1.44095214620233,1298.25724482211,7099750.0
Kyrgyz Republic,KGZ,2024,1.48784220370685,1391.68404329929,7221868.0
Lao PDR,LAO,1990,0.0593466304727206,634.525297009385,4311955.0
Lao PDR,LAO,1991,0.0705279994805099,643.410259077746,4435118.0
Lao PDR,LAO,1992,0.0756199055803893,660.633861954064,4559646.0
Lao PDR,LAO,1993,0.077437642207357,680.964153708638,4685060.0
Lao PDR,LAO,1994,0.0832151575515364,717.509245108717,4809220.0
Lao PDR,LAO,1995,0.0797255817076652,749.234741728538,4929409.0
Lao PDR,LAO,1996,0.0912860471873156,782.683156535545,5045678.0
Lao PDR,LAO,1997,0.0987575531185784,819.205851313643,5152011.0
Lao PDR,LAO,1998,0.103996253238689,836.088098507116,5248266.0
Lao PDR,LAO,1999,0.0989742329965039,881.634129609675,5340784.0
Lao PDR,LAO,2000,0.172061042728584,917.228038617529,5431212.0
Lao PDR,LAO,2001,0.186381120141295,954.123505414634,5521482.0
Lao PDR,LAO,2002,0.20574279762084,994.492241963795,5610889.0
Lao PDR,LAO,2003,0.210602243440398,1038.71192767783,5697945.0
Lao PDR,LAO,2004,0.217585848686857,1088.76034728831,5781626.0
Lao PDR,LAO,2005,0.221926040668041,1148.68153852071,5869523.0
Lao PDR,LAO,2006,0.28652401395224,1228.08927619923,5963200.0
Lao PDR,LAO,2007,0.298205023714399,1301.08597549864,6056236.0
Lao PDR,LAO,2008,0.343065642386553,1381.73754223953,6148969.0
Lao PDR,LAO,2009,0.423077773444872,1463.3379666846,6241642.0
Lao PDR,LAO,2010,0.467525939369713,1564.91068311647,6334194.0
Lao PDR,LAO,2011,0.486447711772495,1666.40086189871,6426590.0
Lao PDR,LAO,2012,0.511690636170271,1774.63585203672,6518978.0
Lao PDR,LAO,2013,0.596607216188438,1890.27861294875,6611385.0
Lao PDR,LAO,2014,0.654511028510084,2006.31195444447,6703172.0
Lao PDR,LAO,2015,1.31255012574164,2121.01339097363,6801645.0
Lao PDR,LAO,2016,2.29721448088974,2234.76098741846,6908802.0
Lao PDR,LAO,2017,2.74206282655521,2351.57441747595,7018147.0
Lao PDR,LAO,2018,2.78650036580858,2459.97874636195,7128045.0
Lao PDR,LAO,2019,2.67630204116372,2554.95638019245,7237636.0
Lao PDR,LAO,2020,2.645846687138,2529.74622698761,7346533.0
Lao PDR,LAO,2021,3.19548907488521,2556.58912640405,7453194.0
Lao PDR,LAO,2022,3.17918742501495,2589.05015191628,7559007.0
Lao PDR,LAO,2023,3.35860711157858,2648.88726608035,7664993.0
Lao PDR,LAO,2024,3.35435098295083,2721.07810663082,7769819.0
Latvia,LVA,1990,7.36687480356916,7622.69825875963,2663151.0
Latvia,LVA,1991,6.78768164413764,6694.19894278367,2650581.0
Latvia,LVA,1992,5.47190149093193,4607.11379673414,2614338.0
Latvia,LVA,1993,4.70141887964296,4464.7211347223,2563290.0
Latvia,LVA,1994,4.16036230601942,4639.50565161418,2520742.0
Latvia,LVA,1995,3.71641524376111,4661.66840092451,2485056.0
Latvia,LVA,1996,3.76469850912942,4822.90414861125,2457222.0
Latvia,LVA,1997,3.62319763931289,5317.97997604979,2432851.0
Latvia,LVA,1998,3.49279404021296,5719.98918281481,2410019.0
Latvia,LVA,1999,3.29071710224131,5929.26767237825,2390482.0
Latvia,LVA,2000,3.05416992249372,6336.38296707987,2367550.0
Latvia,LVA,2001,3.28140443356709,6833.4354323157,2337170.0
Latvia,LVA,2002,3.31793333226559,7443.22944659059,2310173.0
Latvia,LVA,2003,3.45946489332177,8149.00183600084,2287955.0
Latvia,LVA,2004,3.51629297934446,8957.23393555082,2263122.0
Latvia,LVA,2005,3.58674450006454,10106.2626157732,2238799.0
Latvia,LVA,2006,3.84969596868313,11507.4648265658,2218357.0
Latvia,LVA,2007,4.05135604967448,12810.0409502542,2200325.0
Latvia,LVA,2008,3.89409559082212,12506.6945041012,2177322.0
Latvia,LVA,2009,3.61956025884485,10675.425174228,2141669.0
Latvia,LVA,2010,4.23345275809216,10500.8666223014,2097555.0
Latvia,LVA,2011,3.99736079222842,11018.5152421583,2059709.0
Latvia,LVA,2012,3.94598880509891,11971.0107466522,2034319.0
Latvia,LVA,2013,3.86525804077913,12353.5386135301,2012647.0
Latvia,LVA,2014,3.79876034591545,12731.6771959342,1993782.0
Latvia,LVA,2015,3.86745667695055,13321.9753140616,1977527.0
Latvia,LVA,2016,3.81753444818853,13787.3367440023,1959537.0
Latvia,LVA,2017,3.82654532273942,14382.8612727134,1942248.0
Latvia,LVA,2018,4.20714476222697,15120.0698171804,1927174.0
Latvia,LVA,2019,4.13194121501373,15328.3859933295,1913822.0
Latvia,LVA,2020,3.82914774350693,14900.7295718866,1900449.0
Latvia,LVA,2021,3.99598830452802,16070.1680032322,1884490.0
Latvia,LVA,2022,3.68567769315781,16421.3748596,1879383.0
Latvia,LVA,2023,3.66319656422698,16229.3844520245,1883710.0
Latvia,LVA,2024,3.647774745944,16374.773539624,1866124.0
Lebanon,LBN,1990,1.66181062117978,2752.72442253257,3595175.0
Lebanon,LBN,1991,2.01986310928144,4031.19474543924,3668912.0
Lebanon,LBN,1992,2.12426258302154,4595.5808332577,3747371.0
Lebanon,LBN,1993,2.98475624678229,4992.69878232449,3820647.0
Lebanon,LBN,1994,3.22060342963737,5301.41584672248,3889799.0
Lebanon,LBN,1995,3.66681941609323,5542.2265103529,3960735.0
Lebanon,LBN,1996,3.73782368857194,6054.52911921482,4034781.0
Lebanon,LBN,1997,4.03119945574986,6008.75855385657,4108405.0
Lebanon,LBN,1998,3.93314871686452,6120.45672717024,4181281.0
Lebanon,LBN,1999,3.98249044656787,5982.41788354308,4255277.0
Lebanon,LBN,2000,3.53598931938817,5958.97836750301,4329340.0
Lebanon,LBN,2001,3.7525460492449,6085.76041420146,4401918.0
Lebanon,LBN,2002,3.68898515605677,6207.24133893746,4463504.0
Lebanon,LBN,2003,3.63952510966725,6319.76518298647,4525508.0
Lebanon,LBN,2004,3.62889487678395,6633.75258002393,4599279.0
Lebanon,LBN,2005,3.54858446679178,6707.18024635316,4671102.0
Lebanon,LBN,2006,3.39584048951661,6696.37428200596,4751136.0
Lebanon,LBN,2007,3.08582491177961,7179.34520092306,4844118.0
Lebanon,LBN,2008,3.71794595880824,7701.29823027979,4925354.0
Lebanon,LBN,2009,4.31860187525276,8375.48851252821,4992287.0
Lebanon,LBN,2010,4.09800035229092,8955.54336184707,5041288.0
Lebanon,LBN,2011,4.11737002602031,8936.20027462737,5096020.0
Lebanon,LBN,2012,4.47632828355561,8920.8056984673,5235742.0
Lebanon,LBN,2013,4.02278357415317,8443.53856528784,5743436.0
Lebanon,LBN,2014,3.93405377982319,7830.4151113336,6346990.0
Lebanon,LBN,2015,4.15689901334406,7714.1099998804,6472469.0
Lebanon,LBN,2016,4.40699597979459,8019.1416913426,6323060.0
Lebanon,LBN,2017,4.75585896916428,8305.57405425721,6160128.0
Lebanon,LBN,2018,4.59444406102218,8388.7235123835,5984119.0
Lebanon,LBN,2019,4.66025747446672,8064.04873416236,5794594.0
Lebanon,LBN,2020,3.82658313221911,6440.82843092922,5702398.0
Lebanon,LBN,2021,2.92316253483224,5973.41933892988,5718122.0
Lebanon,LBN,2022,1.81652362812428,5909.03651555028,5744489.0
Lebanon,LBN,2023,1.87387427333851,5834.63415739394,5773493.0
Lebanon,LBN,2024,1.89531037233795,,5805962.0
Lesotho,LSO,1990,0.0601205948402384,533.824964193999,1809696.0
Lesotho,LSO,1991,0.0739261574301487,560.884905718596,1842379.0
Lesotho,LSO,1992,0.0617635220474954,590.008212092485,1873274.0
Lesotho,LSO,1993,0.0587340472911615,601.55791413154,1901793.0
Lesotho,LSO,1994,0.0631838759728527,628.960051227201,1927707.0
Lesotho,LSO,1995,0.064106604517594,641.758711944969,1951437.0
Lesotho,LSO,1996,0.0656554543712337,670.469581774155,1972418.0
Lesotho,LSO,1997,0.0647341974619366,689.806218455005,1988130.0
Lesotho,LSO,1998,0.0633117606224872,696.935973937753,1998049.0
Lesotho,LSO,1999,0.0658435310103562,698.441087182066,2003234.0
Lesotho,LSO,2000,0.175057500001248,725.263668707773,2003913.0
Lesotho,LSO,2001,0.182472175617099,752.243212493971,2000853.0
Lesotho,LSO,2002,0.193214045969301,760.033443180306,1994679.0
Lesotho,LSO,2003,0.197475238771241,798.540500554454,1985059.0
Lesotho,LSO,2004,0.206480651443919,817.793597897186,1971129.0
Lesotho,LSO,2005,0.208850039629794,853.960500629797,1953076.0
Lesotho,LSO,2006,0.21305222504361,893.750686627156,1945063.0
Lesotho,LSO,2007,0.274309516154465,927.26863327342,1953268.0
Lesotho,LSO,2008,0.22196333562331,971.881366821351,1966541.0
Lesotho,LSO,2009,0.25857155622013,952.747929746529,1980883.0
Lesotho,LSO,2010,0.261640445014179,995.233432451681,1996251.0
Lesotho,LSO,2011,0.270207332737838,1031.99721564343,2014009.0
Lesotho,LSO,2012,0.283333185866373,1086.39034816283,2034354.0
Lesotho,LSO,2013,0.2825669193933,1093.95323489272,2056504.0
Lesotho,LSO,2014,0.288016522369956,1100.04993684215,2080089.0
Lesotho,LSO,2015,0.283472812790582,1121.19851342518,2104611.0
Lesotho,LSO,2016,0.308624300725396,1147.58748801671,2130422.0
Lesotho,LSO,2017,0.333455410247971,1097.82166812752,2157110.0
Lesotho,LSO,2018,0.346995310044912,1068.44462913373,2183603.0
Lesotho,LSO,2019,0.354575100536117,1040.99351014117,2209405.0
Lesotho,LSO,2020,0.314528562744915,944.834128375429,2235727.0
Lesotho,LSO,2021,0.33799947115729,955.221236301503,2261542.0
Lesotho,LSO,2022,0.42915695220265,967.51928598325,2286110.0
Lesotho,LSO,2023,0.428947441284169,974.382478149793,2311472.0
Lesotho,LSO,2024,0.428078272524913,991.069661910744,2337423.0
Liberia,LBR,1990,0.168730299995458,754.134009462384,2223667.0
Liberia,LBR,1991,0.131969141096581,735.180658658157,1956518.0
Liberia,LBR,1992,0.111702946400439,450.538677691808,2072461.0
Liberia,LBR,1993,0.115028077244672,290.388920233659,2155126.0
Liberia,LBR,1994,0.115027107884543,227.742776021788,2149928.0
Liberia,LBR,1995,0.117234213027888,216.093554614513,2169162.0
Liberia,LBR,1996,0.12359510798109,235.435058248512,2232289.0
Liberia,LBR,1997,0.112308841855475,449.286058616964,2412989.0
Liberia,LBR,1998,0.108272125189692,528.670341826706,2670124.0
Liberia,LBR,1999,0.107666202168634,609.040903258705,2821684.0
Liberia,LBR,2000,0.136333350067637,754.850917360951,2928117.0
Liberia,LBR,2001,0.152619706314848,754.422355762017,3015338.0
Liberia,LBR,2002,0.150446784296923,762.716393927064,3094782.0
Liberia,LBR,2003,0.161626808123783,528.567395543421,3119532.0
Liberia,LBR,2004,0.172701505151269,535.995882066218,3156892.0
Liberia,LBR,2005,0.206360770853813,539.665378841936,3301015.0
Liberia,LBR,2006,0.205397808574399,551.377446611852,3490787.0
Liberia,LBR,2007,0.182417792071517,574.609394348543,3669050.0
Liberia,LBR,2008,0.146715404306147,591.185378141907,3821003.0
Liberia,LBR,2009,0.132537734959021,603.256211077605,3943028.0
Liberia,LBR,2010,0.1956938966072,621.783295071575,4058890.0
Liberia,LBR,2011,0.209775565020002,646.908727016597,4221178.0
Liberia,LBR,2012,0.223437089459216,674.360011422232,4373043.0
Liberia,LBR,2013,0.202986909648455,717.007280358975,4470239.0
Liberia,LBR,2014,0.259010541172532,707.157694930142,4564293.0
Liberia,LBR,2015,0.264624586135088,692.590082351257,4659431.0
Liberia,LBR,2016,0.291277161616349,668.031513175601,4755608.0
Liberia,LBR,2017,0.253788210788989,671.260899835355,4848925.0
Liberia,LBR,2018,0.129815079743549,665.875439637137,4944726.0
Liberia,LBR,2019,0.20014984968439,636.699384824869,5043721.0
Liberia,LBR,2020,0.162113991303559,605.025475431411,5149463.0
Liberia,LBR,2021,0.159868484974207,621.927983063426,5259323.0
Liberia,LBR,2022,0.161651307373094,638.005183858289,5373294.0
Liberia,LBR,2023,0.152830013156671,653.329188343162,5493031.0
Liberia,LBR,2024,0.154485706553412,665.101337624192,5612817.0
Libya,LBY,1990,7.33872801889842,11085.9439949716,4445239.0
Libya,LBY,1991,7.23138368101399,12541.6926152482,4544400.0
Libya,LBY,1992,7.3842458503148,11949.2275026865,4640352.0
Libya,LBY,1993,7.71008938220532,11274.3452230872,4733045.0
Libya,LBY,1994,8.80924389422976,11280.3829303475,4822037.0
Libya,LBY,1995,9.81142049990187,10839.2802241884,4906843.0
Libya,LBY,1996,10.1498718869758,10891.8055687803,4987393.0
Libya,LBY,1997,9.25534870303688,11284.7780739062,5064639.0
Libya,LBY,1998,9.0292107851376,10722.8700734717,5140704.0
Libya,LBY,1999,9.15167731626332,10643.1452796026,5218038.0
Libya,LBY,2000,9.29018000117247,10853.8059516526,5305021.0
Libya,LBY,2001,9.0214945891093,10467.8776146012,5403639.0
Libya,LBY,2002,9.05829449877551,10170.3095776338,5508410.0
Libya,LBY,2003,9.57214634023075,11267.0627623548,5619398.0
Libya,LBY,2004,9.27889988186574,11529.1086646221,5736693.0
Libya,LBY,2005,9.85289132685578,12628.896152656,5858798.0
Libya,LBY,2006,9.61121605909892,13176.7758911904,5980211.0
Libya,LBY,2007,8.80448137239163,13712.9602583972,6104380.0
Libya,LBY,2008,9.16430783442361,13403.0004645911,6235430.0
Libya,LBY,2009,9.46592937047626,12549.0854345521,6366686.0
Libya,LBY,2010,9.79867306653797,12913.9334939386,6497839.0
Libya,LBY,2011,6.97396882931226,6569.59477578957,6343203.0
Libya,LBY,2012,10.1719960487613,12599.258882136,6179328.0
Libya,LBY,2013,9.93067314994636,10126.314927806,6304628.0
Libya,LBY,2014,9.61533793913791,7644.24843947404,6427252.0
Libya,LBY,2015,8.3409996510926,7458.48917756374,6531819.0
Libya,LBY,2016,7.71283597446731,7236.16409923502,6632126.0
Libya,LBY,2017,8.22031320255774,9435.60060040046,6738770.0
Libya,LBY,2018,8.36151848685695,10020.9165751361,6849055.0
Libya,LBY,2019,8.26849764632106,8768.4104874586,6951033.0
Libya,LBY,2020,6.48685759316115,6102.79864032512,7045399.0
Libya,LBY,2021,8.1793228617378,7731.35448152581,7135175.0
Libya,LBY,2022,8.05301361263212,7002.68189296358,7223805.0
Libya,LBY,2023,8.65140297405067,7630.49664928174,7305659.0
Libya,LBY,2024,8.66457129316627,7696.0807819319,7381023.0
Liechtenstein,LIE,1990,,,28742.0
Liechtenstein,LIE,1991,,,29209.0
Liechtenstein,LIE,1992,,,29627.0
Liechtenstein,LIE,1993,,,30089.0
Liechtenstein,LIE,1994,,,30470.0
Liechtenstein,LIE,1995,,,30776.0
Liechtenstein,LIE,1996,,,31033.0
Liechtenstein,LIE,1997,,,31232.0
Liechtenstein,LIE,1998,,,31668.0
Liechtenstein,LIE,1999,,,32221.0
Liechtenstein,LIE,2000,,,32645.0
Liechtenstein,LIE,2001,,,33194.0
Liechtenstein,LIE,2002,,,33694.0
Liechtenstein,LIE,2003,,,34079.0
Liechtenstein,LIE,2004,,,34447.0
Liechtenstein,LIE,2005,,,34753.0
Liechtenstein,LIE,2006,,,35037.0
Liechtenstein,LIE,2007,,,35262.0
Liechtenstein,LIE,2008,,,35473.0
Liechtenstein,LIE,2009,,,35742.0
Liechtenstein,LIE,2010,,,36022.0
Liechtenstein,LIE,2011,,,36312.0
Liechtenstein,LIE,2012,,,36657.0
Liechtenstein,LIE,2013,,,36984.0
Liechtenstein,LIE,2014,,,37248.0
Liechtenstein,LIE,2015,,167187.15730982,37494.0
Liechtenstein,LIE,2016,,,37716.0
Liechtenstein,LIE,2017,,,37962.0
Liechtenstein,LIE,2018,,,38246.0
Liechtenstein,LIE,2019,,,38563.0
Liechtenstein,LIE,2020,,,38901.0
Liechtenstein,LIE,2021,,,39182.0
Liechtenstein,LIE,2022,,,39493.0
Liechtenstein,LIE,2023,,,39846.0
Liechtenstein,LIE,2024,,,40450.0
Lithuania,LTU,1990,9.49806346302894,8333.3507070025,3697838.0
Lithuania,LTU,1991,9.98252223056725,7847.01734327521,3704134.0
Lithuania,LTU,1992,5.64533957602387,6185.53523621407,3700114.0
Lithuania,LTU,1993,4.40399249120122,5206.44266110742,3682613.0
Lithuania,LTU,1994,4.30237365550823,4730.69631958508,3657144.0
Lithuania,LTU,1995,4.16549328180911,4924.09667530707,3629102.0
Lithuania,LTU,1996,4.3306984953686,5211.10025197912,3601613.0
Lithuania,LTU,1997,4.21432801036716,5685.44901491024,3575137.0
Lithuania,LTU,1998,4.48670467758572,6154.17245640636,3549331.0
Lithuania,LTU,1999,3.7828602949063,6129.99843995634,3524238.0
Lithuania,LTU,2000,3.33092730007635,6384.30865426374,3499536.0
Lithuania,LTU,2001,3.57013822101879,6854.52512826671,3470818.0
Lithuania,LTU,2002,3.62197424563623,7374.0979710116,3443067.0
Lithuania,LTU,2003,3.65786848433758,8218.69336289848,3415213.0
Lithuania,LTU,2004,3.86899905983728,8851.92598922347,3377075.0
Lithuania,LTU,2005,4.20098792244941,9692.86853763267,3322528.0
Lithuania,LTU,2006,4.34082416360822,10577.2145522871,3269909.0
Lithuania,LTU,2007,4.81800789405111,11889.3545234657,3231294.0
Lithuania,LTU,2008,4.95001768164964,12324.5197331387,3198231.0
Lithuania,LTU,2009,4.17668379432144,10612.9204044582,3162916.0
Lithuania,LTU,2010,4.53332954506564,10884.1161852582,3097282.0
Lithuania,LTU,2011,4.72911365651569,11836.7200384033,3028115.0
Lithuania,LTU,2012,4.8479177448757,12516.6184065667,2989139.0
Lithuania,LTU,2013,4.51309413254538,13145.8069309969,2961250.0
Lithuania,LTU,2014,4.49797821297655,13753.1895982305,2937253.0
Lithuania,LTU,2015,4.69257592209704,14269.8039878287,2911109.0
Lithuania,LTU,2016,4.69887829841954,14823.107153522,2877325.0
Lithuania,LTU,2017,4.91240709777077,15695.9993288456,2842639.0
Lithuania,LTU,2018,4.97247446083995,16604.9021440809,2819200.0
Lithuania,LTU,2019,5.08575146500164,17431.7239081591,2811089.0
Lithuania,LTU,2020,5.07196741780172,17443.65526328,2810369.0
Lithuania,LTU,2021,5.10322677130588,18569.7057246217,2808380.0
Lithuania,LTU,2022,4.65112254775415,18884.5152531698,2831639.0
Lithuania,LTU,2023,4.51994281903548,18685.5523679178,2871585.0
Lithuania,LTU,2024,4.49056496639174,19092.6451176955,2888278.0
Luxembourg,LUX,1990,31.3699096503863,66027.0750081087,381850.0
Luxembourg,LUX,1991,32.1940568475452,70779.9738182581,387000.0
Luxembourg,LUX,1992,31.0392044367948,71116.9413609679,392175.0
Luxembourg,LUX,1993,31.1851059815083,73116.1933406133,397475.0
Luxembourg,LUX,1994,28.4722963330645,74883.1415751349,402925.0
Luxembourg,LUX,1995,22.2171918017742,74896.0964542561,408625.0
Luxembourg,LUX,1996,22.0843744341843,74916.5073926589,414225.0
Luxembourg,LUX,1997,20.3802598641078,77993.0573693363,419450.0
Luxembourg,LUX,1998,18.3807393454203,82170.2392472062,424700.0
Luxembourg,LUX,1999,18.9702073291132,87695.3390885394,430475.0
Luxembourg,LUX,2000,20.1714416685767,92527.7108705226,436300.0
Luxembourg,LUX,2001,21.1410452409263,94243.7068360989,441525.0
Luxembourg,LUX,2002,22.4851235501765,96269.5797484275,446175.0
Luxembourg,LUX,2003,23.1479308283329,97597.9973184565,451630.0
Luxembourg,LUX,2004,25.9341402984097,100292.566948333,458095.0
Luxembourg,LUX,2005,26.0434089062211,101222.044353044,465158.0
Luxembourg,LUX,2006,25.2671712117333,105614.178851764,472637.0
Luxembourg,LUX,2007,23.6288862545912,112417.876989455,479993.0
Luxembourg,LUX,2008,22.9460759234626,110094.791529429,488650.0
Luxembourg,LUX,2009,21.3143076400761,104574.349049084,497783.0
Luxembourg,LUX,2010,22.1192102620953,106544.057363484,506953.0
Luxembourg,LUX,2011,21.3951272024339,105290.249021891,518347.0
Luxembourg,LUX,2012,20.4689365773544,104487.744312565,530946.0
Luxembourg,LUX,2013,18.9995583038869,105338.955521681,543360.0
Luxembourg,LUX,2014,17.6515632218206,105583.937273429,556319.0
Luxembourg,LUX,2015,16.3436352272807,105462.012584423,569604.0
Luxembourg,LUX,2016,15.5348496771555,108351.451826983,582014.0
Luxembourg,LUX,2017,15.408092082316,107142.126672598,596336.0
Luxembourg,LUX,2018,15.6999753269183,106788.728745199,607950.0
Luxembourg,LUX,2019,15.63174898105,107591.965850496,620001.0
Luxembourg,LUX,2020,12.6787105084079,105274.2471768,630419.0
Luxembourg,LUX,2021,13.0933781621838,110873.185245175,640064.0
Luxembourg,LUX,2022,11.1248914795982,107467.187082637,653103.0
Luxembourg,LUX,2023,10.4160977146887,105422.829667869,666430.0
Luxembourg,LUX,2024,10.5572722492364,104147.1739928,677012.0
"Macao SAR, China",MAC,1990,2.81743543812509,31378.8304183133,334950.0
"Macao SAR, China",MAC,1991,2.73595905019195,30982.3788289054,351650.0
"Macao SAR, China",MAC,1992,2.93744944729037,33280.8531405232,370900.0
"Macao SAR, China",MAC,1993,3.15234375,33812.6326064638,384000.0
"Macao SAR, China",MAC,1994,3.3366935483871,34113.7531646476,396800.0
"Macao SAR, China",MAC,1995,2.93501099438065,34162.0125862687,409300.0
"Macao SAR, China",MAC,1996,3.35196338231751,33543.2536281767,415100.0
"Macao SAR, China",MAC,1997,3.54229571052001,33273.3263570517,417300.0
"Macao SAR, China",MAC,1998,3.85792090930618,31376.4225649646,422300.0
"Macao SAR, China",MAC,1999,4.02152550304165,30270.8085696141,427400.0
"Macao SAR, China",MAC,2000,3.38875986994891,31772.6302531656,430600.0
"Macao SAR, China",MAC,2001,3.5946070523162,32441.6760183581,433900.0
"Macao SAR, China",MAC,2002,3.90351277372263,34967.8914561813,438400.0
"Macao SAR, China",MAC,2003,3.95897204688909,38581.6976189322,443600.0
"Macao SAR, China",MAC,2004,4.47503848691445,47665.9330386643,454700.0
"Macao SAR, China",MAC,2005,4.32397043294615,49470.940295748,473500.0
"Macao SAR, China",MAC,2006,4.07757065544197,53240.2045750276,498900.0
"Macao SAR, China",MAC,2007,3.70071030908044,58376.1176047275,520900.0
"Macao SAR, China",MAC,2008,2.95431847604957,58146.3285846714,540700.0
"Macao SAR, China",MAC,2009,3.16579439252336,59528.8350159491,535000.0
"Macao SAR, China",MAC,2010,3.20335195530726,74195.0577762344,537000.0
"Macao SAR, China",MAC,2011,3.07296215429403,88168.9713699088,549600.0
"Macao SAR, China",MAC,2012,3.06920232435288,93192.885853941,567900.0
"Macao SAR, China",MAC,2013,3.0667342456496,99054.4980289716,591900.0
"Macao SAR, China",MAC,2014,3.36030239665434,92383.8434915276,621700.0
"Macao SAR, China",MAC,2015,4.29149167833256,69902.9605741233,642900.0
"Macao SAR, China",MAC,2016,4.02436781609195,68391.3415491921,652500.0
"Macao SAR, China",MAC,2017,4.45172732880938,75650.1261840452,648400.0
"Macao SAR, China",MAC,2018,3.22598269843679,79178.6506290559,658900.0
"Macao SAR, China",MAC,2019,3.34419642857143,75724.6078280261,672000.0
"Macao SAR, China",MAC,2020,3.25780566092793,33853.7761550109,685400.0
"Macao SAR, China",MAC,2021,2.99970695970696,41634.2386139903,682500.0
"Macao SAR, China",MAC,2022,2.47822235346228,34000.7134128308,677300.0
"Macao SAR, China",MAC,2023,2.47569239835003,59474.3964251614,678800.0
"Macao SAR, China",MAC,2024,2.52532751091703,63377.2932129214,687000.0
Madagascar,MDG,1990,0.0753091561550574,538.536275056569,12055639.0
Madagascar,MDG,1991,0.0781392646826303,489.716098120013,12421412.0
Madagascar,MDG,1992,0.0767994675361909,480.810932444988,12800870.0
Madagascar,MDG,1993,0.0772276545017199,476.159733326381,13197345.0
Madagascar,MDG,1994,0.0922075680281478,461.397665709464,13613850.0
Madagascar,MDG,1995,0.100681254903914,454.537946632781,14051275.0
Madagascar,MDG,1996,0.0936549559838935,449.6280870806,14510711.0
Madagascar,MDG,1997,0.0994675806130341,451.303199370831,14990814.0
Madagascar,MDG,1998,0.10746083570636,453.886174768872,15489364.0
Madagascar,MDG,1999,0.106721624928612,460.034389996571,16000506.0
Madagascar,MDG,2000,0.10257721778278,465.529509827021,16516338.0
Madagascar,MDG,2001,0.100417197525336,478.40561494987,17032939.0
Madagascar,MDG,2002,0.0664561698966827,406.70122213637,17549913.0
Madagascar,MDG,2003,0.0857465979970843,433.601040301214,18071854.0
Madagascar,MDG,2004,0.0900701514214735,443.278654985967,18606608.0
Madagascar,MDG,2005,0.093326061823388,450.955230911228,19159707.0
Madagascar,MDG,2006,0.0868890531095146,461.540337897729,19730909.0
Madagascar,MDG,2007,0.0887561893464716,473.785462328449,20318583.0
Madagascar,MDG,2008,0.0893717405600502,490.963935389518,20923840.0
Madagascar,MDG,2009,0.0824187554067149,457.789754866068,21547280.0
Madagascar,MDG,2010,0.0887332565790363,447.417143030687,22183340.0
Madagascar,MDG,2011,0.100533250373538,441.755158414121,22822300.0
Madagascar,MDG,2012,0.121500587449608,442.641500123543,23462438.0
Madagascar,MDG,2013,0.126490659824491,440.674658903628,24109290.0
Madagascar,MDG,2014,0.126540783548996,443.343869908205,24764348.0
Madagascar,MDG,2015,0.134437411505432,445.320069480568,25426702.0
Madagascar,MDG,2016,0.124571110322348,451.15659433146,26099952.0
Madagascar,MDG,2017,0.132624692613867,456.851859574031,26788375.0
Madagascar,MDG,2018,0.11912379760542,459.330367799543,27494926.0
Madagascar,MDG,2019,0.142139028845034,467.27741349648,28219554.0
Madagascar,MDG,2020,0.108038542830456,422.924255422319,28953556.0
Madagascar,MDG,2021,0.138189637609379,431.599103077746,29691083.0
Madagascar,MDG,2022,0.144033985186775,438.516263353189,30437261.0
Madagascar,MDG,2023,0.147269201638214,445.834551910581,31195932.0
Madagascar,MDG,2024,0.146494805123461,453.383067004772,31964956.0
Malawi,MWI,1990,0.160991391863188,353.771303717595,9545852.0
Malawi,MWI,1991,0.17958748817962,372.997561772469,9844227.0
Malawi,MWI,1992,0.190555988759436,335.726543539643,10135079.0
Malawi,MWI,1993,0.190411846569008,362.930995399017,10284024.0
Malawi,MWI,1994,0.20071040583404,329.584099900642,10164894.0
Malawi,MWI,1995,0.205702062350611,385.279714072363,10150117.0
Malawi,MWI,1996,0.215460865042771,405.397063690478,10352228.0
Malawi,MWI,1997,0.237908698465779,412.4131068375,10562035.0
Malawi,MWI,1998,0.247116709207073,419.313245170577,10792876.0
Malawi,MWI,1999,0.248338945911785,422.099909963762,11047804.0
Malawi,MWI,2000,0.273808402340698,418.592985038462,11315942.0
Malawi,MWI,2001,0.273146222506607,388.260039763569,11593058.0
Malawi,MWI,2002,0.263500341738185,385.308980237095,11880440.0
Malawi,MWI,2003,0.25920295685927,397.224846758815,12181574.0
Malawi,MWI,2004,0.251729158048841,408.064916052765,12500737.0
Malawi,MWI,2005,0.277904313470894,410.267979592536,12840031.0
Malawi,MWI,2006,0.286891869131667,417.877689776503,13198701.0
Malawi,MWI,2007,0.300478560389937,445.254305419586,13576343.0
Malawi,MWI,2008,0.306502016933238,465.55147298007,13976417.0
Malawi,MWI,2009,0.288827537610307,489.631418790158,14395788.0
Malawi,MWI,2010,0.302506403583916,508.088650552846,14826463.0
Malawi,MWI,2011,0.375983735889801,517.833736624232,15265022.0
Malawi,MWI,2012,0.361753852443003,512.74031797451,15709577.0
Malawi,MWI,2013,0.310800469452195,525.357645516557,16161816.0
Malawi,MWI,2014,0.299117927594907,539.562601918057,16621538.0
Malawi,MWI,2015,0.287318193984204,539.605363240686,17085587.0
Malawi,MWI,2016,0.279415248170622,538.221990810959,17557739.0
Malawi,MWI,2017,0.299783006549716,544.795729220349,18039715.0
Malawi,MWI,2018,0.294590681031673,553.528790902088,18528081.0
Malawi,MWI,2019,0.294726852321002,569.866249371948,19025752.0
Malawi,MWI,2020,0.266526561430064,559.447086086067,19533888.0
Malawi,MWI,2021,0.305223786714373,569.968967322435,20047258.0
Malawi,MWI,2022,0.272369783877739,560.635759714941,20568728.0
Malawi,MWI,2023,0.222924211075164,557.03523965791,21104482.0
Malawi,MWI,2024,0.221419380007265,551.95152347056,21655286.0
Malaysia,MYS,1990,3.61260484744973,4184.76072928976,17833171.0
Malaysia,MYS,1991,4.10556073600581,4456.93133148159,18342464.0
Malaysia,MYS,1992,4.20963640692233,4726.13789172987,18834572.0
Malaysia,MYS,1993,4.11439644140166,5062.5911043705,19322664.0
Malaysia,MYS,1994,4.41799341952245,5390.10167606966,19820446.0
Malaysia,MYS,1995,4.47298675262839,5771.35211956083,20330599.0
Malaysia,MYS,1996,4.96064596756838,6190.46429134886,20850087.0
Malaysia,MYS,1997,5.29808397743593,6480.55649455855,21375218.0
Malaysia,MYS,1998,5.05105900643332,5857.96702940857,21906713.0
Malaysia,MYS,1999,5.334257522142,6070.95621987091,22435531.0
Malaysia,MYS,2000,5.69323613529471,6455.61419792583,22967816.0
Malaysia,MYS,2001,5.88304152527669,6334.92795651698,23526538.0
Malaysia,MYS,2002,6.08030867532827,6516.90671560155,24102477.0
Malaysia,MYS,2003,6.34316955354466,6732.92049458099,24679602.0
Malaysia,MYS,2004,6.71466646648273,7025.34558004381,25256772.0
Malaysia,MYS,2005,7.01024161142768,7234.02442689141,25836071.0
Malaysia,MYS,2006,7.10605067191351,7469.8106921211,26417909.0
Malaysia,MYS,2007,7.58861945429411,7769.59693350488,26998389.0
Malaysia,MYS,2008,7.83922878075814,7976.11785374773,27570059.0
Malaysia,MYS,2009,7.03693732266971,7700.46111294033,28124778.0
Malaysia,MYS,2010,7.52034773024468,8118.92270511981,28655776.0
Malaysia,MYS,2011,7.48482299197254,8400.32248683558,29162039.0
Malaysia,MYS,2012,7.40984230399317,8710.52671359902,29662831.0
Malaysia,MYS,2013,7.85952532729463,8964.80724896203,30174265.0
Malaysia,MYS,2014,8.18962008151058,9341.73055971278,30696137.0
Malaysia,MYS,2015,8.09596053481984,9648.6797937523,31232798.0
Malaysia,MYS,2016,7.78504411100645,9901.47960179812,31789685.0
Malaysia,MYS,2017,7.35056919281223,10293.7629205362,32355644.0
Malaysia,MYS,2018,7.72644571640815,10610.1950240479,32910967.0
Malaysia,MYS,2019,7.63039929073035,10902.9834855856,33440596.0
Malaysia,MYS,2020,7.46778698028461,10171.4657842762,33889558.0
Malaysia,MYS,2021,7.5232628848407,10388.2667120857,34282399.0
Malaysia,MYS,2022,7.98329915646393,11191.6511756943,34695493.0
Malaysia,MYS,2023,8.03895132928611,11445.3925275079,35126298.0
Malaysia,MYS,2024,8.32321620146515,11883.79127749,35557673.0
Maldives,MDV,1990,0.420889652165402,4582.26127944099,224762.0
Maldives,MDV,1991,0.423206012027506,4507.19492955077,231802.0
Maldives,MDV,1992,0.451071714533648,4671.99639313801,238543.0
Maldives,MDV,1993,0.518204537658647,4803.909904607,244884.0
Maldives,MDV,1994,1.08642782531038,5053.64633599107,250822.0
Maldives,MDV,1995,1.30528464946289,5580.26342049427,256649.0
Maldives,MDV,1996,1.29751817249673,5888.07241870662,262347.0
Maldives,MDV,1997,1.1325815163593,6254.75856992657,267707.0
Maldives,MDV,1998,1.25878638765341,6599.87173747822,272723.0
Maldives,MDV,1999,1.23570717921359,6889.01246088686,277412.0
Maldives,MDV,2000,2.22609114988706,7037.08546104613,282019.0
Maldives,MDV,2001,1.93432298695457,6647.6503820039,286767.0
Maldives,MDV,2002,2.30474322396576,7012.25568873173,291616.0
Maldives,MDV,2003,1.94778256338304,7845.29307409315,296491.0
Maldives,MDV,2004,2.45145365329299,8174.41607301248,301413.0
Maldives,MDV,2005,2.23477542921851,7141.88377049891,306429.0
Maldives,MDV,2006,2.66527747243119,8620.72814678183,313851.0
Maldives,MDV,2007,2.70587618921409,8933.17166363858,324479.0
Maldives,MDV,2008,2.84350179968468,9396.49733610486,336170.0
Maldives,MDV,2009,2.82592778694997,8313.4098369723,348275.0
Maldives,MDV,2010,2.92051930198009,8569.52494600725,360792.0
Maldives,MDV,2011,3.06229494158009,9005.81391375104,373674.0
Maldives,MDV,2012,3.72836837996164,8907.66134868182,386818.0
Maldives,MDV,2013,4.05254080535906,9213.32791442475,400070.0
Maldives,MDV,2014,5.30224821513622,9612.07861806739,413617.0
Maldives,MDV,2015,3.7098800898742,9644.90655028145,428154.0
Maldives,MDV,2016,3.91172728667202,9909.07669723415,443308.0
Maldives,MDV,2017,3.50893653976657,10263.2991147672,458287.0
Maldives,MDV,2018,2.93025349873916,10793.8941325367,473099.0
Maldives,MDV,2019,3.10683553024106,11194.9253748064,487731.0
Maldives,MDV,2020,2.40580899310521,7295.60220956454,502118.0
Maldives,MDV,2021,3.25639247201417,9759.2219360708,516154.0
Maldives,MDV,2022,3.4143856395462,10939.9963271738,524106.0
Maldives,MDV,2023,3.41106552546227,11439.5364342871,525994.0
Maldives,MDV,2024,3.56650922036609,11798.791369146,527799.0
Mali,MLI,1990,0.0347865686585327,589.775405883669,9178830.0
Mali,MLI,1991,0.0426364173105563,651.363081549537,9362888.0
Mali,MLI,1992,0.0380801252729355,606.068363323528,9553540.0
Mali,MLI,1993,0.0363411355205537,619.374429340424,9754786.0
Mali,MLI,1994,0.0355371624709505,640.081008924462,9967031.0
Mali,MLI,1995,0.0357277328794795,630.924447487992,10185365.0
Mali,MLI,1996,0.0380887298292599,656.777675992751,10407278.0
Mali,MLI,1997,0.0369980918602789,668.480326659359,10646495.0
Mali,MLI,1998,0.0374739928017332,695.126372031158,10919573.0
Mali,MLI,1999,0.0379606525633906,707.881746309111,11227415.0
Mali,MLI,2000,0.0688623609235515,682.49742045713,11559290.0
Mali,MLI,2001,0.069953739700229,766.960343246307,11912158.0
Mali,MLI,2002,0.0710527707813689,766.073669042446,12288050.0
Mali,MLI,2003,0.0707058085740154,814.808466525191,12684955.0
Mali,MLI,2004,0.0697657965035285,800.501816706213,13102409.0
Mali,MLI,2005,0.0697854076555803,794.373328211361,13538647.0
Mali,MLI,2006,0.0811071283852147,797.100532884951,13990139.0
Mali,MLI,2007,0.0935206143407267,784.893915016638,14457775.0
Mali,MLI,2008,0.10451260181696,787.156518987615,14940782.0
Mali,MLI,2009,0.130044049644136,803.486738927624,15435539.0
Mali,MLI,2010,0.124608048140889,821.181286587872,15945198.0
Mali,MLI,2011,0.131495145833861,818.399030995547,16469049.0
Mali,MLI,2012,0.133938525684299,786.323471336853,16957033.0
Mali,MLI,2013,0.157002316488651,788.819448205749,17459615.0
Mali,MLI,2014,0.16153478747013,813.975661285204,18020267.0
Mali,MLI,2015,0.189920713265439,838.11986940103,18593022.0
Mali,MLI,2016,0.238623888160926,860.75307554569,19191289.0
Mali,MLI,2017,0.260490442366382,878.561348377434,19813011.0
Mali,MLI,2018,0.28284862119858,892.978322791418,20442030.0
Mali,MLI,2019,0.290188080208255,909.751069703313,21068405.0
Mali,MLI,2020,0.315153895424097,872.389426814294,21713836.0
Mali,MLI,2021,0.326094093296463,872.332509419855,22388630.0
Mali,MLI,2022,0.324748273279521,877.817842432934,23072640.0
Mali,MLI,2023,0.301946302024471,892.360907760383,23769127.0
Mali,MLI,2024,0.302799241541437,909.755317910813,24478595.0
Malta,MLT,1990,6.55589123867069,10067.7520087393,354170.0
Malta,MLT,1991,6.09655210323077,10413.179334802,363845.0
Malta,MLT,1992,5.91918785260787,10789.7667872192,367618.0
Malta,MLT,1993,7.57672875348767,11161.1976052253,371308.0
Malta,MLT,1994,6.71163323078893,11682.1569740746,374797.0
Malta,MLT,1995,6.32162132802005,12336.7913490463,377419.0
Malta,MLT,1996,6.13627090983272,12719.015202376,379905.0
Malta,MLT,1997,6.47115527794541,13286.7170509793,382791.0
Malta,MLT,1998,6.1875952212247,13877.2541047609,385287.0
Malta,MLT,1999,6.23797016342517,14446.3559977251,387578.0
Malta,MLT,2000,5.47313804356464,17178.3773811056,390087.0
Malta,MLT,2001,6.3478937887377,16920.7309706609,393028.0
Malta,MLT,2002,5.86965141210549,17255.4299440987,395969.0
Malta,MLT,2003,6.55699454566438,17775.4264786392,398582.0
Malta,MLT,2004,6.49665560174248,17728.3659761648,401268.0
Malta,MLT,2005,6.52471064843475,18123.2685184554,403834.0
Malta,MLT,2006,6.56142982620624,18479.213008171,405308.0
Malta,MLT,2007,6.69594122795803,19342.3252929886,406724.0
Malta,MLT,2008,6.675232486278,20064.4610845081,409379.0
Malta,MLT,2009,6.10579498978125,19635.9157805971,412477.0
Malta,MLT,2010,6.25971030715933,20750.6479461598,414508.0
Malta,MLT,2011,6.20225431693044,20867.9310851632,416268.0
Malta,MLT,2012,6.48623425104993,21529.3982167566,420028.0
Malta,MLT,2013,5.60886043172242,22626.4981391343,424810.0
Malta,MLT,2014,5.4659835148484,23866.0667851301,433481.0
Malta,MLT,2015,3.76435099725361,25529.6813337717,444220.0
Malta,MLT,2016,3.00436738869759,25969.5120352027,454505.0
Malta,MLT,2017,3.33585952653145,28546.6597365912,467106.0
Malta,MLT,2018,3.23907890630974,29536.8052374716,483903.0
Malta,MLT,2019,3.32002413119751,29522.661886008,503912.0
Malta,MLT,2020,3.14341694310268,27861.8202844538,515490.0
Malta,MLT,2021,3.14078934671427,31436.3493030938,518150.0
Malta,MLT,2022,3.3821427831742,31430.6187070236,531113.0
Malta,MLT,2023,3.23421022637843,33408.2005015872,552747.0
Malta,MLT,2024,3.17888641409729,34670.0815997119,568847.0
Marshall Islands,MHL,1990,0.0022406955118868,3148.09977817114,44629.0
Marshall Islands,MHL,1991,0.0021945224719101,3085.93530547753,45568.0
Marshall Islands,MHL,1992,0.0021557299301543,3247.85289298957,46388.0
Marshall Islands,MHL,1993,0.0021234578387446,3391.38513154821,47093.0
Marshall Islands,MHL,1994,0.0020959087860496,3544.13564721663,47712.0
Marshall Islands,MHL,1995,0.0020718518211577,3791.20498901919,48266.0
Marshall Islands,MHL,1996,0.0020502306509482,3365.11122501281,48775.0
Marshall Islands,MHL,1997,0.0020300858726324,3117.27400069023,49259.0
Marshall Islands,MHL,1998,0.0020113844359072,3067.73739364805,49717.0
Marshall Islands,MHL,1999,0.0019919525118521,2997.54989841042,50202.0
Marshall Islands,MHL,2000,0.0019721531968603,3040.59677355737,50706.0
Marshall Islands,MHL,2001,0.0019560667409972,3224.7911898754,51123.0
Marshall Islands,MHL,2002,0.0019445794846864,3322.41127856101,51425.0
Marshall Islands,MHL,2003,0.0019365208466469,3256.97244330835,51639.0
Marshall Islands,MHL,2004,0.0019308374041821,3234.15265200518,51791.0
Marshall Islands,MHL,2005,0.0019265595499556,3284.78403267445,51906.0
Marshall Islands,MHL,2006,0.0019233728265887,3285.12078781351,51992.0
Marshall Islands,MHL,2007,0.0019217834150091,3403.47842798117,52035.0
Marshall Islands,MHL,2008,0.0019219680953296,3146.26177205458,52030.0
Marshall Islands,MHL,2009,0.0019223745170034,3262.26955535477,52019.0
Marshall Islands,MHL,2010,0.0019214510798555,3441.31888402121,52044.0
Marshall Islands,MHL,2011,0.0019265224343537,3433.06297801838,51907.0
Marshall Islands,MHL,2012,0.0019448063945234,3420.91444796671,51419.0
Marshall Islands,MHL,2013,0.0019731260235591,3602.92811901896,50681.0
Marshall Islands,MHL,2014,0.0020081934291911,3620.77275283155,49796.0
Marshall Islands,MHL,2015,0.0020491803278688,3764.34426229508,48800.0
Marshall Islands,MHL,2016,0.0020960405793456,3946.8444109078,47709.0
Marshall Islands,MHL,2017,0.0021491972748178,4190.93468589482,46529.0
Marshall Islands,MHL,2018,0.0022082367229767,4542.34293916308,45285.0
Marshall Islands,MHL,2019,0.0022723657599927,5162.81500670348,44007.0
Marshall Islands,MHL,2020,0.0023415913454783,5172.57528216176,42706.0
Marshall Islands,MHL,2021,0.0024173858389537,5455.31642282232,41367.0
Marshall Islands,MHL,2022,0.0024951967462634,5591.46421459004,40077.0
Marshall Islands,MHL,2023,0.0025755273392227,5482.44553639985,38827.0
Marshall Islands,MHL,2024,0.0026632576968147,5811.03355673487,37548.0
Mauritania,MRT,1990,0.362266494114899,1437.75048235693,1951878.0
Mauritania,MRT,1991,0.446127803723669,1421.32599916128,2009738.0
Mauritania,MRT,1992,1.09652872060475,1393.6010549879,2088135.0
Mauritania,MRT,1993,1.04262098450648,1416.96725698321,2174328.0
Mauritania,MRT,1994,1.04767645837612,1327.72304115123,2249454.0
Mauritania,MRT,1995,1.06084860102672,1418.64664553675,2312017.0
Mauritania,MRT,1996,1.03011295113027,1471.80330919792,2358188.0
Mauritania,MRT,1997,0.99000292787394,1381.16274883447,2411306.0
Mauritania,MRT,1998,0.985997621482787,1383.19229722759,2474651.0
Mauritania,MRT,1999,0.990597624107978,1396.17220086364,2541698.0
Mauritania,MRT,2000,0.404906787641274,1304.64439067179,2613441.0
Mauritania,MRT,2001,0.436955904970957,1262.65567288639,2678760.0
Mauritania,MRT,2002,0.474576023632038,1252.10300454131,2738655.0
Mauritania,MRT,2003,0.486430272736422,1308.56307582578,2802046.0
Mauritania,MRT,2004,0.518255187780793,1338.66768122804,2868664.0
Mauritania,MRT,2005,0.523398815743406,1418.53202144135,2939059.0
Mauritania,MRT,2006,0.560912644425715,1637.04191255803,3013660.0
Mauritania,MRT,2007,0.608071168380558,1563.60628765192,3093059.0
Mauritania,MRT,2008,0.660578794943186,1514.2655013629,3183269.0
Mauritania,MRT,2009,0.638554789115249,1469.05426880813,3284448.0
Mauritania,MRT,2010,0.621327557199794,1460.19179652873,3390965.0
Mauritania,MRT,2011,0.646623526076628,1472.55245572229,3502811.0
Mauritania,MRT,2012,0.698114469220239,1488.97177557214,3619034.0
Mauritania,MRT,2013,0.620006116243983,1502.90142381083,3734318.0
Mauritania,MRT,2014,0.697074247358851,1520.64621634902,3848514.0
Mauritania,MRT,2015,0.695166036764374,1554.94897871782,3965959.0
Mauritania,MRT,2016,0.642260899312078,1528.05152299375,4086657.0
Mauritania,MRT,2017,0.90462166912079,1576.06857825162,4210600.0
Mauritania,MRT,2018,1.02255004685679,1602.90225649072,4337685.0
Mauritania,MRT,2019,1.00413903504884,1605.1352359742,4467708.0
Mauritania,MRT,2020,1.00766695557148,1553.30615586591,4600131.0
Mauritania,MRT,2021,0.931619299689918,1520.3111804259,4734874.0
Mauritania,MRT,2022,1.03090119301334,1576.75624107308,4875637.0
Mauritania,MRT,2023,0.961166094335404,1634.89897144624,5022441.0
Mauritania,MRT,2024,0.969475151347498,1688.6139322919,5169395.0
Mauritius,MUS,1990,1.12120138839697,3859.6444147337,1058775.0
Mauritius,MUS,1991,1.18792898214089,3987.55945306988,1070266.0
Mauritius,MUS,1992,1.2385182780806,4191.74021836504,1084441.0
Mauritius,MUS,1993,1.34931208503209,4352.85511912038,1097374.0
Mauritius,MUS,1994,1.37036031939729,4469.87416457643,1112846.0
Mauritius,MUS,1995,1.39167914672901,4621.61639619164,1122457.0
Mauritius,MUS,1996,1.44303859978342,4830.20993790498,1133996.0
Mauritius,MUS,1997,1.43117904629865,5041.40686512359,1148284.0
Mauritius,MUS,1998,1.55331556392034,5291.58766014963,1160421.0
Mauritius,MUS,1999,1.87965798410063,5361.15873837858,1175267.0
Mauritius,MUS,2000,2.05860273171603,5744.19830169899,1186873.0
Mauritius,MUS,2001,2.15968241734634,5889.77138546269,1196287.0
Mauritius,MUS,2002,2.18923628261503,5943.48081247767,1204621.0
Mauritius,MUS,2003,2.27589276148248,6250.2637051329,1213370.0
Mauritius,MUS,2004,2.28082977683101,6480.13648507258,1221003.0
Mauritius,MUS,2005,2.42563834516313,6556.38819193225,1228254.0
Mauritius,MUS,2006,2.69231018577046,6843.39977734988,1233996.0
Mauritius,MUS,2007,2.75428958640885,7202.43853899489,1239630.0
Mauritius,MUS,2008,2.80350544681747,7563.03143738425,1244121.0
Mauritius,MUS,2009,2.75622901183154,7793.0308214588,1247429.0
Mauritius,MUS,2010,2.93961932181702,8114.82056038003,1250400.0
Mauritius,MUS,2011,2.9195850540241,8432.19129317694,1252404.0
Mauritius,MUS,2012,2.98093292204204,8702.82242878289,1255882.0
Mauritius,MUS,2013,3.06387900172131,8973.51550099533,1258927.0
Mauritius,MUS,2014,3.16403004104002,9300.07878638583,1261208.0
Mauritius,MUS,2015,3.16000186874594,9630.5437837507,1262879.0
Mauritius,MUS,2016,3.21654571682465,9995.65028642071,1263747.0
Mauritius,MUS,2017,3.32606786218848,10379.9138706732,1264887.0
Mauritius,MUS,2018,3.29636205462015,10789.9241521132,1265577.0
Mauritius,MUS,2019,3.32168232640987,11098.3137067341,1265985.0
Mauritius,MUS,2020,2.95810314893832,9483.67602630847,1266014.0
Mauritius,MUS,2021,3.14916917653636,9804.0031863121,1266334.0
Mauritius,MUS,2022,3.20778314533676,10688.4383112722,1262523.0
Mauritius,MUS,2023,3.46174699494733,11348.4337725632,1248647.0
Mauritius,MUS,2024,3.53634151803811,11934.770909957,1245779.0
Mexico,MEX,1990,3.49748738743231,8036.86114412537,82820170.0
Mexico,MEX,1991,3.64186920349183,8197.01179494896,84430572.0
Mexico,MEX,1992,3.61673648435898,8330.26426802488,86044809.0
Mexico,MEX,1993,3.65474599409014,8411.79621338297,87653807.0
Mexico,MEX,1994,3.8782901998735,8623.48043007968,89259205.0
Mexico,MEX,1995,3.59068330258081,7970.64038496182,90862455.0
Mexico,MEX,1996,3.69826076040482,8320.65295694833,92452702.0
Mexico,MEX,1997,3.83666208411896,8770.84481553539,94021207.0
Mexico,MEX,1998,4.01785211222843,9161.89527783381,95575245.0
Mexico,MEX,1999,3.84179255370092,9264.97729259968,97115707.0
Mexico,MEX,2000,4.02272121123337,9581.96970210753,98625552.0
Mexico,MEX,2001,3.94395058441036,9398.35074355724,100099099.0
Mexico,MEX,2002,3.94830756150866,9242.27886130016,101548624.0
Mexico,MEX,2003,4.08541432161845,9221.99666693097,102978515.0
Mexico,MEX,2004,4.12339368005276,9421.28975988024,104394131.0
Mexico,MEX,2005,4.22758379844974,9491.51730225718,105811504.0
Mexico,MEX,2006,4.32571227914951,9813.8280424425,107253666.0
Mexico,MEX,2007,4.32899168517287,9877.69532644737,108774360.0
Mexico,MEX,2008,4.27910076303278,9826.3421836048,110374288.0
Mexico,MEX,2009,4.12122098054155,9074.1188145564,111999721.0
Mexico,MEX,2010,4.19755809286418,9389.06722084275,113623895.0
Mexico,MEX,2011,4.22179978144365,9575.93437788582,115243504.0
Mexico,MEX,2012,4.33350424276325,9782.51776305354,116818208.0
Mexico,MEX,2013,4.17443117084187,9738.71059803658,118343573.0
Mexico,MEX,2014,4.01481960973153,9862.48125444199,119784261.0
Mexico,MEX,2015,4.05069677949307,10021.2386118827,121072306.0
Mexico,MEX,2016,4.06104469144067,10100.5021214015,122251351.0
Mexico,MEX,2017,4.05743329599921,10193.7727193457,123400057.0
Mexico,MEX,2018,3.83831705872518,10296.8690928534,124573711.0
Mexico,MEX,2019,3.92542377851696,10159.4448364319,125762982.0
Mexico,MEX,2020,3.46247141559905,9234.64362317923,126799054.0
Mexico,MEX,2021,3.54662489893704,9728.05680032556,127648148.0
Mexico,MEX,2022,3.52183828963573,10013.2479236143,128613117.0
Mexico,MEX,2023,3.66576524934041,10259.1766616403,129739759.0
Mexico,MEX,2024,3.63738680384754,10316.4611902215,130861007.0
"Micronesia, Fed. Sts.",FSM,1990,0.0009911981603362,2384.9445815498,100888.0
"Micronesia, Fed. Sts.",FSM,1991,0.001946396247348,2515.5554496917,102754.0
"Micronesia, Fed. Sts.",FSM,1992,0.0019082876934526,2565.15314176404,104806.0
"Micronesia, Fed. Sts.",FSM,1993,0.0018680066501036,2715.41906315227,107066.0
"Micronesia, Fed. Sts.",FSM,1994,0.0018336007334402,2651.15791052711,109075.0
"Micronesia, Fed. Sts.",FSM,1995,0.001814388097614,2807.39482220059,110230.0
"Micronesia, Fed. Sts.",FSM,1996,0.0018065215427694,2701.88915850828,110710.0
"Micronesia, Fed. Sts.",FSM,1997,0.0018006500346625,2525.83664246821,111071.0
"Micronesia, Fed. Sts.",FSM,1998,0.0017957028830009,2590.35340769037,111377.0
"Micronesia, Fed. Sts.",FSM,1999,0.0017908309455587,2612.485867645,111680.0
"Micronesia, Fed. Sts.",FSM,2000,0.0017850130305951,2724.42245620978,112044.0
"Micronesia, Fed. Sts.",FSM,2001,0.0017799136741868,2766.08612139035,112365.0
"Micronesia, Fed. Sts.",FSM,2002,0.0017785998861696,2776.29556090642,112448.0
"Micronesia, Fed. Sts.",FSM,2003,0.0017811818141336,2829.3364363568,112285.0
"Micronesia, Fed. Sts.",FSM,2004,0.0017869108778199,2747.87981611358,111925.0
"Micronesia, Fed. Sts.",FSM,2005,0.0017951387642264,2824.41492288117,111412.0
"Micronesia, Fed. Sts.",FSM,2006,0.0018062115615602,2836.18187521481,110729.0
"Micronesia, Fed. Sts.",FSM,2007,0.0018201674554059,2808.83168399832,109880.0
"Micronesia, Fed. Sts.",FSM,2008,0.0018359403686568,2759.97734131572,108936.0
"Micronesia, Fed. Sts.",FSM,2009,0.0018525894569134,2815.59835156937,107957.0
"Micronesia, Fed. Sts.",FSM,2010,0.0018597731076808,2884.91733583068,107540.0
"Micronesia, Fed. Sts.",FSM,2011,0.0018570446990659,2989.68205288365,107698.0
"Micronesia, Fed. Sts.",FSM,2012,0.0018537399202891,2933.79998441501,107890.0
"Micronesia, Fed. Sts.",FSM,2013,0.0018497794138049,2819.90328917215,108121.0
"Micronesia, Fed. Sts.",FSM,2014,0.0018450865345584,2740.01667828088,108396.0
"Micronesia, Fed. Sts.",FSM,2015,0.0018396556164686,2853.07643587028,108716.0
"Micronesia, Fed. Sts.",FSM,2016,0.0018336007334402,2870.49424845266,109075.0
"Micronesia, Fed. Sts.",FSM,2017,0.0018268009974333,2922.07246225843,109481.0
"Micronesia, Fed. Sts.",FSM,2018,0.001819687195771,2910.6935304708,109909.0
"Micronesia, Fed. Sts.",FSM,2019,0.0018135325801128,3019.25086619614,110282.0
"Micronesia, Fed. Sts.",FSM,2020,0.0018031663601283,2951.77114318964,110916.0
"Micronesia, Fed. Sts.",FSM,2021,0.0017917293771948,3023.96457451783,111624.0
"Micronesia, Fed. Sts.",FSM,2022,0.0017838985318515,2923.25915160041,112114.0
"Micronesia, Fed. Sts.",FSM,2023,0.0017757258279321,2923.05174793291,112630.0
"Micronesia, Fed. Sts.",FSM,2024,0.0017674089784376,2930.27926555574,113160.0
Moldova,MDA,1990,10.6843654211407,3740.10149814887,2977912.0
Moldova,MDA,1991,8.60373374260372,3137.8350172715,2981566.0
Moldova,MDA,1992,6.8460381118195,2225.17356234959,2980965.0
Moldova,MDA,1993,5.83444165692753,2202.16445303219,2975966.0
Moldova,MDA,1994,4.74698701775852,1526.42524496526,2966745.0
Moldova,MDA,1995,4.15193688202628,1511.95831765054,2953200.0
Moldova,MDA,1996,3.58362741675157,1425.9518091471,2947293.0
Moldova,MDA,1997,3.28043092030992,1454.80861555923,2936413.0
Moldova,MDA,1998,2.99394220617349,1360.18161095544,2935227.0
Moldova,MDA,1999,2.54198596748404,1316.43254916007,2930622.0
Moldova,MDA,2000,2.3577376987747,1346.91567176561,2924668.0
Moldova,MDA,2001,2.46105817585547,1432.2768928234,2918135.0
Moldova,MDA,2002,2.51059203781018,1547.57421231612,2911385.0
Moldova,MDA,2003,2.7110792994484,1654.36629303195,2903198.0
Moldova,MDA,2004,2.72501288836449,1781.19145323724,2896023.0
Moldova,MDA,2005,2.88374636766892,1919.44550763748,2888985.0
Moldova,MDA,2006,2.81572124915002,2017.17730062908,2880967.0
Moldova,MDA,2007,2.79219385317951,2082.51260097669,2874299.0
Moldova,MDA,2008,2.76331874319628,2249.22589719372,2868833.0
Moldova,MDA,2009,2.7251028108556,2116.94357544097,2865213.0
Moldova,MDA,2010,2.97129565385693,2269.51116145996,2862354.0
Moldova,MDA,2011,2.98346662826114,2402.94446306051,2860699.0
Moldova,MDA,2012,2.92022861745732,2389.08666147529,2860324.0
Moldova,MDA,2013,2.62071970563283,2605.85029986142,2859558.0
Moldova,MDA,2014,2.81365308811102,2737.80185056647,2857815.0
Moldova,MDA,2015,2.92639787755758,2749.55137054338,2835978.0
Moldova,MDA,2016,3.00493795274377,2910.95486872376,2803186.0
Moldova,MDA,2017,3.01460262798668,3085.33305844263,2755189.0
Moldova,MDA,2018,3.27363703423792,3267.9961042872,2707203.0
Moldova,MDA,2019,3.41941968843461,3438.67732670712,2664224.0
Moldova,MDA,2020,3.35786090249817,3188.91691602699,2635130.0
Moldova,MDA,2021,3.71857097344219,3688.16729442144,2595809.0
Moldova,MDA,2022,3.27771217414482,3611.95484733286,2528654.0
Moldova,MDA,2023,3.33935095165033,3760.7000642059,2457783.0
Moldova,MDA,2024,3.41675873098598,3851.51202518347,2402306.0
Monaco,MCO,1990,,105878.37276656,30358.0
Monaco,MCO,1991,,106020.717884683,30625.0
Monaco,MCO,1992,,106558.024151992,30887.0
Monaco,MCO,1993,,104739.794413175,31136.0
Monaco,MCO,1994,,106244.898612952,31375.0
Monaco,MCO,1995,,107691.087543628,31609.0
Monaco,MCO,1996,,108107.452988927,31837.0
Monaco,MCO,1997,,109747.029483889,32063.0
Monaco,MCO,1998,,112873.604489635,32267.0
Monaco,MCO,1999,,116084.581378187,32410.0
Monaco,MCO,2000,,120456.506337384,32455.0
Monaco,MCO,2001,,123122.12291461,32447.0
Monaco,MCO,2002,,124481.880220824,32422.0
Monaco,MCO,2003,,126022.239091348,32374.0
Monaco,MCO,2004,,129403.404955341,32307.0
Monaco,MCO,2005,,132253.218402608,32210.0
Monaco,MCO,2006,,140615.178788026,32057.0
Monaco,MCO,2007,,162028.480643444,31837.0
Monaco,MCO,2008,,163243.752211148,31836.0
Monaco,MCO,2009,,142375.532007071,32364.0
Monaco,MCO,2010,,141814.78664157,33163.0
Monaco,MCO,2011,,148272.711991792,33946.0
Monaco,MCO,2012,,146472.677860476,34711.0
Monaco,MCO,2013,,157167.975027858,35447.0
Monaco,MCO,2014,,165288.200345355,36128.0
Monaco,MCO,2015,,170437.101188261,36757.0
Monaco,MCO,2016,,173120.189785092,37276.0
Monaco,MCO,2017,,165781.779121526,37678.0
Monaco,MCO,2018,,173041.761057866,38154.0
Monaco,MCO,2019,,185582.7556905,38109.0
Monaco,MCO,2020,,161262.925884403,38050.0
Monaco,MCO,2021,,194674.777609089,38527.0
Monaco,MCO,2022,,214359.605825981,38931.0
Monaco,MCO,2023,,225884.183303985,38956.0
Monaco,MCO,2024,,247170.219910657,38631.0
Mongolia,MNG,1990,6.26475311024391,1823.45623781461,2098710.0
Mongolia,MNG,1991,6.86187216615204,1613.69985423318,2165342.0
Mongolia,MNG,1992,5.97719336282573,1462.6746723198,2167790.0
Mongolia,MNG,1993,5.51343337351568,1418.0656069858,2165130.0
Mongolia,MNG,1994,4.75304821651643,1432.28072706305,2189395.0
Mongolia,MNG,1995,4.64905874077786,1499.26495210763,2224945.0
Mongolia,MNG,1996,3.86933963913367,1509.32921132514,2259507.0
Mongolia,MNG,1997,3.73919493836588,1546.08098489924,2291750.0
Mongolia,MNG,1998,3.69922829285884,1575.67716165836,2323809.0
Mongolia,MNG,1999,3.67186535376375,1601.31353865438,2356813.0
Mongolia,MNG,2000,3.78533006126955,1598.31282040605,2388299.0
Mongolia,MNG,2001,3.72755507080754,1625.46152259484,2417751.0
Mongolia,MNG,2002,3.94360699167465,1680.65335337555,2449027.0
Mongolia,MNG,2003,3.77463237398876,1775.64906676137,2480374.0
Mongolia,MNG,2004,3.81795335056602,1942.36263694017,2508412.0
Mongolia,MNG,2005,4.38774218806367,2060.26168223171,2536407.0
Mongolia,MNG,2006,4.95386355704029,2209.74321787628,2567168.0
Mongolia,MNG,2007,5.07731037530988,2403.72416258662,2601850.0
Mongolia,MNG,2008,4.99621481680735,2576.71295838607,2643201.0
Mongolia,MNG,2009,5.17581002669897,2498.72967493254,2691115.0
Mongolia,MNG,2010,5.44277377454793,2611.67326563924,2738622.0
Mongolia,MNG,2011,5.82704695840423,3010.81642672623,2786317.0
Mongolia,MNG,2012,6.21877976761671,3318.16496597089,2839705.0
Mongolia,MNG,2013,6.61573895373284,3628.90708069575,2899011.0
Mongolia,MNG,2014,6.59114249102211,3830.35892049593,2963113.0
Mongolia,MNG,2015,5.95530555717072,3838.92126989984,3026864.0
Mongolia,MNG,2016,6.18895798314975,3817.91962716702,3088856.0
Mongolia,MNG,2017,6.69287250187922,3956.2049437134,3148917.0
Mongolia,MNG,2018,7.1556569765684,4183.85566447661,3208189.0
Mongolia,MNG,2019,7.75337679137417,4337.8167085432,3267673.0
Mongolia,MNG,2020,6.76709333121744,4066.03410882791,3327204.0
Mongolia,MNG,2021,7.35537974094353,4063.53669849245,3383741.0
Mongolia,MNG,2022,7.26765621705495,4205.88554513551,3433748.0
Mongolia,MNG,2023,7.79990491634218,4456.53627552726,3481145.0
Mongolia,MNG,2024,7.84665630954259,4626.79609644243,3524788.0
Montenegro,MNE,1990,,,606372.0
Montenegro,MNE,1991,,,607105.0
Montenegro,MNE,1992,,,608516.0
Montenegro,MNE,1993,,,610170.0
Montenegro,MNE,1994,,,611389.0
Montenegro,MNE,1995,,,611712.0
Montenegro,MNE,1996,,,611003.0
Montenegro,MNE,1997,,4448.04459737155,609520.0
Montenegro,MNE,1998,,4680.26589864188,607662.0
Montenegro,MNE,1999,,4251.94337074251,606001.0
Montenegro,MNE,2000,,4391.36966049063,604950.0
Montenegro,MNE,2001,,4421.83994305167,607389.0
Montenegro,MNE,2002,,4488.00716747744,609828.0
Montenegro,MNE,2003,,4581.10700736435,612267.0
Montenegro,MNE,2004,,4775.39883026359,613353.0
Montenegro,MNE,2005,,4967.68527082416,614261.0
Montenegro,MNE,2006,,5386.53833750521,615025.0
Montenegro,MNE,2007,,5763.04035952173,615875.0
Montenegro,MNE,2008,,6149.68558098863,616969.0
Montenegro,MNE,2009,,5768.65709477479,618294.0
Montenegro,MNE,2010,,5917.91788713074,619428.0
Montenegro,MNE,2011,,6110.66013917018,620345.0
Montenegro,MNE,2012,,5948.3791195297,621418.0
Montenegro,MNE,2013,,6138.25153608056,622587.0
Montenegro,MNE,2014,,6272.09116381077,623744.0
Montenegro,MNE,2015,,6421.00307345999,624651.0
Montenegro,MNE,2016,,6634.38508838803,625353.0
Montenegro,MNE,2017,,6840.91155440218,625982.0
Montenegro,MNE,2018,,7159.47114735985,626438.0
Montenegro,MNE,2019,,7470.29588471711,626753.0
Montenegro,MNE,2020,,6351.95486320483,626590.0
Montenegro,MNE,2021,,7198.30460781272,625053.0
Montenegro,MNE,2022,,7773.60323941511,623591.0
Montenegro,MNE,2023,,8278.0284985113,623529.0
Montenegro,MNE,2024,,8540.00828913129,623525.0
Morocco,MAR,1990,0.921460195915161,1695.63647460938,24375551.0
Morocco,MAR,1991,0.94941274681324,1786.76281738281,24799014.0
Morocco,MAR,1992,1.00044946016392,1720.42248535156,25212468.0
Morocco,MAR,1993,1.01422681592433,1680.71044921875,25614586.0
Morocco,MAR,1994,1.08180041384845,1830.88061523438,26000822.0
Morocco,MAR,1995,1.10884974065159,1705.4482421875,26399429.0
Morocco,MAR,1996,1.07893108603304,1886.67224121094,26808107.0
Morocco,MAR,1997,1.11951356792443,1828.96862792969,27213337.0
Morocco,MAR,1998,1.12986017344077,1931.74047851563,27621648.0
Morocco,MAR,1999,1.17224427046332,1935.47875976563,28027179.0
Morocco,MAR,2000,1.18101840963276,1957.14135742188,28423435.0
Morocco,MAR,2001,1.28395135764826,2078.96606445313,28814643.0
Morocco,MAR,2002,1.3109395796486,2127.50708007813,29198142.0
Morocco,MAR,2003,1.28858561553446,2229.576171875,29571415.0
Morocco,MAR,2004,1.42987260916412,2301.08178710938,29953018.0
Morocco,MAR,2005,1.47108136782011,2342.15478515625,30358144.0
Morocco,MAR,2006,1.47482491570521,2489.99291992188,30771178.0
Morocco,MAR,2007,1.47563680503993,2540.615234375,31186468.0
Morocco,MAR,2008,1.56522177671636,2648.58569335938,31606767.0
Morocco,MAR,2009,1.52837686302843,2710.66650390625,32030778.0
Morocco,MAR,2010,1.60291293785669,2767.04223632813,32467016.0
Morocco,MAR,2011,1.70993845880488,2879.53930664063,32912588.0
Morocco,MAR,2012,1.75533733964027,2927.45043945313,33355241.0
Morocco,MAR,2013,1.73118097184317,3008.185546875,33787571.0
Morocco,MAR,2014,1.73842954113431,3051.458984375,34204780.0
Morocco,MAR,2015,1.76683506518859,3146.24780273438,34607588.0
Morocco,MAR,2016,1.74200393753249,3124.42504882813,35023457.0
Morocco,MAR,2017,1.80163893690506,3242.64428710938,35446392.0
Morocco,MAR,2018,1.81912490485427,3304.7119140625,35839760.0
Morocco,MAR,2019,1.9847450344921,3364.73950195313,36210898.0
Morocco,MAR,2020,1.84742826740981,3090.89428710938,36584208.0
Morocco,MAR,2021,1.97891230504847,3309.130859375,36954442.0
Morocco,MAR,2022,1.93751442575683,3334.91162109375,37329064.0
Morocco,MAR,2023,1.8573653487086,3421.21704101563,37712505.0
Morocco,MAR,2024,1.83925269318779,3516.15405273438,38081173.0
Mozambique,MOZ,1990,0.088731659622635,221.048981086396,13094537.0
Mozambique,MOZ,1991,0.0729698496639852,227.4627362365,13352090.0
Mozambique,MOZ,1992,0.0853135268438638,206.194607588583,13613316.0
Mozambique,MOZ,1993,0.0961555432450144,221.624579964898,14051192.0
Mozambique,MOZ,1994,0.076174750411621,220.478583291331,15033853.0
Mozambique,MOZ,1995,0.0787881104198921,212.086249862904,15960530.0
Mozambique,MOZ,1996,0.0735729253574963,227.198486695187,16492480.0
Mozambique,MOZ,1997,0.0791387271089727,247.184945629196,16949982.0
Mozambique,MOZ,1998,0.0747615519400173,266.672705397492,17340464.0
Mozambique,MOZ,1999,0.0727395507943666,291.560018665606,17734506.0
Mozambique,MOZ,2000,0.0866536165915586,287.390630344484,18129653.0
Mozambique,MOZ,2001,0.102310266807763,317.185703581034,18537729.0
Mozambique,MOZ,2002,0.104824589581639,340.13537022259,18958338.0
Mozambique,MOZ,2003,0.130236083841799,356.521157404125,19392475.0
Mozambique,MOZ,2004,0.140133877928236,377.064958084878,19840313.0
Mozambique,MOZ,2005,0.131290646947492,391.699758163976,20304569.0
Mozambique,MOZ,2006,0.136002702062102,420.526462764726,20787087.0
Mozambique,MOZ,2007,0.152388933763661,442.049574057751,21287635.0
Mozambique,MOZ,2008,0.144341849016611,460.94729485679,21819036.0
Mozambique,MOZ,2009,0.151975649954928,475.788178051193,22391745.0
Mozambique,MOZ,2010,0.156770431712185,494.162859074785,22999235.0
Mozambique,MOZ,2011,0.179664805829954,514.869957191994,23649039.0
Mozambique,MOZ,2012,0.193192939095761,540.2945177803,24337846.0
Mozambique,MOZ,2013,0.204274287988904,559.393953685688,25051611.0
Mozambique,MOZ,2014,0.224549920070884,585.266716133984,25788475.0
Mozambique,MOZ,2015,0.243268951299953,610.563774706589,26547572.0
Mozambique,MOZ,2016,0.304783553342609,620.779714954555,27337105.0
Mozambique,MOZ,2017,0.295110559594905,618.397694360334,28166393.0
Mozambique,MOZ,2018,0.277593949600126,621.153734194787,29018644.0
Mozambique,MOZ,2019,0.288756199727081,617.13932000195,29884380.0
Mozambique,MOZ,2020,0.258364105041605,591.804059985932,30783688.0
Mozambique,MOZ,2021,0.288380146210081,588.215854695416,31707800.0
Mozambique,MOZ,2022,0.333694203552974,596.058889461466,32656246.0
Mozambique,MOZ,2023,0.318684376705804,610.433258850746,33635160.0
Mozambique,MOZ,2024,0.292006477521244,605.604720848519,34631766.0
Myanmar,MMR,1990,0.111323606946145,170.233436728781,39817251.0
Myanmar,MMR,1991,0.106235669646652,166.71043994981,40394154.0
Myanmar,MMR,1992,0.111100415229743,180.333227419724,40950342.0
Myanmar,MMR,1993,0.122580777139574,188.680525347254,41502429.0
Myanmar,MMR,1994,0.145050035854117,200.124788544139,42055143.0
Myanmar,MMR,1995,0.173689503413868,211.265635947401,42605338.0
Myanmar,MMR,1996,0.180315728054731,222.01335977894,43154860.0
Myanmar,MMR,1997,0.177232052915296,231.587954119212,43708798.0
Myanmar,MMR,1998,0.190370992968402,242.132148134742,44257793.0
Myanmar,MMR,1999,0.20641370389797,265.455335148419,44787724.0
Myanmar,MMR,2000,0.221722533260091,298.590464510138,45290841.0
Myanmar,MMR,2001,0.191710326457028,328.973872713504,45771139.0
Myanmar,MMR,2002,0.191306347918213,364.855800197477,46232653.0
Myanmar,MMR,2003,0.234820213738165,411.498764127557,46667192.0
Myanmar,MMR,2004,0.225863126405762,463.33013572168,47068772.0
Myanmar,MMR,2005,0.236985402005318,522.099544791815,47438365.0
Myanmar,MMR,2006,0.218804446194408,586.085579935448,47785135.0
Myanmar,MMR,2007,0.226987849132935,651.729730899198,48125043.0
Myanmar,MMR,2008,0.172766335943286,714.620419027129,48390793.0
Myanmar,MMR,2009,0.160062197522633,785.634853168658,48660459.0
Myanmar,MMR,2010,0.176083810704641,854.932478027749,49024382.0
Myanmar,MMR,2011,0.185603670753961,895.512538762631,49419820.0
Myanmar,MMR,2012,0.251973184982232,953.123081936485,49837446.0
Myanmar,MMR,2013,0.28292574578925,1024.69060474658,50262658.0
Myanmar,MMR,2014,0.350073559191087,1099.24387751605,50681634.0
Myanmar,MMR,2015,0.386395865290602,1166.73305547935,51089056.0
Myanmar,MMR,2016,0.446262538135226,1225.37913972668,51495696.0
Myanmar,MMR,2017,0.650427600472324,1290.56409027458,51894938.0
Myanmar,MMR,2018,0.641233195886911,1361.56831265985,52272247.0
Myanmar,MMR,2019,0.653317518704581,1440.98988238708,52640713.0
Myanmar,MMR,2020,0.654863780011824,1301.3138635245,53016522.0
Myanmar,MMR,2021,0.596355651595398,1136.99566055698,53387102.0
Myanmar,MMR,2022,0.577248041256632,1174.76697947364,53756787.0
Myanmar,MMR,2023,0.577107115225871,1177.76649647177,54133798.0
Myanmar,MMR,2024,0.575463259318228,1158.47928099316,54500091.0
Namibia,NAM,1990,0.911850773714802,2857.33777498196,1369303.0
Namibia,NAM,1991,0.802721511297719,2989.40001637296,1415684.0
Namibia,NAM,1992,0.848067708554309,3104.24536078011,1461322.0
Namibia,NAM,1993,0.949097134812358,2959.27503800966,1508697.0
Namibia,NAM,1994,1.06174629121303,2918.37740296161,1556304.0
Namibia,NAM,1995,1.11735958106818,2945.36226956201,1602170.0
Namibia,NAM,1996,1.19166297613211,2958.24060697383,1646103.0
Namibia,NAM,1997,1.20111480502751,3004.30804359997,1689264.0
Namibia,NAM,1998,1.20837168769784,3025.32668011049,1732745.0
Namibia,NAM,1999,1.12178332417607,3050.46098873323,1776368.0
Namibia,NAM,2000,1.05320053864219,3083.59657884697,1818647.0
Namibia,NAM,2001,1.31962124834684,3055.40444831936,1857048.0
Namibia,NAM,2002,1.1277956792965,3145.94566281247,1889970.0
Namibia,NAM,2003,1.18656725758606,3232.30589658857,1917464.0
Namibia,NAM,2004,1.23455137321699,3582.89503259701,1942082.0
Namibia,NAM,2005,1.30663252282386,3627.75059772278,1966582.0
Namibia,NAM,2006,1.27020193906485,3834.99894666178,1991888.0
Namibia,NAM,2007,1.28732785098583,3987.61796106565,2018600.0
Namibia,NAM,2008,1.44803073291595,4036.38187484707,2047056.0
Namibia,NAM,2009,1.47083316886445,3989.20711387651,2077394.0
Namibia,NAM,2010,1.27238885378833,4165.12990200988,2109811.0
Namibia,NAM,2011,1.32617380871956,4302.72451368462,2146325.0
Namibia,NAM,2012,1.36313058914982,4420.96741373862,2194654.0
Namibia,NAM,2013,1.37810831304484,4549.26759093897,2252508.0
Namibia,NAM,2014,1.38659483707511,4701.95694189098,2312139.0
Namibia,NAM,2015,1.50195847197069,4774.10650865775,2374300.0
Namibia,NAM,2016,1.59834340010487,4648.62713460213,2439213.0
Namibia,NAM,2017,1.49737539456841,4476.73324402105,2506853.0
Namibia,NAM,2018,1.47819814870212,4400.47537705743,2577327.0
Namibia,NAM,2019,1.45542679968338,4243.09274481966,2650494.0
Namibia,NAM,2020,1.29890404513109,3787.49943973286,2728762.0
Namibia,NAM,2021,1.31835499696145,3809.80753359714,2810548.0
Namibia,NAM,2022,1.23886461461583,3905.55135268164,2889662.0
Namibia,NAM,2023,1.21960315143456,3977.97779909619,2963095.0
Namibia,NAM,2024,1.20450237960009,4034.35053463284,3030131.0
Nauru,NRU,1990,0.0,20706.6309011684,9622.0
Nauru,NRU,1991,0.0,16385.3941242241,9850.0
Nauru,NRU,1992,0.0,13486.9403127069,10021.0
Nauru,NRU,1993,0.0,11222.494532134,10102.0
Nauru,NRU,1994,0.0,10751.3685053512,10137.0
Nauru,NRU,1995,0.0,9872.21613042566,10165.0
Nauru,NRU,1996,0.0,8686.03948171514,10183.0
Nauru,NRU,1997,0.0,7897.46740747697,10197.0
Nauru,NRU,1998,0.0,6965.83276372891,10198.0
Nauru,NRU,1999,0.0,6515.32995425484,10187.0
Nauru,NRU,2000,0.0,6079.96620774489,10168.0
Nauru,NRU,2001,0.0,5690.15963796811,10130.0
Nauru,NRU,2002,0.0,5147.16130887748,10082.0
Nauru,NRU,2003,0.0,5173.61559183102,10059.0
Nauru,NRU,2004,0.0,4949.8909692212,10060.0
Nauru,NRU,2005,0.0,4955.30929946913,10049.0
Nauru,NRU,2006,0.0,5382.10161869099,10034.0
Nauru,NRU,2007,0.0,4199.70508141733,10020.0
Nauru,NRU,2008,0.0,5045.18472364491,10009.0
Nauru,NRU,2009,0.0,4761.56658392323,10016.0
Nauru,NRU,2010,0.0,4748.76539924078,10043.0
Nauru,NRU,2011,0.0,5417.44487923767,10098.0
Nauru,NRU,2012,0.0,6626.18317072945,10267.0
Nauru,NRU,2013,0.0,6735.42128061862,10517.0
Nauru,NRU,2014,0.0,7638.99065218892,10742.0
Nauru,NRU,2015,0.0,7747.25584993607,10954.0
Nauru,NRU,2016,0.0,7925.5779662048,11150.0
Nauru,NRU,2017,0.0,7308.31758516508,11324.0
Nauru,NRU,2018,0.0,7149.78109138393,11477.0
Nauru,NRU,2019,0.0,7687.19643322519,11587.0
Nauru,NRU,2020,0.0,7770.69883784016,11643.0
Nauru,NRU,2021,0.0,8325.88214663427,11709.0
Nauru,NRU,2022,0.0,8498.6998601243,11801.0
Nauru,NRU,2023,0.0,8504.80065666726,11875.0
Nauru,NRU,2024,0.0,8570.95582950675,11947.0
Nepal,NPL,1990,0.05574513716638,422.724738575869,19524573.0
Nepal,NPL,1991,0.0669128839867242,438.15619419594,20036500.0
Nepal,NPL,1992,0.0684628849890976,443.462044821677,20609707.0
Nepal,NPL,1993,0.0735641314118558,448.13094087379,21180159.0
Nepal,NPL,1994,0.087335182872745,472.951082824345,21717479.0
Nepal,NPL,1995,0.0926751771453015,477.741099613336,22245439.0
Nepal,NPL,1996,0.0962278286624024,492.212428031946,22741862.0
Nepal,NPL,1997,0.104115241597103,506.426874424217,23219463.0
Nepal,NPL,1998,0.108300732121564,511.54871132025,23680357.0
Nepal,NPL,1999,0.138286942213409,524.27256909301,24125199.0
Nepal,NPL,2000,0.139302904539297,547.221082273632,24546509.0
Nepal,NPL,2001,0.146516090995107,564.28622920391,24946748.0
Nepal,NPL,2002,0.117821557843168,556.438454538796,25328981.0
Nepal,NPL,2003,0.131890377884365,570.28967363428,25688758.0
Nepal,NPL,2004,0.112501007047178,589.46992868617,26016656.0
Nepal,NPL,2005,0.124510356693779,603.190108570995,26309458.0
Nepal,NPL,2006,0.102106403341938,617.477638588722,26565425.0
Nepal,NPL,2007,0.104220125567352,633.226129136597,26788492.0
Nepal,NPL,2008,0.114316256772823,666.865095417138,26990037.0
Nepal,NPL,2009,0.149560032583773,692.400000816919,27173035.0
Nepal,NPL,2010,0.175005793295226,721.265221364302,27341952.0
Nepal,NPL,2011,0.195186556140448,742.617252662576,27464494.0
Nepal,NPL,2012,0.226080233042303,775.310578479839,27534915.0
Nepal,NPL,2013,0.228209529280106,801.039060847856,27589996.0
Nepal,NPL,2014,0.265694626083707,846.665541773599,27672370.0
Nepal,NPL,2015,0.263161214520219,875.543635474862,27823629.0
Nepal,NPL,2016,0.385041034199327,875.188943730855,27955462.0
Nepal,NPL,2017,0.471231959664218,951.857298563641,28011258.0
Nepal,NPL,2018,0.531555032536151,1021.91492204011,28079689.0
Nepal,NPL,2019,0.473751308506942,1077.11796498188,28414064.0
Nepal,NPL,2020,0.568109987739662,1031.53618783934,28966574.0
Nepal,NPL,2021,0.589753828751882,1062.7888430629,29475010.0
Nepal,NPL,2022,0.506315976652673,1113.55462341223,29715436.0
Nepal,NPL,2023,0.519690203752101,1136.42769313825,29694614.0
Nepal,NPL,2024,0.535964084109792,1179.81272768386,29651054.0
Netherlands,NLD,1990,11.0235086623358,31308.9134208148,14951510.0
Netherlands,NLD,1991,11.343297368684,31820.8313025199,15069798.0
Netherlands,NLD,1992,11.132399369185,32119.9518808361,15184166.0
Netherlands,NLD,1993,11.2684534472944,32297.9766237802,15290368.0
Netherlands,NLD,1994,11.269962018712,33054.4495589641,15382838.0
Netherlands,NLD,1995,11.4895679579916,33916.5007865382,15459006.0
Netherlands,NLD,1996,12.0957550749499,34915.1715894675,15530498.0
Netherlands,NLD,1997,11.5376617885866,36211.6492887576,15610650.0
Netherlands,NLD,1998,11.5143371429004,37661.7337325878,15707209.0
Netherlands,NLD,1999,11.1402681290415,39298.7334353319,15812088.0
Netherlands,NLD,2000,11.1051053739996,40665.338169599,15925513.0
Netherlands,NLD,2001,11.3084173304799,41297.3198832208,16046180.0
Netherlands,NLD,2002,11.2597436028111,41135.4190736263,16148929.0
Netherlands,NLD,2003,11.3578841244373,40981.8477039972,16225302.0
Netherlands,NLD,2004,11.4700426777688,41663.1477772692,16281779.0
Netherlands,NLD,2005,11.1632826932179,42411.3453838518,16319868.0
Netherlands,NLD,2006,10.8698765534362,43841.1223404104,16346101.0
Netherlands,NLD,2007,10.9184543529559,45445.522872349,16381696.0
Netherlands,NLD,2008,10.9418188812042,46227.211156219,16445593.0
Netherlands,NLD,2009,10.5716574831758,44304.4119317351,16530388.0
Netherlands,NLD,2010,11.2017265434693,44659.272839058,16615394.0
Netherlands,NLD,2011,10.4278277326273,45239.7318887962,16693074.0
Netherlands,NLD,2012,10.2418555171895,44631.8745388789,16754962.0
Netherlands,NLD,2013,10.0780436970437,44487.03063469,16804432.0
Netherlands,NLD,2014,9.59164086966339,45042.0669545832,16865008.0
Netherlands,NLD,2015,9.99734178248626,45793.8135434697,16939923.0
Netherlands,NLD,2016,10.028805106001,46655.0363382039,17030314.0
Netherlands,NLD,2017,9.81688717537774,47670.1057253297,17131296.0
Netherlands,NLD,2018,9.46486529650368,48463.0299739951,17231624.0
Netherlands,NLD,2019,9.10784361996519,49254.0158854264,17344874.0
Netherlands,NLD,2020,8.15069804775965,47086.5804192702,17441500.0
Netherlands,NLD,2021,8.32113351224123,49780.8440526836,17533044.0
Netherlands,NLD,2022,7.52014775225465,51777.5431588864,17700982.0
Netherlands,NLD,2023,6.87570596534106,50960.7745021066,17877117.0
Netherlands,NLD,2024,6.60188395966651,51178.5256968147,17993485.0
New Caledonia,NCL,1990,8.91610373124178,,176456.0
New Caledonia,NCL,1991,9.44945320517772,,181238.0
New Caledonia,NCL,1992,9.30338793585279,,186072.0
New Caledonia,NCL,1993,9.32687823868132,,190857.0
New Caledonia,NCL,1994,9.52283578884947,,195614.0
New Caledonia,NCL,1995,8.50438419195624,,200379.0
New Caledonia,NCL,1996,9.31260181238234,,205034.0
New Caledonia,NCL,1997,8.43195266272189,,209560.0
New Caledonia,NCL,1998,8.17343854387121,,214047.0
New Caledonia,NCL,1999,7.61324687567211,,218527.0
New Caledonia,NCL,2000,9.66750038099848,,223098.0
New Caledonia,NCL,2001,9.6791051658491,,227707.0
New Caledonia,NCL,2002,10.5629618147057,,232236.0
New Caledonia,NCL,2003,11.4822670463668,,236678.0
New Caledonia,NCL,2004,10.1070366864298,,240852.0
New Caledonia,NCL,2005,11.0495496785757,,244381.0
New Caledonia,NCL,2006,10.9987194350972,,247547.0
New Caledonia,NCL,2007,11.1345099212284,,250725.0
New Caledonia,NCL,2008,10.6270067960209,,253825.0
New Caledonia,NCL,2009,10.5434402332362,,257250.0
New Caledonia,NCL,2010,13.4481730394293,,261582.0
New Caledonia,NCL,2011,13.2999178368969,,266543.0
New Caledonia,NCL,2012,13.1331612874724,,271633.0
New Caledonia,NCL,2013,14.1805925829594,,276822.0
New Caledonia,NCL,2014,17.031263334566,,281224.0
New Caledonia,NCL,2015,16.1165809696011,30858.7237060533,283168.0
New Caledonia,NCL,2016,17.1997332608857,,283423.0
New Caledonia,NCL,2017,15.4923716081341,,283546.0
New Caledonia,NCL,2018,21.2498368842601,,283541.0
New Caledonia,NCL,2019,20.3934331431634,,283606.0
New Caledonia,NCL,2020,19.874303248691,,284176.0
New Caledonia,NCL,2021,16.3459717966159,,285214.0
New Caledonia,NCL,2022,16.0756888162913,,287123.0
New Caledonia,NCL,2023,16.7820057267051,,289870.0
New Caledonia,NCL,2024,17.0800884366062,,292639.0
New Zealand,NZL,1990,7.50300318337438,26395.6955991067,3329800.0
New Zealand,NZL,1991,7.34104889702727,24873.0116450683,3495100.0
New Zealand,NZL,1992,7.72862927202197,24884.4957445909,3531700.0
New Zealand,NZL,1993,7.64682828509042,26174.8337705197,3572200.0
New Zealand,NZL,1994,7.70541436464088,27151.4717124485,3620000.0
New Zealand,NZL,1995,7.84382316110415,28020.2488667404,3673400.0
New Zealand,NZL,1996,7.98609324758842,28576.4399807986,3732000.0
New Zealand,NZL,1997,8.28789040806072,28790.3001245608,3781300.0
New Zealand,NZL,1998,7.981625163827,28780.9341788,3815000.0
New Zealand,NZL,1999,8.35222028108785,30169.7402015621,3835100.0
New Zealand,NZL,2000,8.55385333229644,30853.807635459,3857700.0
New Zealand,NZL,2001,8.99577374049736,31718.7628389095,3880500.0
New Zealand,NZL,2002,8.864910725592,32641.8202163485,3948500.0
New Zealand,NZL,2003,8.91989471593166,33517.0893271345,4027200.0
New Zealand,NZL,2004,8.69032415902141,34372.5891093868,4087500.0
New Zealand,NZL,2005,8.75495294999879,35126.3341641095,4133900.0
New Zealand,NZL,2006,8.67562013095636,35665.3533259784,4184600.0
New Zealand,NZL,2007,8.30766134760169,36414.3173040299,4223800.0
New Zealand,NZL,2008,8.49532841917461,35739.3584607571,4259800.0
New Zealand,NZL,2009,7.7665829963278,35370.585185302,4302600.0
New Zealand,NZL,2010,7.68715379134392,35489.7631519026,4350700.0
New Zealand,NZL,2011,7.46138229927007,35957.523248516,4384000.0
New Zealand,NZL,2012,7.89151788752524,36607.1493914827,4408100.0
New Zealand,NZL,2013,7.78476396299048,37267.6586997514,4442100.0
New Zealand,NZL,2014,7.81374958485553,38056.2646732554,4516500.0
New Zealand,NZL,2015,7.67750683386124,38665.3723018158,4609400.0
New Zealand,NZL,2016,7.36993275492671,39235.3695566636,4714100.0
New Zealand,NZL,2017,7.53415323250789,39722.6068434219,4813600.0
New Zealand,NZL,2018,7.27125249969391,40371.5456268118,4900600.0
New Zealand,NZL,2019,7.49357181659055,40727.8822513384,4970300.0
New Zealand,NZL,2020,6.83500906868543,39785.473128643,5072400.0
New Zealand,NZL,2021,6.8263580222633,41490.1148198326,5084600.0
New Zealand,NZL,2022,6.32162465316725,42965.2749754735,5081700.0
New Zealand,NZL,2023,6.11076923076923,42573.2308423434,5200000.0
New Zealand,NZL,2024,6.01694562647754,42408.2378731636,5287500.0
Nicaragua,NIC,1990,0.471993309884617,1260.87382799969,4162559.0
Nicaragua,NIC,1991,0.463748436779942,1229.80604541878,4259637.0
Nicaragua,NIC,1992,0.526368215383613,1206.96231902297,4357026.0
Nicaragua,NIC,1993,0.50530656087973,1176.11536055025,4453732.0
Nicaragua,NIC,1994,0.562634031137868,1189.83516111818,4549316.0
Nicaragua,NIC,1995,0.585664529582714,1234.76828254706,4642931.0
Nicaragua,NIC,1996,0.609855360727141,1288.94097201516,4729974.0
Nicaragua,NIC,1997,0.642156798534922,1317.89046510399,4809573.0
Nicaragua,NIC,1998,0.73545326195237,1346.07276130615,4883655.0
Nicaragua,NIC,1999,0.731325562402074,1420.31830106942,4954018.0
Nicaragua,NIC,2000,0.750642143274255,1458.37490084556,5022633.0
Nicaragua,NIC,2001,0.784932657864608,1482.31517247279,5087825.0
Nicaragua,NIC,2002,0.802480199164684,1475.48635411179,5149909.0
Nicaragua,NIC,2003,0.868783754557459,1494.95618752566,5210963.0
Nicaragua,NIC,2004,0.880651905436692,1555.87425694816,5272912.0
Nicaragua,NIC,2005,0.825573439683421,1601.48770707458,5342105.0
Nicaragua,NIC,2006,0.861159783755055,1644.37193565251,5418855.0
Nicaragua,NIC,2007,0.880041140622672,1703.20780299405,5497243.0
Nicaragua,NIC,2008,0.833501745599867,1736.65740610408,5576593.0
Nicaragua,NIC,2009,0.803556764919428,1655.72028962416,5656601.0
Nicaragua,NIC,2010,0.814142171173605,1704.37875049059,5737450.0
Nicaragua,NIC,2011,0.838899676253052,1786.62863418308,5819051.0
Nicaragua,NIC,2012,0.82136320433153,1876.1759720149,5901287.0
Nicaragua,NIC,2013,0.775237326501605,1941.45628552626,5983845.0
Nicaragua,NIC,2014,0.809215605987777,2006.64869646533,6066492.0
Nicaragua,NIC,2015,0.893922139285724,2074.45620634731,6149417.0
Nicaragua,NIC,2016,0.918114335021321,2140.14405941606,6232666.0
Nicaragua,NIC,2017,0.899666272497,2209.63273423213,6316231.0
Nicaragua,NIC,2018,0.809411757353033,2107.3396261623,6400080.0
Nicaragua,NIC,2019,0.821126102136495,2019.91518620044,6483657.0
Nicaragua,NIC,2020,0.72292566319085,1950.19181218473,6565267.0
Nicaragua,NIC,2021,0.781445055571015,2128.30881395452,6644741.0
Nicaragua,NIC,2022,0.781677382316785,2175.73899144405,6730654.0
Nicaragua,NIC,2023,0.811432301333619,2241.12235476653,6823613.0
Nicaragua,NIC,2024,0.829841501184187,2290.47162505995,6916140.0
Niger,NER,1990,0.0748848155679316,465.923889536505,8286059.0
Niger,NER,1991,0.0692531795153798,449.719266854731,8546900.0
Niger,NER,1992,0.0636565391188316,444.632775312455,8817633.0
Niger,NER,1993,0.0749385575250673,432.184449587188,9100789.0
Niger,NER,1994,0.0607878608993284,426.267506763664,9398258.0
Niger,NER,1995,0.0568118124924018,422.523153898523,9714529.0
Niger,NER,1996,0.0635648987162777,409.039358698404,10044852.0
Niger,NER,1997,0.0618260705516359,401.724988110363,10383969.0
Niger,NER,1998,0.0646190589636578,427.086030331896,10741413.0
Niger,NER,1999,0.0612102943751922,411.735699209485,11117411.0
Niger,NER,2000,0.0609576502459245,392.898616941042,11509630.0
Niger,NER,2001,0.0592333620817729,406.923493665264,11920647.0
Niger,NER,2002,0.0593968294482597,412.123793192578,12349144.0
Niger,NER,2003,0.062264671113131,406.333757497876,12796984.0
Niger,NER,2004,0.0627702618968002,393.398781453199,13265836.0
Niger,NER,2005,0.0580683956722907,407.190931059924,13756192.0
Niger,NER,2006,0.0561793776129525,415.852022114801,14268581.0
Niger,NER,2007,0.0588032243486555,413.419126261066,14803610.0
Niger,NER,2008,0.0592504254840624,429.195542798877,15361915.0
Niger,NER,2009,0.071125383576873,421.650901333136,15943675.0
Niger,NER,2010,0.0871239576683192,441.079166112039,16548835.0
Niger,NER,2011,0.0858043617469507,434.986264873953,17176283.0
Niger,NER,2012,0.11521705528619,463.066265496402,17836769.0
Niger,NER,2013,0.109995206237097,469.690214200878,18519898.0
Niger,NER,2014,0.114592549329829,482.74524741946,19215909.0
Niger,NER,2015,0.108819188928427,485.662574175279,19939498.0
Niger,NER,2016,0.104777428213515,495.017437216008,20685753.0
Niger,NER,2017,0.0920857909837752,501.615305462902,21435446.0
Niger,NER,2018,0.0913914590764974,519.546993483886,22188069.0
Niger,NER,2019,0.103413157111608,532.186024570389,22947757.0
Niger,NER,2020,0.101595383987419,533.194328910254,23717613.0
Niger,NER,2021,0.116675523035947,523.263179518652,24502140.0
Niger,NER,2022,0.127125609686768,566.797962983866,25311973.0
Niger,NER,2023,0.120906578003627,557.572652727864,26159867.0
Niger,NER,2024,0.118901709547783,595.151744559316,27032412.0
Nigeria,NGA,1990,0.773377106941681,1577.19616627741,97120925.0
Nigeria,NGA,1991,0.815745766638446,1541.59066261036,99720162.0
Nigeria,NGA,1992,0.870407238174761,1571.1902261783,102372770.0
Nigeria,NGA,1993,0.824295990597369,1498.95895037787,105122069.0
Nigeria,NGA,1994,0.749498910064189,1433.3886109229,107935714.0
Nigeria,NGA,1995,0.801782698246737,1395.07488456856,110819428.0
Nigeria,NGA,1996,0.911020186677168,1416.10189471212,113754779.0
Nigeria,NGA,1997,0.863537147151956,1420.23877961207,116754792.0
Nigeria,NGA,1998,0.762241596637639,1419.31770917955,119846254.0
Nigeria,NGA,1999,0.73132271389576,1390.46921139078,123047320.0
Nigeria,NGA,2000,0.792790969926579,1421.67987952013,126382494.0
Nigeria,NGA,2001,0.818897081180304,1465.45720342309,129862595.0
Nigeria,NGA,2002,0.720895078592108,1644.39518877633,133471989.0
Nigeria,NGA,2003,0.7843536892773,1717.2145111176,137202644.0
Nigeria,NGA,2004,0.736921009510727,1824.80269456773,141057045.0
Nigeria,NGA,2005,0.710050686175941,1889.25175325818,145017253.0
Nigeria,NGA,2006,0.621989926382773,1949.15856804565,149077334.0
Nigeria,NGA,2007,0.550572897626193,2020.83316299454,153267261.0
Nigeria,NGA,2008,0.581139578438694,2098.28339220668,157595014.0
Nigeria,NGA,2009,0.499337659024901,2204.6072560373,162049464.0
Nigeria,NGA,2010,0.566502430832841,2315.46676509663,166642886.0
Nigeria,NGA,2011,0.606966647220167,2370.97657091803,171379598.0
Nigeria,NGA,2012,0.580337328542393,2403.65387896924,176200625.0
Nigeria,NGA,2013,0.63302873569183,2495.34106573749,181049443.0
Nigeria,NGA,2014,0.660183629190404,2583.6155695814,185896915.0
Nigeria,NGA,2015,0.621244733321397,2585.73360671797,190671878.0
Nigeria,NGA,2016,0.631791150085677,2481.81490350326,195443700.0
Nigeria,NGA,2017,0.579461406473008,2441.71236404488,200254579.0
Nigeria,NGA,2018,0.592412108680957,2431.77857832568,204938755.0
Nigeria,NGA,2019,0.60197968413501,2431.53528472982,209485641.0
Nigeria,NGA,2020,0.555700571123744,2228.68631422888,213996181.0
Nigeria,NGA,2021,0.599006670437755,2206.66406250067,218529286.0
Nigeria,NGA,2022,0.578271036832404,2254.29080416892,223150896.0
Nigeria,NGA,2023,0.552339272252252,2280.91931156115,227882945.0
Nigeria,NGA,2024,0.566917637661195,2324.64881202751,232679478.0
North Macedonia,MKD,1990,5.42242556896897,3534.32265095546,2063689.0
North Macedonia,MKD,1991,4.81450821354537,3328.63950847977,2055994.0
North Macedonia,MKD,1992,4.33205429901654,3146.02235459166,2032523.0
North Macedonia,MKD,1993,4.50540996006685,2948.27151752275,2006854.0
North Macedonia,MKD,1994,4.40184155297476,2917.05894611342,1992666.0
North Macedonia,MKD,1995,4.36169712399189,2876.0722287817,1998534.0
North Macedonia,MKD,1996,5.10495872655279,2889.88516353778,2012553.0
North Macedonia,MKD,1997,4.63315320133669,2954.5238308875,1996869.0
North Macedonia,MKD,1998,5.06479875946627,3038.13983382569,2007523.0
North Macedonia,MKD,1999,4.64355013182017,3154.84918240006,2017142.0
North Macedonia,MKD,2000,4.4599896365386,3283.37934095351,2026350.0
North Macedonia,MKD,2001,4.53166326106379,3169.32514368931,2034882.0
North Macedonia,MKD,2002,4.30169536328117,3240.11064526089,2020157.0
North Macedonia,MKD,2003,4.66800973933679,3307.92040834712,2022725.0
North Macedonia,MKD,2004,4.56366624904647,3473.76544811451,2016186.0
North Macedonia,MKD,2005,4.81870814279944,3657.56307699216,2005330.0
North Macedonia,MKD,2006,4.83751837122741,3866.74650622977,1994287.0
North Macedonia,MKD,2007,5.2251891516254,4140.63354809364,1982933.0
North Macedonia,MKD,2008,5.14447680006979,4392.5507164151,1971493.0
North Macedonia,MKD,2009,4.65666929755328,4405.20045750867,1958782.0
North Macedonia,MKD,2010,4.71412907992507,4582.36517512347,1946298.0
North Macedonia,MKD,2011,5.28745255234082,4711.13027870081,1937398.0
North Macedonia,MKD,2012,4.98507374518155,4708.05168535923,1929821.0
North Macedonia,MKD,2013,4.57514266277495,4863.68088666968,1922716.0
North Macedonia,MKD,2014,4.35528122501704,5053.75001236367,1917557.0
North Macedonia,MKD,2015,4.14802110404041,5262.68671928674,1912430.0
North Macedonia,MKD,2016,3.99771705905588,5429.94678358359,1906313.0
North Macedonia,MKD,2017,4.20312884317705,5510.81862920922,1898657.0
North Macedonia,MKD,2018,3.99285143704431,5698.39334484489,1889051.0
North Macedonia,MKD,2019,4.62504703500897,5961.58475399191,1876262.0
North Macedonia,MKD,2020,4.08399438830595,5743.72649424581,1856124.0
North Macedonia,MKD,2021,4.15543074626833,6064.92315120022,1837114.0
North Macedonia,MKD,2022,4.47897922817561,6250.62720952063,1831712.0
North Macedonia,MKD,2023,4.38791431960329,6423.99221393369,1827816.0
North Macedonia,MKD,2024,3.99992545326879,6628.84686594032,1824359.0
Northern Mariana Islands,MNP,1990,0.00230723086152,,43342.0
Northern Mariana Islands,MNP,1991,0.0022526073930574,,44393.0
Northern Mariana Islands,MNP,1992,0.0022133197583054,,45181.0
Northern Mariana Islands,MNP,1993,0.0021761838440111,,45952.0
Northern Mariana Islands,MNP,1994,0.0021399529210357,,46730.0
Northern Mariana Islands,MNP,1995,0.0020757223513782,,48176.0
Northern Mariana Islands,MNP,1996,0.0019340115267087,,51706.0
Northern Mariana Islands,MNP,1997,0.0017669093222135,,56596.0
Northern Mariana Islands,MNP,1998,0.0016303373167908,,61337.0
Northern Mariana Islands,MNP,1999,0.0015170823472298,,65916.0
Northern Mariana Islands,MNP,2000,0.00146292936977,,68356.0
Northern Mariana Islands,MNP,2001,0.0014709343374911,,67984.0
Northern Mariana Islands,MNP,2002,0.0014974991763754,24066.5361573445,66778.0
Northern Mariana Islands,MNP,2003,0.001528561165375,24650.0405531909,65421.0
Northern Mariana Islands,MNP,2004,0.0015640151396665,24445.4618441919,63938.0
Northern Mariana Islands,MNP,2005,0.001603746351477,21882.2927935415,62354.0
Northern Mariana Islands,MNP,2006,0.001647935137273,20940.1619770428,60682.0
Northern Mariana Islands,MNP,2007,0.0016966118661033,20117.7037335229,58941.0
Northern Mariana Islands,MNP,2008,0.0017497812773403,18451.3905458787,57150.0
Northern Mariana Islands,MNP,2009,0.0018075011296882,15710.5807282039,55325.0
Northern Mariana Islands,MNP,2010,0.0018487363886783,16293.3059496259,54091.0
Northern Mariana Islands,MNP,2011,0.0018653932248918,15226.1308805108,53608.0
Northern Mariana Islands,MNP,2012,0.0018784987038358,15457.4258192247,53234.0
Northern Mariana Islands,MNP,2013,0.0018954471359793,16015.0349164338,52758.0
Northern Mariana Islands,MNP,2014,0.0019165165395377,16869.5270385638,52178.0
Northern Mariana Islands,MNP,2015,0.0019412198625616,17665.1007493109,51514.0
Northern Mariana Islands,MNP,2016,0.0019695507454749,23158.5744988538,50773.0
Northern Mariana Islands,MNP,2017,0.0020016413459036,28989.3470221339,49959.0
Northern Mariana Islands,MNP,2018,0.002037614361106,23756.6075820248,49077.0
Northern Mariana Islands,MNP,2019,0.0020777493818695,21451.4401636511,48129.0
Northern Mariana Islands,MNP,2020,0.002104022891769,15410.1186923944,47528.0
Northern Mariana Islands,MNP,2021,0.0021286106558249,16365.016735395,46979.0
Northern Mariana Islands,MNP,2022,0.0021702330830331,19461.8611129744,46078.0
Northern Mariana Islands,MNP,2023,0.0022151828633453,,45143.0
Northern Mariana Islands,MNP,2024,0.0022584579249288,,44278.0
Norway,NOR,1990,8.56136535585633,49937.4557649197,4241473.0
Norway,NOR,1991,7.9356233568887,51233.0361206278,4261732.0
Norway,NOR,1992,8.48289742373614,52758.9452546391,4286401.0
Norway,NOR,1993,8.92930898974511,53938.0213035278,4311991.0
Norway,NOR,1994,9.3350501877848,56343.0105353048,4336613.0
Norway,NOR,1995,9.32481858990123,58380.568466801,4359184.0
Norway,NOR,1996,9.3449577936958,61005.8800362747,4381336.0
Norway,NOR,1997,9.83031932800579,63882.4765019539,4405157.0
Norway,NOR,1998,10.1779682741415,65197.9463077391,4431464.0
Norway,NOR,1999,10.4707330689774,66094.7354532983,4461913.0
Norway,NOR,2000,9.30078087859475,67846.5968643534,4490967.0
Norway,NOR,2001,9.367707700314,68899.5268987833,4513751.0
Norway,NOR,2002,9.16323116929134,69472.9836807311,4538159.0
Norway,NOR,2003,9.73649765436142,69719.3122573679,4564855.0
Norway,NOR,2004,9.7760844615857,72090.9862854901,4591910.0
Norway,NOR,2005,9.3683698473663,73524.2549197612,4623291.0
Norway,NOR,2006,9.44326328556989,74729.7365961068,4660677.0
Norway,NOR,2007,9.5358549616035,76115.7066768285,4709153.0
Norway,NOR,2008,9.87892316868461,75535.2118003041,4768212.0
Norway,NOR,2009,9.34509433751263,73141.3073299889,4828726.0
Norway,NOR,2010,9.81436424221947,72804.3956188398,4889252.0
Norway,NOR,2011,9.47669413505272,72660.6754124944,4953088.0
Norway,NOR,2012,9.2436037096601,73661.6785830334,5018573.0
Norway,NOR,2013,9.22857857758341,73515.9144917472,5079623.0
Norway,NOR,2014,9.1470465028638,74180.3238731011,5137232.0
Norway,NOR,2015,9.24221086700149,74809.9658049898,5188607.0
Norway,NOR,2016,9.04975223129384,75017.4944769055,5234519.0
Norway,NOR,2017,8.98402264330578,76247.4116445341,5276968.0
Norway,NOR,2018,8.78033462878555,76373.6474606092,5311916.0
Norway,NOR,2019,8.47933467666537,76712.2871160349,5347896.0
Norway,NOR,2020,8.12493784244745,75287.2059527598,5379475.0
Norway,NOR,2021,8.21471362641264,77812.7115614383,5408320.0
Norway,NOR,2022,7.9798582660803,79620.1635455079,5457127.0
Norway,NOR,2023,7.53753758650308,78775.7495154943,5519601.0
Norway,NOR,2024,7.17830173255862,79667.5272314776,5572279.0
Oman,OMN,1990,9.30296368272642,16629.4556601528,1763954.0
Oman,OMN,1991,10.7560304687133,16805.7218402658,1851473.0
Oman,OMN,1992,10.5994207109756,17404.1314569504,1938238.0
Oman,OMN,1993,10.2395291033425,17694.1605143981,2021675.0
Oman,OMN,1994,9.37625190096809,17848.8187662711,2081834.0
Oman,OMN,1995,9.50301057095214,18398.7242065917,2120528.0
Oman,OMN,1996,9.71683775892173,18639.2039411697,2156926.0
Oman,OMN,1997,10.0376132047911,19458.9266441148,2190720.0
Oman,OMN,1998,9.96558363168502,19167.755471589,2222489.0
Oman,OMN,1999,11.1940606566888,18965.2142322448,2252909.0
Oman,OMN,2000,11.5318533423366,19881.7364316776,2282131.0
Oman,OMN,2001,12.3287119781389,20546.0554077598,2310217.0
Oman,OMN,2002,13.0297714300384,20150.1131971413,2337140.0
Oman,OMN,2003,13.6147958622487,19485.6441506077,2363796.0
Oman,OMN,2004,13.2140812143607,19534.8601445269,2404821.0
Oman,OMN,2005,13.4330730684827,19629.0451546015,2459802.0
Oman,OMN,2006,16.7589405895908,20096.3965576134,2514795.0
Oman,OMN,2007,17.7305116307301,20642.7489563377,2570174.0
Oman,OMN,2008,17.0293950685486,22007.7338963517,2626529.0
Oman,OMN,2009,17.5455802766757,22819.1977324647,2684659.0
Oman,OMN,2010,18.6742369569522,22766.0503620721,2757446.0
Oman,OMN,2011,19.4168676625401,20993.9079436935,3076763.0
Oman,OMN,2012,19.0117803076649,19824.1215485946,3547106.0
Oman,OMN,2013,18.4231097575767,19299.9400516869,3833913.0
Oman,OMN,2014,18.7456448430569,18726.2026946971,4002439.0
Oman,OMN,2015,18.9549319636454,18808.3077921839,4184895.0
Oman,OMN,2016,18.3626186750392,18830.6057208608,4390877.0
Oman,OMN,2017,17.9309674535791,18277.945563615,4537396.0
Oman,OMN,2018,18.3513173579893,18269.6769435562,4597877.0
Oman,OMN,2019,18.6062766036459,18089.586668488,4591241.0
Oman,OMN,2020,18.1682818142278,17743.8858800477,4522497.0
Oman,OMN,2021,19.4931188705775,18291.3387983888,4500424.0
Oman,OMN,2022,19.6830764534295,18792.4460565306,4730226.0
Oman,OMN,2023,18.9600910547646,17853.9645119949,5049269.0
Oman,OMN,2024,18.6519911434889,17347.2911339051,5281538.0
Pakistan,PAK,1990,0.565108471417679,950.884644833285,116155576.0
Pakistan,PAK,1991,0.567431031342673,966.522495703734,120060406.0
Pakistan,PAK,1992,0.606336796224862,1011.6250844611,123546848.0
Pakistan,PAK,1993,0.655752033357047,1001.25854820003,127020117.0
Pakistan,PAK,1994,0.654582446153341,1009.06429520182,130748083.0
Pakistan,PAK,1995,0.682665046482763,1028.96592446155,134582253.0
Pakistan,PAK,1996,0.694073458181412,1047.88663514614,138557092.0
Pakistan,PAK,1997,0.695324111662826,1028.99804758369,142531804.0
Pakistan,PAK,1998,0.682884187311321,1026.50033720969,146522356.0
Pakistan,PAK,1999,0.727785512070282,1035.49888206288,150565377.0
Pakistan,PAK,2000,0.722433695019472,1049.54229686852,154879127.0
Pakistan,PAK,2001,0.715614685361213,1057.86767778646,159270907.0
Pakistan,PAK,2002,0.694336050345593,1059.04171024589,163222549.0
Pakistan,PAK,2003,0.703114269808277,1090.27523993746,167110248.0
Pakistan,PAK,2004,0.767369779199701,1146.99632842666,171286000.0
Pakistan,PAK,2005,0.763286111855279,1201.23359367214,175453212.0
Pakistan,PAK,2006,0.808708952431645,1243.94142602543,179682690.0
Pakistan,PAK,2007,0.877889118869624,1265.35567539842,184493231.0
Pakistan,PAK,2008,0.825212305875015,1258.05188934452,189499113.0
Pakistan,PAK,2009,0.823532021617383,1269.07432116444,194376534.0
Pakistan,PAK,2010,0.781255493557947,1256.69482201323,199239047.0
Pakistan,PAK,2011,0.761925389822866,1261.83161907857,203746065.0
Pakistan,PAK,2012,0.756547286914094,1275.48806898966,207667125.0
Pakistan,PAK,2013,0.761812998094914,1309.70080446386,211073978.0
Pakistan,PAK,2014,0.78969023760602,1343.30778121043,214264647.0
Pakistan,PAK,2015,0.820485873767654,1380.47020838317,217290883.0
Pakistan,PAK,2016,0.893970251114536,1452.18658269177,220138869.0
Pakistan,PAK,2017,0.955309760765795,1495.26187528032,223273967.0
Pakistan,PAK,2018,0.891523323526385,1561.68169819559,226928892.0
Pakistan,PAK,2019,0.861524807145574,1573.8330826937,230800899.0
Pakistan,PAK,2020,0.947225728271823,1526.00597486307,235001746.0
Pakistan,PAK,2021,0.956817705203498,1595.02792175422,239477801.0
Pakistan,PAK,2022,0.965826244537936,1642.28066974826,243700667.0
Pakistan,PAK,2023,0.843982651709012,1610.33122837537,247504495.0
Pakistan,PAK,2024,0.811831809174961,1634.56735260799,251269164.0
Palau,PLW,1990,141.293662756406,14267.2030292809,15259.0
Palau,PLW,1991,137.050083258614,14626.7506821665,15614.0
Palau,PLW,1992,122.321596097317,13369.5378843558,15989.0
Palau,PLW,1993,122.263620816027,11450.7876932719,16372.0
Palau,PLW,1994,178.640429338104,11995.1002591467,16770.0
Palau,PLW,1995,136.650189008433,12973.7721461444,17195.0
Palau,PLW,1996,125.274725274725,13950.6540169015,17654.0
Palau,PLW,1997,139.065606361829,13913.7053142486,18108.0
Palau,PLW,1998,123.018786439214,13873.2631344013,18524.0
Palau,PLW,1999,128.03026294905,12862.3318892685,18901.0
Palau,PLW,2000,110.647617061216,12346.4680054398,19178.0
Palau,PLW,2001,122.137246796197,13134.260646066,19352.0
Palau,PLW,2002,74.0450187150695,13647.052731145,19503.0
Palau,PLW,2003,87.3950862200519,13250.6865944432,19659.0
Palau,PLW,2004,76.7810292633703,13599.4436174869,19820.0
Palau,PLW,2005,87.552348756244,13992.4700518965,19819.0
Palau,PLW,2006,86.6533966212423,14186.1538388023,19593.0
Palau,PLW,2007,71.6868718267537,14590.4803753503,19302.0
Palau,PLW,2008,73.533589352412,14045.7297946023,19009.0
Palau,PLW,2009,116.190068950772,13338.1300928439,18709.0
Palau,PLW,2010,114.73689932594,13206.5122645,18396.0
Palau,PLW,2011,131.081978094922,14123.1262308557,18078.0
Palau,PLW,2012,202.865184351252,14609.8376964301,17765.0
Palau,PLW,2013,103.371486854034,14331.3395472642,17648.0
Palau,PLW,2014,71.5608241603161,15015.0026129107,17715.0
Palau,PLW,2015,67.2706809229038,16154.0532152373,17770.0
Palau,PLW,2016,64.3029724110805,16343.5615050344,17797.0
Palau,PLW,2017,67.1682012126656,15841.6183886679,17812.0
Palau,PLW,2018,69.0748849219715,15642.8069323229,17814.0
Palau,PLW,2019,71.2608158220025,15600.1871093094,17798.0
Palau,PLW,2020,71.7401079136691,14532.9898440558,17792.0
Palau,PLW,2021,74.7342968003149,12612.2906184953,17783.0
Palau,PLW,2022,78.7262796328622,12820.3765209089,17759.0
Palau,PLW,2023,78.8571106222147,13128.1314312511,17727.0
Palau,PLW,2024,82.8426109070359,,17695.0
Panama,PAN,1990,1.10845367474852,4828.75877741909,2455583.0
Panama,PAN,1991,1.25186134638884,5172.60690082671,2508265.0
Panama,PAN,1992,1.46263512479425,5480.88063504292,2561336.0
Panama,PAN,1993,1.46407459143994,5661.07624865119,2615099.0
Panama,PAN,1994,1.52587743384081,5703.67337622246,2669546.0
Panama,PAN,1995,1.60881200136389,5686.40439027097,2724557.0
Panama,PAN,1996,1.58749627278636,5799.88558414435,2780227.0
Panama,PAN,1997,1.63574159365036,6122.64663325832,2836695.0
Panama,PAN,1998,1.97638907030409,6504.97009776294,2893914.0
Panama,PAN,1999,1.695901717651,6709.72274201339,2951822.0
Panama,PAN,2000,1.72414079469992,6856.1491877083,3010369.0
Panama,PAN,2001,2.02167297543571,6787.86265820271,3069537.0
Panama,PAN,2002,1.72892465641361,6825.1774775292,3129344.0
Panama,PAN,2003,1.71837982674187,7037.08164896629,3189807.0
Panama,PAN,2004,1.69444397452598,7468.76593461799,3251155.0
Panama,PAN,2005,2.1436596030336,7935.87134515908,3313026.0
Panama,PAN,2006,2.21959903099948,8557.98017379308,3375024.0
Panama,PAN,2007,2.17542451032585,9507.64640169959,3437490.0
Panama,PAN,2008,2.07330185725614,10288.1549774225,3500648.0
Panama,PAN,2009,2.43388683757432,10267.0633132424,3564381.0
Panama,PAN,2010,2.52989154024971,10698.0717490512,3628535.0
Panama,PAN,2011,2.7068055952273,11761.4988389067,3693505.0
Panama,PAN,2012,2.77914034053547,12668.2945402358,3759256.0
Panama,PAN,2013,2.68272349907681,13236.8306490828,3825329.0
Panama,PAN,2014,2.76763115859532,13611.5490656071,3892101.0
Panama,PAN,2015,2.68464798922232,14082.6548434996,3960035.0
Panama,PAN,2016,2.64685340546218,14474.124340577,4029086.0
Panama,PAN,2017,2.47597596022355,15045.545619615,4098707.0
Panama,PAN,2018,2.38158191493956,15375.6434854475,4167860.0
Panama,PAN,2019,3.10862634897395,15602.5420714581,4234700.0
Panama,PAN,2020,2.2623129597758,12647.0826553801,4293261.0
Panama,PAN,2021,2.47873328262843,14552.9401400295,4345405.0
Panama,PAN,2022,2.60024772920576,15956.0653932059,4400773.0
Panama,PAN,2023,2.85705058290883,16877.1508423953,4458759.0
Panama,PAN,2024,2.73829900364892,17122.720655567,4515577.0
Papua New Guinea,PNG,1990,0.551754262371612,1892.30679279448,3896481.0
Papua New Guinea,PNG,1991,0.547734778908245,2008.35151943089,4021837.0
Papua New Guinea,PNG,1992,0.597691361915032,2206.99633305172,4166699.0
Papua New Guinea,PNG,1993,0.587427722922595,2515.6383945071,4320872.0
Papua New Guinea,PNG,1994,0.56441575926832,2570.33691061958,4480208.0
Papua New Guinea,PNG,1995,0.528262950667466,2397.40045298857,4644278.0
Papua New Guinea,PNG,1996,0.521859881276306,2492.07962762784,4813361.0
Papua New Guinea,PNG,1997,0.528260185734108,2310.98773975643,4987883.0
Papua New Guinea,PNG,1998,0.63698249648207,2147.04526266919,5166390.0
Papua New Guinea,PNG,1999,0.501613939532274,2112.0950973955,5349333.0
Papua New Guinea,PNG,2000,0.526361985340968,1989.57882204274,5537064.0
Papua New Guinea,PNG,2001,0.61844116237681,1920.78003889393,5728435.0
Papua New Guinea,PNG,2002,0.68600572957171,1854.41831737462,5924003.0
Papua New Guinea,PNG,2003,0.739598664075113,1832.67870314447,6123997.0
Papua New Guinea,PNG,2004,0.761531096274503,1821.84741071002,6328041.0
Papua New Guinea,PNG,2005,0.800164629075851,1875.82273480514,6535905.0
Papua New Guinea,PNG,2006,0.78804396151589,1915.2349405788,6747720.0
Papua New Guinea,PNG,2007,0.758816344730873,2000.9726186689,6963345.0
Papua New Guinea,PNG,2008,0.710287982656834,1934.03201558753,7183002.0
Papua New Guinea,PNG,2009,0.668364468858039,2003.24109727039,7406438.0
Papua New Guinea,PNG,2010,0.554318104497753,2140.50939027384,7633523.0
Papua New Guinea,PNG,2011,0.568647823877457,2102.03192060639,7859346.0
Papua New Guinea,PNG,2012,0.527248406524125,2139.48096660428,8081390.0
Papua New Guinea,PNG,2013,0.551230455449542,2162.10592595591,8302698.0
Papua New Guinea,PNG,2014,0.64972585602458,2391.3578028163,8523441.0
Papua New Guinea,PNG,2015,0.683258826298608,2484.5963398603,8743246.0
Papua New Guinea,PNG,2016,0.738809232783268,2557.09463030035,8961718.0
Papua New Guinea,PNG,2017,0.629630686826063,2584.8883636271,9178714.0
Papua New Guinea,PNG,2018,0.522006835266501,2518.45899317321,9394513.0
Papua New Guinea,PNG,2019,0.52413307926623,2572.56177967896,9609010.0
Papua New Guinea,PNG,2020,0.557716143021631,2438.61137922293,9815746.0
Papua New Guinea,PNG,2021,0.537976225859132,2378.3716816549,10012896.0
Papua New Guinea,PNG,2022,0.541939469982316,2467.23488790877,10203169.0
Papua New Guinea,PNG,2023,0.529181246501922,2515.29070398356,10389635.0
Papua New Guinea,PNG,2024,0.516966762734976,2564.73748186493,10576502.0
Paraguay,PRY,1990,0.541163754814165,4059.77343113365,4035747.0
Paraguay,PRY,1991,0.51498854830319,4091.49044786505,4144364.0
Paraguay,PRY,1992,0.601396464171525,4054.04426060898,4253600.0
Paraguay,PRY,1993,0.668348195702841,4147.78440621619,4362696.0
Paraguay,PRY,1994,0.760698454203667,4262.14495791768,4471417.0
Paraguay,PRY,1995,0.842764955546152,4445.18978188973,4579806.0
Paraguay,PRY,1996,0.813517870662733,4411.3728007829,4687543.0
Paraguay,PRY,1997,0.880316501794172,4496.02336469197,4794412.0
Paraguay,PRY,1998,0.902383151106372,4402.11110078307,4900025.0
Paraguay,PRY,1999,0.883126279822551,4252.49065726724,5003135.0
Paraguay,PRY,2000,0.714113754757033,4074.48953320457,5100868.0
Paraguay,PRY,2001,0.729978223444004,3972.88427866739,5187689.0
Paraguay,PRY,2002,0.75363102243388,3916.44022308731,5261328.0
Paraguay,PRY,2003,0.768337402345583,4035.71833919936,5326436.0
Paraguay,PRY,2004,0.768516241584581,4151.34584799423,5388175.0
Paraguay,PRY,2005,0.701070483877214,4193.28086525675,5448097.0
Paraguay,PRY,2006,0.747663823025285,4349.31197066239,5505148.0
Paraguay,PRY,2007,0.703512941896821,4540.38235899258,5559386.0
Paraguay,PRY,2008,0.813688391744725,4788.66318778074,5613574.0
Paraguay,PRY,2009,0.831000508531121,4727.59685811389,5671236.0
Paraguay,PRY,2010,0.913894475939317,5191.05014254362,5737971.0
Paraguay,PRY,2011,0.937463561714889,5342.19015717538,5814626.0
Paraguay,PRY,2012,0.91780441878322,5230.26244858989,5897008.0
Paraguay,PRY,2013,0.942925509553368,5583.12274473566,5982445.0
Paraguay,PRY,2014,0.980244689661672,5794.47644689985,6069811.0
Paraguay,PRY,2015,1.08148865183778,5879.33792308762,6159103.0
Paraguay,PRY,2016,1.20212010447541,6041.95879367349,6249126.0
Paraguay,PRY,2017,1.33605525458062,6243.1336313903,6338660.0
Paraguay,PRY,2018,1.3602583446884,6354.2392005316,6427382.0
Paraguay,PRY,2019,1.30801598389454,6243.53620897823,6515058.0
Paraguay,PRY,2020,1.1894625150994,6109.19608100826,6603739.0
Paraguay,PRY,2021,1.19342950266764,6278.11006663809,6684182.0
Paraguay,PRY,2022,1.18410511467852,6218.19790694162,6760464.0
Paraguay,PRY,2023,1.1312441318464,6449.23028812969,6844146.0
Paraguay,PRY,2024,1.1581935050359,6640.83816613117,6929153.0
Peru,PER,1990,0.946823385080862,2706.92253156841,22014771.0
Peru,PER,1991,0.900129093090462,2709.27754515647,22483775.0
Peru,PER,1992,0.920072656467219,2640.31373880219,22946340.0
Peru,PER,1993,0.948710424112157,2723.2842310292,23413783.0
Peru,PER,1994,0.95417401248741,2998.57693125514,23881493.0
Peru,PER,1995,1.06322173891991,3158.98338644792,24348919.0
Peru,PER,1996,1.14660448714815,3186.90077024092,24811171.0
Peru,PER,1997,1.12253046561769,3331.15151093297,25274147.0
Peru,PER,1998,1.05969381183806,3258.29746206218,25738095.0
Peru,PER,1999,1.11945450984981,3250.37802318947,26186504.0
Peru,PER,2000,1.08978642306542,3286.27308475523,26598331.0
Peru,PER,2001,0.999072821437261,3261.6642505136,26964601.0
Peru,PER,2002,1.02982177252548,3398.74991419297,27288217.0
Peru,PER,2003,0.999006906693826,3502.79165687646,27580490.0
Peru,PER,2004,1.1424738952305,3640.60299869744,27852190.0
Peru,PER,2005,1.13303782972815,3835.13219279722,28101180.0
Peru,PER,2006,1.11175872498468,4091.36268615581,28324491.0
Peru,PER,2007,1.20481100024924,4407.79121686416,28530699.0
Peru,PER,2008,1.3577960350417,4778.52642172313,28719041.0
Peru,PER,2009,1.4525720502515,4801.17153740507,28896811.0
Peru,PER,2010,1.57630028365174,5167.39259325937,29086019.0
Peru,PER,2011,1.67824036552445,5453.45718713631,29304086.0
Peru,PER,2012,1.6622975160443,5740.04346272472,29550366.0
Peru,PER,2013,1.68769322902782,6021.46142765232,29817919.0
Peru,PER,2014,1.76825633140529,6103.91864749969,30115826.0
Peru,PER,2015,1.80255174406388,6231.71150338894,30457600.0
Peru,PER,2016,1.86289055051085,6392.25474941014,30866494.0
Peru,PER,2017,1.76274029927306,6457.41940254721,31324637.0
Peru,PER,2018,1.73514081818861,6593.14437459526,31897584.0
Peru,PER,2019,1.79270106356368,6626.26083494969,32449303.0
Peru,PER,2020,1.44746823545562,5831.83024758521,32838579.0
Peru,PER,2021,1.79843805693361,6547.84718181776,33155882.0
Peru,PER,2022,1.90408262918024,6667.51695632036,33475438.0
Peru,PER,2023,1.92281618030482,6568.0002779793,33845617.0
Peru,PER,2024,2.02424185179617,6711.19403272527,34217848.0
Philippines,PHL,1990,0.679411771912049,1704.07568899121,62854666.0
Philippines,PHL,1991,0.666228668091418,1656.38349704781,64382249.0
Philippines,PHL,1992,0.707058089642005,1624.34939806129,65926125.0
Philippines,PHL,1993,0.745116796719521,1620.35505833942,67530621.0
Philippines,PHL,1994,0.785713663734969,1654.74613902838,69019291.0
Philippines,PHL,1995,0.926297339762062,1693.80873081644,70546246.0
Philippines,PHL,1996,0.951577361383551,1752.23800104559,72190242.0
Philippines,PHL,1997,1.04000862684706,1800.25913137613,73908810.0
Philippines,PHL,1998,0.997227587266798,1746.52590513282,75791024.0
Philippines,PHL,1999,0.951638591808443,1759.42105225652,77753257.0
Philippines,PHL,2000,0.932672272893032,1793.34761146436,79625397.0
Philippines,PHL,2001,0.880719772591872,1807.70892524758,81401488.0
Philippines,PHL,2002,0.878079638214495,1837.25429286854,83068889.0
Philippines,PHL,2003,0.882480593038024,1892.82161995051,84731835.0
Philippines,PHL,2004,0.876070774131651,1978.34489133113,86394504.0
Philippines,PHL,2005,0.896249932483837,2037.8776605946,88015962.0
Philippines,PHL,2006,0.792914802989724,2110.42044781284,89508986.0
Philippines,PHL,2007,0.845028213173854,2209.34651083329,91075184.0
Philippines,PHL,2008,0.838866873511548,2264.9462907288,92699095.0
Philippines,PHL,2009,0.833249191469975,2256.72554835463,94384250.0
Philippines,PHL,2010,0.881994350568382,2373.14312064664,96337125.0
Philippines,PHL,2011,0.860953621187979,2416.75212064542,98248614.0
Philippines,PHL,2012,0.893452882976031,2533.74141964959,100175512.0
Philippines,PHL,2013,0.955039177738511,2654.41506933978,102076336.0
Philippines,PHL,2014,1.00237329489598,2776.92005909479,103767130.0
Philippines,PHL,2015,1.07477147738809,2909.85818010301,105312992.0
Philippines,PHL,2016,1.13642556715245,3076.3374186759,106735719.0
Philippines,PHL,2017,1.25459105770861,3247.4503878362,108119693.0
Philippines,PHL,2018,1.29114721089618,3410.93647976109,109465287.0
Philippines,PHL,2019,1.33500133744347,3575.88170922922,110804683.0
Philippines,PHL,2020,1.21683584867494,3198.66690008413,112081264.0
Philippines,PHL,2021,1.28744630350143,3350.97587587776,113100950.0
Philippines,PHL,2022,1.33112167071071,3577.70136573244,113964338.0
Philippines,PHL,2023,1.41396992471112,3744.69763802928,114891199.0
Philippines,PHL,2024,1.5030109111702,3925.3048697218,115843670.0
Poland,POL,1990,9.74855094812801,5111.3453296443,38110782.0
Poland,POL,1991,9.65410596552708,4735.9276980893,38246193.0
Poland,POL,1992,9.39233467958107,4840.16858549117,38363667.0
Poland,POL,1993,9.37995561680945,5008.34908886395,38461408.0
Poland,POL,1994,9.20182918393887,5262.31523522496,38542652.0
Poland,POL,1995,9.23545325744025,5671.89573674798,38594998.0
Poland,POL,1996,9.64288349557546,6012.95806433166,38624370.0
Poland,POL,1997,9.38347969943332,6391.13172823376,38649660.0
Poland,POL,1998,8.64038341503705,6684.11477782234,38663481.0
Poland,POL,1999,8.39754589407819,6998.79475144289,38660271.0
Poland,POL,2000,8.18187708712719,7401.57697647848,38258629.0
Poland,POL,2001,8.09869495134866,7494.96089503246,38248076.0
Poland,POL,2002,7.912937998707,7640.99307757777,38230364.0
Poland,POL,2003,8.25299957570521,7915.55424389704,38204570.0
Poland,POL,2004,8.31504253471681,8323.38773754587,38182222.0
Poland,POL,2005,8.30851048638369,8598.57681241557,38165445.0
Poland,POL,2006,8.67173342720891,9137.65850849801,38141267.0
Poland,POL,2007,8.66464448581028,9760.7042604352,38120560.0
Poland,POL,2008,8.5133492030939,10187.2017910883,38125759.0
Poland,POL,2009,8.16161512269878,10446.5289138524,38151603.0
Poland,POL,2010,8.65823367232175,10808.3975674238,38042794.0
Poland,POL,2011,8.58934161043243,11370.313427173,38063255.0
Poland,POL,2012,8.39990338165267,11542.2353368014,38063164.0
Poland,POL,2013,8.28307772126095,11628.2286809525,38040196.0
Poland,POL,2014,7.95991816737647,12093.1622787394,38011735.0
Poland,POL,2015,8.05009433373176,12637.5220324406,37986412.0
Poland,POL,2016,8.34151367627891,13026.1858988718,37970087.0
Poland,POL,2017,8.69581601242887,13695.6452848724,37974826.0
Poland,POL,2018,8.68031784277711,14551.0850277089,37974750.0
Poland,POL,2019,8.21985501300853,15221.3090624454,37965475.0
Poland,POL,2020,7.91347409626485,15090.2228440113,37515748.0
Poland,POL,2021,8.76145594619199,16368.6239689025,36981559.0
Poland,POL,2022,8.36357881859441,17303.64494323,36821749.0
Poland,POL,2023,7.64977784033642,17410.3830137066,36687353.0
Poland,POL,2024,7.55108565871718,18000.5034591285,36559233.0
Portugal,PRT,1990,4.39351319384191,14593.2706053569,9983218.0
Portugal,PRT,1991,4.54854729833182,15265.8793018366,9960235.0
Portugal,PRT,1992,4.92324838377195,15444.2006161246,9952494.0
Portugal,PRT,1993,4.81348363092625,15110.1392558339,9964675.0
Portugal,PRT,1994,4.94443040476804,15214.9307536408,9991525.0
Portugal,PRT,1995,5.26690335378114,15811.7171369279,10026176.0
Portugal,PRT,1996,5.07822727568563,16304.3794463959,10063945.0
Portugal,PRT,1997,5.30168384001665,16946.086865108,10108977.0
Portugal,PRT,1998,5.71047054604065,17671.3135082912,10160196.0
Portugal,PRT,1999,6.33573984608079,18258.0911720943,10217828.0
Portugal,PRT,2000,6.24348268563984,18822.0933092937,10289898.0
Portugal,PRT,2001,6.12752132113551,19053.089945659,10362722.0
Portugal,PRT,2002,6.50103636107651,19095.1102477398,10419631.0
Portugal,PRT,2003,6.00482597417051,18846.5411893632,10458821.0
Portugal,PRT,2004,6.15858031692713,19137.8370898949,10483861.0
Portugal,PRT,2005,6.4581042393222,19251.71450683,10503330.0
Portugal,PRT,2006,5.98192142241307,19529.3122100477,10522288.0
Portugal,PRT,2007,5.8179179972539,19979.5706280792,10542964.0
Portugal,PRT,2008,5.61287237370618,20014.4749330004,10558177.0
Portugal,PRT,2009,5.53453188594097,19371.1318876855,10568247.0
Portugal,PRT,2010,5.03622400242124,19698.6836791397,10573100.0
Portugal,PRT,2011,4.86833131897901,19389.6395896162,10557560.0
Portugal,PRT,2012,4.73413585593852,18679.7626789594,10514844.0
Portugal,PRT,2013,4.60337018320703,18597.7214623964,10457295.0
Portugal,PRT,2014,4.58326274759251,18836.8967978906,10401062.0
Portugal,PRT,2015,4.99335011637296,19215.7813014347,10358076.0
Portugal,PRT,2016,4.89305456071076,19662.82312462,10325452.0
Portugal,PRT,2017,5.35359164296186,20364.1962735946,10300300.0
Portugal,PRT,2018,4.96972818082616,20997.7745987013,10283822.0
Portugal,PRT,2019,4.51358282400518,21569.1874752919,10286263.0
Portugal,PRT,2020,3.94717687468905,19778.7139525722,10297081.0
Portugal,PRT,2021,3.76014625214405,20747.6990734163,10361831.0
Portugal,PRT,2022,3.8017191709062,22042.8680283647,10434332.0
Portugal,PRT,2023,3.53665954067309,22417.1615864385,10578174.0
Portugal,PRT,2024,3.32476489948602,22647.3791895579,10694681.0
Puerto Rico (US),PRI,1990,5.37709923664122,18733.6452536405,3537000.0
Puerto Rico (US),PRI,1991,5.48276162162314,19030.2415359969,3562110.0
Puerto Rico (US),PRI,1992,5.6497644746032,19770.7684693589,3585176.0
Puerto Rico (US),PRI,1993,5.74438313736673,20515.5207259978,3615497.0
Puerto Rico (US),PRI,1994,5.86670583467174,21176.6701749814,3649237.0
Puerto Rico (US),PRI,1995,5.93689614436523,21936.4179114827,3683103.0
Puerto Rico (US),PRI,1996,5.95480655255319,22193.5791326619,3724655.0
Puerto Rico (US),PRI,1997,6.06419058208292,23061.3344942222,3759430.0
Puerto Rico (US),PRI,1998,6.13220858157452,24197.3097487888,3781101.0
Puerto Rico (US),PRI,1999,6.617753674198,25374.101701053,3800081.0
Puerto Rico (US),PRI,2000,6.60892430467078,26131.9630643584,3810605.0
Puerto Rico (US),PRI,2001,6.51078068510993,27722.3671872748,3818774.0
Puerto Rico (US),PRI,2002,5.26808973818821,27940.3826219734,3823701.0
Puerto Rico (US),PRI,2003,6.83051518584876,27937.8165922567,3826095.0
Puerto Rico (US),PRI,2004,6.84176501053862,30375.7895758237,3826878.0
Puerto Rico (US),PRI,2005,6.88558163293611,29815.216422231,3821362.0
Puerto Rico (US),PRI,2006,4.45924986084882,29519.7386759729,3805214.0
Puerto Rico (US),PRI,2007,4.74692670754257,29347.8460041613,3782995.0
Puerto Rico (US),PRI,2008,4.09389752253869,28976.1310520159,3760866.0
Puerto Rico (US),PRI,2009,3.73563325945551,28565.767919549,3740410.0
Puerto Rico (US),PRI,2010,3.60688045128629,28569.5077088001,3724465.0
Puerto Rico (US),PRI,2011,3.15890448641167,28706.0207514856,3693464.0
Puerto Rico (US),PRI,2012,3.09679340188389,28968.6942131352,3661045.0
Puerto Rico (US),PRI,2013,3.01209414370714,29115.3549161996,3631427.0
Puerto Rico (US),PRI,2014,3.21103079845925,29141.2038639816,3585017.0
Puerto Rico (US),PRI,2015,3.42193169375025,29242.041465085,3535167.0
Puerto Rico (US),PRI,2016,3.26088830352094,29326.5748761873,3480432.0
Puerto Rico (US),PRI,2017,3.40966161678204,29061.5563802711,3410837.0
Puerto Rico (US),PRI,2018,4.16800123986155,28808.8518638025,3290690.0
Puerto Rico (US),PRI,2019,3.8228523346568,29185.0969964707,3302691.0
Puerto Rico (US),PRI,2020,3.79870733394483,28144.7223184239,3281590.0
Puerto Rico (US),PRI,2021,3.88232362596626,28416.6231262223,3262711.0
Puerto Rico (US),PRI,2022,4.32211424544981,29643.7408907829,3220137.0
Puerto Rico (US),PRI,2023,4.56646374046755,30012.9242468103,3203792.0
Puerto Rico (US),PRI,2024,4.81694630060609,30971.2620550191,3203295.0
Qatar,QAT,1990,38.5798830010791,40125.3967011798,440175.0
Qatar,QAT,1991,39.6325845932642,38185.1053391115,454853.0
Qatar,QAT,1992,40.399483026975,41171.6739154722,469657.0
Qatar,QAT,1993,40.1838838497972,39377.8267305005,484545.0
Qatar,QAT,1994,41.057023699643,38743.9675482679,499459.0
Qatar,QAT,1995,40.7923005881495,38526.8070714743,514325.0
Qatar,QAT,1996,43.0680183509477,39095.0108603448,529019.0
Qatar,QAT,1997,50.6770208900999,48844.8586607766,550500.0
Qatar,QAT,1998,51.7469941778344,51513.5714535796,580540.0
Qatar,QAT,1999,53.1144489795918,50917.3350804671,612500.0
Qatar,QAT,2000,49.2290566195703,52234.3615212341,644989.0
Qatar,QAT,2001,47.8365600914555,51633.898491151,677925.0
Qatar,QAT,2002,50.8998108843442,52752.6445826427,711205.0
Qatar,QAT,2003,51.3901235695236,52255.320560255,744682.0
Qatar,QAT,2004,53.2363848903188,59990.23422872,773332.0
Qatar,QAT,2005,52.7739009071877,60416.7101500199,825408.0
Qatar,QAT,2006,50.3550976479985,64676.3189868053,972831.0
Qatar,QAT,2007,46.4568362437376,61423.0131050382,1208595.0
Qatar,QAT,2008,43.3504469009866,61213.7206556875,1426938.0
Qatar,QAT,2009,39.7629937914219,60781.8017337781,1608903.0
Qatar,QAT,2010,44.6630200292918,72333.8027430124,1616832.0
Qatar,QAT,2011,51.1981146765586,81608.4080652473,1624761.0
Qatar,QAT,2012,53.5992587251326,80621.7554942834,1722438.0
Qatar,QAT,2013,53.2936831372565,76486.9151226864,1916426.0
Qatar,QAT,2014,51.4766852020105,71756.0265797248,2151745.0
Qatar,QAT,2015,48.6591283555913,68985.2433380102,2344557.0
Qatar,QAT,2016,46.043357731359,67294.3517688172,2477113.0
Qatar,QAT,2017,44.8208042988114,64497.6242543737,2545820.0
Qatar,QAT,2018,44.520899868022,64410.7171628721,2580734.0
Qatar,QAT,2019,44.592192164423,63430.3717285437,2638657.0
Qatar,QAT,2020,41.2780926421936,57769.5836053284,2794148.0
Qatar,QAT,2021,47.2839742745248,65488.5460040395,2504910.0
Qatar,QAT,2022,45.1959539884538,64315.6355652952,2657333.0
Qatar,QAT,2023,48.6426368357008,65337.9507645329,2656032.0
Qatar,QAT,2024,47.3321641445828,62157.3751791848,2857822.0
Romania,ROU,1990,8.09116606509787,5019.43702748333,23201835.0
Romania,ROU,1991,6.60874203925846,4409.1517208357,23001155.0
Romania,ROU,1992,6.07009195814179,4059.09860455382,22794284.0
Romania,ROU,1993,5.7594687584566,4126.76859277572,22763280.0
Romania,ROU,1994,5.63809108503216,4295.27065788629,22730211.0
Romania,ROU,1995,5.88105325849146,4572.25803354276,22684270.0
Romania,ROU,1996,6.03747185331414,4764.63682106299,22619004.0
Romania,ROU,1997,5.5121717330752,4546.66753054721,22553978.0
Romania,ROU,1998,4.84219728458409,4463.60791806212,22507344.0
Romania,ROU,1999,4.14686428112446,4453.78126046181,22472040.0
Romania,ROU,2000,4.34452283523425,4569.31124324524,22442971.0
Romania,ROU,2001,4.71753757121485,4875.30310600635,22131970.0
Romania,ROU,2002,4.75824850017229,5248.54994632668,21730496.0
Romania,ROU,2003,4.99887690581852,5410.30835796252,21574326.0
Romania,ROU,2004,4.92175276345778,6008.64048461485,21451748.0
Romania,ROU,2005,4.90116528457151,6328.09022324183,21319685.0
Romania,ROU,2006,5.22993560368712,6876.77841417966,21193760.0
Romania,ROU,2007,5.12802242514982,7483.97375820611,20882982.0
Romania,ROU,2008,5.13050644236563,8318.00342795388,20537875.0
Romania,ROU,2009,4.20729371276879,7924.87058070212,20367487.0
Romania,ROU,2010,4.11641877898071,7660.70667630517,20246871.0
Romania,ROU,2011,4.45806056206995,8044.57194920892,20147528.0
Romania,ROU,2012,4.36901221879411,8234.28553425194,20058035.0
Romania,ROU,2013,3.9798049339529,8287.95844089676,19983693.0
Romania,ROU,2014,3.96756659394738,8661.47397274241,19908979.0
Romania,ROU,2015,4.0525613738175,8977.01748158196,19815616.0
Romania,ROU,2016,3.99479410161277,9286.87678236598,19702267.0
Romania,ROU,2017,4.17578692629915,10106.2269557253,19588715.0
Romania,ROU,2018,4.26219717910626,10714.1701157127,19473970.0
Romania,ROU,2019,4.18922540818417,11197.3162915853,19371648.0
Romania,ROU,2020,3.92941176470588,10854.049431887,19265250.0
Romania,ROU,2021,4.22268857135102,11546.3224998072,19122059.0
Romania,ROU,2022,3.97277959180202,12076.3033811896,19048502.0
Romania,ROU,2023,3.68569180458046,12340.8170509969,19061062.0
Romania,ROU,2024,3.72055055783694,12459.9112061891,19051804.0
Russian Federation,RUS,1990,16.4646839225671,7849.51904296875,147969406.0
Russian Federation,RUS,1991,16.129607773931,7432.021484375,148394216.0
Russian Federation,RUS,1992,14.8477977014895,6345.912109375,148538197.0
Russian Federation,RUS,1993,13.5590669725105,5798.91455078125,148458777.0
Russian Federation,RUS,1994,12.229212550339,5071.74267578125,148407912.0
Russian Federation,RUS,1995,11.9194798272578,4862.646484375,148375787.0
Russian Federation,RUS,1996,11.6575991912102,4686.86279296875,148160129.0
Russian Federation,RUS,1997,10.8668977253823,4760.33935546875,147915361.0
Russian Federation,RUS,1998,10.9244418990828,4515.50927734375,147670784.0
Russian Federation,RUS,1999,11.2822316151199,4819.38037109375,147214776.0
Russian Federation,RUS,2000,11.4678581573253,5323.66650390625,146596869.0
Russian Federation,RUS,2001,11.5380010322485,5618.95556640625,145976482.0
Russian Federation,RUS,2002,11.5293860535362,5910.171875,145306497.0
Russian Federation,RUS,2003,12.0101555342893,6370.45361328125,144648618.0
Russian Federation,RUS,2004,12.0698465708905,6856.67822265625,144067316.0
Russian Federation,RUS,2005,12.1189832296134,7323.38525390625,143518814.0
Russian Federation,RUS,2006,12.4166473767424,7949.89697265625,143049637.0
Russian Federation,RUS,2007,12.4578591772281,8640.40625,142805114.0
Russian Federation,RUS,2008,12.3604193305861,9093.7001953125,142742366.0
Russian Federation,RUS,2009,11.6405620274147,8381.8681640625,142785348.0
Russian Federation,RUS,2010,12.2289345872818,8755.1201171875,142849468.0
Russian Federation,RUS,2011,12.8138402250147,9120.8203125,143018195.0
Russian Federation,RUS,2012,12.6922981666833,9464.0107421875,143378447.0
Russian Federation,RUS,2013,12.2682756012668,9601.537109375,143805638.0
Russian Federation,RUS,2014,12.1341694161707,9493.8125,144237223.0
Russian Federation,RUS,2015,12.1481277789029,9277.7138671875,144640716.0
Russian Federation,RUS,2016,11.961746699283,9269.3193359375,145015460.0
Russian Federation,RUS,2017,12.1357322425004,9418.9140625,145293260.0
Russian Federation,RUS,2018,12.5939247104085,9674.787109375,145398106.0
Russian Federation,RUS,2019,12.7738739166789,9882.0244140625,145453291.0
Russian Federation,RUS,2020,12.2840530273686,9632.3251953125,145245148.0
Russian Federation,RUS,2021,13.3920757412176,10231.318359375,144746762.0
Russian Federation,RUS,2022,13.1413838368291,10119.0625,144236933.0
Russian Federation,RUS,2023,13.5462339145189,10562.0263671875,143826130.0
Russian Federation,RUS,2024,13.9977718566194,11043.259765625,143533851.0
Rwanda,RWA,1990,0.0749799296490302,368.219602425258,7375307.0
Rwanda,RWA,1991,0.066122259619613,351.728542825213,7526966.0
Rwanda,RWA,1992,0.0649593545244952,364.8092069198,7683266.0
Rwanda,RWA,1993,0.0627354615861509,322.716818710568,7981132.0
Rwanda,RWA,1994,0.0705793810450342,188.658278473302,6792352.0
Rwanda,RWA,1995,0.082902752463026,305.387824462464,5674118.0
Rwanda,RWA,1996,0.070340825821269,291.210840482528,6708764.0
Rwanda,RWA,1997,0.0621386474535017,286.805194458463,7755238.0
Rwanda,RWA,1998,0.0615218541786047,299.601139695983,8081681.0
Rwanda,RWA,1999,0.0630468272116832,310.098130200543,8147912.0
Rwanda,RWA,2000,0.0828470558128623,333.355090143084,8213931.0
Rwanda,RWA,2001,0.0839377470558437,358.446058691452,8287094.0
Rwanda,RWA,2002,0.0974383882250142,400.270421264911,8400180.0
Rwanda,RWA,2003,0.0825096440788995,400.191620648726,8586875.0
Rwanda,RWA,2004,0.0778850119158284,418.780997277457,8816844.0
Rwanda,RWA,2005,0.0819369049386119,446.029809636404,9054528.0
Rwanda,RWA,2006,0.0800710079075228,474.364599463307,9299246.0
Rwanda,RWA,2007,0.0709743199245482,497.171622130545,9549933.0
Rwanda,RWA,2008,0.0691331500594282,538.325372065592,9804269.0
Rwanda,RWA,2009,0.0692316194771755,557.397804859216,10060432.0
Rwanda,RWA,2010,0.0708695172198292,583.371416419483,10317553.0
Rwanda,RWA,2011,0.0720464570081352,614.539650123021,10573733.0
Rwanda,RWA,2012,0.0782278619167433,651.852818665834,10829901.0
Rwanda,RWA,2013,0.0850149729477326,666.408788783175,11093340.0
Rwanda,RWA,2014,0.0844012766836986,690.610394944356,11364757.0
Rwanda,RWA,2015,0.0951200951338408,733.998629882494,11640022.0
Rwanda,RWA,2016,0.101567364138968,759.606288155109,11919183.0
Rwanda,RWA,2017,0.107481851425087,771.069237513582,12202060.0
Rwanda,RWA,2018,0.116840203984691,817.578437300032,12487996.0
Rwanda,RWA,2019,0.118588586832777,874.639658935978,12776103.0
Rwanda,RWA,2020,0.111389725740494,826.391307701022,13065837.0
Rwanda,RWA,2021,0.127784857801346,896.271033574985,13355260.0
Rwanda,RWA,2022,0.161247905835677,948.413686948024,13651030.0
Rwanda,RWA,2023,0.163983285357073,1004.33216650024,13954471.0
Rwanda,RWA,2024,0.162128792997641,1070.45003770926,14256567.0
Samoa,WSM,1990,0.726446681889708,2534.12204893501,169042.0
Samoa,WSM,1991,0.751617779037362,2471.07143007975,169368.0
Samoa,WSM,1992,0.729755593520851,2452.18685335209,170331.0
Samoa,WSM,1993,0.822592476160537,2531.28193070432,171774.0
Samoa,WSM,1994,0.838535681079239,2447.20260205264,173159.0
Samoa,WSM,1995,0.754993670197226,2589.40524057852,174571.0
Samoa,WSM,1996,0.755377092195762,2751.65426684601,176071.0
Samoa,WSM,1997,0.771626667868226,2746.33660844689,177547.0
Samoa,WSM,1998,0.787568821441547,2785.31171323751,178905.0
Samoa,WSM,1999,0.780474275412564,2824.55330392791,180275.0
Samoa,WSM,2000,1.02374989679941,2945.37217923198,181685.0
Samoa,WSM,2001,1.09681927868709,3137.46403765812,183166.0
Samoa,WSM,2002,1.12538014105198,3291.3424477268,184471.0
Samoa,WSM,2003,1.15569217494472,3444.99857743289,185430.0
Samoa,WSM,2004,1.13074432614403,3535.73813824914,186249.0
Samoa,WSM,2005,1.16484292269679,3755.78242822467,186978.0
Samoa,WSM,2006,1.16510130041714,3820.92239453139,187709.0
Samoa,WSM,2007,1.2614369043141,3818.25503804332,188753.0
Samoa,WSM,2008,1.28453975918825,3925.8743329936,190107.0
Samoa,WSM,2009,1.29599557210215,3875.94291686166,191513.0
Samoa,WSM,2010,1.36304999922289,4081.15535978003,193023.0
Samoa,WSM,2011,1.37484400117095,4201.45663738908,194713.0
Samoa,WSM,2012,1.36439047725677,4007.91092846814,196498.0
Samoa,WSM,2013,1.4061774971251,3976.39289268132,198268.0
Samoa,WSM,2014,1.43223503651824,3967.23730470679,200037.0
Samoa,WSM,2015,1.62948132142609,4084.36083819933,201782.0
Samoa,WSM,2016,1.74054909360734,4373.23792440391,203499.0
Samoa,WSM,2017,1.54078329235937,4393.37316255965,205415.0
Samoa,WSM,2018,1.66054860247998,4321.00518344962,207582.0
Samoa,WSM,2019,1.78043664791687,4466.08075482035,209780.0
Samoa,WSM,2020,1.47774883931605,4283.06392492734,211944.0
Samoa,WSM,2021,1.60679954532484,4032.13733959294,213779.0
Samoa,WSM,2022,1.54417195869201,4095.15868286688,215261.0
Samoa,WSM,2023,1.53833372564766,4688.4631403154,216663.0
Samoa,WSM,2024,1.60444731881166,4880.54418032056,218019.0
San Marino,SMR,1990,,,23475.0
San Marino,SMR,1991,,,23797.0
San Marino,SMR,1992,,,24125.0
San Marino,SMR,1993,,,24472.0
San Marino,SMR,1994,,,24823.0
San Marino,SMR,1995,,,25158.0
San Marino,SMR,1996,,,25482.0
San Marino,SMR,1997,,48409.5476837524,25800.0
San Marino,SMR,1998,,51376.4362163713,26125.0
San Marino,SMR,1999,,55318.4458342113,26459.0
San Marino,SMR,2000,,55806.9219720449,26799.0
San Marino,SMR,2001,,58173.2936031775,27143.0
San Marino,SMR,2002,,57615.4100635074,27491.0
San Marino,SMR,2003,,59090.2331058555,27843.0
San Marino,SMR,2004,,58393.2236678918,29457.0
San Marino,SMR,2005,,59049.5774485922,29836.0
San Marino,SMR,2006,,60604.3508911242,30184.0
San Marino,SMR,2007,,62776.9461598748,31211.0
San Marino,SMR,2008,,61572.7435735639,31662.0
San Marino,SMR,2009,,52873.2681862909,33066.0
San Marino,SMR,2010,,49672.6977770842,33270.0
San Marino,SMR,2011,,46450.0251706982,32620.0
San Marino,SMR,2012,,42082.5554467713,33469.0
San Marino,SMR,2013,,42293.4870685544,33041.0
San Marino,SMR,2014,,42492.8509160139,32655.0
San Marino,SMR,2015,,43146.8240435428,32897.0
San Marino,SMR,2016,,43886.2146896896,33101.0
San Marino,SMR,2017,,43057.7784775102,33825.0
San Marino,SMR,2018,,42818.6962696679,34522.0
San Marino,SMR,2019,,43525.4225717352,34663.0
San Marino,SMR,2020,,40506.8521137898,34770.0
San Marino,SMR,2021,,46834.1395065822,34252.0
San Marino,SMR,2022,,51277.3460993917,33755.0
San Marino,SMR,2023,,51323.7972635865,33860.0
San Marino,SMR,2024,,,33977.0
Sao Tome and Principe,STP,1990,0.313872174337291,967.490807502814,122980.0
Sao Tome and Principe,STP,1991,0.408919862844778,957.946483063679,125697.0
Sao Tome and Principe,STP,1992,0.339551947545078,946.482495103288,128110.0
Sao Tome and Principe,STP,1993,0.324986395027095,939.606669438019,130467.0
Sao Tome and Principe,STP,1994,0.389506675104722,943.891404294867,132732.0
Sao Tome and Principe,STP,1995,0.394380814707736,947.331538535199,134895.0
Sao Tome and Principe,STP,1996,0.40230136826273,947.030151309961,136962.0
Sao Tome and Principe,STP,1997,0.393746130922388,942.971185295678,138922.0
Sao Tome and Principe,STP,1998,0.397865734524089,953.9855008639,140751.0
Sao Tome and Principe,STP,1999,0.409991435110431,966.2268289095,142442.0
Sao Tome and Principe,STP,2000,0.37981363440681,959.938180991352,144018.0
Sao Tome and Principe,STP,2001,0.381212638770282,973.424252100436,146375.0
Sao Tome and Principe,STP,2002,0.429556702818799,982.32906557627,149922.0
Sao Tome and Principe,STP,2003,0.474599191230967,1036.86196260207,153814.0
Sao Tome and Principe,STP,2004,0.523762721537047,1047.05796134884,157705.0
Sao Tome and Principe,STP,2005,0.552465679693638,1089.14778798762,161639.0
Sao Tome and Principe,STP,2006,0.574747340586097,1157.0861446542,165638.0
Sao Tome and Principe,STP,2007,0.57631113730112,1170.51612474435,169700.0
Sao Tome and Principe,STP,2008,0.602440834786211,1214.14114724792,173793.0
Sao Tome and Principe,STP,2009,0.644352358408348,1225.60541902997,177853.0
Sao Tome and Principe,STP,2010,0.679860507585175,1216.3502521663,181802.0
Sao Tome and Principe,STP,2011,0.685702589294852,1214.96130276731,185649.0
Sao Tome and Principe,STP,2012,0.701017213984449,1225.6945255615,189439.0
Sao Tome and Principe,STP,2013,0.690662082962288,1263.70423995281,193148.0
Sao Tome and Principe,STP,2014,0.668811335234058,1301.32146445028,196767.0
Sao Tome and Principe,STP,2015,0.702477894663265,1298.10946596396,200291.0
Sao Tome and Principe,STP,2016,0.718742789252242,1342.533807689,203689.0
Sao Tome and Principe,STP,2017,0.720394260037687,1375.59403284199,206970.0
Sao Tome and Principe,STP,2018,0.725544396180544,1413.84348618541,210187.0
Sao Tome and Principe,STP,2019,0.745576216540451,1420.66008316091,213392.0
Sao Tome and Principe,STP,2020,0.708717547772898,1430.84119299096,217435.0
Sao Tome and Principe,STP,2021,0.713188352908844,1428.28676097975,221961.0
Sao Tome and Principe,STP,2022,0.62393672256468,1403.23356704678,226305.0
Sao Tome and Principe,STP,2023,0.63065521438379,1380.60169416257,230871.0
Sao Tome and Principe,STP,2024,0.627080361388493,1368.14347554019,235536.0
Saudi Arabia,SAU,1990,16.3431491432276,25918.9650837526,10640691.0
Saudi Arabia,SAU,1991,15.9152024273651,26742.682261559,11160744.0
Saudi Arabia,SAU,1992,16.3410964760211,26709.0328186878,11686676.0
Saudi Arabia,SAU,1993,16.4614007591114,25649.064468644,12215862.0
Saudi Arabia,SAU,1994,17.1578442106848,24808.6528928409,12750040.0
Saudi Arabia,SAU,1995,16.3409960460508,23876.246129794,13289245.0
Saudi Arabia,SAU,1996,16.6669257463429,23699.1352161738,13831009.0
Saudi Arabia,SAU,1997,16.2238417223637,23406.0346643453,14374943.0
Saudi Arabia,SAU,1998,16.7202591309517,23179.8581162861,14922185.0
Saudi Arabia,SAU,1999,16.4371876428986,22214.4256445476,15472075.0
Saudi Arabia,SAU,2000,16.3953985610582,22247.8566987439,16177722.0
Saudi Arabia,SAU,2001,16.1835734476463,21193.0922894351,17041397.0
Saudi Arabia,SAU,2002,16.3991276825131,20025.4319998275,17910910.0
Saudi Arabia,SAU,2003,16.4119297375647,20765.9387688082,18786767.0
Saudi Arabia,SAU,2004,16.6257165924061,21545.894988606,19669480.0
Saudi Arabia,SAU,2005,16.8475463633317,21838.1915349374,20559890.0
Saudi Arabia,SAU,2006,17.0903135744837,21616.3355772516,21459144.0
Saudi Arabia,SAU,2007,17.3405924711443,21196.7926036633,22368313.0
Saudi Arabia,SAU,2008,18.0563174565032,21629.8405734551,23287877.0
Saudi Arabia,SAU,2009,18.3345628771474,20577.5453445336,24217654.0
Saudi Arabia,SAU,2010,20.3047423300728,21830.1424272816,23978487.0
Saudi Arabia,SAU,2011,20.2940259487267,23314.5576023168,25091867.0
Saudi Arabia,SAU,2012,20.6100945700312,23643.0358324647,26168861.0
Saudi Arabia,SAU,2013,19.8087286694572,23057.3494468535,27624004.0
Saudi Arabia,SAU,2014,20.6973806780556,23404.7306039825,28309273.0
Saudi Arabia,SAU,2015,20.5071259148746,23256.1549553531,29816382.0
Saudi Arabia,SAU,2016,19.6907023725829,22783.0328538685,30954198.0
Saudi Arabia,SAU,2017,19.4764691820848,23035.1199977707,30977355.0
Saudi Arabia,SAU,2018,19.2090840590601,24393.5188306638,30196281.0
Saudi Arabia,SAU,2019,19.2859458646594,24905.6697428558,30063799.0
Saudi Arabia,SAU,2020,18.2902881577409,22827.671935548,31552510.0
Saudi Arabia,SAU,2021,19.1759893319934,24922.6716948944,30784383.0
Saudi Arabia,SAU,2022,19.282874301046,26706.917926066,32175224.0
Saudi Arabia,SAU,2023,18.8540744665469,25634.8237547841,33702731.0
Saudi Arabia,SAU,2024,18.4845842582552,24963.3322139095,35300280.0
Senegal,SEN,1990,0.306352302816791,990.777522619822,7720523.0
Senegal,SEN,1991,0.29943025914994,988.63221583773,7943085.0
Senegal,SEN,1992,0.319989422646677,974.054860027128,8168395.0
Senegal,SEN,1993,0.303967658088908,960.506561720788,8396288.0
Senegal,SEN,1994,0.302258397941206,934.692068072302,8624078.0
Senegal,SEN,1995,0.31133234125605,960.84709282163,8848101.0
Senegal,SEN,1996,0.327737444764065,956.588791201654,9067014.0
Senegal,SEN,1997,0.352130312990959,962.736689457399,9283495.0
Senegal,SEN,1998,0.385859046746737,995.979085689636,9502952.0
Senegal,SEN,1999,0.415809987311537,1033.76396461633,9730887.0
Senegal,SEN,2000,0.400180171865501,1048.37474052363,9968260.0
Senegal,SEN,2001,0.441919674076285,1067.36886550595,10212942.0
Senegal,SEN,2002,0.447200869387918,1042.25509944289,10466214.0
Senegal,SEN,2003,0.423806119776413,1074.38578467686,10721176.0
Senegal,SEN,2004,0.471678172078985,1098.20064546027,10975704.0
Senegal,SEN,2005,0.511647396744881,1119.0505307548,11235472.0
Senegal,SEN,2006,0.488187313947173,1118.7830430051,11500094.0
Senegal,SEN,2007,0.528404267538825,1123.99862153285,11770344.0
Senegal,SEN,2008,0.534842885597005,1138.66883930214,12048959.0
Senegal,SEN,2009,0.534391839310571,1142.65317233964,12337389.0
Senegal,SEN,2010,0.552265288044008,1153.53431121583,12635413.0
Senegal,SEN,2011,0.577132451936303,1139.74447892639,12958897.0
Senegal,SEN,2012,0.553255156926921,1154.05677992367,13310495.0
Senegal,SEN,2013,0.571875600117834,1147.3859217191,13710849.0
Senegal,SEN,2014,0.592328969929697,1180.7987108505,14152102.0
Senegal,SEN,2015,0.631685802233911,1218.00613555438,14593331.0
Senegal,SEN,2016,0.684897111121798,1257.40906915928,15034521.0
Senegal,SEN,2017,0.659314939022302,1312.10932776049,15475002.0
Senegal,SEN,2018,0.674573586926839,1355.09610863712,15914498.0
Senegal,SEN,2019,0.674423812453823,1379.60875249861,16352922.0
Senegal,SEN,2020,0.644157420306448,1361.79143748646,16789219.0
Senegal,SEN,2021,0.762104486376905,1414.5395109385,17220867.0
Senegal,SEN,2022,0.823959839790182,1433.1991875241,17651103.0
Senegal,SEN,2023,0.758785485197598,1458.96642332589,18077573.0
Senegal,SEN,2024,0.767609570951958,1511.89280670234,18501984.0
Serbia,SRB,1990,,,7897937.0
Serbia,SRB,1991,,,7595636.0
Serbia,SRB,1992,,,7604063.0
Serbia,SRB,1993,,,7614328.0
Serbia,SRB,1994,,,7622711.0
Serbia,SRB,1995,,3012.49816736822,7628264.0
Serbia,SRB,1996,,3200.76825835814,7622185.0
Serbia,SRB,1997,,3497.55048957119,7598538.0
Serbia,SRB,1998,,3699.40380796484,7567745.0
Serbia,SRB,1999,,3329.4517344386,7540401.0
Serbia,SRB,2000,,3542.35365914848,7516346.0
Serbia,SRB,2001,,3788.98233947399,7503433.0
Serbia,SRB,2002,,4038.65251197442,7500031.0
Serbia,SRB,2003,,4233.77644906089,7480591.0
Serbia,SRB,2004,,4527.43498659451,7463157.0
Serbia,SRB,2005,,4809.1384076488,7440769.0
Serbia,SRB,2006,,5016.41289322251,7411569.0
Serbia,SRB,2007,,5431.27887426624,7381579.0
Serbia,SRB,2008,,5735.94772695749,7350222.0
Serbia,SRB,2009,,5578.0119741931,7320807.0
Serbia,SRB,2010,,5690.70327182682,7291436.0
Serbia,SRB,2011,,5737.00120175811,7236519.0
Serbia,SRB,2012,,5739.3075023532,7201497.0
Serbia,SRB,2013,,5793.33614525565,7166553.0
Serbia,SRB,2014,,5716.54047153506,7131787.0
Serbia,SRB,2015,,5820.3215576888,7095383.0
Serbia,SRB,2016,,6024.95754653784,7058322.0
Serbia,SRB,2017,,6200.26118592152,7020858.0
Serbia,SRB,2018,,6524.08029755191,6982604.0
Serbia,SRB,2019,,6870.75810896296,6945235.0
Serbia,SRB,2020,,6850.96742168834,6899126.0
Serbia,SRB,2021,,7465.67601077148,6834326.0
Serbia,SRB,2022,,7862.95387364846,6664449.0
Serbia,SRB,2023,,8208.4786891507,6623183.0
Serbia,SRB,2024,,8580.26105823259,6586476.0
Seychelles,SYC,1990,3.82551397700951,8779.85231337378,69507.0
Seychelles,SYC,1991,5.38906003776317,8902.83798776266,70439.0
Seychelles,SYC,1992,4.51083193194183,9497.7554107084,70763.0
Seychelles,SYC,1993,4.43441794804368,9981.2446035158,72253.0
Seychelles,SYC,1994,4.3029445455158,9481.8805265777,74205.0
Seychelles,SYC,1995,4.51503240199724,9388.81967720743,75304.0
Seychelles,SYC,1996,4.60761348914509,10177.0904671696,76417.0
Seychelles,SYC,1997,4.79959647693322,11284.8459766598,77319.0
Seychelles,SYC,1998,4.81571671359359,11339.3481297046,78846.0
Seychelles,SYC,1999,4.92724785474443,11326.9386083063,80410.0
Seychelles,SYC,2000,9.29977443887047,11703.7535246117,81131.0
Seychelles,SYC,2001,10.3224058520726,11427.9413083015,81202.0
Seychelles,SYC,2002,9.06083155166442,11218.2606464315,83723.0
Seychelles,SYC,2003,9.24366702504198,10677.9692081272,82781.0
Seychelles,SYC,2004,12.8705668384359,10412.0868936027,82475.0
Seychelles,SYC,2005,11.6379830553477,11297.3118190493,82858.0
Seychelles,SYC,2006,12.4054373522459,12105.4475265558,84600.0
Seychelles,SYC,2007,10.2019216069056,13112.8210098816,85033.0
Seychelles,SYC,2008,10.5938635631814,12473.2921769121,86956.0
Seychelles,SYC,2009,11.6864074778345,12116.3783687977,87298.0
Seychelles,SYC,2010,10.2149938732316,12313.5566919249,89770.0
Seychelles,SYC,2011,8.9397422261868,13843.7116081878,87441.0
Seychelles,SYC,2012,10.0404289774979,14135.0010570653,88303.0
Seychelles,SYC,2013,8.91949882711314,14050.3135581314,89949.0
Seychelles,SYC,2014,10.1369323219387,14395.6158118771,91359.0
Seychelles,SYC,2015,10.5631616694677,15333.1051727105,93419.0
Seychelles,SYC,2016,11.6216187669656,16962.6753972731,94677.0
Seychelles,SYC,2017,12.0280041317571,17921.5731976918,95843.0
Seychelles,SYC,2018,10.3894090655423,18628.1862276696,96762.0
Seychelles,SYC,2019,9.16568501920615,19481.6461053742,97625.0
Seychelles,SYC,2020,8.51902256708172,17048.361729788,98462.0
Seychelles,SYC,2021,7.9409216385581,17005.0422063679,99258.0
Seychelles,SYC,2022,7.02714426333439,15869.6738782504,119878.0
Seychelles,SYC,2023,7.00909219941055,16242.4365925219,119773.0
Seychelles,SYC,2024,7.23667946668425,16586.4074964781,121354.0
Sierra Leone,SLE,1990,0.150828196914432,992.259351903398,4196828.0
Sierra Leone,SLE,1991,0.198103416483231,1003.77238191056,4246267.0
Sierra Leone,SLE,1992,0.124688997558064,828.516034463031,4166366.0
Sierra Leone,SLE,1993,0.12183886479374,841.770438078312,4157130.0
Sierra Leone,SLE,1994,0.125422197620237,822.218309819245,4173105.0
Sierra Leone,SLE,1995,0.135792221390852,755.343467472038,4179179.0
Sierra Leone,SLE,1996,0.152338177895366,764.924518087367,4199210.0
Sierra Leone,SLE,1997,0.145590349708349,710.743788352538,4253716.0
Sierra Leone,SLE,1998,0.152288813336794,716.346032939256,4295785.0
Sierra Leone,SLE,1999,0.157571381294721,698.548063578049,4318043.0
Sierra Leone,SLE,2000,0.0975673493894468,727.240914632596,4423611.0
Sierra Leone,SLE,2001,0.117075058452291,642.036645844304,4692716.0
Sierra Leone,SLE,2002,0.116626285971757,766.788693742901,4971435.0
Sierra Leone,SLE,2003,0.119145865711852,806.066489012144,5177687.0
Sierra Leone,SLE,2004,0.114363772394994,829.759768928304,5355717.0
Sierra Leone,SLE,2005,0.103149710490117,842.906030904902,5501712.0
Sierra Leone,SLE,2006,0.126518677506451,859.824260714965,5624466.0
Sierra Leone,SLE,2007,0.11604786069804,872.68836234614,5749352.0
Sierra Leone,SLE,2008,0.109725276272571,882.54147817868,5894722.0
Sierra Leone,SLE,2009,0.107783711267138,872.23959352481,6055646.0
Sierra Leone,SLE,2010,0.114146335505697,902.769891411394,6222714.0
Sierra Leone,SLE,2011,0.135958333248529,950.760763054593,6387251.0
Sierra Leone,SLE,2012,0.148738833902196,1025.04366004502,6551080.0
Sierra Leone,SLE,2013,0.167216483759209,1146.81973456475,6714051.0
Sierra Leone,SLE,2014,0.175528275394702,1032.23789355905,6876385.0
Sierra Leone,SLE,2015,0.145275663555545,964.575980888989,7037655.0
Sierra Leone,SLE,2016,0.146932936293809,1002.77862282013,7205328.0
Sierra Leone,SLE,2017,0.14155816155437,1010.54694071207,7379299.0
Sierra Leone,SLE,2018,0.160273995994209,1015.6678297205,7554563.0
Sierra Leone,SLE,2019,0.156143482319108,1046.96778078594,7731991.0
Sierra Leone,SLE,2020,0.155537564463982,1010.25294614757,7912558.0
Sierra Leone,SLE,2021,0.181898998863687,1045.7661615758,8094602.0
Sierra Leone,SLE,2022,0.177218098718503,1077.08884538507,8276807.0
Sierra Leone,SLE,2023,0.16670385905723,1113.86837500697,8460512.0
Sierra Leone,SLE,2024,0.16915022896262,1137.29005673054,8642022.0
Singapore,SGP,1990,10.3862254736585,23272.7000932159,3047132.0
Singapore,SGP,1991,10.6779310149045,24132.7153290621,3135083.0
Singapore,SGP,1992,10.5829452335068,24973.4311358112,3230698.0
Singapore,SGP,1993,11.9106520020848,27139.9524278985,3313471.0
Singapore,SGP,1994,12.1800278908047,29220.2727915476,3419048.0
Singapore,SGP,1995,11.7296438139132,30379.8991144598,3524506.0
Singapore,SGP,1996,11.5838269716109,31349.3171805131,3670704.0
Singapore,SGP,1997,11.114667450642,32835.2518506082,3796038.0
Singapore,SGP,1998,10.4558881832995,31043.108180076,3927213.0
Singapore,SGP,1999,10.4599892440062,32557.0469904063,3958723.0
Singapore,SGP,2000,11.3010369953278,34890.0811365168,4027887.0
Singapore,SGP,2001,11.0938779297885,33597.8690808226,4138012.0
Singapore,SGP,2002,10.8280032088507,34598.8267483781,4175950.0
Singapore,SGP,2003,10.314555220561,36709.7965038255,4114826.0
Singapore,SGP,2004,10.6855268387372,39856.6356222613,4166664.0
Singapore,SGP,2005,9.78289459186893,41798.4880834671,4265762.0
Singapore,SGP,2006,9.5355418148688,44159.4101820552,4401365.0
Singapore,SGP,2007,9.44913687162465,46178.8139470199,4588599.0
Singapore,SGP,2008,8.86794550394306,44601.5799302699,4839396.0
Singapore,SGP,2009,8.77394676729544,43331.8746638962,4987573.0
Singapore,SGP,2010,9.62940332481604,48752.0515441859,5076732.0
Singapore,SGP,2011,9.90350885315629,50713.5326393594,5183688.0
Singapore,SGP,2012,9.44039430491129,51679.352717333,5312437.0
Singapore,SGP,2013,9.74704963473961,53298.9728558286,5399162.0
Singapore,SGP,2014,9.84749870377372,54681.9336458253,5469724.0
Singapore,SGP,2015,9.9683071478565,55645.6068614606,5535002.0
Singapore,SGP,2016,9.44707088976961,56986.7853102911,5607283.0
Singapore,SGP,2017,10.1364104576184,59485.3015873921,5612253.0
Singapore,SGP,2018,9.61426051080076,61250.3476672302,5638676.0
Singapore,SGP,2019,9.79870673958709,61345.5291820062,5703569.0
Singapore,SGP,2020,9.4756645802434,59189.70385743,5685807.0
Singapore,SGP,2021,10.2167829269876,67731.2610711717,5453566.0
Singapore,SGP,2022,9.99582758413928,68218.805333562,5637022.0
Singapore,SGP,2023,9.48033745839563,66167.3596303607,5917648.0
Singapore,SGP,2024,9.75144363129176,67706.8336149739,6036860.0
Sint Maarten (Dutch part),SXM,1990,,,28061.0
Sint Maarten (Dutch part),SXM,1991,,,30046.0
Sint Maarten (Dutch part),SXM,1992,,,31567.0
Sint Maarten (Dutch part),SXM,1993,,,32026.0
Sint Maarten (Dutch part),SXM,1994,,,31917.0
Sint Maarten (Dutch part),SXM,1995,,,31772.0
Sint Maarten (Dutch part),SXM,1996,,,31598.0
Sint Maarten (Dutch part),SXM,1997,,,31404.0
Sint Maarten (Dutch part),SXM,1998,,,31193.0
Sint Maarten (Dutch part),SXM,1999,,,30977.0
Sint Maarten (Dutch part),SXM,2000,,,30773.0
Sint Maarten (Dutch part),SXM,2001,,,30726.0
Sint Maarten (Dutch part),SXM,2002,,,30960.0
Sint Maarten (Dutch part),SXM,2003,,,31327.0
Sint Maarten (Dutch part),SXM,2004,,,31690.0
Sint Maarten (Dutch part),SXM,2005,,,32057.0
Sint Maarten (Dutch part),SXM,2006,,,32428.0
Sint Maarten (Dutch part),SXM,2007,,,32791.0
Sint Maarten (Dutch part),SXM,2008,,,33145.0
Sint Maarten (Dutch part),SXM,2009,,37548.9474627441,33491.0
Sint Maarten (Dutch part),SXM,2010,,38403.0705201664,33794.0
Sint Maarten (Dutch part),SXM,2011,,39615.1371367338,34267.0
Sint Maarten (Dutch part),SXM,2012,,39298.9873567827,35023.0
Sint Maarten (Dutch part),SXM,2013,,38889.7715088035,35854.0
Sint Maarten (Dutch part),SXM,2014,,38623.1999405819,36672.0
Sint Maarten (Dutch part),SXM,2015,,37839.6283815163,37471.0
Sint Maarten (Dutch part),SXM,2016,,37428.7027557069,38249.0
Sint Maarten (Dutch part),SXM,2017,,33945.4185182499,38996.0
Sint Maarten (Dutch part),SXM,2018,,31047.7241050626,39712.0
Sint Maarten (Dutch part),SXM,2019,,33877.976645467,40385.0
Sint Maarten (Dutch part),SXM,2020,,28920.3773007159,41008.0
Sint Maarten (Dutch part),SXM,2021,,29834.6350068383,41571.0
Sint Maarten (Dutch part),SXM,2022,,33523.6038330075,42139.0
Sint Maarten (Dutch part),SXM,2023,,34300.9634216479,42749.0
Sint Maarten (Dutch part),SXM,2024,,34840.1808966872,43350.0
Slovak Republic,SVK,1990,11.442283504998,8597.46391527645,5299187.0
Slovak Republic,SVK,1991,9.93131815811079,7338.79874023232,5303294.0
Slovak Republic,SVK,1992,9.27478823815046,6843.30017436782,5305016.0
Slovak Republic,SVK,1993,9.0453222867047,6946.84564117976,5325305.0
Slovak Republic,SVK,1994,8.49165530529254,7348.918397432,5346331.0
Slovak Republic,SVK,1995,8.53439174457138,7755.6233338553,5361999.0
Slovak Republic,SVK,1996,8.55870283050031,8212.83193942756,5373361.0
Slovak Republic,SVK,1997,8.46391175955377,8647.39434311517,5383291.0
Slovak Republic,SVK,1998,8.28618262147817,8966.21926231252,5390516.0
Slovak Republic,SVK,1999,8.13349468682473,8914.68326467255,5396020.0
Slovak Republic,SVK,2000,7.73551047373031,8997.21199594319,5388720.0
Slovak Republic,SVK,2001,7.80433872040338,9277.35808851002,5378867.0
Slovak Republic,SVK,2002,7.8021734408151,9690.68468262889,5376912.0
Slovak Republic,SVK,2003,7.89001472817638,10168.02256533,5373374.0
Slovak Republic,SVK,2004,7.78810858704312,10718.2101858841,5372280.0
Slovak Republic,SVK,2005,7.86263120934737,11412.1593630008,5372807.0
Slovak Republic,SVK,2006,7.86450312987735,12430.2015488557,5373054.0
Slovak Republic,SVK,2007,7.69077341625141,13770.9602691527,5374622.0
Slovak Republic,SVK,2008,7.65205745874923,14497.1114407172,5379233.0
Slovak Republic,SVK,2009,6.91125028451253,13680.7537106597,5386406.0
Slovak Republic,SVK,2010,7.40271408613822,14596.1477776887,5391428.0
Slovak Republic,SVK,2011,7.01956363237591,14950.8735178599,5398384.0
Slovak Republic,SVK,2012,6.67699907851554,15159.6570420004,5407579.0
Slovak Republic,SVK,2013,6.72042469482633,15249.8824513785,5413393.0
Slovak Republic,SVK,2014,6.27281818770694,15647.6491763517,5418649.0
Slovak Republic,SVK,2015,6.36564652722325,16442.0760860018,5423801.0
Slovak Republic,SVK,2016,6.5265914880281,16740.7413996428,5430798.0
Slovak Republic,SVK,2017,6.93642043582623,17195.2888721963,5439232.0
Slovak Republic,SVK,2018,6.83757404157436,17869.0149173679,5446771.0
Slovak Republic,SVK,2019,6.3818228588265,18250.9802475637,5454147.0
Slovak Republic,SVK,2020,5.98002098252976,17763.8563847352,5458827.0
Slovak Republic,SVK,2021,6.72785720933896,18808.4540496595,5447247.0
Slovak Republic,SVK,2022,6.11012800289851,18964.8298400624,5431752.0
Slovak Republic,SVK,2023,5.73978115774848,19383.3732009401,5426740.0
Slovak Republic,SVK,2024,5.51311685631444,19776.1758069498,5422069.0
Slovenia,SVN,1990,7.34980814859263,13615.5858551079,1998161.0
Slovenia,SVN,1991,6.87331233067041,12395.9177738027,1999429.0
Slovenia,SVN,1992,6.6475398422638,11735.8460839822,1996498.0
Slovenia,SVN,1993,7.01670795372502,12098.3414794506,1991746.0
Slovenia,SVN,1994,7.07574934290653,12757.6301865941,1989443.0
Slovenia,SVN,1995,7.52209187324612,13278.7428559643,1989872.0
Slovenia,SVN,1996,7.90389152722379,13674.183297426,1988628.0
Slovenia,SVN,1997,8.16417886398289,14400.670888341,1985956.0
Slovenia,SVN,1998,8.0904145024119,14874.2904782546,1981629.0
Slovenia,SVN,1999,7.80264693942901,15646.6885879812,1983045.0
Slovenia,SVN,2000,7.58902422162726,16146.1216848394,1988925.0
Slovenia,SVN,2001,8.51691214120057,16576.7158840406,1992060.0
Slovenia,SVN,2002,8.66214095551333,17099.658209132,1994530.0
Slovenia,SVN,2003,8.58065683134969,17635.3608581831,1995733.0
Slovenia,SVN,2004,8.71266672408578,18425.2601213581,1997012.0
Slovenia,SVN,2005,8.81606059363931,19102.2776603905,2000474.0
Slovenia,SVN,2006,8.94159456426631,20166.5323431214,2006868.0
Slovenia,SVN,2007,8.88722287354283,21485.780992381,2018122.0
Slovenia,SVN,2008,9.34821670634379,22175.2369557321,2021316.0
Slovenia,SVN,2009,8.28055924760341,20307.6188322273,2039669.0
Slovenia,SVN,2010,8.37691223640926,20444.1201295876,2048583.0
Slovenia,SVN,2011,7.83269836027402,20535.4155754108,2052843.0
Slovenia,SVN,2012,7.54292692008736,19894.8697964548,2057159.0
Slovenia,SVN,2013,7.52978344651553,19704.2186005128,2059953.0
Slovenia,SVN,2014,6.85069690297675,20228.7081986391,2061980.0
Slovenia,SVN,2015,6.92739774687175,20697.2748530619,2063531.0
Slovenia,SVN,2016,7.27283028626052,21309.7122138949,2065042.0
Slovenia,SVN,2017,7.42566255708028,22397.7634988337,2066388.0
Slovenia,SVN,2018,7.44975394113682,23293.966665323,2073894.0
Slovenia,SVN,2019,7.0993135844205,23943.1800949889,2088385.0
Slovenia,SVN,2020,6.44048593548669,22811.8050540778,2102419.0
Slovenia,SVN,2021,6.57475360268757,24665.4410464026,2108079.0
Slovenia,SVN,2022,6.3394025593776,25275.715967757,2112076.0
Slovenia,SVN,2023,5.95087577654104,25773.9015835069,2120461.0
Slovenia,SVN,2024,6.26652251574692,26134.627203987,2127400.0
Solomon Islands,SLB,1990,0.478525201019808,1805.73206812837,331435.0
Solomon Islands,SLB,1991,0.481362915449848,1856.36887262922,341738.0
Solomon Islands,SLB,1992,0.512769551823512,2029.95281576767,352205.0
Solomon Islands,SLB,1993,0.50325350913215,2049.27780478658,362839.0
Solomon Islands,SLB,1994,0.502308155482706,2151.02993026269,373675.0
Solomon Islands,SLB,1995,0.442644639269311,2299.97686265365,384733.0
Solomon Islands,SLB,1996,0.4338285240992,2270.46026896394,396009.0
Solomon Islands,SLB,1997,0.434628957921242,2186.40704720284,407474.0
Solomon Islands,SLB,1998,0.434771196288934,2153.3586427286,419071.0
Solomon Islands,SLB,1999,0.42253193960511,2086.00900424701,430500.0
Solomon Islands,SLB,2000,0.528527546774007,1747.71796168688,440469.0
Solomon Islands,SLB,2001,0.568883940996382,1577.65519452251,449125.0
Solomon Islands,SLB,2002,0.585136484505245,1504.8467296693,457671.0
Solomon Islands,SLB,2003,0.596369440142099,1573.84348435767,466154.0
Solomon Islands,SLB,2004,0.603652254161829,1664.57315979072,474611.0
Solomon Islands,SLB,2005,0.618738097209572,1755.74082446273,483080.0
Solomon Islands,SLB,2006,0.609852846047755,1796.71439810674,491594.0
Solomon Islands,SLB,2007,0.647198074200849,1830.23321405807,500156.0
Solomon Islands,SLB,2008,0.64545293736119,1911.18969015528,508790.0
Solomon Islands,SLB,2009,0.632839323659004,1930.46287614922,518141.0
Solomon Islands,SLB,2010,0.672648264060882,2058.95691648883,532968.0
Solomon Islands,SLB,2011,0.674208103880133,2132.02844199392,552945.0
Solomon Islands,SLB,2012,0.648354445385857,2105.91423758379,573606.0
Solomon Islands,SLB,2013,0.660733345099127,2136.72116177034,594945.0
Solomon Islands,SLB,2014,0.607059723654094,2085.16067273086,616908.0
Solomon Islands,SLB,2015,0.521726890986292,2045.47721526649,639415.0
Solomon Islands,SLB,2016,0.48854205824762,2084.24845745225,662379.0
Solomon Islands,SLB,2017,0.425713752348061,2075.36705302305,685672.0
Solomon Islands,SLB,2018,0.458608858258556,2061.8996970669,709101.0
Solomon Islands,SLB,2019,0.438510355738608,2043.09139778307,728147.0
Solomon Islands,SLB,2020,0.413298625382472,1930.65510307199,744498.0
Solomon Islands,SLB,2021,0.436144669947587,1880.5519827183,762591.0
Solomon Islands,SLB,2022,0.382810159448753,1788.61727922057,781066.0
Solomon Islands,SLB,2023,0.374747657827139,1795.88798697142,800005.0
Solomon Islands,SLB,2024,0.383912070097827,1806.38367324387,819198.0
"Somalia, Fed. Rep.",SOM,1990,0.0887641926348169,259.400021870078,7082811.0
"Somalia, Fed. Rep.",SOM,1991,0.070298924529188,277.598802350408,6813760.0
"Somalia, Fed. Rep.",SOM,1992,0.0581514669427309,266.498410042902,6495107.0
"Somalia, Fed. Rep.",SOM,1993,0.0579669018419645,269.406204622588,6681399.0
"Somalia, Fed. Rep.",SOM,1994,0.0549325674272361,210.446194601775,7026797.0
"Somalia, Fed. Rep.",SOM,1995,0.0544405791236714,211.087530841637,7285007.0
"Somalia, Fed. Rep.",SOM,1996,0.0543386607724112,219.936381873579,7554474.0
"Somalia, Fed. Rep.",SOM,1997,0.0521565206833642,214.852351289061,7824525.0
"Somalia, Fed. Rep.",SOM,1998,0.0512542767586256,219.712160749346,8155417.0
"Somalia, Fed. Rep.",SOM,1999,0.0513303075261253,226.444111028735,8492059.0
"Somalia, Fed. Rep.",SOM,2000,0.0707455938438096,233.032393086265,8838713.0
"Somalia, Fed. Rep.",SOM,2001,0.0720444098832276,239.83907408804,9198493.0
"Somalia, Fed. Rep.",SOM,2002,0.0773188616661482,248.636454000766,9550063.0
"Somalia, Fed. Rep.",SOM,2003,0.075929768798698,257.910337235986,9909157.0
"Somalia, Fed. Rep.",SOM,2004,0.0721817084294735,266.257271856641,10280998.0
"Somalia, Fed. Rep.",SOM,2005,0.0708740925128624,275.457040798093,10644228.0
"Somalia, Fed. Rep.",SOM,2006,0.0710126971868804,284.470789865234,10975502.0
"Somalia, Fed. Rep.",SOM,2007,0.0697367437921845,294.210404466634,11322582.0
"Somalia, Fed. Rep.",SOM,2008,0.065428663636479,304.741448811117,11663084.0
"Somalia, Fed. Rep.",SOM,2009,0.064842986920795,317.03818481457,11961201.0
"Somalia, Fed. Rep.",SOM,2010,0.0643056345273874,329.970504936941,12261756.0
"Somalia, Fed. Rep.",SOM,2011,0.0638360071358987,349.577449077722,12348830.0
"Somalia, Fed. Rep.",SOM,2012,0.062458069714216,369.617204753385,12461160.0
"Somalia, Fed. Rep.",SOM,2013,0.060817769387286,397.108796344858,12869594.0
"Somalia, Fed. Rep.",SOM,2014,0.057963231130783,417.516796906395,13339491.0
"Somalia, Fed. Rep.",SOM,2015,0.0595713916231977,445.583080073396,13806963.0
"Somalia, Fed. Rep.",SOM,2016,0.0583884020478453,458.921476824605,14348740.0
"Somalia, Fed. Rep.",SOM,2017,0.0560917617512643,506.501098879459,14916629.0
"Somalia, Fed. Rep.",SOM,2018,0.0554085565643899,498.981065013872,15452487.0
"Somalia, Fed. Rep.",SOM,2019,0.0528040378839186,494.444039712339,16030971.0
"Somalia, Fed. Rep.",SOM,2020,0.0474200313959524,462.867053737236,16651191.0
"Somalia, Fed. Rep.",SOM,2021,0.0473151298233482,461.627830725978,17271431.0
"Somalia, Fed. Rep.",SOM,2022,0.0467871485830976,460.046226685196,17801897.0
"Somalia, Fed. Rep.",SOM,2023,0.0462780008186892,464.721069525567,18358615.0
"Somalia, Fed. Rep.",SOM,2024,0.0455149206821494,467.269910194415,19009151.0
South Africa,ZAF,1990,7.71150133307914,4544.23023212165,40746268.0
South Africa,ZAF,1991,7.34302074909126,4396.36069450543,41687898.0
South Africa,ZAF,1992,7.059729675037,4225.814328485,42443509.0
South Africa,ZAF,1993,6.97021993777143,4193.59826135345,43297156.0
South Africa,ZAF,1994,7.01209947546071,4258.26184733408,44004139.0
South Africa,ZAF,1995,7.30056477149405,4337.29729686998,44541554.0
South Africa,ZAF,1996,7.45379442483213,4465.50649854807,45123018.0
South Africa,ZAF,1997,7.69045800806266,4527.04992403877,45666838.0
South Africa,ZAF,1998,7.72882761031744,4494.85711232358,46223880.0
South Africa,ZAF,1999,7.29218825416081,4552.85007973031,46730335.0
South Africa,ZAF,2000,7.36397941641679,4700.87555500704,47159719.0
South Africa,ZAF,2001,7.51319828115408,4786.482450463,47566800.0
South Africa,ZAF,2002,7.72131022420827,4916.81498068625,48019415.0
South Africa,ZAF,2003,8.11491084558816,5011.62223150169,48500348.0
South Africa,ZAF,2004,8.69023374521021,5187.35683424034,48991421.0
South Africa,ZAF,2005,8.81501533854301,5406.07581377638,49490033.0
South Africa,ZAF,2006,8.81243167639557,5650.9883176549,49998277.0
South Africa,ZAF,2007,9.10281000552084,5891.42069421698,50528584.0
South Africa,ZAF,2008,9.54569945858325,6009.71963138635,51114599.0
South Africa,ZAF,2009,8.83353970564321,5847.05811084505,51728516.0
South Africa,ZAF,2010,8.87117430020844,5953.94506512821,52344051.0
South Africa,ZAF,2011,8.37758623633968,6067.12482726885,52995205.0
South Africa,ZAF,2012,8.57667504044573,6121.55783860713,53782567.0
South Africa,ZAF,2013,8.68872722515024,6170.87670863373,54678791.0
South Africa,ZAF,2014,8.75262375978144,6155.00589462516,55594838.0
South Africa,ZAF,2015,8.14948651738695,6112.27382485974,56723537.0
South Africa,ZAF,2016,8.03701551903542,6095.295060428,57259551.0
South Africa,ZAF,2017,8.14751418587147,6125.6920507497,57635162.0
South Africa,ZAF,2018,8.077016906198,6117.2701406047,58613001.0
South Africa,ZAF,2019,8.01412233375962,6032.82972598668,59587885.0
South Africa,ZAF,2020,7.4445834618028,5569.58483319272,60562381.0
South Africa,ZAF,2021,7.29340675223128,5750.90937479584,61502603.0
South Africa,ZAF,2022,6.88263936192025,5786.86505344736,62378410.0
South Africa,ZAF,2023,6.75922774879049,5756.55049453121,63212384.0
South Africa,ZAF,2024,6.87684962627712,5715.47531469148,64007187.0
South Sudan,SSD,1990,,,4737633.0
South Sudan,SSD,1991,,,4836677.0
South Sudan,SSD,1992,,,4909749.0
South Sudan,SSD,1993,,,4956002.0
South Sudan,SSD,1994,,,5071184.0
South Sudan,SSD,1995,,,5225836.0
South Sudan,SSD,1996,,,5356925.0
South Sudan,SSD,1997,,,5509136.0
South Sudan,SSD,1998,,,5620068.0
South Sudan,SSD,1999,,,5771628.0
South Sudan,SSD,2000,,,6032267.0
South Sudan,SSD,2001,,,6308391.0
South Sudan,SSD,2002,,,6596806.0
South Sudan,SSD,2003,,,6903127.0
South Sudan,SSD,2004,,,7233041.0
South Sudan,SSD,2005,,,7590143.0
South Sudan,SSD,2006,,,7976526.0
South Sudan,SSD,2007,,,8388788.0
South Sudan,SSD,2008,,2289.18415375563,8817647.0
South Sudan,SSD,2009,,2293.80166888543,9243556.0
South Sudan,SSD,2010,,2295.07026096006,9745953.0
South Sudan,SSD,2011,,2073.23981819145,10288109.0
South Sudan,SSD,2012,,1069.19619080938,10756240.0
South Sudan,SSD,2013,,1165.16202707495,11166275.0
South Sudan,SSD,2014,,1197.09491969479,11235073.0
South Sudan,SSD,2015,,1080.14718624765,11107561.0
South Sudan,SSD,2016,,,10830102.0
South Sudan,SSD,2017,,,10259154.0
South Sudan,SSD,2018,,,10122977.0
South Sudan,SSD,2019,,,10423384.0
South Sudan,SSD,2020,,,10698467.0
South Sudan,SSD,2021,,,10865780.0
South Sudan,SSD,2022,,,11021177.0
South Sudan,SSD,2023,,,11483374.0
South Sudan,SSD,2024,,,11943408.0
Spain,ESP,1990,5.90387472540557,19174.77083233,38867322.0
Spain,ESP,1991,6.09380507953832,19612.9766041957,38966376.0
Spain,ESP,1992,6.26911166990592,19698.51176766,39157685.0
Spain,ESP,1993,5.8713945706314,19394.4931411816,39361262.0
Spain,ESP,1994,6.12324556093655,19762.3886289154,39549108.0
Spain,ESP,1995,6.4205210697298,20217.9031940372,39724050.0
Spain,ESP,1996,6.1368590688178,20658.8402775701,39889852.0
Spain,ESP,1997,6.59031471072665,21310.4311888986,40057389.0
Spain,ESP,1998,6.77741218450136,22135.4045018802,40223509.0
Spain,ESP,1999,7.29748464074034,23017.838771323,40386875.0
Spain,ESP,2000,7.64971752025199,24106.8818529374,40567864.0
Spain,ESP,2001,7.60182785916578,24878.3784543991,40850412.0
Spain,ESP,2002,7.93091826283723,25205.3154769045,41431558.0
Spain,ESP,2003,7.96364196200096,25481.1653690112,42187645.0
Spain,ESP,2004,8.21253115688392,25825.3106463315,42921895.0
Spain,ESP,2005,8.42628442319919,26294.447384391,43653155.0
Spain,ESP,2006,8.07106843546116,26899.0921497113,44397319.0
Spain,ESP,2007,8.21432370534791,27338.79541774,45226803.0
Spain,ESP,2008,7.40131034210523,27112.526293889,45954106.0
Spain,ESP,2009,6.47936608687463,25860.8142592652,46362946.0
Spain,ESP,2010,6.17799635729276,25766.2515825743,46576897.0
Spain,ESP,2011,6.19393014485236,25510.5579678829,46742697.0
Spain,ESP,2012,6.09265740713323,24763.568274484,46773055.0
Spain,ESP,2013,5.5007234648845,24498.5559507945,46604197.0
Spain,ESP,2014,5.49369292128904,24947.8512505913,46460733.0
Spain,ESP,2015,5.84933711711804,25982.4416197775,46422303.0
Spain,ESP,2016,5.66204126256542,26719.2442268615,46458139.0
Spain,ESP,2017,5.97761510797052,27426.281015093,46571232.0
Spain,ESP,2018,5.80969253331158,27956.7225466484,46782011.0
Spain,ESP,2019,5.3981216422823,28301.4393949563,47118501.0
Spain,ESP,2020,4.52823497177668,25077.019882928,47359424.0
Spain,ESP,2021,4.91513320564969,26705.3629138959,47443821.0
Spain,ESP,2022,4.99422196018416,28203.1093419474,47786102.0
Spain,ESP,2023,4.57046216901007,28558.6319817501,48352528.0
Spain,ESP,2024,4.50540688376633,29245.2192451729,48848840.0
Sri Lanka,LKA,1990,0.259227083781533,1388.58951823335,16352458.0
Sri Lanka,LKA,1991,0.268601208811659,1441.62996809528,16475354.0
Sri Lanka,LKA,1992,0.329309186701176,1481.33110127451,16739284.0
Sri Lanka,LKA,1993,0.316940325919577,1556.88467456091,17025918.0
Sri Lanka,LKA,1994,0.360232795371877,1620.2912104558,17275773.0
Sri Lanka,LKA,1995,0.355464349147362,1681.35053208093,17564068.0
Sri Lanka,LKA,1996,0.492074344745144,1712.00815802791,17905018.0
Sri Lanka,LKA,1997,0.481570785063732,1787.41017985524,18248200.0
Sri Lanka,LKA,1998,0.487991962573893,1836.38946262206,18596003.0
Sri Lanka,LKA,1999,0.529334515227479,1880.1067802774,18944731.0
Sri Lanka,LKA,2000,0.594343435725624,1956.93310381072,19293054.0
Sri Lanka,LKA,2001,0.58030560864131,1896.48251734068,19600362.0
Sri Lanka,LKA,2002,0.600769917749147,1951.22522777045,19805752.0
Sri Lanka,LKA,2003,0.644522289804371,2052.03045078787,19951521.0
Sri Lanka,LKA,2004,0.661039481809803,2149.10628588002,20087605.0
Sri Lanka,LKA,2005,0.713777502007764,2268.6880127005,20216524.0
Sri Lanka,LKA,2006,0.648296656351918,2426.34873273046,20352411.0
Sri Lanka,LKA,2007,0.689226252766555,2573.54362192705,20492545.0
Sri Lanka,LKA,2008,0.64492492211835,2708.58594222506,20629378.0
Sri Lanka,LKA,2009,0.615577771423657,2787.27350976338,20756435.0
Sri Lanka,LKA,2010,0.647461199097336,2993.01411511147,20879089.0
Sri Lanka,LKA,2011,0.757197565544141,3232.37350382301,21009048.0
Sri Lanka,LKA,2012,0.845279080834285,3484.79049033884,21169458.0
Sri Lanka,LKA,2013,0.720767549186301,3728.93586647848,20585000.0
Sri Lanka,LKA,2014,0.860549619790163,3929.92062032185,20778000.0
Sri Lanka,LKA,2015,0.939966618979494,4057.7158346231,20970000.0
Sri Lanka,LKA,2016,1.10736008298364,4214.74117992085,21209000.0
Sri Lanka,LKA,2017,1.09125530228872,4436.00789945768,21453000.0
Sri Lanka,LKA,2018,1.01443931702815,4493.03575444544,21670000.0
Sri Lanka,LKA,2019,1.09952758794661,4455.78189608267,21803000.0
Sri Lanka,LKA,2020,1.03172589990419,4227.23315306594,21919000.0
Sri Lanka,LKA,2021,1.02995125473912,4357.97225779491,22156000.0
Sri Lanka,LKA,2022,0.937608764257698,4033.14561476298,22181000.0
Sri Lanka,LKA,2023,0.979275763488678,3964.91987394354,22037000.0
Sri Lanka,LKA,2024,1.06473352801606,4186.4986638365,21916000.0
St. Kitts and Nevis,KNA,1990,0.514444004748714,10136.986550185,40432.0
St. Kitts and Nevis,KNA,1991,0.688834927399772,9966.20374372867,40358.0
St. Kitts and Nevis,KNA,1992,0.685251135944983,10300.5415354294,40715.0
St. Kitts and Nevis,KNA,1993,0.817128170311818,10860.6034990877,41242.0
St. Kitts and Nevis,KNA,1994,0.957487552661815,11290.2168438156,41776.0
St. Kitts and Nevis,KNA,1995,0.79620091669423,11743.3784162332,42326.0
St. Kitts and Nevis,KNA,1996,0.909578561932971,12269.7967435843,42877.0
St. Kitts and Nevis,KNA,1997,0.921064750851985,12940.7852855874,43428.0
St. Kitts and Nevis,KNA,1998,0.931860539115414,12710.9629751883,43998.0
St. Kitts and Nevis,KNA,1999,0.93047241093249,12942.857504219,44601.0
St. Kitts and Nevis,KNA,2000,1.09839108910891,14039.0281125333,45248.0
St. Kitts and Nevis,KNA,2001,1.11011560062062,14610.9099610508,45761.0
St. Kitts and Nevis,KNA,2002,1.26032159930465,14727.3908829316,46020.0
St. Kitts and Nevis,KNA,2003,1.30587318087318,14100.3067967234,46176.0
St. Kitts and Nevis,KNA,2004,1.41206952391234,14619.795111247,46315.0
St. Kitts and Nevis,KNA,2005,1.30930077309042,16000.5658929826,46437.0
St. Kitts and Nevis,KNA,2006,1.48811441087419,16457.8622372067,46569.0
St. Kitts and Nevis,KNA,2007,1.63790519419347,16508.1437081315,46706.0
St. Kitts and Nevis,KNA,2008,1.71666488737056,18325.7612670282,46835.0
St. Kitts and Nevis,KNA,2009,1.92897945263876,17671.2547069735,46916.0
St. Kitts and Nevis,KNA,2010,2.10690347094736,17688.0690103409,46846.0
St. Kitts and Nevis,KNA,2011,1.65934394062193,17958.6813977053,46886.0
St. Kitts and Nevis,KNA,2012,1.69668105372823,17770.4963640576,47033.0
St. Kitts and Nevis,KNA,2013,1.93333191697295,18773.8926898397,47069.0
St. Kitts and Nevis,KNA,2014,2.06629998513453,20187.8061975481,47089.0
St. Kitts and Nevis,KNA,2015,2.16407925754455,20328.8003530109,47087.0
St. Kitts and Nevis,KNA,2016,2.36856080722252,21133.6575914414,47075.0
St. Kitts and Nevis,KNA,2017,2.21041445270988,21191.6047083703,47050.0
St. Kitts and Nevis,KNA,2018,2.36342750170184,21635.4972146482,47008.0
St. Kitts and Nevis,KNA,2019,2.77304481172261,22297.7644995701,46952.0
St. Kitts and Nevis,KNA,2020,2.55173885214423,18918.8263456611,46870.0
St. Kitts and Nevis,KNA,2021,2.48487051728931,19031.8211910603,46763.0
St. Kitts and Nevis,KNA,2022,2.78533045023443,21050.758653729,46709.0
St. Kitts and Nevis,KNA,2023,2.7909662517644,21664.0333984701,46758.0
St. Kitts and Nevis,KNA,2024,2.88410221377794,21692.2406392872,46843.0
St. Lucia,LCA,1990,0.518653387205583,8418.43121970586,137857.0
St. Lucia,LCA,1991,0.514621559633027,8349.33748060159,139520.0
St. Lucia,LCA,1992,0.50982579775027,8879.90075764079,141617.0
St. Lucia,LCA,1993,0.489125140893088,8800.62691819002,143726.0
St. Lucia,LCA,1994,0.580574405373912,8808.68294405759,145890.0
St. Lucia,LCA,1995,0.561373205225089,8822.50069854295,148208.0
St. Lucia,LCA,1996,0.548405966656917,8945.86353079673,150436.0
St. Lucia,LCA,1997,0.555158649529065,8759.56755308065,152569.0
St. Lucia,LCA,1998,0.560522896099614,9183.3516374622,154677.0
St. Lucia,LCA,1999,0.560299166570944,9306.76032489833,156702.0
St. Lucia,LCA,2000,0.610278912593938,9198.93894352203,158616.0
St. Lucia,LCA,2001,0.646542309204491,8795.54582090658,160237.0
St. Lucia,LCA,2002,0.603188547460112,8755.45939353129,161641.0
St. Lucia,LCA,2003,0.696421559002553,9054.06778374517,162976.0
St. Lucia,LCA,2004,0.669755660957507,9637.37801390276,164239.0
St. Lucia,LCA,2005,0.697491689332124,9527.58469430542,165450.0
St. Lucia,LCA,2006,0.768127509166522,10045.6504032593,166639.0
St. Lucia,LCA,2007,0.824997913661346,10147.4432459936,167758.0
St. Lucia,LCA,2008,0.886213923510734,10583.4310172598,168808.0
St. Lucia,LCA,2009,0.949555245512719,10219.8024011561,169869.0
St. Lucia,LCA,2010,1.06666822697857,10191.3146827694,170906.0
St. Lucia,LCA,2011,0.821881129911933,10576.8979743596,171801.0
St. Lucia,LCA,2012,0.845370740554039,10517.2777635533,172587.0
St. Lucia,LCA,2013,0.96153291534242,10279.4155096001,173369.0
St. Lucia,LCA,2014,1.02102929860226,10369.9382566513,174138.0
St. Lucia,LCA,2015,1.04285183385266,10334.9860823918,174905.0
St. Lucia,LCA,2016,1.11815811347825,10644.1612913407,175646.0
St. Lucia,LCA,2017,1.11317780222522,10960.4843512477,176342.0
St. Lucia,LCA,2018,1.46426614392968,11233.8883578457,177017.0
St. Lucia,LCA,2019,1.65877710921361,11114.7785940338,177661.0
St. Lucia,LCA,2020,1.55736325385694,8379.27495097388,178250.0
St. Lucia,LCA,2021,1.58075755369086,9336.92127417129,178522.0
St. Lucia,LCA,2022,1.65621626459187,11224.2899455738,178781.0
St. Lucia,LCA,2023,1.65658030510082,11440.0829538276,179285.0
St. Lucia,LCA,2024,1.71076642335766,11854.9517233237,179744.0
St. Martin (French part),MAF,1990,,,28224.0
St. Martin (French part),MAF,1991,,,28800.0
St. Martin (French part),MAF,1992,,,29081.0
St. Martin (French part),MAF,1993,,,29282.0
St. Martin (French part),MAF,1994,,,29413.0
St. Martin (French part),MAF,1995,,,29470.0
St. Martin (French part),MAF,1996,,,29443.0
St. Martin (French part),MAF,1997,,,29323.0
St. Martin (French part),MAF,1998,,,29107.0
St. Martin (French part),MAF,1999,,,29284.0
St. Martin (French part),MAF,2000,,,29996.0
St. Martin (French part),MAF,2001,,,30803.0
St. Martin (French part),MAF,2002,,,31604.0
St. Martin (French part),MAF,2003,,,32395.0
St. Martin (French part),MAF,2004,,,33171.0
St. Martin (French part),MAF,2005,,,33928.0
St. Martin (French part),MAF,2006,,,34658.0
St. Martin (French part),MAF,2007,,,35337.0
St. Martin (French part),MAF,2008,,,35958.0
St. Martin (French part),MAF,2009,,,36502.0
St. Martin (French part),MAF,2010,,,36856.0
St. Martin (French part),MAF,2011,,,37069.0
St. Martin (French part),MAF,2012,,,37276.0
St. Martin (French part),MAF,2013,,,37419.0
St. Martin (French part),MAF,2014,,,37450.0
St. Martin (French part),MAF,2015,,,37369.0
St. Martin (French part),MAF,2016,,,37175.0
St. Martin (French part),MAF,2017,,,36837.0
St. Martin (French part),MAF,2018,,,36012.0
St. Martin (French part),MAF,2019,,,34267.0
St. Martin (French part),MAF,2020,,,31786.0
St. Martin (French part),MAF,2021,,,29961.0
St. Martin (French part),MAF,2022,,,28870.0
St. Martin (French part),MAF,2023,,,27515.0
St. Martin (French part),MAF,2024,,,26129.0
St. Vincent and the Grenadines,VCT,1990,0.262941365864129,3784.79942946706,111812.0
St. Vincent and the Grenadines,VCT,1991,0.251287626312131,3813.79398874435,112222.0
St. Vincent and the Grenadines,VCT,1992,0.303975681945444,4046.68638456042,112509.0
St. Vincent and the Grenadines,VCT,1993,0.246595999467778,4210.24289444354,112735.0
St. Vincent and the Grenadines,VCT,1994,0.45076958500859,4150.97674020379,112918.0
St. Vincent and the Grenadines,VCT,1995,0.491830831424098,4468.26394261096,113047.0
St. Vincent and the Grenadines,VCT,1996,0.438476294875308,4522.93058114134,113119.0
St. Vincent and the Grenadines,VCT,1997,0.528544029131791,4680.55582185707,113141.0
St. Vincent and the Grenadines,VCT,1998,0.590210284502562,4870.32086653059,113180.0
St. Vincent and the Grenadines,VCT,1999,0.596298713900111,4994.11436770598,113366.0
St. Vincent and the Grenadines,VCT,2000,0.369016689418292,5067.96739467376,113545.0
St. Vincent and the Grenadines,VCT,2001,0.4273090104933,5158.56617678847,113501.0
St. Vincent and the Grenadines,VCT,2002,0.490529083257607,5441.52648867536,113347.0
St. Vincent and the Grenadines,VCT,2003,0.531195587806365,5816.20788359407,113141.0
St. Vincent and the Grenadines,VCT,2004,0.569858643151504,6071.94945269221,112835.0
St. Vincent and the Grenadines,VCT,2005,0.589595375722543,6244.35953746008,112450.0
St. Vincent and the Grenadines,VCT,2006,0.652596996803971,6707.27875985734,112014.0
St. Vincent and the Grenadines,VCT,2007,0.701150352816706,6960.17151500732,111531.0
St. Vincent and the Grenadines,VCT,2008,0.73404906870339,7019.9950843874,111028.0
St. Vincent and the Grenadines,VCT,2009,1.12299562022659,6955.82358345268,110508.0
St. Vincent and the Grenadines,VCT,2010,0.882146982056949,6678.04200697308,109959.0
St. Vincent and the Grenadines,VCT,2011,0.631007142269248,6674.58198966102,109349.0
St. Vincent and the Grenadines,VCT,2012,0.80562095350206,6790.68325958275,108736.0
St. Vincent and the Grenadines,VCT,2013,0.762935219864059,6996.57386151332,108135.0
St. Vincent and the Grenadines,VCT,2014,0.857395266657367,7116.22071347207,107535.0
St. Vincent and the Grenadines,VCT,2015,0.889117427075542,7353.73556054184,106960.0
St. Vincent and the Grenadines,VCT,2016,0.951583935909129,7702.8942635647,106349.0
St. Vincent and the Grenadines,VCT,2017,1.03252794261,7872.92690537077,105663.0
St. Vincent and the Grenadines,VCT,2018,1.05026399557784,8179.99598957084,104926.0
St. Vincent and the Grenadines,VCT,2019,1.11839642113145,8294.67434486665,104167.0
St. Vincent and the Grenadines,VCT,2020,1.19583486273979,7989.74651933597,103526.0
St. Vincent and the Grenadines,VCT,2021,1.14156805165255,8211.33588012942,102841.0
St. Vincent and the Grenadines,VCT,2022,1.24551672775023,8532.7381341339,102046.0
St. Vincent and the Grenadines,VCT,2023,1.25835200300031,9051.35208011007,101323.0
St. Vincent and the Grenadines,VCT,2024,1.31191858153773,9485.18771201686,100616.0
Sudan,SDN,1990,0.251867710441455,764.450439453125,22021481.0
Sudan,SDN,1991,0.219993381596531,805.367309570313,22470676.0
Sudan,SDN,1992,0.204184041290415,842.008605957031,22927355.0
Sudan,SDN,1993,0.14263662013738,862.978149414063,23445592.0
Sudan,SDN,1994,0.204417344439441,850.299438476563,24043948.0
Sudan,SDN,1995,0.186359976918097,877.693298339844,24672143.0
Sudan,SDN,1996,0.17960862298946,908.66015625,25231528.0
Sudan,SDN,1997,0.212389070451303,1050.31994628906,25799821.0
Sudan,SDN,1998,0.186035004574436,1069.27197265625,26458999.0
Sudan,SDN,1999,0.20064050893358,1074.88098144531,27130613.0
Sudan,SDN,2000,0.215697415351796,1111.11865234375,27816745.0
Sudan,SDN,2001,0.229633299984535,1150.17626953125,28516770.0
Sudan,SDN,2002,0.273652013650817,1185.21533203125,29228727.0
Sudan,SDN,2003,0.274762188363775,1226.42077636719,29896035.0
Sudan,SDN,2004,0.302186395708402,1255.67114257813,30556637.0
Sudan,SDN,2005,0.347656760296796,1290.24438476563,31262444.0
Sudan,SDN,2006,0.415110634748496,1336.1240234375,31992435.0
Sudan,SDN,2007,0.439520225392796,1372.10961914063,32764135.0
Sudan,SDN,2008,0.457313500662325,1381.62561035156,33623980.0
Sudan,SDN,2009,0.460761026758193,1301.34729003906,34569113.0
Sudan,SDN,2010,0.47757128392889,1311.22314453125,35414399.0
Sudan,SDN,2011,0.449334195811792,1388.21813964844,36140806.0
Sudan,SDN,2012,0.474625992378013,1288.25854492188,36923178.0
Sudan,SDN,2013,0.466404764386795,1283.45922851563,37785849.0
Sudan,SDN,2014,0.4769298698272,1307.3896484375,38823318.0
Sudan,SDN,2015,0.538628519166206,1292.37963867188,40024431.0
Sudan,SDN,2016,0.580134819548243,1297.15454101563,41259892.0
Sudan,SDN,2017,0.553975991088325,1261.87353515625,42714306.0
Sudan,SDN,2018,0.53463218085508,1185.94445800781,44230596.0
Sudan,SDN,2019,0.515296167190014,1126.55297851563,45548175.0
Sudan,SDN,2020,0.463108701230845,1056.86474609375,46789231.0
Sudan,SDN,2021,0.491048688699115,1009.54888916016,48066924.0
Sudan,SDN,2022,0.434223310830335,973.225280761719,49383346.0
Sudan,SDN,2023,0.433700830155536,677.723205566406,50042791.0
Sudan,SDN,2024,0.433463815698253,578.38916015625,50448963.0
Suriname,SUR,1990,2.66089363940721,6474.95571162121,412493.0
Suriname,SUR,1991,3.01653201225022,6609.4013410012,415013.0
Suriname,SUR,1992,2.93302745043572,6594.9041494915,417589.0
Suriname,SUR,1993,2.9338121673439,6127.17764098658,419352.0
Suriname,SUR,1994,2.92891387984611,6290.15749631679,422375.0
Suriname,SUR,1995,2.93571318836329,6184.2834422862,429606.0
Suriname,SUR,1996,2.83731741220974,6114.83571706509,438830.0
Suriname,SUR,1997,2.86073288146639,6330.13718248353,448067.0
Suriname,SUR,1998,2.84779823614032,6343.51344766536,457406.0
Suriname,SUR,1999,2.7317547481774,6127.31035739875,466916.0
Suriname,SUR,2000,3.10546887293005,6128.31602380553,476643.0
Suriname,SUR,2001,3.12520552449852,6255.55274185687,486560.0
Suriname,SUR,2002,2.25193383962574,6301.31731043167,496551.0
Suriname,SUR,2003,2.43832121544823,6567.84309876847,506414.0
Suriname,SUR,2004,2.71227401770304,7021.98919924338,513923.0
Suriname,SUR,2005,3.25198868505121,7261.8171350196,519313.0
Suriname,SUR,2006,2.91696904934695,7599.35696921481,524997.0
Suriname,SUR,2007,2.66432649863658,7897.25648915828,531016.0
Suriname,SUR,2008,2.7177544695623,8129.11464659446,537245.0
Suriname,SUR,2009,2.6712389250287,8276.69079768793,543568.0
Suriname,SUR,2010,3.18171816781622,8603.90786745855,549923.0
Suriname,SUR,2011,3.51736300243228,9003.28597674886,556269.0
Suriname,SUR,2012,4.34546142867553,9140.92898611536,562633.0
Suriname,SUR,2013,4.02147551931391,9303.46008775809,569020.0
Suriname,SUR,2014,4.55565346305788,9224.24378410547,575373.0
Suriname,SUR,2015,4.68702450195744,8813.61705392067,581627.0
Suriname,SUR,2016,5.03728581709788,8293.31553031406,587757.0
Suriname,SUR,2017,4.12724666631857,8338.69235401862,593713.0
Suriname,SUR,2018,3.58824579283518,8666.64870697797,599513.0
Suriname,SUR,2019,4.39326606885805,8677.30522021731,605768.0
Suriname,SUR,2020,4.25335243019547,7213.10766669943,612317.0
Suriname,SUR,2021,4.40057873816953,6973.89941868115,617896.0
Suriname,SUR,2022,4.59397526172885,7081.33357325783,623164.0
Suriname,SUR,2023,3.96892282544054,7186.47308739957,628886.0
Suriname,SUR,2024,4.06111933370217,7246.2576795921,634431.0
Sweden,SWE,1990,6.67642266733732,34903.3480401006,8558835.0
Sweden,SWE,1991,6.68839408752665,34268.9743998346,8617375.0
Sweden,SWE,1992,6.94365883420144,33673.8489875564,8668067.0
Sweden,SWE,1993,6.91239070300707,32787.2810455518,8718561.0
Sweden,SWE,1994,7.16832113903775,33862.4221711967,8780745.0
Sweden,SWE,1995,7.09672968171639,35064.4138802129,8826939.0
Sweden,SWE,1996,7.66378411125079,35605.4537507466,8840998.0
Sweden,SWE,1997,6.98574122586977,36675.7506543343,8846062.0
Sweden,SWE,1998,7.11836911960198,38211.7233090832,8850974.0
Sweden,SWE,1999,6.9638944965801,39786.0271902555,8857874.0
Sweden,SWE,2000,6.53554865027019,41561.7747635857,8872109.0
Sweden,SWE,2001,6.52637826608933,42014.4022302506,8895960.0
Sweden,SWE,2002,6.65422739244263,42831.7584103774,8924958.0
Sweden,SWE,2003,6.65964221276326,43475.3655433221,8958229.0
Sweden,SWE,2004,6.45636291240893,45114.6701230708,8993531.0
Sweden,SWE,2005,6.03944461597958,46189.6828420555,9029572.0
Sweden,SWE,2006,6.06777926998554,48078.3520110084,9080505.0
Sweden,SWE,2007,5.77642857111625,49262.152916545,9148092.0
Sweden,SWE,2008,5.60895184918886,48428.6587081751,9219637.0
Sweden,SWE,2009,5.04604229815191,45974.3911151254,9298515.0
Sweden,SWE,2010,5.63902638970728,48205.5492512742,9378126.0
Sweden,SWE,2011,5.12869166987769,49356.5905257047,9449213.0
Sweden,SWE,2012,4.80375075083719,48789.7906883637,9519374.0
Sweden,SWE,2013,4.579871273832,48928.4994141291,9600379.0
Sweden,SWE,2014,4.41199615103377,49557.6183647959,9696110.0
Sweden,SWE,2015,4.37800649972355,51188.1652120493,9799186.0
Sweden,SWE,2016,4.2819344992006,51626.3235312369,9923085.0
Sweden,SWE,2017,4.15961982553065,51894.3748177808,10057698.0
Sweden,SWE,2018,3.89655686848453,52203.0872589761,10175214.0
Sweden,SWE,2019,3.8423518032643,53024.4099494317,10278887.0
Sweden,SWE,2020,3.67402454179006,51624.5811789573,10353442.0
Sweden,SWE,2021,3.88625523254982,53997.1337068799,10415811.0
Sweden,SWE,2022,3.59996303974629,54304.1877501033,10486941.0
Sweden,SWE,2023,3.4800778844701,53937.7967122429,10536632.0
Sweden,SWE,2024,3.57381645984766,54209.9474264877,10569709.0
Switzerland,CHE,1990,6.66475666288786,70063.8517086247,6715519.0
Switzerland,CHE,1991,6.92225768965723,68559.9382296082,6799978.0
Switzerland,CHE,1992,6.84077235765263,67778.5475359796,6875364.0
Switzerland,CHE,1993,6.4460351399089,67079.4643937643,6938265.0
Switzerland,CHE,1994,6.2615933123576,67391.8444211439,6993795.0
Switzerland,CHE,1995,6.33107252175818,67264.9113311617,7040687.0
Switzerland,CHE,1996,6.38096113463945,67284.1091695976,7071850.0
Switzerland,CHE,1997,6.18350701786707,68640.0745320635,7088906.0
Switzerland,CHE,1998,6.370871115208,70510.0256437591,7110001.0
Switzerland,CHE,1999,6.37807354460553,71341.3428665645,7143991.0
Switzerland,CHE,2000,6.23089396944705,73749.9389517966,7184250.0
Switzerland,CHE,2001,6.38860757077529,74439.4637644735,7229854.0
Switzerland,CHE,2002,6.11934268739105,73824.3849167809,7284753.0
Switzerland,CHE,2003,6.24858887469834,73254.9529864219,7339001.0
Switzerland,CHE,2004,6.27946614341052,74718.6836260364,7389625.0
Switzerland,CHE,2005,6.32417274709346,76282.9840696619,7437115.0
Switzerland,CHE,2006,6.22760703127526,78893.8078199046,7483934.0
Switzerland,CHE,2007,5.90856955335217,81254.1701015272,7551117.0
Switzerland,CHE,2008,6.01237631044729,82481.0680560935,7647675.0
Switzerland,CHE,2009,5.76174764144517,79585.5216989959,7743831.0
Switzerland,CHE,2010,5.92014552501505,81315.4228307049,7824909.0
Switzerland,CHE,2011,5.34446068056738,81874.3362425008,7912398.0
Switzerland,CHE,2012,5.45216429296445,81964.8864937809,7996861.0
Switzerland,CHE,2013,5.51425294455201,82479.9215677304,8089346.0
Switzerland,CHE,2014,4.9941693678652,83394.3712888211,8188649.0
Switzerland,CHE,2015,4.85628796304837,83806.4476003837,8282396.0
Switzerland,CHE,2016,4.87123534246438,84611.0998672721,8373338.0
Switzerland,CHE,2017,4.71119898152355,84967.5886498224,8451840.0
Switzerland,CHE,2018,4.52389143055195,86756.6022327472,8514329.0
Switzerland,CHE,2019,4.47745146514166,87123.6604234257,8575280.0
Switzerland,CHE,2020,4.16061648264036,84637.0132935333,8638167.0
Switzerland,CHE,2021,4.32303993798183,88661.2029776281,8704546.0
Switzerland,CHE,2022,3.92846693573085,90605.019427268,8777088.0
Switzerland,CHE,2023,3.78746475067225,90077.4460280731,8888822.0
Switzerland,CHE,2024,3.74568795220564,90067.4645431168,9005582.0
Syrian Arab Republic,SYR,1990,2.6237263904055,931.885068358616,12579208.0
Syrian Arab Republic,SYR,1991,2.78200431236206,972.285831689207,12980821.0
Syrian Arab Republic,SYR,1992,2.68050574756953,1065.204692606,13385571.0
Syrian Arab Republic,SYR,1993,2.67269057877948,1097.11040673676,13795686.0
Syrian Arab Republic,SYR,1994,2.73662757222166,1142.06397841767,14208583.0
Syrian Arab Republic,SYR,1995,2.7716598180409,1188.17539496366,14616801.0
Syrian Arab Republic,SYR,1996,2.89835521181635,1270.05124654802,15018104.0
Syrian Arab Republic,SYR,1997,2.81075932856223,1299.29856564941,15417542.0
Syrian Arab Republic,SYR,1998,2.90859031303418,1352.12789604368,15820413.0
Syrian Arab Republic,SYR,1999,2.78581033186898,1271.32227335953,16228061.0
Syrian Arab Republic,SYR,2000,2.75886578873472,1248.38488334216,16637888.0
Syrian Arab Republic,SYR,2001,2.69850964188265,1230.87200021533,17051338.0
Syrian Arab Republic,SYR,2002,2.62348460059037,1249.00621359351,17468332.0
Syrian Arab Republic,SYR,2003,2.57035827457939,1307.4814585452,17889296.0
Syrian Arab Republic,SYR,2004,2.61941034118409,1363.61946683869,18336875.0
Syrian Arab Republic,SYR,2005,3.12583265383377,1411.63184941498,18814091.0
Syrian Arab Republic,SYR,2006,3.13534302706388,1420.72293121298,19637022.0
Syrian Arab Republic,SYR,2007,3.11350367803296,1411.6899137524,20884125.0
Syrian Arab Republic,SYR,2008,3.08179246945125,1423.59559425951,21636564.0
Syrian Arab Republic,SYR,2009,2.83975010384735,1484.40523742854,21976969.0
Syrian Arab Republic,SYR,2010,2.78848083131261,1526.36894402751,22482421.0
Syrian Arab Republic,SYR,2011,2.56219288858715,1542.71957174916,22878098.0
Syrian Arab Republic,SYR,2012,2.0319939183901,1142.29080150598,22759763.0
Syrian Arab Republic,SYR,2013,1.43975259608924,884.329813332104,21666917.0
Syrian Arab Republic,SYR,2014,1.52845127759128,847.659877206276,20273659.0
Syrian Arab Republic,SYR,2015,1.44845576885991,847.731631942565,19424618.0
Syrian Arab Republic,SYR,2016,1.34820380336727,802.969498335502,19193834.0
Syrian Arab Republic,SYR,2017,1.61670932366686,795.883216970859,19224668.0
Syrian Arab Republic,SYR,2018,1.73689698738549,792.413811698757,19577845.0
Syrian Arab Republic,SYR,2019,1.63691966220706,771.518695271305,20353534.0
Syrian Arab Republic,SYR,2020,1.50831644886899,740.811397013438,21049429.0
Syrian Arab Republic,SYR,2021,1.48118445007612,734.334236323426,21628839.0
Syrian Arab Republic,SYR,2022,1.38747039300249,712.272278200037,22462173.0
Syrian Arab Republic,SYR,2023,1.32899347448781,,23594623.0
Syrian Arab Republic,SYR,2024,1.27467701221914,,24672760.0
Tajikistan,TJK,1990,2.28246518464953,1312.94701318034,5398768.0
Tajikistan,TJK,1991,2.09907411835512,1188.37461269952,5541205.0
Tajikistan,TJK,1992,1.51463872269622,827.586884623268,5649400.0
Tajikistan,TJK,1993,1.01287460089471,682.727259317268,5724993.0
Tajikistan,TJK,1994,0.61604691755096,528.04821736829,5825368.0
Tajikistan,TJK,1995,0.512004201335982,452.904385394465,5948584.0
Tajikistan,TJK,1996,0.44516438823359,369.934883507426,6066523.0
Tajikistan,TJK,1997,0.484801775424039,371.661243144454,6139829.0
Tajikistan,TJK,1998,0.52059477394345,389.089746664022,6176397.0
Tajikistan,TJK,1999,0.482542116529782,401.406381787908,6208370.0
Tajikistan,TJK,2000,0.443073574303451,429.537300984643,6284735.0
Tajikistan,TJK,2001,0.427928620401141,461.681195760256,6407377.0
Tajikistan,TJK,2002,0.421852362696273,501.80856647117,6531669.0
Tajikistan,TJK,2003,0.422958365716388,546.391479808684,6658575.0
Tajikistan,TJK,2004,0.493642117490682,590.957111385699,6790547.0
Tajikistan,TJK,2005,0.460827296988181,618.333702588577,6924720.0
Tajikistan,TJK,2006,0.494462255117416,649.163328755334,7057566.0
Tajikistan,TJK,2007,0.562973514266569,686.48090192413,7194477.0
Tajikistan,TJK,2008,0.516570158384597,726.185491338269,7338403.0
Tajikistan,TJK,2009,0.407197108767021,739.212878526331,7490230.0
Tajikistan,TJK,2010,0.401325589792452,770.604105393791,7652141.0
Tajikistan,TJK,2011,0.393927756481488,809.368229154093,7824785.0
Tajikistan,TJK,2012,0.436993173518022,849.519080831738,8014084.0
Tajikistan,TJK,2013,0.437388428770396,889.882383099979,8216724.0
Tajikistan,TJK,2014,0.565921378207624,925.970961482804,8425552.0
Tajikistan,TJK,2015,0.589055327261958,956.916310930656,8643840.0
Tajikistan,TJK,2016,0.644680564756192,997.352614556708,8865631.0
Tajikistan,TJK,2017,0.763156637734805,1042.26391757642,9085946.0
Tajikistan,TJK,2018,0.881498491565736,1094.8002018221,9307333.0
Tajikistan,TJK,2019,0.948639271115973,1148.34676712493,9529966.0
Tajikistan,TJK,2020,0.96295019852687,1171.90127480359,9749310.0
Tajikistan,TJK,2021,0.945809874035157,1254.06999592306,9966908.0
Tajikistan,TJK,2022,0.938950260561987,1325.75545290849,10182222.0
Tajikistan,TJK,2023,0.897072214775281,1407.1075436221,10389799.0
Tajikistan,TJK,2024,0.922478268427306,1496.33813395037,10590927.0
Tanzania,TZA,1990,0.0798040398530735,541.544799804688,26110207.0
Tanzania,TZA,1991,0.0825042579590564,538.966979980469,26780436.0
Tanzania,TZA,1992,0.0745404148390602,528.781555175781,27457588.0
Tanzania,TZA,1993,0.0758346577162523,518.66259765625,28332692.0
Tanzania,TZA,1994,0.072320978660811,506.972503662109,29442356.0
Tanzania,TZA,1995,0.0967828028485332,508.840423583984,30383497.0
Tanzania,TZA,1996,0.113366088707074,522.333251953125,30945762.0
Tanzania,TZA,1997,0.10378715444117,529.954223632813,31578089.0
Tanzania,TZA,1998,0.087932132235763,535.363159179688,32420458.0
Tanzania,TZA,1999,0.0800232310010141,546.605529785156,33300330.0
Tanzania,TZA,2000,0.090834424226942,555.348083496094,34260139.0
Tanzania,TZA,2001,0.093385194551589,573.400146484375,35198299.0
Tanzania,TZA,2002,0.103523394393514,598.421569824219,36121304.0
Tanzania,TZA,2003,0.106641883408954,621.720703125,37089555.0
Tanzania,TZA,2004,0.142837770195217,650.516540527344,38109668.0
Tanzania,TZA,2005,0.157543974954262,680.051208496094,39182076.0
Tanzania,TZA,2006,0.163876810024256,704.502746582031,40294902.0
Tanzania,TZA,2007,0.150653381572792,731.52001953125,41435512.0
Tanzania,TZA,2008,0.147505111963319,752.540466308594,42570728.0
Tanzania,TZA,2009,0.139276768276615,772.929565429688,43633982.0
Tanzania,TZA,2010,0.163841548892358,801.29931640625,44758488.0
Tanzania,TZA,2011,0.193059357083924,838.999267578125,46029367.0
Tanzania,TZA,2012,0.223794524706032,851.910705566406,47374260.0
Tanzania,TZA,2013,0.23745636583617,882.8115234375,48824128.0
Tanzania,TZA,2014,0.223568261465515,913.811218261719,50351512.0
Tanzania,TZA,2015,0.253809224058563,939.127319335938,52020962.0
Tanzania,TZA,2016,0.262646711236488,970.156127929688,53824013.0
Tanzania,TZA,2017,0.255108045601944,1001.55895996094,55652890.0
Tanzania,TZA,2018,0.259781366222155,1024.01525878906,57437145.0
Tanzania,TZA,2019,0.287346536895184,1051.7666015625,59174891.0
Tanzania,TZA,2020,0.273515412561516,1041.25964355469,60972798.0
Tanzania,TZA,2021,0.30147502454703,1054.31726074219,62830412.0
Tanzania,TZA,2022,0.323161976851185,1070.58532714844,64711821.0
Tanzania,TZA,2023,0.323839316591473,1092.86413574219,66617606.0
Tanzania,TZA,2024,0.311205530057348,1120.77416992188,68560157.0
Thailand,THA,1990,1.74257054869176,2631.51971095863,54738329.0
Thailand,THA,1991,1.86934214112031,2810.56702001316,55637434.0
Thailand,THA,1992,2.01711572540131,2989.85385369019,56528834.0
Thailand,THA,1993,2.25478946404135,3186.99707103229,57408198.0
Thailand,THA,1994,2.4787604383554,3391.48986604062,58260854.0
Thailand,THA,1995,2.76739243231507,3614.93244016732,59098232.0
Thailand,THA,1996,3.0689653468995,3766.86364433088,59920064.0
Thailand,THA,1997,3.08630521042351,3614.60848543994,60724584.0
Thailand,THA,1998,2.71491319535592,3295.36018381294,61522630.0
Thailand,THA,1999,2.80177979620008,3403.08737356896,62299043.0
Thailand,THA,2000,2.77493831519154,3514.71662970608,63007815.0
Thailand,THA,2001,2.88330259468562,3599.02524877358,63651141.0
Thailand,THA,2002,3.03535576431598,3783.75422073266,64266437.0
Thailand,THA,2003,3.12835266531198,4018.15538187068,64868166.0
Thailand,THA,2004,3.37869799549585,4232.77157261934,65452047.0
Thailand,THA,2005,3.47218658348054,4372.25730206261,66017420.0
Thailand,THA,2006,3.49792985897197,4551.5250018314,66567687.0
Thailand,THA,2007,3.54477665878806,4760.66708464831,67102394.0
Thailand,THA,2008,3.53401361701146,4805.76393990836,67619830.0
Thailand,THA,2009,3.40595891903064,4737.45679763314,68121080.0
Thailand,THA,2010,3.59232409675161,5059.35747831657,68579447.0
Thailand,THA,2011,3.57565835731247,5070.23740191942,69007208.0
Thailand,THA,2012,3.81363739650232,5403.87846036273,69436098.0
Thailand,THA,2013,3.95099362283237,5516.61164164135,69845114.0
Thailand,THA,2014,3.88118627669814,5541.46599361845,70216367.0
Thailand,THA,2015,3.99014074054595,5688.85335397884,70540795.0
Thailand,THA,2016,3.91990436444812,5857.78052935926,70859841.0
Thailand,THA,2017,3.94997556709625,6076.74307700082,71160187.0
Thailand,THA,2018,3.87600024932723,6314.19948412043,71376079.0
Thailand,THA,2019,4.00533143026177,6434.53770518034,71522271.0
Thailand,THA,2020,3.84739936431244,6035.18627737077,71641484.0
Thailand,THA,2021,3.74441224162639,6121.52696529713,71727332.0
Thailand,THA,2022,3.963374866518,6278.7855138276,71735329.0
Thailand,THA,2023,3.83577489383729,6408.41432577294,71702435.0
Thailand,THA,2024,3.96005269352319,6574.46109387985,71668011.0
Timor-Leste,TLS,1990,0.0916689134537611,633.18248660316,760345.0
Timor-Leste,TLS,1991,0.0928973965600981,684.870525977346,778278.0
Timor-Leste,TLS,1992,0.0992095761636795,736.591643587695,799318.0
Timor-Leste,TLS,1993,0.126242182906297,789.900692594751,821437.0
Timor-Leste,TLS,1994,0.126111169660376,823.062419740079,844493.0
Timor-Leste,TLS,1995,0.111501982385451,854.130467489101,868146.0
Timor-Leste,TLS,1996,0.134262486523319,897.360525869862,892282.0
Timor-Leste,TLS,1997,0.134433221687251,907.916560400077,917184.0
Timor-Leste,TLS,1998,0.201054608341379,865.831372670687,942530.0
Timor-Leste,TLS,1999,0.363964408641699,631.07290867098,834697.0
Timor-Leste,TLS,2000,0.469206321937811,1117.56432347244,745088.0
Timor-Leste,TLS,2001,0.326993323475929,1192.74796357529,812249.0
Timor-Leste,TLS,2002,0.283452708781915,1028.13194386616,879159.0
Timor-Leste,TLS,2003,0.287824552448635,964.322543048225,916878.0
Timor-Leste,TLS,2004,0.555176444502806,955.470489028291,929074.0
Timor-Leste,TLS,2005,0.368655430549683,964.026656178075,948311.0
Timor-Leste,TLS,2006,0.349069268080897,897.573801807644,976597.0
Timor-Leste,TLS,2007,0.311775728463542,961.848415522858,1004889.0
Timor-Leste,TLS,2008,0.301134509007399,1042.86833768293,1032429.0
Timor-Leste,TLS,2009,0.31847915812698,1120.09693594876,1058782.0
Timor-Leste,TLS,2010,0.308293974530714,1195.38066079604,1084679.0
Timor-Leste,TLS,2011,0.333991769102519,1237.48380284894,1110207.0
Timor-Leste,TLS,2012,0.554064949312045,1269.41625561248,1134885.0
Timor-Leste,TLS,2013,0.654615753067028,1281.92864043187,1158695.0
Timor-Leste,TLS,2014,0.629577892602016,1312.96494988639,1181903.0
Timor-Leste,TLS,2015,0.57686674726648,1319.59295003154,1205131.0
Timor-Leste,TLS,2016,0.538055477761351,1333.65856117568,1228312.0
Timor-Leste,TLS,2017,0.496763209802964,1267.08661597675,1251703.0
Timor-Leste,TLS,2018,0.522430579665961,1237.2006590123,1275959.0
Timor-Leste,TLS,2019,0.559823820376726,1507.24743550088,1300945.0
Timor-Leste,TLS,2020,0.512347545686334,1947.83992943521,1326053.0
Timor-Leste,TLS,2021,0.526390245745068,2015.82035757039,1350139.0
Timor-Leste,TLS,2022,0.50726833881669,1579.71085276403,1369295.0
Timor-Leste,TLS,2023,0.47995862126757,1279.21122757564,1384286.0
Timor-Leste,TLS,2024,0.499343870436187,1149.21888298011,1400638.0
Togo,TGO,1990,0.188833491173891,703.623952029279,3998761.0
Togo,TGO,1991,0.169746036991321,678.86984140241,4115560.0
Togo,TGO,1992,0.125920696180122,633.669030222095,4233617.0
Togo,TGO,1993,0.0976838006271252,541.357064850428,4207453.0
Togo,TGO,1994,0.177056742459045,620.182624671753,4222940.0
Togo,TGO,1995,0.167179343942367,640.349913996042,4410832.0
Togo,TGO,1996,0.246774693852586,671.50427472391,4577860.0
Togo,TGO,1997,0.179787218282212,744.126640948867,4725030.0
Togo,TGO,1998,0.215288773940204,706.689579910124,4860913.0
Togo,TGO,1999,0.27080543066783,704.043845128067,5000269.0
Togo,TGO,2000,0.243402917138534,679.533421599502,5140037.0
Togo,TGO,2001,0.213439163585278,667.298334712527,5277382.0
Togo,TGO,2002,0.22149257547281,675.440797960321,5413274.0
Togo,TGO,2003,0.258889907310065,702.799255960869,5552167.0
Togo,TGO,2004,0.241902583126364,678.28759996017,5696508.0
Togo,TGO,2005,0.22434264883446,630.248678309054,5844631.0
Togo,TGO,2006,0.203255278780994,629.079905835563,6010668.0
Togo,TGO,2007,0.196805478169927,603.83784338967,6188344.0
Togo,TGO,2008,0.249512781975665,610.405413708475,6368812.0
Togo,TGO,2009,0.413729525867825,625.711511370434,6551865.0
Togo,TGO,2010,0.375041403085588,644.5632812645,6732590.0
Togo,TGO,2011,0.335011741531885,663.96334052788,6916474.0
Togo,TGO,2012,0.316333405438535,687.495464571464,7100736.0
Togo,TGO,2013,0.265104025260238,709.09186114976,7285442.0
Togo,TGO,2014,0.232146083279246,730.291049611232,7472450.0
Togo,TGO,2015,0.201743528645689,751.051987587248,7663195.0
Togo,TGO,2016,0.270784136343166,763.276185353302,7858289.0
Togo,TGO,2017,0.205457519665787,774.274897347436,8057140.0
Togo,TGO,2018,0.234453571702739,791.592405216309,8258778.0
Togo,TGO,2019,0.24876321447494,810.512262603518,8463068.0
Togo,TGO,2020,0.27934004789082,808.300697079208,8669720.0
Togo,TGO,2021,0.285412460990908,829.786700130989,8878379.0
Togo,TGO,2022,0.286520909623578,861.508010803054,9089738.0
Togo,TGO,2023,0.272055924027687,893.753030300995,9304337.0
Togo,TGO,2024,0.276146592685668,931.029965529857,9515236.0
Tonga,TON,1990,0.893681043129388,2987.63681443977,99700.0
Tonga,TON,1991,0.944992241853947,3173.08619230056,99895.0
Tonga,TON,1992,0.991781808002239,3177.04244039371,100022.0
Tonga,TON,1993,1.00196797298782,3293.13527999427,100103.0
Tonga,TON,1994,1.3946848231935,3454.0546888922,100166.0
Tonga,TON,1995,1.14941381890746,3667.0187937044,100225.0
Tonga,TON,1996,1.30541012216405,3668.59594064806,100275.0
Tonga,TON,1997,1.40453344458351,3632.11224987845,100674.0
Tonga,TON,1998,1.45875251509054,3689.21654556702,101388.0
Tonga,TON,1999,1.44640652254865,3749.82332362386,102046.0
Tonga,TON,2000,0.971980092912726,3866.68574867282,102677.0
Tonga,TON,2001,0.916853845558051,3901.18055446166,103288.0
Tonga,TON,2002,1.00698923696016,4050.98945082432,103874.0
Tonga,TON,2003,1.20137080716802,4030.19673410072,104464.0
Tonga,TON,2004,1.06404240941839,3928.06014016386,105071.0
Tonga,TON,2005,1.1469561185188,3880.07037654517,105671.0
Tonga,TON,2006,1.25267051283258,3775.24832512712,106253.0
Tonga,TON,2007,1.07002979592602,3665.89534379299,106726.0
Tonga,TON,2008,1.15585871799664,3833.60152751942,107020.0
Tonga,TON,2009,1.22011510871897,3630.76081551536,107203.0
Tonga,TON,2010,1.17504655493482,3653.97801722796,107400.0
Tonga,TON,2011,1.11555266338198,3892.76791192676,107570.0
Tonga,TON,2012,1.0999441652708,3932.59350453286,107460.0
Tonga,TON,2013,1.11507499206186,3962.16964095596,107078.0
Tonga,TON,2014,1.23629337110375,4058.815614369,106609.0
Tonga,TON,2015,1.26961685282059,4123.90323993332,106095.0
Tonga,TON,2016,1.35703726166559,4419.81472868939,105524.0
Tonga,TON,2017,1.47025323664528,4568.62468668733,105356.0
Tonga,TON,2018,1.39626966760446,4583.5594849415,105567.0
Tonga,TON,2019,1.56621147167097,4566.07497816235,105669.0
Tonga,TON,2020,1.76436085673201,4647.0076512901,105704.0
Tonga,TON,2021,1.95753151957531,4612.90046969933,105490.0
Tonga,TON,2022,1.53652824584452,4533.96790206106,105042.0
Tonga,TON,2023,1.54688949013834,4680.29974543195,104597.0
Tonga,TON,2024,1.62994960403168,,104175.0
Trinidad and Tobago,TTO,1990,10.117248891558,6058.21521640153,1252208.0
Trinidad and Tobago,TTO,1991,10.2462344642683,6197.46242847246,1262171.0
Trinidad and Tobago,TTO,1992,10.4426920735975,6771.98415842128,1271674.0
Trinidad and Tobago,TTO,1993,10.1131150690452,6680.48480038241,1280466.0
Trinidad and Tobago,TTO,1994,11.1112663495146,6876.49857217898,1288341.0
Trinidad and Tobago,TTO,1995,10.6682602810907,7100.85381245723,1295169.0
Trinidad and Tobago,TTO,1996,11.4320700300093,7573.78560828675,1300928.0
Trinidad and Tobago,TTO,1997,11.3719486979988,8112.94285878867,1305836.0
Trinidad and Tobago,TTO,1998,13.7026083306302,8742.6993105224,1310225.0
Trinidad and Tobago,TTO,1999,14.0348275054233,9412.08108378445,1314708.0
Trinidad and Tobago,TTO,2000,14.5243806894211,10023.0206669207,1319774.0
Trinidad and Tobago,TTO,2001,16.3937394337668,10395.2041042218,1325567.0
Trinidad and Tobago,TTO,2002,17.6399444148735,11165.960015838,1332011.0
Trinidad and Tobago,TTO,2003,20.2752801392984,12714.5004334846,1338709.0
Trinidad and Tobago,TTO,2004,21.4812172025747,13657.2534995604,1345380.0
Trinidad and Tobago,TTO,2005,27.0529643242842,15075.4179709902,1294494.0
Trinidad and Tobago,TTO,2006,29.7041320734947,17021.2241679562,1297944.0
Trinidad and Tobago,TTO,2007,30.2514295711747,17758.6995224652,1303188.0
Trinidad and Tobago,TTO,2008,29.5374323602481,18285.2735441992,1308587.0
Trinidad and Tobago,TTO,2009,28.5737184624756,17461.9640940055,1310106.0
Trinidad and Tobago,TTO,2010,31.1317933937106,17938.0949459463,1317714.0
Trinidad and Tobago,TTO,2011,31.0660464948167,17746.509252615,1328019.0
Trinidad and Tobago,TTO,2012,28.5171293459977,18835.6674122954,1335194.0
Trinidad and Tobago,TTO,2013,27.8473798577755,19392.1974593783,1340557.0
Trinidad and Tobago,TTO,2014,27.651535705021,20032.5402001718,1345343.0
Trinidad and Tobago,TTO,2015,27.2353106358828,19887.2327716498,1349667.0
Trinidad and Tobago,TTO,2016,24.9048855339594,18331.034459758,1353895.0
Trinidad and Tobago,TTO,2017,23.9896125186399,17402.6155328454,1356633.0
Trinidad and Tobago,TTO,2018,24.00159506413,17205.615135339,1359193.0
Trinidad and Tobago,TTO,2019,24.3573792966931,17225.361633712,1363985.0
Trinidad and Tobago,TTO,2020,21.8051912418372,15679.9611486825,1366725.0
Trinidad and Tobago,TTO,2021,20.9747593886329,15558.0940536829,1367558.0
Trinidad and Tobago,TTO,2022,20.8660094230143,15712.230497272,1365805.0
Trinidad and Tobago,TTO,2023,19.7069856893185,15922.7668349788,1367510.0
Trinidad and Tobago,TTO,2024,19.5810522730943,16312.4849555716,1368333.0
Tunisia,TUN,1990,1.77469926454521,2114.47034536085,8324509.0
Tunisia,TUN,1991,1.79363800274929,2151.20851677353,8501827.0
Tunisia,TUN,1992,1.86708639158806,2270.86449442765,8682512.0
Tunisia,TUN,1993,1.89810011616736,2274.64182637585,8857910.0
Tunisia,TUN,1994,1.87648695207867,2305.16127524434,9018448.0
Tunisia,TUN,1995,1.88688060089564,2322.59207185194,9161258.0
Tunisia,TUN,1996,1.91840663313261,2452.90929820496,9294432.0
Tunisia,TUN,1997,1.9501723228397,2551.55055160864,9421270.0
Tunisia,TUN,1998,2.01021477693573,2639.87498120997,9541667.0
Tunisia,TUN,1999,2.08828472105786,2766.57007135231,9655963.0
Tunisia,TUN,2000,2.16396729727336,2864.54703666618,9764935.0
Tunisia,TUN,2001,2.23029588506291,2941.73893592906,9869677.0
Tunisia,TUN,2002,2.183950984379,2950.20410959054,9971515.0
Tunisia,TUN,2003,2.14118228306991,3058.22895827842,10071632.0
Tunisia,TUN,2004,2.24425872376825,3218.72320748457,10166163.0
Tunisia,TUN,2005,2.28632090263617,3301.93817216029,10255472.0
Tunisia,TUN,2006,2.34264831956205,3444.5513526091,10346410.0
Tunisia,TUN,2007,2.39258887104803,3642.11977444786,10441702.0
Tunisia,TUN,2008,2.41189228309621,3760.11828478704,10542635.0
Tunisia,TUN,2009,2.38155663473538,3835.25011939301,10650681.0
Tunisia,TUN,2010,2.57579895188362,3906.90625867605,10765980.0
Tunisia,TUN,2011,2.41262314515799,3784.7412903401,10886035.0
Tunisia,TUN,2012,2.56515036313153,3900.04620132702,11009647.0
Tunisia,TUN,2013,2.53281443802063,3947.58763533174,11141361.0
Tunisia,TUN,2014,2.67906940110098,4021.59954703591,11274288.0
Tunisia,TUN,2015,2.69429825515354,4014.94773686432,11402264.0
Tunisia,TUN,2016,2.59021982927091,4015.28893802703,11528674.0
Tunisia,TUN,2017,2.60042961253673,4062.80606534519,11650498.0
Tunisia,TUN,2018,2.56581225435625,4127.97005697994,11765514.0
Tunisia,TUN,2019,2.54693841667269,4153.27978615515,11875081.0
Tunisia,TUN,2020,2.39839346012801,3749.26841452928,11974057.0
Tunisia,TUN,2021,2.57438568493559,3902.53322990199,12048622.0
Tunisia,TUN,2022,2.50498913554161,3986.54558325666,12119334.0
Tunisia,TUN,2023,2.55804077741188,3967.33387634534,12200431.0
Tunisia,TUN,2024,2.62113010481539,4006.20588267443,12277109.0
Turkiye,TUR,1990,2.77001803853739,5188.18244439241,56015628.0
Turkiye,TUR,1991,2.67536050369649,5134.41760859332,57009887.0
Turkiye,TUR,1992,2.74131878814249,5301.80855995835,57990118.0
Turkiye,TUR,1993,2.78869191492144,5609.85056721492,58999167.0
Turkiye,TUR,1994,2.7254313717351,5255.80339746778,60033836.0
Turkiye,TUR,1995,2.9230143832552,5577.82539654281,61024503.0
Turkiye,TUR,1996,3.14001031845519,5887.67309798528,61951134.0
Turkiye,TUR,1997,3.25282819588816,6230.18622126407,62852966.0
Turkiye,TUR,1998,3.23222867004141,6261.28870069222,63734383.0
Turkiye,TUR,1999,3.16718237356086,5989.55700860592,64591923.0
Turkiye,TUR,2000,3.47043278431936,6326.25746472488,65425961.0
Turkiye,TUR,2001,3.1206808144442,5906.92348536699,66245128.0
Turkiye,TUR,2002,3.24208511129842,6211.70542960394,67048795.0
Turkiye,TUR,2003,3.38625448591684,6496.07277294612,67831730.0
Turkiye,TUR,2004,3.43889343076092,7061.62219794984,68592617.0
Turkiye,TUR,2005,3.5495611200862,7623.14640948457,69329557.0
Turkiye,TUR,2006,3.91176721812036,8078.5153787571,70045349.0
Turkiye,TUR,2007,4.28079364507414,8477.53328393352,70158112.0
Turkiye,TUR,2008,4.21593984029483,8447.93976396947,71051678.0
Turkiye,TUR,2009,4.1835136272879,7925.30110421185,72039206.0
Turkiye,TUR,2010,4.26801919276368,8472.57809050119,73142150.0
Turkiye,TUR,2011,4.48332295905392,9265.85910238578,74223629.0
Turkiye,TUR,2012,4.57803809727294,9588.32066531438,75175827.0
Turkiye,TUR,2013,4.38456228128668,10269.4489140773,76147624.0
Turkiye,TUR,2014,4.60446003106117,10597.9801881716,77181884.0
Turkiye,TUR,2015,4.70276339686943,11064.6494504662,78218479.0
Turkiye,TUR,2016,4.93533246982308,11279.6169531569,79277962.0
Turkiye,TUR,2017,5.39416444458135,12005.6459824832,80312698.0
Turkiye,TUR,2018,5.27401972926131,12255.0082146169,81407204.0
Turkiye,TUR,2019,5.01913672458907,12238.2950220128,82579440.0
Turkiye,TUR,2020,5.07395962903497,12338.643833135,83384680.0
Turkiye,TUR,2021,5.47500634541911,13670.938029516,84147318.0
Turkiye,TUR,2022,5.22956172007378,14273.5747654873,84979913.0
Turkiye,TUR,2023,5.23215412799609,14932.8851363122,85325965.0
Turkiye,TUR,2024,5.37926453268486,15395.0278894893,85518661.0
Turkmenistan,TKM,1990,12.1509497782512,3495.74838854006,3760562.0
Turkmenistan,TKM,1991,10.0451153480879,3252.31233981197,3855894.0
Turkmenistan,TKM,1992,7.25314467122757,2703.31865628693,3944689.0
Turkmenistan,TKM,1993,6.73250492819797,2684.18035580245,4032407.0
Turkmenistan,TKM,1994,8.31768554231559,2174.38821394629,4116662.0
Turkmenistan,TKM,1995,8.26963046170753,1981.94402262254,4191203.0
Turkmenistan,TKM,1996,7.39180063694073,2078.71862628194,4263819.0
Turkmenistan,TKM,1997,7.26455186280907,1810.78048140778,4336730.0
Turkmenistan,TKM,1998,7.39325433561266,1906.90538588317,4410507.0
Turkmenistan,TKM,1999,8.58413639733136,2181.15938103368,4492170.0
Turkmenistan,TKM,2000,8.58454567057639,2255.01496788934,4582677.0
Turkmenistan,TKM,2001,8.61697874988049,2306.30057631688,4675409.0
Turkmenistan,TKM,2002,9.06185494599499,2266.6336625636,4769465.0
Turkmenistan,TKM,2003,9.90000750432012,2295.29620574541,4863865.0
Turkmenistan,TKM,2004,10.3515202316697,2364.26725156856,4958093.0
Turkmenistan,TKM,2005,10.4702314233025,2622.61796328876,5052257.0
Turkmenistan,TKM,2006,10.6776333492322,2856.77457038028,5147105.0
Turkmenistan,TKM,2007,11.591660332499,3114.06330033038,5244046.0
Turkmenistan,TKM,2008,11.5880007386302,3504.34843278483,5345029.0
Turkmenistan,TKM,2009,10.0209076541311,3645.43522420841,5451592.0
Turkmenistan,TKM,2010,11.0800243550197,3900.14237925855,5564356.0
Turkmenistan,TKM,2011,11.6373653384927,4379.74943394339,5683417.0
Turkmenistan,TKM,2012,11.7581405053864,4761.0792759807,5808546.0
Turkmenistan,TKM,2013,10.99020918314,5131.16736462999,5939341.0
Turkmenistan,TKM,2014,10.4055728761936,5533.03528846527,6075283.0
Turkmenistan,TKM,2015,10.9255651351321,5759.497903834,6215770.0
Turkmenistan,TKM,2016,10.5800733045589,5977.83828113854,6360041.0
Turkmenistan,TKM,2017,11.091151596704,6222.55590558882,6507061.0
Turkmenistan,TKM,2018,11.1534118125034,6460.94356849428,6655524.0
Turkmenistan,TKM,2019,10.7659028351791,6718.16608056274,6803944.0
Turkmenistan,TKM,2020,11.0541399660888,6965.11226889286,6949912.0
Turkmenistan,TKM,2021,13.4562494897451,7248.70763225719,7092043.0
Turkmenistan,TKM,2022,14.0053384467054,7551.03650143157,7230193.0
Turkmenistan,TKM,2023,12.8629910388274,7880.44528570939,7364438.0
Turkmenistan,TKM,2024,10.8623686336296,8231.49544263659,7494498.0
Turks and Caicos Islands,TCA,1990,0.436344969199179,,11688.0
Turks and Caicos Islands,TCA,1991,0.41446566436408,,12305.0
Turks and Caicos Islands,TCA,1992,0.393215111796453,,12970.0
Turks and Caicos Islands,TCA,1993,0.366354044548652,,13648.0
Turks and Caicos Islands,TCA,1994,0.355549358616843,,14344.0
Turks and Caicos Islands,TCA,1995,0.33218176986447,,15052.0
Turks and Caicos Islands,TCA,1996,0.317158261972724,,15765.0
Turks and Caicos Islands,TCA,1997,0.309428467419003,,16482.0
Turks and Caicos Islands,TCA,1998,0.331164303973972,,17212.0
Turks and Caicos Islands,TCA,1999,0.322957848432541,,17959.0
Turks and Caicos Islands,TCA,2000,0.945008008542445,,18730.0
Turks and Caicos Islands,TCA,2001,0.939926440539436,,19576.0
Turks and Caicos Islands,TCA,2002,1.25746467932223,,20597.0
Turks and Caicos Islands,TCA,2003,1.27491140056151,,21727.0
Turks and Caicos Islands,TCA,2004,1.22506125306265,,22856.0
Turks and Caicos Islands,TCA,2005,1.40070035017509,,23988.0
Turks and Caicos Islands,TCA,2006,1.69963778211201,,25123.0
Turks and Caicos Islands,TCA,2007,1.99847735059003,37466.1822614725,26270.0
Turks and Caicos Islands,TCA,2008,2.14387282604733,38854.1075698814,27427.0
Turks and Caicos Islands,TCA,2009,2.28417517839653,29988.5997375172,28588.0
Turks and Caicos Islands,TCA,2010,2.46477689229631,29111.8729223189,29739.0
Turks and Caicos Islands,TCA,2011,1.81222848991766,29363.9475927366,30846.0
Turks and Caicos Islands,TCA,2012,1.80533507641548,27441.3335987017,32127.0
Turks and Caicos Islands,TCA,2013,1.99387870323597,26477.5410719582,33653.0
Turks and Caicos Islands,TCA,2014,2.16833095577746,27636.8210228067,35050.0
Turks and Caicos Islands,TCA,2015,2.18549378500205,29457.0140691162,36605.0
Turks and Caicos Islands,TCA,2016,2.29936056374788,30183.0002949881,38315.0
Turks and Caicos Islands,TCA,2017,2.21231177811741,50586.1032335151,39913.0
Turks and Caicos Islands,TCA,2018,4.56459491325585,51863.1830309332,41559.0
Turks and Caicos Islands,TCA,2019,5.12208682759579,52419.8862128617,43166.0
Turks and Caicos Islands,TCA,2020,4.84161672599468,33739.4253991739,44386.0
Turks and Caicos Islands,TCA,2021,4.75211634949053,42907.7492465912,45243.0
Turks and Caicos Islands,TCA,2022,4.8094749929112,48307.3079245499,45847.0
Turks and Caicos Islands,TCA,2023,4.78808606433179,54523.0330927151,46198.0
Turks and Caicos Islands,TCA,2024,4.92317610400774,57179.29601876,46535.0
Tuvalu,TUV,1990,0.0,2450.79726036268,8798.0
Tuvalu,TUV,1991,0.0,2502.27716517093,8928.0
Tuvalu,TUV,1992,0.0,2540.7562718213,9038.0
Tuvalu,TUV,1993,0.0,2619.69518382039,9126.0
Tuvalu,TUV,1994,0.0,2863.67111176146,9207.0
Tuvalu,TUV,1995,0.0,2698.96068050891,9280.0
Tuvalu,TUV,1996,0.0,2521.22126914168,9342.0
Tuvalu,TUV,1997,0.0,2756.31403388992,9400.0
Tuvalu,TUV,1998,0.0,3166.39547155271,9451.0
Tuvalu,TUV,1999,0.0,3102.1067626385,9496.0
Tuvalu,TUV,2000,0.0,3056.55101983122,9544.0
Tuvalu,TUV,2001,0.0,3043.15907920605,9586.0
Tuvalu,TUV,2002,0.0,3320.16858154912,9623.0
Tuvalu,TUV,2003,0.0,3152.22822039796,9695.0
Tuvalu,TUV,2004,0.0,3042.6128529965,9816.0
Tuvalu,TUV,2005,0.0,2864.90524160208,9940.0
Tuvalu,TUV,2006,0.0,2900.92710155819,10056.0
Tuvalu,TUV,2007,0.0,3069.67368184077,10182.0
Tuvalu,TUV,2008,0.0,3230.22109521715,10321.0
Tuvalu,TUV,2009,0.0,2987.80397939993,10461.0
Tuvalu,TUV,2010,0.0,2879.29645720352,10614.0
Tuvalu,TUV,2011,0.0,3028.2511217061,10780.0
Tuvalu,TUV,2012,0.0,2922.07629963849,10934.0
Tuvalu,TUV,2013,0.0,3030.55285189857,11001.0
Tuvalu,TUV,2014,0.0,3035.24325598472,10984.0
Tuvalu,TUV,2015,0.0,3357.83417700071,10963.0
Tuvalu,TUV,2016,0.0,3558.61212970652,10930.0
Tuvalu,TUV,2017,0.0,3666.20189700038,10869.0
Tuvalu,TUV,2018,0.0,3757.85997284742,10751.0
Tuvalu,TUV,2019,0.0,4345.99606453315,10581.0
Tuvalu,TUV,2020,0.0,4233.0183205634,10399.0
Tuvalu,TUV,2021,0.0,4396.04894488478,10194.0
Tuvalu,TUV,2022,0.0,4515.29701517492,9992.0
Tuvalu,TUV,2023,0.0,4773.34085526672,9816.0
Tuvalu,TUV,2024,0.0,,9646.0
Uganda,UGA,1990,0.0472854223334377,369.839286985576,17569897.0
Uganda,UGA,1991,0.0465358342722843,377.780503685951,18155901.0
Uganda,UGA,1992,0.0457811304234137,377.609612721367,18785032.0
Uganda,UGA,1993,0.0445663576660538,395.163949168597,19445161.0
Uganda,UGA,1994,0.0388735260744785,406.592301920177,20108801.0
Uganda,UGA,1995,0.0489991443295781,441.226201168263,20665667.0
Uganda,UGA,1996,0.0520640273555157,468.427898950193,21231550.0
Uganda,UGA,1997,0.0531523405468674,478.250663988847,21856046.0
Uganda,UGA,1998,0.0602865382656077,487.008977266219,22515806.0
Uganda,UGA,1999,0.0600887094239434,509.455395054388,23257281.0
Uganda,UGA,2000,0.0589121317991763,509.19755319016,24000150.0
Uganda,UGA,2001,0.0580990392018387,519.456547890884,24745676.0
Uganda,UGA,2002,0.0641643497186176,547.405338919875,25532870.0
Uganda,UGA,2003,0.0656873047500839,564.720539196569,26352124.0
Uganda,UGA,2004,0.0667402824171229,585.339489080616,27154515.0
Uganda,UGA,2005,0.0794505968164188,604.404813057618,27963289.0
Uganda,UGA,2006,0.0895533698457974,650.270540867444,28794003.0
Uganda,UGA,2007,0.104854649192353,684.542241787248,29653430.0
Uganda,UGA,2008,0.11396368506114,722.565167003452,30539553.0
Uganda,UGA,2009,0.121798404134717,749.342865535423,31451151.0
Uganda,UGA,2010,0.117311081090243,768.624091660131,32390802.0
Uganda,UGA,2011,0.127802680432468,816.516366587228,33354543.0
Uganda,UGA,2012,0.126072306268161,823.580468285493,34337438.0
Uganda,UGA,2013,0.124837840133874,828.988669729986,35337042.0
Uganda,UGA,2014,0.133324031827087,845.978664791099,36395539.0
Uganda,UGA,2015,0.149085649404502,862.934610355811,37531446.0
Uganda,UGA,2016,0.154688947840922,874.648370639216,38799152.0
Uganda,UGA,2017,0.155657206984187,871.093880017151,40177388.0
Uganda,UGA,2018,0.164969635756831,895.07512785438,41565831.0
Uganda,UGA,2019,0.1642944102063,920.939101515671,42999637.0
Uganda,UGA,2020,0.160149709994918,917.0350317644,44457152.0
Uganda,UGA,2021,0.176657279649966,919.401675217265,45910930.0
Uganda,UGA,2022,0.168117583772769,933.094056370423,47312719.0
Uganda,UGA,2023,0.166813953979235,955.745797275462,48656601.0
Uganda,UGA,2024,0.165048181856788,986.090145363924,50015092.0
Ukraine,UKR,1990,15.0908385838331,3102.310546875,52054092.0
Ukraine,UKR,1991,14.2046223760379,2826.06469726563,52170961.0
Ukraine,UKR,1992,12.430536458346,2538.85278320313,52323671.0
Ukraine,UKR,1993,10.8476491537002,2177.23486328125,52350126.0
Ukraine,UKR,1994,9.0282724874519,1687.48449707031,52075998.0
Ukraine,UKR,1995,8.98455545000702,1493.38208007813,51665539.0
Ukraine,UKR,1996,7.76230925522764,1355.57336425781,51226109.0
Ukraine,UKR,1997,7.52630723463351,1326.27795410156,50786885.0
Ukraine,UKR,1998,7.23726373211481,1311.59362792969,50379731.0
Ukraine,UKR,1999,7.29072251356169,1319.533203125,49976446.0
Ukraine,UKR,2000,7.28514189616492,1409.22265625,49556660.0
Ukraine,UKR,2001,7.33438335645808,1547.2783203125,49106855.0
Ukraine,UKR,2002,7.40706121198512,1644.28125,48677281.0
Ukraine,UKR,2003,8.13374301585325,1814.25854492188,48315136.0
Ukraine,UKR,2004,7.68697352392554,2042.44494628906,47979507.0
Ukraine,UKR,2005,7.50423510865356,2122.6015625,47585556.0
Ukraine,UKR,2006,7.53783934894648,2298.13232421875,47278694.0
Ukraine,UKR,2007,7.81301613219001,2498.35205078125,47062798.0
Ukraine,UKR,2008,7.52327011315342,2567.69409179688,46819175.0
Ukraine,UKR,2009,6.26790678763997,2188.17016601563,46623731.0
Ukraine,UKR,2010,6.8001696142477,2285.93383789063,46456003.0
Ukraine,UKR,2011,7.19759562163247,2418.12084960938,46307853.0
Ukraine,UKR,2012,7.03131803172885,2426.92944335938,46210056.0
Ukraine,UKR,2013,6.83496373147307,2432.41625976563,46126770.0
Ukraine,UKR,2014,5.85851548255714,2308.6435546875,45972380.0
Ukraine,UKR,2015,4.93846267555134,2094.47387695313,45784896.0
Ukraine,UKR,2016,4.98162827265164,2156.0830078125,45616832.0
Ukraine,UKR,2017,4.52463056805499,2217.7529296875,45436041.0
Ukraine,UKR,2018,4.82875863377984,2308.6669921875,45208907.0
Ukraine,UKR,2019,4.62458753784522,2398.07836914063,44957458.0
Ukraine,UKR,2020,4.45159215930416,2324.107421875,44680014.0
Ukraine,UKR,2021,4.38244379511425,2426.6123046875,44298640.0
Ukraine,UKR,2022,2.90739555971061,1874.66296386719,41048766.0
Ukraine,UKR,2023,3.22518031774765,2164.26123046875,37732836.0
Ukraine,UKR,2024,3.12934781865114,2219.04248046875,37860221.0
United Arab Emirates,ARE,1990,29.9689182497287,66481.6137644725,1898220.0
United Arab Emirates,ARE,1991,32.254241697257,63430.9154589366,2006626.0
United Arab Emirates,ARE,1992,29.565192719638,62201.6243358255,2114730.0
United Arab Emirates,ARE,1993,29.6630699075151,59942.8588607022,2222093.0
United Arab Emirates,ARE,1994,31.1695189563729,61156.65096174,2328188.0
United Arab Emirates,ARE,1995,31.7918873338476,62393.331494803,2434662.0
United Arab Emirates,ARE,1996,31.1410228968372,61871.367160368,2597564.0
United Arab Emirates,ARE,1997,29.9216656432681,61715.554967354,2817410.0
United Arab Emirates,ARE,1998,28.4428044668814,57355.7858290488,3040421.0
United Arab Emirates,ARE,1999,27.2970466401042,54943.7500978656,3266009.0
United Arab Emirates,ARE,2000,25.3198800655489,56939.2701807931,3493575.0
United Arab Emirates,ARE,2001,27.1939982651151,54169.4153530236,3723590.0
United Arab Emirates,ARE,2002,26.1619793238318,52216.8753217152,3956826.0
United Arab Emirates,ARE,2003,25.956044391153,53619.1925678774,4192457.0
United Arab Emirates,ARE,2004,25.9698706267172,55611.419401142,4428967.0
United Arab Emirates,ARE,2005,26.2522643034306,55363.5661047143,4664790.0
United Arab Emirates,ARE,2006,25.3932243317163,56629.9761392644,5009100.0
United Arab Emirates,ARE,2007,24.382755503246,52038.6159567932,5624635.0
United Arab Emirates,ARE,2008,26.0607102012736,47922.6988207823,6302664.0
United Arab Emirates,ARE,2009,24.6511808903397,42672.1987890808,6707058.0
United Arab Emirates,ARE,2010,25.0301244367043,42328.8508165469,6869838.0
United Arab Emirates,ARE,2011,24.9498559934509,43687.7782783233,7104538.0
United Arab Emirates,ARE,2012,25.0303188225095,43958.5681120856,7391448.0
United Arab Emirates,ARE,2013,25.3545579109196,44312.6337162614,7693031.0
United Arab Emirates,ARE,2014,24.5815838321273,44257.6514761082,8059440.0
United Arab Emirates,ARE,2015,24.3205333372838,44910.334995523,8505237.0
United Arab Emirates,ARE,2016,23.7748451471417,45168.4982473243,8935095.0
United Arab Emirates,ARE,2017,22.1639068763908,43293.0203824801,9223225.0
United Arab Emirates,ARE,2018,20.0375833141554,43377.7858697225,9346701.0
United Arab Emirates,ARE,2019,20.945786930361,43468.4586811918,9445785.0
United Arab Emirates,ARE,2020,20.8141058466097,39878.474427695,9401038.0
United Arab Emirates,ARE,2021,20.8269278649571,40935.8936567784,9575152.0
United Arab Emirates,ARE,2022,19.3731459635094,41828.5553298104,10074977.0
United Arab Emirates,ARE,2023,18.3804823292732,41926.5823645673,10483751.0
United Arab Emirates,ARE,2024,18.2552064370494,41605.4168670844,10986400.0
United Kingdom,GBR,1990,10.1769845806249,30071.2085616955,57247586.0
United Kingdom,GBR,1991,10.3045252305807,29590.9054053428,57424897.0
United Kingdom,GBR,1992,10.0457634873754,29893.0776793743,57580402.0
United Kingdom,GBR,1993,9.74378040332015,30862.4118121654,57718614.0
United Kingdom,GBR,1994,9.58907208401101,32308.7952722115,57865745.0
United Kingdom,GBR,1995,9.45102667176614,33362.0161272507,58019030.0
United Kingdom,GBR,1996,9.75853126216864,34147.3459054033,58166950.0
United Kingdom,GBR,1997,9.37530790788559,35721.6105928791,58316954.0
United Kingdom,GBR,1998,9.35942825449444,36773.9287790406,58487141.0
United Kingdom,GBR,1999,9.27036024696031,37730.7155591161,58682466.0
United Kingdom,GBR,2000,9.37230154582975,39297.1366317267,58892514.0
United Kingdom,GBR,2001,9.52500193970965,40082.1359356822,59119673.0
United Kingdom,GBR,2002,9.21604321231769,40594.932929345,59370479.0
United Kingdom,GBR,2003,9.40083618149317,41706.8303930126,59647577.0
United Kingdom,GBR,2004,9.35478076788979,42434.8209023638,59987905.0
United Kingdom,GBR,2005,9.2634507993102,43320.5628684438,60401206.0
United Kingdom,GBR,2006,9.20229684969568,43944.9985799069,60846820.0
United Kingdom,GBR,2007,8.97579081257711,44882.141312304,61322463.0
United Kingdom,GBR,2008,8.63835719565399,44508.2874631479,61806995.0
United Kingdom,GBR,2009,7.76330695463938,42146.5095879962,62276270.0
United Kingdom,GBR,2010,7.97797355319206,42762.720840223,62766365.0
United Kingdom,GBR,2011,7.25917227971883,42791.0934313474,63258810.0
United Kingdom,GBR,2012,7.55583494216069,43136.7006795996,63711000.0
United Kingdom,GBR,2013,7.33126023168431,43585.1936238647,64139000.0
United Kingdom,GBR,2014,6.66445837202105,44627.8818268644,64620000.0
United Kingdom,GBR,2015,6.38957565142576,45255.3449216209,65088000.0
United Kingdom,GBR,2016,5.97285960339598,45888.0105130748,65607000.0
United Kingdom,GBR,2017,5.77133371736955,47018.0254757676,65966000.0
United Kingdom,GBR,2018,5.64018313747379,47514.7763693453,66289000.0
United Kingdom,GBR,2019,5.38807912233045,47864.7588712634,66631000.0
United Kingdom,GBR,2020,4.78988972791562,42982.4631007642,66744000.0
United Kingdom,GBR,2021,5.04470918428281,46487.3424706549,66984000.0
United Kingdom,GBR,2022,4.80733240636649,48433.009835767,67604000.0
United Kingdom,GBR,2023,4.44995911931321,47934.9375098983,68492000.0
United Kingdom,GBR,2024,4.22412677317771,47960.9105761942,69226000.0
United States,USA,1990,19.9645212981176,39009.3725082423,249623000.0
United States,USA,1991,19.5233266529898,38449.8815276871,252981000.0
United States,USA,1992,19.5583395058359,39256.0481325055,256514000.0
United States,USA,1993,19.7583747244334,39807.8795034206,259919000.0
United States,USA,1994,19.830406345249,40907.0184352707,263126000.0
United States,USA,1995,19.7968469043631,41507.9135604158,266278000.0
United States,USA,1996,20.1432633985909,42575.6896936773,269394000.0
United States,USA,1997,20.9036173654078,43936.9050018073,272657000.0
United States,USA,1998,20.8257864667542,45374.6215189233,275854000.0
United States,USA,1999,20.6489080418578,47004.469017723,279040000.0
United States,USA,2000,21.0118753202743,48379.7551705781,282162411.0
United States,USA,2001,20.6255077855762,48361.0167607073,284968955.0
United States,USA,2002,19.9103793387111,48729.1586442625,287625193.0
United States,USA,2003,19.9681657791826,49662.7520549839,290107933.0
United States,USA,2004,20.0815597947275,51098.5573007417,292805298.0
United States,USA,2005,19.9249914215479,52393.4513113092,295516599.0
United States,USA,2006,19.4048177077015,53335.5896950225,298379912.0
United States,USA,2007,19.4956606869752,53889.3964951775,301231207.0
United States,USA,2008,18.7089026291301,53442.7136899777,304093966.0
United States,USA,2009,17.1890632001903,51611.3217087719,306771529.0
United States,USA,2010,17.847084306938,52555.7695134023,309378227.0
United States,USA,2011,17.0203888981196,52956.6630340962,311839461.0
United States,USA,2012,16.1854221004814,53738.1476714593,314339099.0
United States,USA,2013,16.495975221911,54462.6252412407,316726282.0
United States,USA,2014,16.4248953102317,55394.4510435329,319257560.0
United States,USA,2015,15.9501022949136,56572.9188996063,321815121.0
United States,USA,2016,15.5045482189269,57151.4708448372,324353340.0
United States,USA,2017,15.1847127213968,58151.7021391854,326608609.0
United States,USA,2018,15.5796456645972,59526.665698712,328529577.0
United States,USA,2019,15.0439662080505,60750.9898621637,330226227.0
United States,USA,2020,13.4715821678248,59194.6665172031,331577720.0
United States,USA,2021,14.3161154347115,62680.2503585805,332099760.0
United States,USA,2022,14.4177148825165,63886.1317069841,334017321.0
United States,USA,2023,13.7119419860139,65186.5977244157,336806231.0
United States,USA,2024,13.6195685039144,66356.1706750101,340110988.0
Uruguay,URY,1990,1.26881078262068,8320.3559048693,3104403.0
Uruguay,URY,1991,1.4285375713324,8565.26927800028,3122354.0
Uruguay,URY,1992,1.56123097032776,9193.55122074713,3139702.0
Uruguay,URY,1993,1.46824887646946,9388.10939080161,3156345.0
Uruguay,URY,1994,1.37236930769148,10019.3479243955,3172834.0
Uruguay,URY,1995,1.49461974515902,9822.89680356996,3189440.0
Uruguay,URY,1996,1.7429929102611,10316.2027570949,3206324.0
Uruguay,URY,1997,1.75950759226828,11138.8676127212,3223345.0
Uruguay,URY,1998,1.82271986367341,11584.9491858277,3239280.0
Uruguay,URY,1999,2.11670812826616,11357.0866859804,3254015.0
Uruguay,URY,2000,1.70552622829056,11096.3309569487,3266206.0
Uruguay,URY,2001,1.53241153472962,10643.5574019273,3274251.0
Uruguay,URY,2002,1.40548549239722,9806.7713064359,3278867.0
Uruguay,URY,2003,1.40046922058061,9878.75684344081,3281186.0
Uruguay,URY,2004,1.7528908230759,10366.9067382871,3283148.0
Uruguay,URY,2005,1.69451857722282,11131.3984890038,3285771.0
Uruguay,URY,2006,1.97248462231107,11574.470540231,3289506.0
Uruguay,URY,2007,1.85654505268799,12310.482735502,3295153.0
Uruguay,URY,2008,2.39732758116842,13165.83628166,3302177.0
Uruguay,URY,2009,2.36627935606604,13691.71420689,3310091.0
Uruguay,URY,2010,1.94598292040572,14722.3780081191,3318580.0
Uruguay,URY,2011,2.34076033455321,15443.9961926395,3326825.0
Uruguay,URY,2012,2.66279826623545,15949.3176985435,3335401.0
Uruguay,URY,2013,2.28942554965314,16639.4054750651,3345337.0
Uruguay,URY,2014,2.00617697761903,17122.0364563225,3356334.0
Uruguay,URY,2015,2.04722838394224,17125.9016800298,3368017.0
Uruguay,URY,2016,2.0209020670953,17357.2349992841,3379283.0
Uruguay,URY,2017,1.89093027524777,17611.6036701032,3388438.0
Uruguay,URY,2018,2.0241364499516,17608.9441195037,3394534.0
Uruguay,URY,2019,2.10646631378845,17758.4384372986,3397206.0
Uruguay,URY,2020,2.03399973168326,16443.3635000843,3398968.0
Uruguay,URY,2021,2.51768262973273,17416.0052208869,3396695.0
Uruguay,URY,2022,2.38667285182486,18228.3558443761,3390913.0
Uruguay,URY,2023,2.41753370123087,18378.9833563662,3388081.0
Uruguay,URY,2024,2.56756948291319,18958.6033293537,3386588.0
Uzbekistan,UZB,1990,6.24743097419804,1569.01079980159,20464956.0
Uzbekistan,UZB,1991,6.11175166043264,1524.20427668953,20962910.0
Uzbekistan,UZB,1992,5.56044680287586,1320.59769274614,21485090.0
Uzbekistan,UZB,1993,5.42482463694327,1260.7164965865,21987955.0
Uzbekistan,UZB,1994,5.06042057684246,1169.86899033178,22463291.0
Uzbekistan,UZB,1995,4.57779393809707,1136.35843596848,22917589.0
Uzbekistan,UZB,1996,4.63040373319934,1134.17871135102,23351981.0
Uzbekistan,UZB,1997,4.54625539165014,1172.71784381569,23758960.0
Uzbekistan,UZB,1998,5.11435935858771,1204.09081234616,24134929.0
Uzbekistan,UZB,1999,5.07541099022357,1238.36591553108,24476008.0
Uzbekistan,UZB,2000,5.30608034339216,1269.72137546219,24787054.0
Uzbekistan,UZB,2001,5.28624567526799,1306.60633175114,25090283.0
Uzbekistan,UZB,2002,5.38898455825556,1341.95995981671,25399980.0
Uzbekistan,UZB,2003,5.01609431105649,1381.8257280882,25711259.0
Uzbekistan,UZB,2004,5.07679600143684,1466.6134889113,26029350.0
Uzbekistan,UZB,2005,4.76265580553155,1549.04577531643,26356975.0
Uzbekistan,UZB,2006,5.03472727468172,1643.14645619601,26699043.0
Uzbekistan,UZB,2007,4.85281286665302,1773.75803693248,27076008.0
Uzbekistan,UZB,2008,4.99330891026782,1904.45855506712,27494774.0
Uzbekistan,UZB,2009,4.45651377155528,2025.04298646098,27939328.0
Uzbekistan,UZB,2010,4.78418105352781,2144.6400056546,28385506.0
Uzbekistan,UZB,2011,4.81134014423661,2271.00936223002,28823196.0
Uzbekistan,UZB,2012,4.20977063590157,2395.84036755728,29261903.0
Uzbekistan,UZB,2013,4.0848046860347,2530.68447898703,29724065.0
Uzbekistan,UZB,2014,3.74415254822206,2659.99075095273,30222994.0
Uzbekistan,UZB,2015,3.49764512064744,2803.19018021751,30749346.0
Uzbekistan,UZB,2016,3.64421845300852,2918.67725852903,31284568.0
Uzbekistan,UZB,2017,3.71680877488413,2995.76761437743,31819178.0
Uzbekistan,UZB,2018,3.48417486035642,3108.1618786112,32373490.0
Uzbekistan,UZB,2019,3.49213238730726,3259.36964632494,32964701.0
Uzbekistan,UZB,2020,3.69033904584871,3249.05191094018,33586372.0
Uzbekistan,UZB,2021,3.9236623289729,3442.7248445034,34243696.0
Uzbekistan,UZB,2022,3.68952648984493,3576.71552716054,34938955.0
Uzbekistan,UZB,2023,3.72011269845735,3725.67414578619,35652307.0
Uzbekistan,UZB,2024,4.08501666540206,3890.41593075015,36361859.0
Vanuatu,VUT,1990,0.688220554763851,2637.26084848443,148063.0
Vanuatu,VUT,1991,0.625852312030199,2653.42720315783,151793.0
Vanuatu,VUT,1992,0.34188473600329,2655.2940056849,155608.0
Vanuatu,VUT,1993,0.337382339476869,2610.15878517538,159463.0
Vanuatu,VUT,1994,0.338611509117406,2780.06153250773,163314.0
Vanuatu,VUT,1995,0.300352405511646,2743.74381618479,167137.0
Vanuatu,VUT,1996,0.296060522728204,2745.60344738846,170911.0
Vanuatu,VUT,1997,0.298351906359878,2819.04892316535,174626.0
Vanuatu,VUT,1998,0.301155832721114,2793.2492130652,178313.0
Vanuatu,VUT,1999,0.294427843206187,2745.16947292745,182048.0
Vanuatu,VUT,2000,0.450931657012793,2841.73909435642,186281.0
Vanuatu,VUT,2001,0.511435316781046,2676.92934450613,191031.0
Vanuatu,VUT,2002,0.490649076139955,2475.16636434639,195863.0
Vanuatu,VUT,2003,0.558915246131928,2518.521315183,200746.0
Vanuatu,VUT,2004,0.42486789719558,2555.73432279339,205711.0
Vanuatu,VUT,2005,0.423230214461947,2626.85057870874,210760.0
Vanuatu,VUT,2006,0.371891831810414,2780.97475852227,215923.0
Vanuatu,VUT,2007,0.592020824671451,2791.7418410919,221276.0
Vanuatu,VUT,2008,0.567220224243706,2875.08524058992,226896.0
Vanuatu,VUT,2009,0.620029132345927,2888.13715784739,232731.0
Vanuatu,VUT,2010,0.650162855511904,2856.77377649901,238248.0
Vanuatu,VUT,2011,0.738066487592104,2883.22689591881,243474.0
Vanuatu,VUT,2012,0.593451541487366,2849.05448321427,248883.0
Vanuatu,VUT,2013,0.59336220243475,2799.28262661802,254482.0
Vanuatu,VUT,2014,0.673608976329542,2807.83422956759,260240.0
Vanuatu,VUT,2015,0.598269078282306,2854.89412272653,266101.0
Vanuatu,VUT,2016,0.609731446191843,2889.01404801498,272087.0
Vanuatu,VUT,2017,0.597471517771546,2946.96186165079,278507.0
Vanuatu,VUT,2018,0.802078111470628,2960.65376683153,285259.0
Vanuatu,VUT,2019,0.750038529376509,2986.2036911437,291985.0
Vanuatu,VUT,2020,0.841536783355306,2771.87098808052,298858.0
Vanuatu,VUT,2021,0.95106385761178,2666.30269843855,305868.0
Vanuatu,VUT,2022,0.865368028979767,2740.27545530661,313046.0
Vanuatu,VUT,2023,0.847978677253136,2733.35978526081,320409.0
Vanuatu,VUT,2024,0.869798674098549,2697.09183254533,327777.0
"Venezuela, RB",VEN,1990,5.17374026643453,3762.27506756855,19827010.0
"Venezuela, RB",VEN,1991,5.18998472092642,4031.17843688925,20304896.0
"Venezuela, RB",VEN,1992,5.11148480810404,4177.53877353082,20780948.0
"Venezuela, RB",VEN,1993,5.18434196585009,4095.70804964337,21254520.0
"Venezuela, RB",VEN,1994,5.64094082868236,3912.83890414693,21725188.0
"Venezuela, RB",VEN,1995,5.40329220461857,3981.57269426866,22193821.0
"Venezuela, RB",VEN,1996,5.88855063956305,3891.57928415149,22662113.0
"Venezuela, RB",VEN,1997,5.78525083667705,4055.48011894001,23131685.0
"Venezuela, RB",VEN,1998,5.74365765803861,3986.46661592952,23601337.0
"Venezuela, RB",VEN,1999,5.48198076894391,3675.99104079837,24066593.0
"Venezuela, RB",VEN,2000,5.61613486816086,3740.0195496928,24526708.0
"Venezuela, RB",VEN,2001,5.73575850236842,3796.80579715312,24979922.0
"Venezuela, RB",VEN,2002,5.8223547552569,3398.56849937324,25435671.0
"Venezuela, RB",VEN,2003,5.52282625726638,3079.6634541359,25892703.0
"Venezuela, RB",VEN,2004,5.68334234468926,3580.85417271298,26340838.0
"Venezuela, RB",VEN,2005,5.82165836799224,3884.70081071301,26785804.0
"Venezuela, RB",VEN,2006,5.83970371595838,4199.39766916963,27224686.0
"Venezuela, RB",VEN,2007,5.64100518337439,4496.84905010777,27649363.0
"Venezuela, RB",VEN,2008,5.84962138322166,4665.9531880382,28053696.0
"Venezuela, RB",VEN,2009,5.81077320450049,4455.4532320933,28438298.0
"Venezuela, RB",VEN,2010,6.13592407148401,4332.02681796507,28813101.0
"Venezuela, RB",VEN,2011,5.92634036716951,4455.41063337951,29185212.0
"Venezuela, RB",VEN,2012,6.55732695996789,4647.37303726595,29553826.0
"Venezuela, RB",VEN,2013,6.45112739625486,4653.3645655649,29912198.0
"Venezuela, RB",VEN,2014,6.34368674716556,4421.60786723331,30254079.0
"Venezuela, RB",VEN,2015,5.75436845431794,4103.1384987005,30573972.0
"Venezuela, RB",VEN,2016,5.29608278304555,3382.73477932247,30765720.0
"Venezuela, RB",VEN,2017,4.97170927982669,2871.31531165261,30565323.0
"Venezuela, RB",VEN,2018,4.62269142706999,2365.59281270712,29807592.0
"Venezuela, RB",VEN,2019,4.15965140487118,1762.73734800083,28938098.0
"Venezuela, RB",VEN,2020,2.69531333359842,1255.37263090506,28444077.0
"Venezuela, RB",VEN,2021,2.68692781094409,1276.62381449407,28237826.0
"Venezuela, RB",VEN,2022,3.26104790565291,1379.97778822986,28213017.0
"Venezuela, RB",VEN,2023,3.40591488864612,1430.74575249312,28300854.0
"Venezuela, RB",VEN,2024,3.39410515757435,1501.02277449885,28405543.0
Viet Nam,VNM,1990,0.314143053752967,687.860316254161,65504552.0
Viet Nam,VNM,1991,0.309763046353606,713.747210806804,66891775.0
Viet Nam,VNM,1992,0.317937193893432,759.910853953724,68260337.0
Viet Nam,VNM,1993,0.365229496621063,805.606443630458,69586384.0
Viet Nam,VNM,1994,0.421729685038151,861.122422555836,70854391.0
Viet Nam,VNM,1995,0.477059384088314,927.625512005765,72049940.0
Viet Nam,VNM,1996,0.529093491924232,998.924907248853,73156447.0
Viet Nam,VNM,1997,0.60145320114386,1064.77802859908,74226889.0
Viet Nam,VNM,1998,0.662583337029676,1110.1126773248,75299660.0
Viet Nam,VNM,1999,0.66988474067793,1148.04465210832,76287452.0
Viet Nam,VNM,2000,0.732762940866418,1212.19657794381,77154011.0
Viet Nam,VNM,2001,0.796360252330399,1273.8052690094,77969361.0
Viet Nam,VNM,2002,0.927761034143203,1340.51670460271,78772224.0
Viet Nam,VNM,2003,0.975900126008347,1418.74337471509,79563777.0
Viet Nam,VNM,2004,1.14424418007545,1510.94449049599,80338971.0
Viet Nam,VNM,2005,1.23999989986226,1609.96268313651,81088313.0
Viet Nam,VNM,2006,1.25547815833719,1699.67620343393,82167897.0
Viet Nam,VNM,2007,1.36684666856981,1788.9485028957,83633375.0
Viet Nam,VNM,2008,1.47684691804671,1856.00519883979,85175788.0
Viet Nam,VNM,2009,1.62877944346484,1927.13427057454,86460018.0
Viet Nam,VNM,2010,1.79273486369334,2027.58184375924,87455152.0
Viet Nam,VNM,2011,1.77200618969635,2132.90453762087,88468314.0
Viet Nam,VNM,2012,1.74532095481779,2224.11404253256,89510356.0
Viet Nam,VNM,2013,1.80141667663283,2320.08431444934,90573104.0
Viet Nam,VNM,2014,1.95182181139621,2439.28655744423,91679578.0
Viet Nam,VNM,2015,2.16344818077591,2577.56885340113,92823254.0
Viet Nam,VNM,2016,2.38090235568537,2715.57887431272,94000117.0
Viet Nam,VNM,2017,2.40871172027244,2868.13680013379,95176977.0
Viet Nam,VNM,2018,2.93126723532271,3048.28327602145,96237319.0
Viet Nam,VNM,2019,3.46316479458409,3241.07648966529,97173776.0
Viet Nam,VNM,2020,3.5515331687432,3303.16949807493,98079191.0
Viet Nam,VNM,2021,3.39788716841419,3358.21734764714,98935098.0
Viet Nam,VNM,2022,3.45101965872917,3617.66311465012,99680655.0
Viet Nam,VNM,2023,3.89354026267807,3775.46375555802,100352192.0
Viet Nam,VNM,2024,4.26605675468195,4017.74604111554,100987686.0
Virgin Islands (U.S.),VIR,1990,0.0019237613381683,,103963.0
Virgin Islands (U.S.),VIR,1991,0.0019082694858167,,104807.0
Virgin Islands (U.S.),VIR,1992,0.001891932798547,,105712.0
Virgin Islands (U.S.),VIR,1993,0.0018765598904089,,106578.0
Virgin Islands (U.S.),VIR,1994,0.001863620268734,,107318.0
Virgin Islands (U.S.),VIR,1995,0.0018549778330149,,107818.0
Virgin Islands (U.S.),VIR,1996,0.0018502243397011,,108095.0
Virgin Islands (U.S.),VIR,1997,0.0018457506206336,,108357.0
Virgin Islands (U.S.),VIR,1998,0.0018426895897251,,108537.0
Virgin Islands (U.S.),VIR,1999,0.0018416375841398,,108599.0
Virgin Islands (U.S.),VIR,2000,0.0018409086725207,,108642.0
Virgin Islands (U.S.),VIR,2001,0.0018424858819519,,108549.0
Virgin Islands (U.S.),VIR,2002,0.0018431650830806,43205.7246740388,108509.0
Virgin Islands (U.S.),VIR,2003,0.0018432330307359,43036.1815136022,108505.0
Virgin Islands (U.S.),VIR,2004,0.0018438957830103,44466.2872190216,108466.0
Virgin Islands (U.S.),VIR,2005,0.0018441168063585,46021.5905731819,108453.0
Virgin Islands (U.S.),VIR,2006,0.001845546235547,47671.567182812,108369.0
Virgin Islands (U.S.),VIR,2007,0.0018460913630615,49598.1259079427,108337.0
Virgin Islands (U.S.),VIR,2008,0.0018450695129939,50174.7528938473,108397.0
Virgin Islands (U.S.),VIR,2009,0.001844950370835,46862.8076001874,108404.0
Virgin Islands (U.S.),VIR,2010,0.0018457506206336,47162.7375570431,108357.0
Virgin Islands (U.S.),VIR,2011,0.0018468926031951,43320.176769501,108290.0
Virgin Islands (U.S.),VIR,2012,0.0018486338595777,36938.1682086351,108188.0
Virgin Islands (U.S.),VIR,2013,0.0018511491008043,34663.6460602129,108041.0
Virgin Islands (U.S.),VIR,2014,0.0018538773845497,34098.7109972738,107882.0
Virgin Islands (U.S.),VIR,2015,0.0018568033273915,34007.3529411765,107712.0
Virgin Islands (U.S.),VIR,2016,0.001860188251051,34614.7482633247,107516.0
Virgin Islands (U.S.),VIR,2017,0.0018642630102254,34435.4944455756,107281.0
Virgin Islands (U.S.),VIR,2018,0.0018691414098933,35174.1019944986,107001.0
Virgin Islands (U.S.),VIR,2019,0.0018749589852722,36309.7438446842,106669.0
Virgin Islands (U.S.),VIR,2020,0.0018816445573431,35850.7433148653,106290.0
Virgin Islands (U.S.),VIR,2021,0.0018891092849721,37313.0484931531,105870.0
Virgin Islands (U.S.),VIR,2022,0.0018972991945964,36983.431060272,105413.0
Virgin Islands (U.S.),VIR,2023,0.0019062687648331,,104917.0
Virgin Islands (U.S.),VIR,2024,0.001916130948389,,104377.0
West Bank and Gaza,PSE,1990,,,1978248.0
West Bank and Gaza,PSE,1991,,,2068845.0
West Bank and Gaza,PSE,1992,,,2163591.0
West Bank and Gaza,PSE,1993,,,2262676.0
West Bank and Gaza,PSE,1994,,2137.38928909208,2366298.0
West Bank and Gaza,PSE,1995,,2189.26513719427,2474666.0
West Bank and Gaza,PSE,1996,,2118.82007591199,2587997.0
West Bank and Gaza,PSE,1997,,2323.20642242172,2706518.0
West Bank and Gaza,PSE,1998,,2589.20364997364,2776568.0
West Bank and Gaza,PSE,1999,,2732.87293952355,2848431.0
West Bank and Gaza,PSE,2000,,2436.01207739636,2922153.0
West Bank and Gaza,PSE,2001,,2153.45735383203,2997784.0
West Bank and Gaza,PSE,2002,,1836.98042481351,3075373.0
West Bank and Gaza,PSE,2003,,2041.60484619659,3154969.0
West Bank and Gaza,PSE,2004,,2426.41565630382,3236626.0
West Bank and Gaza,PSE,2005,,2632.24627423958,3320396.0
West Bank and Gaza,PSE,2006,,2540.26763083127,3406334.0
West Bank and Gaza,PSE,2007,,2569.98434108953,3494496.0
West Bank and Gaza,PSE,2008,,2685.98601828464,3591977.0
West Bank and Gaza,PSE,2009,,2840.01594969395,3689099.0
West Bank and Gaza,PSE,2010,,2927.08101953403,3786161.0
West Bank and Gaza,PSE,2011,,3128.10811061384,3882986.0
West Bank and Gaza,PSE,2012,,3237.91619995789,3979998.0
West Bank and Gaza,PSE,2013,,3309.63120243098,4076708.0
West Bank and Gaza,PSE,2014,,3227.84934482645,4173398.0
West Bank and Gaza,PSE,2015,,3272.15432360708,4270092.0
West Bank and Gaza,PSE,2016,,3483.09903532972,4367088.0
West Bank and Gaza,PSE,2017,,3462.97986107136,4454805.0
West Bank and Gaza,PSE,2018,,3417.79440837962,4569087.0
West Bank and Gaza,PSE,2019,,3378.4346209191,4685306.0
West Bank and Gaza,PSE,2020,,2922.46801084844,4803269.0
West Bank and Gaza,PSE,2021,,3051.48607007995,4922749.0
West Bank and Gaza,PSE,2022,,3099.9609010368,5043612.0
West Bank and Gaza,PSE,2023,,2888.76306072177,5165775.0
West Bank and Gaza,PSE,2024,,2072.09019517685,5289152.0
"Yemen, Rep.",YEM,1990,0.511770638273911,1722.22439411789,13887862.0
"Yemen, Rep.",YEM,1991,0.616928343548368,1761.81146099568,14430201.0
"Yemen, Rep.",YEM,1992,0.640135017232736,1835.28111559428,14989494.0
"Yemen, Rep.",YEM,1993,0.557623230249152,1838.28268593285,15563914.0
"Yemen, Rep.",YEM,1994,0.62083155227951,1890.75509687978,16149147.0
"Yemen, Rep.",YEM,1995,0.666449303819616,1927.42298079078,16740058.0
"Yemen, Rep.",YEM,1996,0.659838457147409,1949.99754744654,17313177.0
"Yemen, Rep.",YEM,1997,0.687515049846883,1987.6265785116,17873936.0
"Yemen, Rep.",YEM,1998,0.709313172445449,2041.67107777046,18446013.0
"Yemen, Rep.",YEM,1999,0.774616357198485,2053.79786274001,19029420.0
"Yemen, Rep.",YEM,2000,0.802338303623073,2114.67265566851,19624141.0
"Yemen, Rep.",YEM,2001,0.829144572122412,2129.77268762778,20226147.0
"Yemen, Rep.",YEM,2002,0.807128897860081,2148.88860494788,20835086.0
"Yemen, Rep.",YEM,2003,0.910498458290656,2164.86083019467,21456379.0
"Yemen, Rep.",YEM,2004,0.925129916420184,2185.78999159086,22095167.0
"Yemen, Rep.",YEM,2005,0.966350059686043,2237.63762643152,22790085.0
"Yemen, Rep.",YEM,2006,0.974638708108025,2234.74266863312,23543083.0
"Yemen, Rep.",YEM,2007,1.00023924584184,2235.75075901067,24318082.0
"Yemen, Rep.",YEM,2008,1.0053703136687,2244.04491655237,25111941.0
"Yemen, Rep.",YEM,2009,1.0658436506035,2257.46902086832,25927724.0
"Yemen, Rep.",YEM,2010,0.984687109444892,2356.19960422096,26754387.0
"Yemen, Rep.",YEM,2011,0.833886302805684,1994.83663337222,27582897.0
"Yemen, Rep.",YEM,2012,0.773829681433409,1981.45800046603,28433647.0
"Yemen, Rep.",YEM,2013,0.982094877377072,2014.7289059487,29312952.0
"Yemen, Rep.",YEM,2014,0.938116526235472,1950.1625450589,30226309.0
"Yemen, Rep.",YEM,2015,0.457400001457025,1362.1738120601,31159379.0
"Yemen, Rep.",YEM,2016,0.331047266795208,1197.95865971172,32109010.0
"Yemen, Rep.",YEM,2017,0.296939453573988,1103.45634849842,33090921.0
"Yemen, Rep.",YEM,2018,0.35186257770312,1079.32938366255,34085182.0
"Yemen, Rep.",YEM,2019,0.351518230200281,,35111408.0
"Yemen, Rep.",YEM,2020,0.313196150764429,,36134863.0
"Yemen, Rep.",YEM,2021,0.302074058238196,,37140230.0
"Yemen, Rep.",YEM,2022,0.287369793942245,,38222876.0
"Yemen, Rep.",YEM,2023,0.269743195612762,,39390799.0
"Yemen, Rep.",YEM,2024,0.260706631942251,,40583164.0
Zambia,ZMB,1990,0.38898462132019,878.589205998477,7786169.0
Zambia,ZMB,1991,0.392926274642461,856.761723583768,7981650.0
Zambia,ZMB,1992,0.383749883815925,821.850104215064,8176680.0
Zambia,ZMB,1993,0.339781089408415,857.039669609389,8373921.0
Zambia,ZMB,1994,0.278337817995215,764.639411345433,8576269.0
Zambia,ZMB,1995,0.268286317306761,768.035201563368,8785763.0
Zambia,ZMB,1996,0.220389640087636,796.018059633101,9004053.0
Zambia,ZMB,1997,0.270692102024204,805.53240180321,9237063.0
Zambia,ZMB,1998,0.247226231986643,781.663383813883,9482408.0
Zambia,ZMB,1999,0.198049179646212,796.377985981253,9740005.0
Zambia,ZMB,2000,0.194876413395542,804.48463418783,10017631.0
Zambia,ZMB,2001,0.19058254162032,822.020935308251,10325185.0
Zambia,ZMB,2002,0.194197023295284,833.021177549004,10647949.0
Zambia,ZMB,2003,0.203867677204048,863.650190656785,10983595.0
Zambia,ZMB,2004,0.203153975614114,895.475258534826,11338198.0
Zambia,ZMB,2005,0.211070757215382,929.079255855905,11718819.0
Zambia,ZMB,2006,0.198597590529511,968.563565019492,12129553.0
Zambia,ZMB,2007,0.174189032545343,1013.08567432637,12565085.0
Zambia,ZMB,2008,0.200263813418666,1053.58612301068,13021324.0
Zambia,ZMB,2009,0.213107272147601,1110.71918102486,13490389.0
Zambia,ZMB,2010,0.230036760341164,1183.41712409199,13965594.0
Zambia,ZMB,2011,0.239454830917406,1208.46424569634,14437796.0
Zambia,ZMB,2012,0.289620990303567,1258.78938578996,14913629.0
Zambia,ZMB,2013,0.307539510527861,1280.77012176778,15398997.0
Zambia,ZMB,2014,0.346397664972352,1299.01241762504,15895315.0
Zambia,ZMB,2015,0.356605174836236,1295.87788680068,16399089.0
Zambia,ZMB,2016,0.374035815469437,1303.57513869133,16914423.0
Zambia,ZMB,2017,0.46088254788055,1308.76829240086,17441320.0
Zambia,ZMB,2018,0.506471474864007,1321.25045711573,17973569.0
Zambia,ZMB,2019,0.487959304388463,1301.18132976178,18513839.0
Zambia,ZMB,2020,0.500068339000267,1228.73500113195,19059395.0
Zambia,ZMB,2021,0.49379688135964,1269.10821808895,19603607.0
Zambia,ZMB,2022,0.524548827570452,1298.8480495593,20152938.0
Zambia,ZMB,2023,0.548090097623693,1330.85998216751,20723965.0
Zambia,ZMB,2024,0.542961477377669,1343.38966380353,21314956.0
Zimbabwe,ZWE,1990,1.71780776324539,1653.56521361694,10137281.0
Zimbabwe,ZWE,1991,1.841301182068,1700.16751573044,10404816.0
Zimbabwe,ZWE,1992,1.79440701878965,1503.8338876162,10702700.0
Zimbabwe,ZWE,1993,1.62740619769936,1497.59397309998,10860288.0
Zimbabwe,ZWE,1994,1.52212588295496,1633.9654774338,10873148.0
Zimbabwe,ZWE,1995,1.48241407271464,1621.41919547814,10974599.0
Zimbabwe,ZWE,1996,1.40881814173409,1759.94136824269,11158360.0
Zimbabwe,ZWE,1997,1.29812881057909,1773.50690066801,11369827.0
Zimbabwe,ZWE,1998,1.29139351872735,1789.35135307089,11594297.0
Zimbabwe,ZWE,1999,1.43037807747098,1746.22663873399,11783458.0
Zimbabwe,ZWE,2000,1.23243627783423,1677.34896793251,11892055.0
Zimbabwe,ZWE,2001,1.21917145823374,1690.14666163116,11971901.0
Zimbabwe,ZWE,2002,1.1029519129975,1525.07935706564,12087653.0
Zimbabwe,ZWE,2003,0.893403485176119,1250.91948331231,12232323.0
Zimbabwe,ZWE,2004,0.838216656520482,1165.54447081543,12365896.0
Zimbabwe,ZWE,2005,0.922182297304139,1088.63148420699,12483432.0
Zimbabwe,ZWE,2006,0.848775110404865,1038.22375658033,12636445.0
Zimbabwe,ZWE,2007,0.825339903958573,987.200362596937,12804058.0
Zimbabwe,ZWE,2008,0.641176361194705,803.044944654991,12959149.0
Zimbabwe,ZWE,2009,0.604392218090679,896.915532877845,13142790.0
Zimbabwe,ZWE,2010,0.753832502230367,1056.20884563889,13356548.0
Zimbabwe,ZWE,2011,1.16578931263931,1184.93421020563,13595424.0
Zimbabwe,ZWE,2012,0.922261124294909,1360.15230034275,13817887.0
Zimbabwe,ZWE,2013,0.907590570671441,1367.81831689463,14013808.0
Zimbabwe,ZWE,2014,0.886871374194176,1381.25404125871,14207359.0
Zimbabwe,ZWE,2015,0.881442359972868,1387.12632595026,14399013.0
Zimbabwe,ZWE,2016,0.771813225130946,1378.34256192374,14600294.0
Zimbabwe,ZWE,2017,0.714789054258429,1422.91948946927,14812482.0
Zimbabwe,ZWE,2018,0.816285156253118,1472.14603844842,15034452.0
Zimbabwe,ZWE,2019,0.731473434469001,1357.53087818754,15271368.0
Zimbabwe,ZWE,2020,0.584444223465771,1230.81933361016,15526888.0
Zimbabwe,ZWE,2021,0.68892544949393,1312.20001358807,15797210.0
Zimbabwe,ZWE,2022,0.719220842842293,1369.19761495571,16069056.0
Zimbabwe,ZWE,2023,0.76899436270709,1418.47184628799,16340822.0
Zimbabwe,ZWE,2024,0.772821434267465,1417.71894115853,16634373.0
