Country Name,Country Code,Series Name,Series Code,1990 [YR1990],1991 [YR1991],1992 [YR1992],1993 [YR1993],1994 [YR1994],1995 [YR1995],1996 [YR1996],1997 [YR1997],1998 [YR1998],1999 [YR1999],2000 [YR2000],2001 [YR2001],2002 [YR2002],2003 [YR2003],2004 [YR2004],2005 [YR2005],2006 [YR2006],2007 [YR2007],2008 [YR2008],2009 [YR2009],2010 [YR2010],2011 [YR2011],2012 [YR2012],2013 [YR2013],2014 [YR2014],2015 [YR2015],2016 [YR2016],2017 [YR2017],2018 [YR2018],2019 [YR2019],2020 [YR2020],2021 [YR2021],2022 [YR2022],2023 [YR2023],2024 [YR2024]
Afghanistan,AFG,GDP per capita (constant 2015 US$),NY.GDP.PCAP.KD,..,..,..,..,..,..,..,..,..,..,308.318269746638,277.118051443941,338.139973643387,346.071627096223,338.637273888197,363.640141436773,367.75831169358,410.757728879097,417.647282647498,488.830652491949,542.871030476037,525.42698276582,568.929021458341,580.603833333096,575.146245808546,565.569730408751,563.872336723147,562.769574140988,553.125151688293,557.861533207459,527.834554499306,408.625855217403,377.665627080705,378.06630312259,..
Afghanistan,AFG,Carbon dioxide (CO2) emissions excluding LULUCF per capita (t CO2e/capita),EN.GHG.CO2.PC.CE.AR5,0.24144795718956,0.231491789403262,0.136358426486866,0.118642815594975,0.102991890734693,0.0851174240746249,0.0791295924972356,0.0744360083634966,0.0735542951052808,0.068549614750964,0.0501382814099344,0.0463511028500998,0.0439140640871224,0.0447454276810823,0.038301143932592,0.052297588398106,0.0557935319150409,0.0796685368947688,0.14737589049906,0.224491273806937,0.278191742360873,0.392640542832169,0.323442048526517,0.266539509081829,0.242701667084292,0.24909135686806,0.219353479990497,0.2913283907183,0.321418704642259,0.319752781855278,0.310824605884889,0.312156784785117,0.278420956418618,0.280995468771367,0.2829802981146
Afghanistan,AFG,"Population, total",SP.POP.TOTL,12045660,12238879,13278974,14943172,16250794,17065836,17763266,18452091,19159996,19887785,20130327,20284307,21378117,22733049,23560654,24404567,25424094,25909852,26482622,27466101,28284089,29347708,30560034,31622704,32792523,33831764,34700612,35688935,36743039,37856121,39068979,40000412,40578842,41454761,42647492
Albania,ALB,GDP per capita (constant 2015 US$),NY.GDP.PCAP.KD,1682.8810874018,1218.96427317362,1138.23773998809,1254.67888414888,1367.22058963712,1558.96638565461,1683.76965547424,1495.90035328523,1630.43874131845,1841.80762760566,1991.91435867116,2188.91854451375,2297.10853513924,2428.68934653563,2567.29763687121,2712.86983830331,2894.36032580174,3105.8796756386,3345.98161761476,3459.24695646692,3579.82413181046,3677.89457937717,3771.84781862015,3895.89975621942,4045.11934884933,4199.53912925398,4431.55635814168,4648.23078660658,4893.82375538717,5072.43648354739,4980.61699524696,5511.75743402862,5867.65096230557,6198.17195301204,6549.23387415397
Albania,ALB,Carbon dioxide (CO2) emissions excluding LULUCF per capita (t CO2e/capita),EN.GHG.CO2.PC.CE.AR5,2.02191239302586,1.34064326142788,0.727801544730445,0.688751883548008,0.730872545156157,0.649416648053946,0.648730616126789,0.502051754592427,0.612076598274589,0.992962508098037,1.04657550743325,1.12398874181296,1.31323725585954,1.38556975617973,1.45837098137756,1.3776914859669,1.3817995172674,1.42962144661125,1.42332985219763,1.46321851369709,1.56778821711206,1.72129581663193,1.58649537107597,1.69345614437421,1.83944794209463,1.78508860089342,1.68739628528903,2.0244422333699,2.04549315439886,1.94096037816015,1.80646079858255,2.0532886275877,1.84525761573088,1.74914408919284,1.7852214941728
Albania,ALB,"Population, total",SP.POP.TOTL,3286542,3266790,3247039,3227287,3207536,3187784,3168033,3148281,3128530,3108778,3089027,3060173,3051010,3039616,3026939,3011487,2992547,2970017,2947314,2927519,2913021,2905195,2860708,2816902,2773767,2731293,2689469,2648285,2607733,2567801,2528480,2489762,2451636,2414095,2377128
Algeria,DZA,GDP per capita (constant 2015 US$),NY.GDP.PCAP.KD,3605.68701212608,3478.50976269176,3455.92936294162,3302.91950568634,3201.56914402566,3255.18726869561,3322.95538141474,3297.46603361265,3410.88254401644,3471.49196276497,3553.32420521991,3610.00605631983,3754.66081538446,3945.89816094007,4066.28204806495,4223.60252133943,4279.61547120827,4339.25055772831,4367.56538017541,4336.10054052949,4456.6102741643,4501.3543013352,4518.43978956464,4543.23444006767,4634.10149179952,4685.05902729002,4768.73140081027,4742.90075532529,4717.0035885361,4672.66408678635,4363.68533767783,4456.74687637774,4544.46688060372,4660.40545687895,4765.72900168387
Algeria,DZA,Carbon dioxide (CO2) emissions excluding LULUCF per capita (t CO2e/capita),EN.GHG.CO2.PC.CE.AR5,2.84364912883569,2.89342420834781,3.18393013097813,3.0419347430851,2.91010105360225,2.94409686257461,2.8074355551557,2.6918452197366,2.70979701859974,2.78775720725696,2.84556706172908,2.73923253741053,2.82473516050838,2.9993425497372,2.96141820014695,3.06259438261496,3.13780186991803,3.18566716670446,3.26590250079552,3.27099589762822,3.27777236779378,3.38189926038203,3.72600758334859,3.79361564251901,3.95441595238121,4.11245469680565,3.93495625205734,3.98952018838216,4.1125786627396,4.19651934911155,3.90423106841135,4.05087238809753,4.16005852930563,4.12827519079225,3.98080005796518
Algeria,DZA,"Population, total",SP.POP.TOTL,25375810,25987928,26628568,27277048,27887279,28470191,29033044,29579301,30054133,30474354,30903893,31331221,31750835,32175818,32628286,33109249,33623506,34189416,34816961,35490445,36188236,36903376,37646166,38414171,39205031,40019529,40850721,41689299,42505035,43294546,44042091,44761099,45477389,46164219,46814308
American Samoa,ASM,GDP per capita (constant 2015 US$),NY.GDP.PCAP.KD,..,..,..,..,..,..,..,..,..,..,..,..,13054.6364326897,13201.7347516166,13291.5356626851,13284.2791128875,12794.7565021718,13092.3111393408,12809.4633079683,12342.0575384016,12446.3086265015,12521.8095058644,12068.2667374983,11871.7937192729,12203.0894714284,12727.4102651386,12665.2829921268,11930.7771236826,12412.6024074562,12524.0160252283,13194.274740128,13233.5784817341,13709.0974895473,..,..
American Samoa,ASM,Carbon dioxide (CO2) emissions excluding LULUCF per capita (t CO2e/capita),EN.GHG.CO2.PC.CE.AR5,0.00214408233276158,0.0020884674825613,0.00203923487907337,0.00199366016068901,0.00195118144036214,0.0019114611208808,0.00187430884861207,0.00183952025311799,0.00180720714208263,0.00177784098990186,0.00175886025855246,0.00175275620913887,0.00175247975885879,0.0017552790015973,0.00176000563201802,0.00176625395199322,0.00177386738567425,0.00178211822572309,0.00179121587733754,0.00180089324304855,0.00181067574418773,0.0018216595318335,0.00183523279928059,0.00185164611339481,0.00187034751056746,0.00189114565603843,0.00191405876160398,0.00193851044857132,0.00196432780702444,0.00199167479933876,0.00200960591627982,0.00203148806500762,0.00206859459683091,0.00210433282127901,0.0021383513311237
American Samoa,ASM,"Population, total",SP.POP.TOTL,46640,47882,49038,50159,51251,52316,53353,54362,55334,56248,56855,57053,57062,56971,56818,56617,56374,56113,55828,55528,55228,54895,54489,54006,53466,52878,52245,51586,50908,50209,49761,49225,48342,47521,46765
Andorra,AND,GDP per capita (constant 2015 US$),NY.GDP.PCAP.KD,31143.1615046334,29642.3199056721,28161.9557223134,26518.2460901533,26587.1507935057,27619.5190355779,28871.2296369485,31140.7043097433,31800.3790054979,32938.6592135008,34113.8334027285,36790.1209900717,38084.5022003398,39620.3387714274,40054.3399679173,40528.1938997392,41322.0723316534,40789.1781297264,37775.1438845998,35604.4007343193,36277.2814831059,37637.5045137987,36206.9954432018,35684.1861967511,37300.6419409868,38654.95287916,40085.0394278177,39361.0807539996,39242.1633307803,39346.2935180487,34536.666145207,36929.0364995869,39780.4152991834,40227.2524257376,41034.5266723078
Andorra,AND,Carbon dioxide (CO2) emissions excluding LULUCF per capita (t CO2e/capita),EN.GHG.CO2.PC.CE.AR5,..,..,..,..,..,..,..,..,..,..,..,..,..,..,..,..,..,..,..,..,..,..,..,..,..,..,..,..,..,..,..,..,..,..,..
Andorra,AND,"Population, total",SP.POP.TOTL,52597,56667,60200,63272,64612,63912,63984,64700,65382,65710,65685,65852,66506,69486,74325,77421,79585,81877,83495,83888,80706,77783,76834,75194,73737,72174,72181,73763,75162,76474,77380,78364,79705,80856,81938
Angola,AGO,GDP per capita (constant 2015 US$),NY.GDP.PCAP.KD,2675.05239370666,2612.33170523819,2380.58274213388,1752.72318662558,1719.54294465223,1912.51777523397,2099.35045384819,2176.87757986492,2203.98692701325,2179.06426975438,2172.46326720494,2189.17352158246,2404.97792071531,2403.40415157038,2583.32411461288,2843.3966357968,3065.05576243895,3336.36332465208,3559.19522512236,3494.80724466172,3540.79159568381,3528.16824373399,3682.35229322763,3716.29718727282,3746.81619978613,3641.72893919944,3454.03317187119,3328.8982124109,3196.79006983557,3083.97534427357,2864.16146036893,2832.81777132286,2860.90251922246,2809.15727975557,2845.47779302975
Angola,AGO,Carbon dioxide (CO2) emissions excluding LULUCF per capita (t CO2e/capita),EN.GHG.CO2.PC.CE.AR5,0.965977313621804,0.979787215550443,0.975473352891632,0.946571467439923,0.867222993556716,0.945540869348394,1.10640250320144,1.11880886302453,1.12382638592501,1.15090505759312,1.0195821898899,0.966865641126569,0.918500488726172,0.965781216283453,0.951069768682142,0.810676972733782,0.815392081219552,0.820841250748789,0.88603761448524,0.940848252177258,0.976178185498281,0.976536306021153,0.981682218580684,1.09052642360471,1.13720270585859,1.17503861630089,1.07167614647808,0.92592191412033,0.824809795011719,0.833846270553112,0.613970253682297,0.740292552255736,0.748810952279567,0.743838637301548,0.741712294740973
Angola,AGO,"Population, total",SP.POP.TOTL,11626360,12023529,12423712,12827135,13249764,13699778,14170973,14660413,15159370,15667235,16194869,16747208,17327699,17943712,18600423,19291161,20015279,20778561,21578655,22414773,23294825,24218352,25177394,26165620,27160769,28157798,29183070,30234839,31297155,32375632,33451132,34532429,35635029,36749906,37885849
Antigua and Barbuda,ATG,GDP per capita (constant 2015 US$),NY.GDP.PCAP.KD,13166.5241173582,13385.0114363295,13326.2728796496,13776.8264136781,14420.4693979194,13519.5287711166,14117.8679127333,14588.3079841576,14991.7802610684,15282.9733985907,15961.0918359058,15003.4389169034,14968.0703013883,15703.9347145491,16433.4130541483,17301.2134317518,19259.6486517907,20770.2689732844,20464.786306605,17746.700856041,16135.397384487,15633.9091131821,15989.3900199779,15748.1952024226,15967.284996712,16077.6340769406,16635.895232831,16992.9327495236,18042.1596435727,18525.2588907167,14950.8942397208,16084.7214406048,17456.8722243104,17789.4058123944,18350.185036972
Antigua and Barbuda,ATG,Carbon dioxide (CO2) emissions excluding LULUCF per capita (t CO2e/capita),EN.GHG.CO2.PC.CE.AR5,2.60045032188501,2.59832457759477,2.57437426246817,2.4654275999817,2.63453166374938,2.70131546143806,2.62454749181176,2.72050441219934,2.73297243550793,2.72174408818179,1.81145877829987,1.74315424154386,1.94854086613356,2.10184376765446,2.11384799095517,2.16678599690997,2.43412237606074,2.62655439146186,2.78729255113856,3.16847445142742,3.26887013595874,2.46490293286383,2.59912903965162,2.95012718023256,3.15101672956683,3.25470590209039,3.50009447698652,3.06406685236769,3.15861249807536,3.74983582154897,3.54941968076998,3.58964363447357,3.69452822059457,3.68747053024133,3.79857526767052
Antigua and Barbuda,ATG,"Population, total",SP.POP.TOTL,63066,63387,64404,65587,66843,68189,69612,71053,72412,73666,74912,76069,77032,77884,78719,79611,80604,81704,82912,84173,85320,86332,87260,88064,88765,89409,89969,90468,90926,91364,91846,92349,92840,93316,93772
Argentina,ARG,GDP per capita (constant 2015 US$),NY.GDP.PCAP.KD,8115.09386370753,8729.82318518892,9293.18692251748,9920.67358582437,10359.8927204871,9934.10776139515,10352.1400002191,11056.6881331002,11348.2022124673,10838.3199346387,10631.6503639029,10051.9448463043,8861.56199282278,9545.53194119994,10302.4465316428,11099.7509190602,11870.2791559298,12811.9021206578,13197.3570267029,12285.3784651865,13387.1553748458,14040.6189124444,13754.4254235596,13946.0950832252,13456.1319159151,13679.6264980954,13265.8860639123,13520.1129846159,13058.3285449954,12706.3978108968,11393.0505957877,12549.2811699342,13276.8232110189,12993.0928872416,12774.3506596628
Argentina,ARG,Carbon dioxide (CO2) emissions excluding LULUCF per capita (t CO2e/capita),EN.GHG.CO2.PC.CE.AR5,3.05886258479045,3.17787739103362,3.19131030716968,3.25852259426388,3.31354326554348,3.31576942357033,3.56458686347583,3.64279129140369,3.79486518244647,3.80302240416156,3.67485781688948,3.49042420795313,3.26103662726385,3.51848864736106,3.85579719412006,3.91742679391727,4.1027920897206,4.32534235715168,4.43359004127929,4.03429401041948,4.2945461050427,4.42921822947444,4.47886128746974,4.53658672333476,4.41674615124171,4.51258701954955,4.4223010437306,4.32102910494897,4.25075806940885,4.07504069344001,3.72002854932287,4.09769704597303,4.2953116708492,4.16990486776205,4.01066531653131
Argentina,ARG,"Population, total",SP.POP.TOTL,32755901,33230294,33693527,34152717,34613491,35070020,35513793,35947791,36372860,36794682,37213984,37624825,38029349,38424282,38815916,39216789,39622115,40016763,40424148,40854831,41288694,41730660,42161721,42582455,43024071,43477012,43900313,44288894,44654882,44973465,45191965,45312281,45407904,45538401,45696159
Armenia,ARM,GDP per capita (constant 2015 US$),NY.GDP.PCAP.KD,1644.02214502158,1426.82791357144,840.205259177402,792.567859246381,857.394474812969,932.357829471807,995.728275319872,1039.0798243009,1128.09888845227,1180.45341995952,1229.21510436102,1351.12072694555,1535.20452885187,1759.64684829386,1955.22262459229,2240.09273209788,2551.43546358452,2919.3734936373,3141.33193500774,2716.97436280471,2796.08143428043,2943.83687119315,3159.75860786889,3266.29882999873,3393.09252326884,3512.39350276709,3533.88503607007,3815.3747426037,4027.83393010979,4343.45839583019,4032.09043454955,4264.79961505187,4791.00481712183,5197.23509013575,5378.31799981682
Armenia,ARM,Carbon dioxide (CO2) emissions excluding LULUCF per capita (t CO2e/capita),EN.GHG.CO2.PC.CE.AR5,5.85004256603366,5.97626935644582,3.07307591196858,1.48126505068149,0.834658400230636,1.07063137682796,0.791189284891887,1.02837424517657,1.08237717168147,0.980113573576873,1.10822389866816,1.13126595678436,0.969248078004875,1.09058915946583,1.18777844481658,1.41835113145182,1.42166863867481,1.65871789920834,1.82971073175472,1.46836268754077,1.41194823962165,1.61963737243634,1.87480572732383,1.81763732627399,1.91144070608534,1.86953338214737,1.79624369214317,1.90951198227831,2.00458066689121,2.16867510548523,2.33479655579943,2.51946122945009,2.61828101845615,2.52966973653139,2.47028185264546
Armenia,ARM,"Population, total",SP.POP.TOTL,3552128,3613977,3571861,3453332,3364610,3307581,3278735,3246289,3208401,3167286,3221100,3211800,3199800,3182500,3164900,3146400,3127100,3107400,3087100,3066000,3044800,3027900,3024100,3022000,3013800,3004600,2992300,2979400,2969000,2962500,2961500,2962300,2969200,2964300,3033500
Aruba,ABW,GDP per capita (constant 2015 US$),NY.GDP.PCAP.KD,24763.6538099384,25460.3630272927,25743.4455010025,25870.1533960504,26581.9767488997,26504.1864180809,25779.5979282247,26547.4166076696,26418.0883302727,26384.8105935137,28104.8954362859,29007.7386958774,28535.4639480222,28525.8077063839,29959.7748189582,29081.7066997897,28885.9118700469,29556.8384686554,29870.6648077005,26204.0597361984,25429.2180974853,26093.0542083227,25444.7336646687,26680.1411206342,26773.8226808518,27458.2201537506,27587.2498040483,28548.8904317739,29419.208623316,29699.1805366222,22729.8897593533,26292.9179363154,29195.2670227422,31430.9353682253,33373.9174591266
Aruba,ABW,Carbon dioxide (CO2) emissions excluding LULUCF per capita (t CO2e/capita),EN.GHG.CO2.PC.CE.AR5,3.20303411789078,3.43571688721622,3.6345192377364,3.41453484426953,3.68322701204975,3.93960278178059,2.49093602823382,3.97446147785078,3.97055997105742,3.96948437970533,2.9683843334658,2.97356707750522,3.22566631187957,3.67666008074908,3.67255986041329,3.94633072156501,4.26739097630904,4.57413879181228,4.50370106126817,4.85512381402307,4.74086293917791,2.83358189314852,3.60580155604649,3.90631653655075,4.12987912777252,4.28613793486924,4.46439246921188,4.29576493309422,4.27241341315606,4.66562273930203,4.50053873852303,4.71123491179201,4.99021526418787,5.00284093555268,5.14838649937497
Aruba,ABW,"Population, total",SP.POP.TOTL,62753,65896,69005,73685,77595,79805,83021,86301,88451,89659,90588,91439,92074,93128,95138,97635,99405,100150,100917,101604,101838,102591,104110,105675,106807,107906,108727,108735,108908,109203,108587,107700,107310,107359,107995
Australia,AUS,GDP per capita (constant 2015 US$),NY.GDP.PCAP.KD,36975.4199007908,36366.6962397612,36117.5446503441,37246.0044332363,38356.7691976693,39407.5647528439,40437.0941864857,41569.1653679391,43081.7201718179,44755.6599721318,45979.0765654048,46314.6235297968,47599.4079289312,48509.6632180363,50018.5904483861,50972.640519744,51682.8925230537,52671.325846724,53497.275355342,53430.5274781651,53768.349733441,54296.2321324814,55465.4462872577,55966.1509270561,56571.8062524437,56970.3613028094,57632.9995925594,57991.771347333,58772.7063152213,59181.2997904131,58377.7670517802,59465.535671364,61200.4588964781,61869.082498576,61480.670710531
Australia,AUS,Carbon dioxide (CO2) emissions excluding LULUCF per capita (t CO2e/capita),EN.GHG.CO2.PC.CE.AR5,16.2738304687782,16.1846920476213,16.1979296438194,16.276281544999,16.4212252101433,16.8117791607854,17.1567625528491,17.4985372932812,18.3860838677391,18.5055078963383,18.5978917642845,18.6995326153179,18.9093269577501,18.6676694689453,19.1634087908315,19.0378039300894,19.0793285754815,19.2389222350972,19.02811960112,18.9151698120932,18.8509537372201,18.480821685778,18.1834489375025,17.5432435542019,16.8873574131124,16.8219551608068,16.8911897350521,16.7209445382487,16.3939979308791,16.1007065925773,15.3043785143331,14.9787241100123,14.530502863688,14.1596700845561,14.0973544987552
Australia,AUS,"Population, total",SP.POP.TOTL,17065128,17284036,17478635,17634808,17805468,18004882,18224767,18423037,18607584,18812264,19028802,19274701,19495210,19720737,19932722,20176844,20450966,20827622,21249199,21691653,22031750,22340024,22733465,23128129,23475686,23815995,24190907,24592588,24963258,25334826,25649248,25685412,26018721,26659922,27196812
Austria,AUT,GDP per capita (constant 2015 US$),NY.GDP.PCAP.KD,31167.1857978698,31919.5573520278,32231.1216141522,32134.8299135937,32780.3419423369,33603.4278263558,34301.6562151382,34998.0321173934,36180.7490571265,37468.8698869794,38571.0858780001,38929.753800545,39313.7225107545,39569.2885567329,40333.3307183894,40989.0131778975,42120.1557002022,43568.8302243941,44063.8642019916,42372.4758254763,43035.4073531933,44146.1956805294,44221.4599530893,43851.3675497404,43838.8345892137,43915.228020857,44362.6702805116,45056.6385912412,45951.5819164034,46550.5622459492,43428.6983137234,45368.6434337368,47332.4240357971,46497.9114640341,45958.8250071261
Austria,AUT,Carbon dioxide (CO2) emissions excluding LULUCF per capita (t CO2e/capita),EN.GHG.CO2.PC.CE.AR5,8.01839056506704,8.4466048587917,7.71751636235958,7.66127139977279,7.6979450154345,8.05921735500444,8.54079090420337,8.47511954318508,8.53656778435533,8.28616307346899,8.32478943567338,8.87460827403329,9.05961266559572,9.625074325029,9.7416827235943,9.77338007389313,9.4660900140664,9.09435455688135,9.04182372977167,8.15744518101481,8.82413428790478,8.6022725227944,8.18751763791919,8.2087562440867,7.71395434498633,7.79423187131705,7.75747687791272,7.96641934826064,7.60710822359904,7.74519365039325,7.05586627765098,7.39223990896623,6.92858132698714,6.40359510066021,6.32278424603578
Austria,AUT,"Population, total",SP.POP.TOTL,7677850,7754891,7840709,7905633,7936118,7948278,7959017,7968041,7976789,7992324,8011566,8042293,8081957,8121423,8171966,8227829,8268641,8295487,8321496,8343323,8363404,8391643,8429991,8479823,8546356,8642699,8736668,8797566,8840521,8879920,8916864,8955797,9041851,9131761,9177982
Azerbaijan,AZE,GDP per capita (constant 2015 US$),NY.GDP.PCAP.KD,2866.41060718579,2808.72744444906,2141.34003837017,1621.91809395607,1284.95555073458,1120.30867792344,1123.44793844504,1177.19685990232,1282.68413749503,1365.56585147028,1504.73106706035,1640.93664540398,1782.47319183639,1949.60608417331,2111.4533834475,2674.3688564996,3556.83212858133,4412.20326117932,4778.12452736673,5118.43395494687,5300.11048729062,5149.20665913206,5193.17501119552,5425.99559780578,5508.60265612676,5500.50364628486,5272.71817141861,5229.25259993413,5261.92938234432,5346.95318604114,5087.50022783627,5349.58226071425,5599.58524971025,5668.61021317029,5871.14373251952
Azerbaijan,AZE,Carbon dioxide (CO2) emissions excluding LULUCF per capita (t CO2e/capita),EN.GHG.CO2.PC.CE.AR5,7.8219979930873,7.5411824570572,6.08252450200148,5.25497678390351,4.54312813053294,4.40867420964625,3.65863712482288,3.49828086626479,3.45974977884494,3.4314991700855,3.57759113386179,3.41713926422724,3.36350565042615,3.61612076608251,3.55156804911816,3.72019280611546,3.76443064157793,3.37022362579096,3.67789898897688,3.12751089916749,2.94181834728393,3.21257348402642,3.47266029417207,3.52686650169203,3.64178419497101,3.57774691556657,3.52696895574541,3.47329869912147,3.49731397232391,3.68923143929596,3.50800312410799,3.69156864195704,3.91289240245969,4.1112835014681,3.81144251153847
Azerbaijan,AZE,"Population, total",SP.POP.TOTL,7175200,7271300,7382050,7494800,7596550,7684850,7763000,7838250,7913000,7982750,8048600,8111200,8171950,8234100,8306500,8391850,8484550,8581300,8763400,8947243,9054332,9173082,9295784,9416801,9535079,9649341,9757812,9854033,9939771,10024283,10093121,10137750,10141756,10153958,10202830
"Bahamas, The",BHS,GDP per capita (constant 2015 US$),NY.GDP.PCAP.KD,30995.4830715942,29192.9942606391,27565.9784622985,27137.178342536,27503.6353912861,28236.3753765914,28967.0480464753,28902.571896854,29837.4381789441,31544.3540604454,32424.7271786716,32870.0918307285,33374.602685914,32559.311554898,32444.0739567569,33144.7878790275,33541.850748701,33549.3360007274,32331.8246135092,30581.3342198488,30657.4319059659,30492.6738528071,31553.4919490645,30368.2631244189,30658.5344563722,30719.405417469,30152.1619246021,30974.7477261317,31537.2423841956,31117.6299132391,24791.6704945106,29114.0597726386,32186.4575039237,33009.645615121,33968.2032187918
"Bahamas, The",BHS,Carbon dioxide (CO2) emissions excluding LULUCF per capita (t CO2e/capita),EN.GHG.CO2.PC.CE.AR5,3.93737882549059,3.49694191236451,2.96124535283481,2.9872416669241,3.25386413228604,3.7006445278162,4.06572021889326,4.03886730309034,4.57465564039471,4.05645559956698,3.07965476245619,3.02803840944863,3.27760589118674,2.4122663265975,2.57223749345168,2.50251530995016,3.1443128812343,3.71829487114175,3.80207751591645,3.12119291089,3.49136546949749,2.29791057463905,2.70887876229462,2.87924887782918,2.97228863347441,2.90751688093298,3.20959657780469,3.51818891890854,3.08262692982478,3.67517577753848,2.96390417897101,3.65514300923625,3.53551107063979,3.52944121770479,3.63633645083395
"Bahamas, The",BHS,"Population, total",SP.POP.TOTL,275945,280731,285927,291339,296509,301461,306268,310904,315368,319614,323835,327836,331614,335618,339782,343894,348375,353334,358120,362810,367478,371729,375469,378953,382298,385346,388055,390485,392717,394675,395863,396373,397538,399440,401283
Bahrain,BHR,GDP per capita (constant 2015 US$),NY.GDP.PCAP.KD,18345.8379968815,20882.5058640472,21701.2220342029,23858.1931245824,23180.3322555659,23465.7129170227,23795.2092538862,23893.1335655763,24386.5916523491,24773.8464104044,25407.9694054552,25106.2869742612,24149.0156013799,23857.6403579769,23688.1121059225,23439.6704353038,23095.0181330228,23112.4888058398,23127.2148040048,22206.9371985225,22224.0736166249,23288.0449398313,23894.8804447088,24271.6278814506,24135.4991304849,23734.0551143019,23715.2791328712,23606.8867501313,24059.7838641562,24873.6640060134,23586.9309581516,24086.7847803428,25234.40256182,25342.6226641572,25812.4504577306
Bahrain,BHR,Carbon dioxide (CO2) emissions excluding LULUCF per capita (t CO2e/capita),EN.GHG.CO2.PC.CE.AR5,23.3043316103241,22.9982188720053,26.3628407343869,27.7765099721816,27.5542557764445,27.27459790044,27.5261767330322,27.6000441339976,28.4942183247856,27.9004942116527,27.8732774764658,27.8270902261551,27.0590652632527,26.0244049510998,24.1830866740881,26.2934535823821,26.4976718615945,24.8744581663532,25.0739468018008,23.4684724821052,23.4711361344292,24.2703050994962,24.9936309104324,25.6391882801584,25.3239482048013,24.4242594076429,23.4996762017411,22.4846714044751,22.5016316377385,24.8338675631303,25.0238418045325,24.8329361557867,25.4678810750754,24.5323732339754,23.8999918170545
Bahrain,BHR,"Population, total",SP.POP.TOTL,514797,503052,516458,530225,544366,558879,573792,589115,604842,620989,637582,661316,710553,764517,823741,888822,960424,1039295,1103496,1178415,1228543,1195020,1208964,1253191,1314562,1370322,1423726,1501116,1503091,1483756,1472204,1504365,1524693,1577059,1588670
Bangladesh,BGD,GDP per capita (constant 2015 US$),NY.GDP.PCAP.KD,473.444821021085,480.673358976087,497.371173735323,511.193509421294,521.323144726555,537.931946643983,552.077107138767,566.271140847632,584.448175174047,600.232323162952,620.560472822105,641.288922876274,655.672139362272,676.826252046427,702.656357081873,739.203718353409,779.419570444998,825.508229964537,866.45815762135,901.729626251937,943.66422864236,995.579947155662,1050.39140404066,1103.15695907123,1159.40753475981,1224.38647668165,1299.83091360792,1373.75363740186,1462.25050255713,1564.20802445636,1604.6659234742,1702.08028414189,1804.3493461776,1885.37733613545,1941.27874360025
Bangladesh,BGD,Carbon dioxide (CO2) emissions excluding LULUCF per capita (t CO2e/capita),EN.GHG.CO2.PC.CE.AR5,0.132280823364504,0.1236449376704,0.135686093799762,0.143507672241543,0.149581390067816,0.177641388847358,0.176886229095842,0.188351129764399,0.188857889086581,0.197803215117866,0.200508674079581,0.238535190866528,0.247202877217844,0.255292689169796,0.265286510438952,0.279053178068632,0.297067114877888,0.312314517812567,0.343404266569929,0.365403611658953,0.399267470769648,0.425203089273234,0.450583313929743,0.460477953853579,0.485260877115325,0.536099232905876,0.584484613989962,0.622997104678737,0.643225929977613,0.662908100271382,0.626122292349066,0.702428158073895,0.713556533909868,0.693947563901367,0.715539343541092
Bangladesh,BGD,"Population, total",SP.POP.TOTL,111633717,113787109,115952192,118132360,120343179,122600370,124862179,127198069,129622332,132108065,134544304,136805810,138933658,140970351,142902856,144715786,146405973,147989278,149474264,150873714,152201981,153591076,155070101,156532141,157964929,159383179,160811932,162186147,163523103,164913055,166298024,167658854,169384897,171466990,173562364
Barbados,BRB,GDP per capita (constant 2015 US$),NY.GDP.PCAP.KD,19382.8687219216,18570.1489669848,17452.8832067824,17540.078082481,17852.2143292615,18182.6370239921,18888.0054711959,19775.173675272,20509.0448456954,20571.3303337703,21523.3992235883,20985.2828573064,21012.5595449081,21338.1720739511,21516.1662922098,22250.0263806215,23487.4418767503,23862.135352962,23887.7289633459,22572.5926053677,21982.1839041348,21842.8635599786,21036.3003366556,20609.6076272963,20713.7670210437,20424.2087530019,20684.7801825176,20788.7046543161,20483.9550976366,20494.3871602646,17519.837062872,17475.0281776857,20472.9494048647,21068.2610447067,21581.2171257633
Barbados,BRB,Carbon dioxide (CO2) emissions excluding LULUCF per capita (t CO2e/capita),EN.GHG.CO2.PC.CE.AR5,2.38144959819322,2.2616078003493,2.19159555379668,2.07986147026936,2.02278113294091,2.06534141864379,2.01575391560293,2.39450897893228,2.63187977259217,2.75601199160435,2.24373528502688,2.15261503286653,2.29454699638082,2.39750767563663,2.35953879191015,2.40299807224253,2.58479566818024,2.47559788859072,2.90450801939028,2.91365554878649,2.98063892633055,2.45854442871163,2.32398587409456,2.63158842490051,2.39628091453864,2.57894548191691,2.76396826872867,2.43387074322467,2.77224618914114,3.08882780300633,2.38766338419158,2.30908001857188,2.4401561359885,2.44602176130568,2.52348061897496
Barbados,BRB,"Population, total",SP.POP.TOTL,258582,259373,260267,261027,261620,262039,262284,262392,262436,262517,262063,262425,264148,265776,267298,268706,270002,271288,272714,274123,275243,276139,276938,277665,278348,278990,279598,280171,280711,281207,281698,282147,282318,282336,282467
Belarus,BLR,GDP per capita (constant 2015 US$),NY.GDP.PCAP.KD,2888.81296582486,2852.83085924888,2573.29955103215,2372.48516910385,2097.38187007503,1885.36062660186,1944.68700512976,2175.40374180154,2368.78330877851,2460.36944195798,2615.36376799462,2753.0336970697,2910.39937484153,3137.26261430575,3520.40452642524,3877.71738911289,4291.68647163264,4682.20676719042,5177.64534775676,5200.77418555423,5616.0941173307,5941.68999156239,6052.6373706236,6115.43288098707,6212.91667418659,5967.05595058777,5811.20159182547,5964.89668834561,6165.91320019277,6267.73508743505,6251.98898968645,6457.73053706343,6206.61909685419,6497.78450683592,6792.13183495565
Belarus,BLR,Carbon dioxide (CO2) emissions excluding LULUCF per capita (t CO2e/capita),EN.GHG.CO2.PC.CE.AR5,10.3572083316813,9.96517576429388,8.98959229557763,7.74414618543712,6.60940622110882,5.92783027303474,6.03949832911219,6.10897052641713,5.98767092373155,5.80063027477132,5.63748483157157,5.53944992364947,5.59425588928258,5.69894155704101,6.08289947550633,6.21065065245296,6.50329976582844,6.38627760224321,6.79739735106636,6.48177831683936,6.97190461749866,6.65434111179211,6.80323020321301,6.82283812148219,6.77047133861776,6.25386583936119,6.23725167194174,6.3666212107869,6.722115187495,6.50202478662403,6.20046882969124,6.30387145078492,6.05700801391753,5.86387585149229,5.93649429972465
Belarus,BLR,"Population, total",SP.POP.TOTL,10189348,10194050,10216470,10239050,10226955,10193831,10159569,10117433,10071963,10026738,9979610,9928549,9865548,9796749,9730146,9663915,9604924,9560953,9527985,9504583,9483836,9461643,9446836,9443211,9448515,9461076,9469379,9458989,9438785,9419758,9379952,9302585,9228071,9178298,9132629
Belgium,BEL,GDP per capita (constant 2015 US$),NY.GDP.PCAP.KD,29609.6207516724,30040.5508404095,30376.8745342462,29967.3944241601,30839.2414336465,31508.622663522,31862.6693868132,32991.5010116146,33566.9875919507,34676.6051555263,35878.3153586195,36148.2880924306,36600.862592332,36826.2699296094,37976.6972967442,38645.2605193362,39371.0858277448,40520.0843207009,40380.9075004042,39293.637546825,39991.5646206286,40236.9596308558,40074.492800399,40007.8997891411,40533.9135027898,40893.804537772,41172.8862831209,41619.328629169,42208.3625650272,43006.4042308863,40769.0218072962,43140.9676652971,44486.7438563594,44866.1935177304,45045.6601021398
Belgium,BEL,Carbon dioxide (CO2) emissions excluding LULUCF per capita (t CO2e/capita),EN.GHG.CO2.PC.CE.AR5,11.6194738857627,11.9680611277781,11.7086759610949,11.4730018171496,12.0636308087615,12.0655697339134,12.5344048428628,12.2128973421227,12.4775458374628,12.0249522340127,12.1836556517498,12.225212096938,11.4676730426502,11.8899015654483,11.7049703885478,11.3572144110239,11.0047176903814,10.6264716677489,10.6675992553856,9.93765290266015,10.5458393885377,9.46659728377578,9.27476642514783,9.35170659157785,8.72331187181937,9.08415110044211,8.94429666461985,8.77081443615992,8.79128601300038,8.73127988733552,7.96694296814415,8.2875698190821,7.6776616173853,7.27763098404696,7.30661519351762
Belgium,BEL,"Population, total",SP.POP.TOTL,9967379,10004486,10045158,10084475,10115603,10136811,10156637,10181245,10203008,10226419,10251250,10286570,10332785,10376133,10421137,10478617,10547958,10625700,10709973,10796493,10895586,11038264,11106932,11159407,11209057,11274196,11331422,11375158,11427054,11488980,11538604,11586195,11680210,11779946,11858610
Belize,BLZ,GDP per capita (constant 2015 US$),NY.GDP.PCAP.KD,4112.59517532713,4499.57971281862,4967.92710478843,5166.82867390165,5056.95201193832,4967.96153818049,4875.65675023061,4915.3403407039,4931.45499103616,5213.5662826521,5663.64632374973,5764.99055491104,5895.15235037898,6274.47428279313,6383.07432412662,6337.12389222378,6435.58767337678,6465.82885846045,6187.95885023655,5997.68447156383,5937.75398343789,5802.24344531492,5902.74234696881,6013.07879895362,6116.49578852783,6154.62264230369,6012.21296983668,5767.61921963762,5707.61059954436,5864.14611827109,5006.48453276935,5839.40157956017,6262.56088273674,6165.69414825936,6290.49294452749
Belize,BLZ,Carbon dioxide (CO2) emissions excluding LULUCF per capita (t CO2e/capita),EN.GHG.CO2.PC.CE.AR5,0.690969870436322,0.774165953806672,0.634611457564286,0.606971708858811,0.577105631928156,0.635819462541514,0.513527649660026,0.854465016601823,0.838910526572902,0.846566749192265,0.580151910929863,0.573720000483133,0.555449222488272,0.567518386534233,0.504991019110156,0.539446825700405,0.606159553699831,0.568726781492739,0.534891132569547,0.629210464022725,0.72850473855954,0.45829794254777,0.487120754513866,0.602118684998551,0.586089194464108,0.693733109198418,0.715098504270575,0.762857648136934,0.748502206582401,1.03206342706225,0.815225735136076,0.850141395132365,0.88023578897185,0.913632980301917,0.932452909809338
Belize,BLZ,"Population, total",SP.POP.TOTL,183076,187040,190983,194902,199097,204146,210310,217446,225173,233059,240799,248379,256009,263780,271688,279731,287878,296100,304361,312614,320245,327298,334414,341627,348923,356333,364705,373202,380226,385829,390812,395346,402733,411106,417072
Benin,BEN,GDP per capita (constant 2015 US$),NY.GDP.PCAP.KD,749.459666582926,757.403145107877,756.080888165851,765.479914438342,752.277508740764,781.0647884601,793.7950526962,814.901395438676,821.459971433599,838.976786975768,861.213292013209,879.854463773645,893.137100961634,896.146763201736,907.624431209378,893.91536869992,900.62053578735,926.740113754071,943.203380303862,936.565651071554,928.246655329144,927.716412836707,943.918771531001,982.399206290516,1014.4330062135,1002.41886879614,1006.03926633023,1032.90471194182,1071.50452156932,1114.17304526443,1126.65404122154,1176.37727637273,1218.49668929091,1263.62158336368,1324.78312597434
Benin,BEN,Carbon dioxide (CO2) emissions excluding LULUCF per capita (t CO2e/capita),EN.GHG.CO2.PC.CE.AR5,0.0754712837067041,0.0643481504817758,0.0677840110903756,0.0656256247120152,0.0643155276153259,0.0640138961224377,0.168354803877057,0.20731039521582,0.193755376877406,0.205845703829516,0.214093266343738,0.249449473218799,0.279189715333064,0.303295686756215,0.313564226616338,0.332477109339693,0.443919541179229,0.49124583746046,0.47312305208688,0.492616639306086,0.518653564527383,0.491508351362043,0.454419683203629,0.464168181148386,0.494995287399714,0.511448213359745,0.610993036151454,0.601713652575047,0.666298053345352,0.639872457668903,0.666089321415813,0.502981455061003,0.513056396449261,0.488426291085402,0.487328666439324
Benin,BEN,"Population, total",SP.POP.TOTL,5281479,5446932,5617844,5872706,6096506,6226773,6391858,6583365,6789489,7002818,7221619,7445596,7675426,7913070,8159094,8426144,8693242,8953969,9228466,9509423,9797484,10093623,10397657,10708834,11030004,11360681,11697842,12039780,12383347,12726755,13070169,13413417,13759501,14111034,14462724
Bermuda,BMU,GDP per capita (constant 2015 US$),NY.GDP.PCAP.KD,89089.7346423608,85311.0494288592,84642.6084927299,86582.8344997142,86545.7823557807,89849.1250139813,91743.2962338679,95383.0225110365,98347.9089816051,100867.914579743,109502.763102809,116809.925253071,114574.433608566,118018.831592635,120432.12052555,122143.799577518,128662.931924261,132595.482654866,129525.177139097,121727.584908744,118382.908990645,113937.835700983,108040.575659203,107860.394791964,103941.982606956,104855.366822135,104190.876720334,107734.608357327,106843.163739391,106709.881238843,98999.5076617935,103134.729483915,109642.671877743,115124.71719745,122117.603586776
Bermuda,BMU,Carbon dioxide (CO2) emissions excluding LULUCF per capita (t CO2e/capita),EN.GHG.CO2.PC.CE.AR5,4.3868031063778,3.93039459161148,3.08353450785009,3.41913764961915,3.36520593303375,3.3649161710849,3.41564542825138,3.48472007577646,3.54062566994838,3.5583404227472,2.44354183590577,2.40354308435838,2.66486434295645,2.74099958323983,2.76556630165454,2.9659868284671,3.68590253684311,4.3977146484685,4.40600315955766,3.84960276881932,4.84896037661828,2.40691635416503,2.79200578198159,3.1144807625759,4.28150923200428,3.63513172822387,4.91260697568126,4.48740130233729,4.71401043380176,4.71867346779603,3.32701686806872,3.78511322856082,3.97689539606789,3.99239543726236,4.1354663036079
Bermuda,BMU,"Population, total",SP.POP.TOTL,57559,57984,58407,58816,59194,59526,59813,60177,60639,61124,61550,61867,62142,62386,62555,62711,62834,63010,63300,63565,63725,63733,63646,63574,63529,63464,63449,63578,63831,64107,64382,64648,64749,64698,64636
Bhutan,BTN,GDP per capita (constant 2015 US$),NY.GDP.PCAP.KD,812.671325588739,795.191842865383,863.46389569327,917.291292689812,963.016574291679,1043.38748981674,1099.85817824831,1138.39922318847,1182.98781073316,1248.61600842811,1259.6237645235,1321.09878230279,1427.25693317315,1506.4152751782,1552.73915195801,1632.02169500573,1701.11878173586,1952.25734603779,2017.76018913403,2148.56480375034,2378.72810760985,2552.48871073094,2654.74798946027,2671.07460201171,2797.81883971908,2954.04081911097,3173.36773217431,3211.80903275593,3300.55006461736,3467.38598979356,3092.12428399363,3206.20366997254,3349.73309632799,3480.51388574877,..
Bhutan,BTN,Carbon dioxide (CO2) emissions excluding LULUCF per capita (t CO2e/capita),EN.GHG.CO2.PC.CE.AR5,0.306641755205867,0.313279447267683,0.321752103763755,0.35840936912379,0.464565182498733,0.585413210849123,0.652169159450713,0.677111206969073,0.695250555375065,0.687632063634288,0.679217843960842,0.719064037957151,0.764562970745137,0.777840332589471,0.770124695639342,0.82025790757934,0.847645867092825,0.850670678606214,0.844611576292597,1.1543427263872,1.28984994983125,1.55939648452092,1.47097572910959,1.52604605438228,1.54036274158106,1.76825299952202,1.90461927671535,1.95350871960071,2.30402009058136,2.36171982050772,1.83518050508697,1.99176727595359,1.94285158160822,1.98465128404026,2.01118348906666
Bhutan,BTN,"Population, total",SP.POP.TOTL,589287,599784,577774,554673,554497,547989,548784,558697,569435,582579,596863,610794,624409,637663,650544,661865,670799,678641,686351,693988,701632,709377,717279,725273,733139,740618,747866,754335,759759,764824,770006,775442,780914,786385,791524
Bolivia,BOL,GDP per capita (constant 2015 US$),NY.GDP.PCAP.KD,1679.40847934245,1731.3951418014,1724.36334508877,1762.66830888368,1809.57065085888,1858.78185183799,1904.28702147603,1962.8640425071,2025.50334651632,1998.94534010592,2014.19024658446,2013.84581083123,2029.66993638623,2050.07133411879,2099.990810637,2156.18670325307,2221.42722587103,2283.4273357151,2383.2503257823,2422.57579390007,2481.40700850945,2568.5205166368,2657.23884915853,2793.51457098676,2900.90241586338,2996.01289811344,3077.57057564766,3160.16421228968,3204.53670819124,3207.3869521223,2765.0927177231,3011.55110807557,3088.24126155241,3122.77049447823,3045.61476602385
Bolivia,BOL,Carbon dioxide (CO2) emissions excluding LULUCF per capita (t CO2e/capita),EN.GHG.CO2.PC.CE.AR5,0.923445844416563,0.947682159320873,1.0000220716802,1.17280265252444,1.24158149485682,1.10151833548453,1.04535975753877,1.24482425103148,1.22391648946267,1.04933848364844,0.953345248599693,0.906722195208447,0.951411488642869,0.996508557349155,1.02693451431925,1.06158115040733,1.13232011673559,1.23849365473324,1.30378490888814,1.36372054481332,1.45277929592839,1.55521407094396,1.62055085263547,1.69450194184791,1.7940087500212,1.81142391012742,1.91061375561046,1.92014923064189,1.90865464156169,1.88492609189688,1.57121108732946,1.83202986254917,1.93607699297368,1.99475521348588,2.29073378062186
Bolivia,BOL,"Population, total",SP.POP.TOTL,7130142,7280289,7430336,7579195,7727322,7874676,8021736,8167900,8313394,8459806,8606326,8752736,8900355,9050700,9204287,9360754,9521689,9685960,9850858,10016275,10182345,10348929,10515807,10682608,10848888,11014705,11180020,11344587,11508368,11671386,11816299,11937360,12077154,12244159,12413315
Bosnia and Herzegovina,BIH,GDP per capita (constant 2015 US$),NY.GDP.PCAP.KD,791.443970389452,715.900064392785,705.206671025908,748.150021097699,871.398491492583,1013.22444955595,1498.00593266831,1974.05742700092,2262.0326315401,2452.85188366768,2567.34136989735,2617.18230350812,2743.13878615838,2855.68314939849,3063.83543448936,3217.81341615345,3419.75887457192,3665.08966529499,3929.03297717336,3877.53540078456,3981.20985692032,4094.25329541877,4139.91732773657,4306.73175072214,4412.67617817734,4662.25869219448,4876.53471495633,5099.81602856447,5360.25201017633,5583.29721276458,5490.75366635139,5995.54197590494,6327.16206849174,6493.32400514463,6730.26828824205
Bosnia and Herzegovina,BIH,Carbon dioxide (CO2) emissions excluding LULUCF per capita (t CO2e/capita),EN.GHG.CO2.PC.CE.AR5,5.52389802573903,4.93277435136776,3.83236638221742,3.48840127832578,0.885861751666661,0.9459667495971,1.13525696175159,2.17093260286191,2.70235704595051,2.63714180914,3.43316975862373,3.3728936761354,3.54063823274201,3.63494469217951,3.87204789582773,4.11237124047325,4.59986434577848,4.91480591136147,5.48500536029491,5.58279640620095,5.82913897832648,6.75293000851462,6.35152105670861,6.42871959276172,5.83357574795313,5.92032322488213,6.7682636611601,6.99679935322086,7.10487156775908,6.75452909895075,6.83055960433407,7.09101986590062,6.98907452004835,6.53950474604507,6.44935787372249
Bosnia and Herzegovina,BIH,"Population, total",SP.POP.TOTL,4448652,4458343,4234616,3904482,3725412,3715564,3875246,4018227,4089356,4130305,4159771,4179438,4188002,4178523,4140987,4096493,4063272,4013424,3947544,3879794,3811472,3741798,3670113,3610859,3564829,3518541,3473003,3428682,3387000,3345533,3299349,3244907,3204802,3185073,3164253
Botswana,BWA,GDP per capita (constant 2015 US$),NY.GDP.PCAP.KD,4039.46544455099,4224.09857544948,4226.73999498293,4186.14547358363,4219.4408088678,4399.1388580936,4543.2105349273,4809.4439184672,4724.93670942028,5070.94772048729,5062.64289173588,4971.96371794188,5175.47655317231,5320.440295139,5369.42516766112,5514.21742664705,5865.00026521361,6085.6354476126,6158.61629368051,5179.4138607146,5584.5034321846,5850.07858575461,5742.91924452636,6284.97678002618,6547.12254115892,6141.20394726616,6490.83463593483,6662.57644805467,6843.84612027739,6951.73189051146,6254.24806241091,6895.91184943107,7159.5860618268,7269.05170664457,6937.33180990267
Botswana,BWA,Carbon dioxide (CO2) emissions excluding LULUCF per capita (t CO2e/capita),EN.GHG.CO2.PC.CE.AR5,2.16206528931696,2.08100429586303,2.46197011230891,2.35959763821944,2.20044478751362,2.22953011536953,1.96117751384518,2.04607648704485,2.38185474009256,2.45627732571984,2.44404673473305,2.31028807641857,2.39310439297486,2.32883716948916,2.24298424145033,2.38640952628899,2.21315795650717,2.3141992914403,2.31254839818048,2.0736203284015,1.66355894980648,1.93548698237551,1.67156956431633,2.57945832216088,3.29095543184208,3.21839372606118,3.02151088073257,3.28258954351765,3.57037693642974,3.14825844534693,2.57488289838852,2.72602991287315,2.80246010889007,2.7096930785842,2.73749285541178
Botswana,BWA,"Population, total",SP.POP.TOTL,1305696,1341756,1380033,1420115,1460023,1498836,1535914,1571691,1606899,1641997,1677382,1712254,1744763,1775736,1807146,1839877,1874516,1911201,1949970,1990673,2033111,2073535,2108617,2140682,2172044,2203273,2234776,2266747,2299141,2332083,2365894,2401441,2439892,2480244,2521139
Brazil,BRA,GDP per capita (constant 2015 US$),NY.GDP.PCAP.KD,6149.86718171298,6107.64813406258,5973.98216883419,6167.46021218994,6427.1682800904,6596.33496795058,6640.72624266152,6764.85764267331,6687.49446621217,6621.63600079445,6817.78345634413,6823.0331851176,6944.62257593723,6941.43965883253,7258.78101654079,7409.56827992249,7622.03919432148,8003.2532101272,8330.76364001877,8246.09612122851,8792.63334959864,9067.99212019529,9167.49818450433,9366.73824670239,9338.34170840985,8936.1955889444,8577.84277969667,8628.25209645723,8722.33529970988,8771.43950372603,8435.01046209185,8799.22844579944,9032.08377657776,9288.02594608687,9566.74408628371
Brazil,BRA,Carbon dioxide (CO2) emissions excluding LULUCF per capita (t CO2e/capita),EN.GHG.CO2.PC.CE.AR5,1.52128199616552,1.55060704334579,1.54720906025269,1.59016787933935,1.62465005024393,1.73140553131602,1.83087535382901,1.91554735453581,1.94230001237588,1.95707166300643,2.00787868943563,1.9928207750233,1.96879630651915,1.91839410561756,1.99978275095698,1.99935674253319,2.00204169117872,2.08496718576573,2.16839391882541,2.00746250710986,2.27112813109879,2.37418967936326,2.52901988702936,2.63744450973958,2.7310345760982,2.56818858918394,2.37533549789759,2.41694955353585,2.28562350357953,2.25869881785082,2.1466461829,2.41580858865319,2.27889577215227,2.27447826989363,2.31826466114939
Brazil,BRA,"Population, total",SP.POP.TOTL,149143223,151724256,154275079,156794577,159265006,161735073,164202549,166661659,169159655,171641543,174018282,176301203,178503484,180622688,182675143,184688101,186653106,188552320,190367302,192079951,193701929,195284734,196876111,198478299,200085127,201675532,203218114,204703445,206107261,207455459,208660842,209550294,210306415,211140729,211998573
British Virgin Islands,VGB,GDP per capita (constant 2015 US$),NY.GDP.PCAP.KD,..,..,..,..,..,..,..,..,..,..,..,..,..,..,..,..,..,..,..,..,..,..,..,..,..,..,..,..,..,..,..,..,..,..,..
British Virgin Islands,VGB,Carbon dioxide (CO2) emissions excluding LULUCF per capita (t CO2e/capita),EN.GHG.CO2.PC.CE.AR5,1.16530820173204,1.13671464755668,1.11492798167902,1.05950909411972,1.05710674480064,1.01457399103139,1.28506589380434,1.2849221582427,1.28391724711508,1.27217435377598,1.37344992836322,1.33198692056165,1.44190387307513,1.55417005511882,1.55150561601329,1.57616733572787,1.82909402686482,1.91595048490105,2.08840535605599,2.32934087736057,2.54742547425474,1.9226750261233,1.88169385401219,2.06289625587484,2.12365754505188,2.0783813554409,2.27876498022315,2.05205052142267,1.91880428196324,2.40142876768787,2.27817422916386,2.23491761220873,2.30694955505102,2.27523406438374,2.32575815155431
British Virgin Islands,VGB,"Population, total",SP.POP.TOTL,15704,16187,16593,16989,17406,17840,18287,18756,19238,19730,20241,20796,21430,22134,22881,23665,24493,25366,26288,27218,27675,28710,30345,31703,32962,34498,33878,32699,34657,36395,37135,37809,38319,38985,39471
Brunei Darussalam,BRN,GDP per capita (constant 2015 US$),NY.GDP.PCAP.KD,44179.827869454,44201.1394947727,41672.3708419389,40342.0504065212,39721.4345352129,39274.4980204335,38331.6576177026,39820.2107524086,36331.1813349886,37045.9342568638,37509.5983847742,37269.3099216587,37976.2627573601,38595.1688513702,37948.6590825194,37312.2778797122,38229.3565684183,36174.516515486,34126.6941563969,32855.6021602466,33121.3178241724,33754.3640783713,33544.5389457877,32381.0739795231,31148.7297405401,30625.1287744656,29492.4145927789,29524.65912789,29200.1952024222,29996.2407223175,30015.9588506697,29256.1833678343,28549.1756060465,28645.9645396284,29563.8682753082
Brunei Darussalam,BRN,Carbon dioxide (CO2) emissions excluding LULUCF per capita (t CO2e/capita),EN.GHG.CO2.PC.CE.AR5,16.8438493959858,18.696781367576,19.8692553707952,19.5363413498164,19.3388738115604,19.9656587510088,20.4766726119433,21.2919326261459,18.385005682091,18.8108737645228,18.6101512143715,17.5847845325414,16.3425943622298,18.6157276920813,17.7642521768945,16.7426361599929,23.6259231125724,22.0679316100121,23.5785205125558,20.8361042415678,18.8093247555642,19.6830658831365,18.7948919633985,18.9425148710366,19.4524295140972,17.4445539207791,18.4753627527107,18.188792250885,18.3419748292638,17.1760639739767,22.6370349840413,22.1070085296012,20.9436282583394,21.14308997296,20.2426516194424
Brunei Darussalam,BRN,"Population, total",SP.POP.TOTL,255292,262596,269839,276971,284091,291195,298276,305341,312385,319411,326424,333345,340099,346637,352911,358916,364663,370873,377793,384952,392332,399389,405557,411202,416750,422212,427564,432772,437810,442680,447404,451721,455370,458949,462721
Bulgaria,BGR,GDP per capita (constant 2015 US$),NY.GDP.PCAP.KD,4425.49968282931,4092.07948943814,3835.45438611097,3808.94320479934,3891.38240422337,4021.99523881227,4253.23463876922,3675.18080678785,3839.97681613318,3537.34544408687,3717.92889906166,3937.70160937785,4260.40477488601,4519.18439177056,4849.87141310477,5231.33811895255,5629.80127993005,6048.74231752797,6464.72198023576,6288.72543188686,6428.71742590538,6605.30851691027,6693.4277325127,6792.73549964735,6941.01853946718,7268.65445473873,7586.50411050819,7898.70693013652,8194.37434587757,8626.13418680372,8440.08304721192,9161.47737990726,9597.86796406548,9787.26510772747,10126.8980075708
Bulgaria,BGR,Carbon dioxide (CO2) emissions excluding LULUCF per capita (t CO2e/capita),EN.GHG.CO2.PC.CE.AR5,9.18234070928367,7.52064873979524,7.26263570582485,7.41642807578049,7.10857501269306,7.3003938702844,7.37293828665095,7.13748973179719,6.88582700338848,6.10426199031888,5.89680364134317,6.2958054683011,6.07329618467708,6.87596804610276,6.66896898479433,6.8534654520215,7.10899139615699,7.63903485834564,7.28226303396129,6.25111912335147,6.69444084245238,7.4553286135295,6.83236589446759,6.20837555281037,6.68898259606321,7.138544362474,6.83625613002581,7.2438350558862,6.90134019828938,6.74590424327681,6.01693316252197,7.04917445804336,7.64769654654833,5.73490257494032,5.30760215797104
Bulgaria,BGR,"Population, total",SP.POP.TOTL,8718289,8632367,8540164,8472313,8443591,8406067,8362826,8312068,8256786,8210624,8170172,8009142,7837161,7775327,7716860,7658972,7601022,7545338,7492561,7444443,7395599,7348328,7305888,7160005,7073572,6984225,6894139,6803468,6710798,6616726,6550696,6507301,6465097,6446596,6441421
Burkina Faso,BFA,GDP per capita (constant 2015 US$),NY.GDP.PCAP.KD,332.153276660935,353.206720757378,345.401816823349,348.581211032689,344.371184069503,354.841188502861,383.973583031147,397.838955257373,415.273513470241,433.104727597234,428.309796566198,442.914122870048,448.128856317091,468.263047790124,474.086412333459,499.192797571217,514.113131757062,519.26101218434,533.471299938288,533.470084831931,561.847221302489,581.603658737407,600.731343697818,616.741331164082,624.576885187665,630.124750752312,648.420480176012,669.276310328333,694.492813126351,717.021595096634,713.8421779224,745.472563435144,740.306319930259,745.405334618409,763.833733522408
Burkina Faso,BFA,Carbon dioxide (CO2) emissions excluding LULUCF per capita (t CO2e/capita),EN.GHG.CO2.PC.CE.AR5,0.0357339533478118,0.0492302412696953,0.0410207414369202,0.0419380101508218,0.0445682539299974,0.0446435362379007,0.0481515383623522,0.0744634529586602,0.0686792168149497,0.0698146891280879,0.0731706539893436,0.0829849464835342,0.0853882812864106,0.0921992776321892,0.0791894660751542,0.0817032694873567,0.0799863250308358,0.110310889211461,0.124543742130815,0.117256031897002,0.121305612623944,0.133063992431119,0.15032942321544,0.171824228532949,0.15105767526533,0.209618038878152,0.203332261693596,0.228245053999348,0.264797129779167,0.271887847085997,0.265430526722067,0.292658735345638,0.288261986140856,0.272029919860247,0.274990879570369
Burkina Faso,BFA,"Population, total",SP.POP.TOTL,9159356,9394632,9629275,9871713,10123798,10386722,10655942,10934223,11240664,11574928,11925546,12295001,12680897,13082532,13500533,13932123,14373707,14816307,15258093,15710066,16176498,16661908,17172287,17695409,18229461,18777487,19334856,19894407,20438288,20961952,21478690,21995243,22509038,23025776,23548781
Burundi,BDI,GDP per capita (constant 2015 US$),NY.GDP.PCAP.KD,373.245241687992,383.870358589191,377.518319697874,365.282012271705,349.016249237768,302.701844524604,278.293479866983,273.889548332896,281.470892716422,272.030864788973,264.154407180223,262.913885774384,266.968141648342,255.500823385612,258.050009115333,250.878933475935,255.105582251925,254.311725516331,256.012461554496,252.582019875886,253.308577749924,254.242110648215,256.180393931874,259.311117203355,261.296721752002,254.402585226788,258.061970808946,261.725839288764,267.508692172687,270.411005710809,263.463876356897,264.682651664249,263.587550051638,264.843307950214,268.700857391724
Burundi,BDI,Carbon dioxide (CO2) emissions excluding LULUCF per capita (t CO2e/capita),EN.GHG.CO2.PC.CE.AR5,0.0359402418305754,0.0499135935560797,0.0381844416067371,0.043827176478194,0.0451009073735521,0.0418540676087431,0.0448727008918202,0.0445631183441564,0.0463382892297985,0.0471820556700917,0.0452072998120304,0.0355422108973504,0.0326341870292075,0.026280839521612,0.0299699507130413,0.0242510542948156,0.0292923047818543,0.0456757847523743,0.0259474981121343,0.0248556994767115,0.034117411675471,0.0427455176375168,0.0396483854478411,0.0433169105214592,0.0375470437605934,0.0393751391707505,0.043231648947978,0.0474764316842566,0.0654752338347002,0.0624381085920451,0.0733769801401851,0.0692145551715359,0.0698215770067585,0.0693599815916636,0.0689574855425617
Burundi,BDI,"Population, total",SP.POP.TOTL,5587052,5703857,5858407,5676843,5713854,6066316,6070506,6070042,6187108,6337155,6470194,6634365,6824132,7043154,7310656,7587299,7865547,8161874,8505637,8947646,9376444,9717978,10071028,10439341,10799785,11047580,11239451,11506762,11859446,12255336,12617036,12965481,13321097,13689450,14047786
Cabo Verde,CPV,GDP per capita (constant 2015 US$),NY.GDP.PCAP.KD,835.120723175504,826.681399309547,896.519359558541,953.861011115729,1113.93806476467,1248.28104350759,1365.49820603623,1492.01847422507,1652.11117220593,1809.80582624137,2037.31720912714,2051.21733888102,2127.70872296502,2186.89500422765,2379.79636224135,2514.16779255327,2683.83943856892,3056.97102851154,3238.44159287498,3159.58698693977,3194.61667734233,3309.20121643898,3341.7421054836,3361.09387702205,3383.8422809791,3415.06266730931,3560.1400729534,3719.71306047915,3853.67940035241,4115.90283469406,3255.93628984058,3471.6553421786,3997.76763250653,4168.67748407593,4448.96609078891
Cabo Verde,CPV,Carbon dioxide (CO2) emissions excluding LULUCF per capita (t CO2e/capita),EN.GHG.CO2.PC.CE.AR5,0.143303110050396,0.1760334489555,0.170557807912764,0.162700732650853,0.186969197616935,0.183447180605782,0.215235172622838,0.210259751662438,0.211922216360759,0.217683905948011,0.618110505452035,0.705637496116604,0.773585471238379,0.767243437132301,0.81252477209671,1.25186811374623,1.34616325133271,1.50950240835164,1.44687895802376,1.3990172698912,1.47081901354299,1.70437992597473,1.46106591399635,1.42808336180389,1.51095201102423,1.54334359887118,1.62012197739165,1.73155024537282,1.55059746988304,1.62982587180804,1.22076090145508,1.2540428801759,1.3085363671521,1.24595323654924,1.28830183071462
Cabo Verde,CPV,"Population, total",SP.POP.TOTL,375428,384586,393415,401965,410228,418104,425581,432798,439784,446519,453317,460293,467046,473383,479370,485115,490728,496190,501355,506141,509784,511447,511955,512225,512326,512394,512554,512893,513415,514104,514679,516649,519741,522331,524877
Cambodia,KHM,GDP per capita (constant 2015 US$),NY.GDP.PCAP.KD,824.051655825487,850.610221173097,862.478030887335,845.382004291868,513.967147967874,520.926883186145,511.670349597704,496.770551310941,499.016649050833,552.901492232643,598.561915252147,632.833573980849,662.188341283454,719.333494240509,775.847139030978,866.340290123209,947.065220050691,1030.23117620792,1090.57475806147,1117.25834194514,1155.85236856699,1221.38839852454,1295.25271477893,1376.29557595926,1464.53115866927,1547.32010444393,1645.46671578126,1753.93530504662,1884.28374817086,2008.32094006706,1908.63427518336,1938.76436741728,2011.27433313262,2085.05748462122,2182.71843902341
Cambodia,KHM,Carbon dioxide (CO2) emissions excluding LULUCF per capita (t CO2e/capita),EN.GHG.CO2.PC.CE.AR5,0.0582799258876773,0.061650741200882,0.0640077267790802,0.0609884822874012,0.0584685061264214,0.149862798781095,0.154305928839849,0.153798528076528,0.165381604659346,0.158384363720352,0.160595894702245,0.172816902877153,0.17486253272109,0.18528127568775,0.182676416757728,0.201001517798453,0.220536243491838,0.267119017293309,0.291564814662618,0.341665960393113,0.355795978766856,0.364412931860331,0.376906521441665,0.375413441925121,0.456810037844296,0.54531544042914,0.668405454858677,0.735875459113371,0.756550637862052,0.953249815669925,1.1140611022444,1.08885754085366,1.06878240808886,1.08564797278218,1.10207037315065
Cambodia,KHM,"Population, total",SP.POP.TOTL,7374752,7686850,8113083,8616381,9239162,10018497,10801270,11570982,12058173,12265731,12462336,12658484,12855241,13050968,13244731,13439202,13639028,13841770,14053479,14276810,14500726,14722584,14945085,15170208,15396772,15623251,15852803,16073372,16274522,16481304,16725474,16974305,17201724,17423880,17638801
Cameroon,CMR,GDP per capita (constant 2015 US$),NY.GDP.PCAP.KD,1360.47765296011,1271.04658608388,1196.85081918895,1070.98275377636,1060.87326552909,1062.01607349987,1077.38925202961,1096.69757735007,1118.50819963079,1138.36298546565,1151.27689302947,1169.92670464984,1189.96707897027,1221.09446141454,1271.74326874167,1264.74345218659,1277.32990712342,1295.73067471287,1295.02211276052,1290.89961351149,1290.9013745759,1297.3064962694,1319.66961634054,1347.2130636706,1381.81938454907,1415.00009710569,1435.61830727839,1444.90682916573,1461.01969999317,1470.31785276187,1434.51913723409,1443.57600237663,1458.66180431693,1468.17837007337,1480.73097431993
Cameroon,CMR,Carbon dioxide (CO2) emissions excluding LULUCF per capita (t CO2e/capita),EN.GHG.CO2.PC.CE.AR5,0.419747188029179,0.388431480443432,0.362849568057844,0.385311221908033,0.405142801956064,0.394815153574878,0.394051118480939,0.386331566246448,0.391612218148501,0.36724602998663,0.383989921027349,0.372337680745734,0.357348891560271,0.354943027188784,0.33936994141111,0.320435144753662,0.317753314780677,0.373237607574027,0.3805792337441,0.403568614250496,0.398005579196246,0.367209784906356,0.360945218894671,0.382158504270741,0.402109837976095,0.403515922523748,0.413632361438979,0.408780434472765,0.425229264580814,0.402691984014017,0.39632883817277,0.384499667443882,0.377591519866032,0.364184752751828,0.353419532873246
Cameroon,CMR,"Population, total",SP.POP.TOTL,11331821,11667180,12006353,12353131,12704903,13058516,13414757,13775214,14144860,14525140,14912631,15309490,15725528,16160340,16610487,17074594,17550407,18049896,18574056,19113974,19668066,20232304,20809529,21402376,22059893,22763414,23454161,24128601,24806383,25506095,26210558,26915758,27632771,28372687,29123744
Canada,CAN,GDP per capita (constant 2015 US$),NY.GDP.PCAP.KD,31700.5462613508,30654.3331550624,30563.3788132238,31032.7546058282,32074.1562636226,32595.4515150443,32801.3018574024,33867.0079071879,34894.6134264056,36391.535343959,37906.8601321366,38200.456120621,38921.6673033743,39270.0234577749,40108.7587456658,41006.2229523971,41663.5123057295,42106.8724378248,42067.5687072607,40376.4153847836,41164.3399119626,42043.6419795513,42320.6431330726,42851.170527104,43643.2356440047,43594.1941045394,43551.3425975115,44339.3886689254,44907.3436912123,45100.2915069262,42366.1285377884,44639.193269037,45677.686578804,45048.2842408265,44413.3983847404
Canada,CAN,Carbon dioxide (CO2) emissions excluding LULUCF per capita (t CO2e/capita),EN.GHG.CO2.PC.CE.AR5,15.9076488658574,15.4990188112886,15.7665939733951,15.5715417425083,15.9956963742519,16.2424970508299,16.5438869784748,16.9077703204727,17.0401244257494,17.2178440083094,17.6990281801997,17.2263337035681,17.6683722055528,18.1301542885681,17.5256514747091,18.0601166179094,17.6443460330114,18.0804998989628,17.3072079421311,16.140062037934,16.5297747432196,16.7674945217889,16.3390529794046,16.396768369606,16.3774543965685,16.0870291468599,15.8982424179268,16.196245321702,16.5238820455635,16.190860373335,14.4219048812634,14.6897593568847,14.7892997763968,14.1478944295361,13.9983582392805
Canada,CAN,"Population, total",SP.POP.TOTL,27691138,28037420,28371264,28684764,29000663,29302311,29610218,29905948,30155173,30401286,30685730,31020855,31359199,31642461,31938807,32242732,32571193,32888886,33247298,33630069,34005902,34339221,34713395,35080992,35434066,35704498,36110803,36545075,37072620,37618495,38028638,38239864,38935934,40083484,41288599
Cayman Islands,CYM,GDP per capita (constant 2015 US$),NY.GDP.PCAP.KD,..,..,..,..,..,..,..,..,..,..,..,..,..,..,..,..,96066.629965728,96202.7389296237,93115.3176374189,84001.4219797545,79483.0963975025,78233.0182694571,77074.3886285602,76038.8787807923,76104.621790038,76379.2098777987,77031.864216869,77717.1760762284,79305.7692066005,80714.5721513481,75199.6446248648,77259.6331345061,80029.0319676823,83005.4838305223,..
Cayman Islands,CYM,Carbon dioxide (CO2) emissions excluding LULUCF per capita (t CO2e/capita),EN.GHG.CO2.PC.CE.AR5,4.45017116042925,4.19139737671283,4.0879074805213,3.61956231651988,4.06672620566471,4.08026142992395,3.88366575872067,3.82916467377543,3.77552678619793,3.68822484588862,3.32963653778293,3.1833337389569,3.36830220633203,3.43242135931169,3.08475921679308,3.14396853894161,3.4105987725991,4.13387807676052,4.35768606674356,4.32551598312365,4.56940054344812,3.58954069704708,3.34290114813778,3.69448469866167,3.85804521276596,4.07027675935239,4.17115689381933,4.35422638878128,4.68904020260536,5.84460914640486,4.83227534797042,4.48023050151195,5.00342221787655,4.92072619732194,4.99617228736049
Cayman Islands,CYM,"Population, total",SP.POP.TOTL,25999,27294,28621,29976,31352,32743,34143,35543,36922,38284,39674,41089,42514,43934,45352,46788,48232,49687,51151,52618,54099,55606,57136,58655,60160,61642,63100,64535,65941,67327,68684,70108,71591,73038,74457
Central African Republic,CAF,GDP per capita (constant 2015 US$),NY.GDP.PCAP.KD,519.786735961912,500.991150890901,454.148968239471,441.384907508364,448.784442959801,468.150527620686,437.925054761723,448.634663639551,457.148858416438,460.827900216085,437.168928414826,446.658634192083,452.808702217035,418.240532289858,433.825227770233,427.968043155237,439.294330902768,450.762785401893,450.313616886022,492.215398914836,519.141456408484,532.38295493852,553.729578314912,349.821171688973,351.561554911625,366.322853938121,376.858254120398,387.35795131742,395.020015455909,401.82582161435,398.834274122139,396.020622931961,398.91539795642,397.467795750451,389.938307964229
Central African Republic,CAF,Carbon dioxide (CO2) emissions excluding LULUCF per capita (t CO2e/capita),EN.GHG.CO2.PC.CE.AR5,0.0554683120292767,0.0711057775215975,0.0555114028856122,0.0584893656706374,0.0594851861014612,0.0594972837936806,0.0629808510855029,0.0608771979499958,0.0606256512090546,0.0614835967770047,0.0668855141210868,0.0697029993976253,0.069694117212425,0.0644393025152288,0.0611282223493176,0.0588974564039908,0.0611753665667713,0.0600972042027709,0.0439790970970725,0.0431878936120557,0.044491480627065,0.0476449067813708,0.047952133750668,0.0320522555159282,0.0349759105308854,0.0504177719405874,0.0533555326292949,0.0552204845258517,0.0601599989505309,0.0611563525655636,0.0633426623175616,0.0631247432561961,0.0632596180609838,0.0645327701288385,0.0632938700243308
Central African Republic,CAF,"Population, total",SP.POP.TOTL,2871910,2963191,3058831,3157839,3257954,3348052,3435965,3531700,3628827,3729450,3833416,3919487,4006077,4103086,4192826,4288810,4377579,4462770,4558984,4529047,4492995,4565021,4610848,4642419,4623182,4629320,4713663,4793511,4878657,4944703,5026628,5112100,5098039,5152421,5330690
Chad,TCD,GDP per capita (constant 2015 US$),NY.GDP.PCAP.KD,602.670685766624,630.620682685597,652.785002163699,537.410535921164,578.423503776262,560.331446834029,547.925799466002,559.259855835883,577.909573468712,554.148900757095,530.600331270541,572.806706828797,600.171451974641,661.556916681677,845.518131173419,952.871910097036,914.210664598894,920.352815674967,916.087274632505,871.485311273077,956.953018715651,965.286963557057,1016.42152061894,1008.61711429294,993.321157708395,993.990730610869,923.56587204799,879.075895466718,898.834794007399,917.203710065059,884.980541933197,857.527630579087,862.60212817252,856.832488745342,849.707321000625
Chad,TCD,Carbon dioxide (CO2) emissions excluding LULUCF per capita (t CO2e/capita),EN.GHG.CO2.PC.CE.AR5,0.0393459085353043,0.0462640975777659,0.0381178552188719,0.0192785013333543,0.0211102020358372,0.0208349085295322,0.0207419379042789,0.0206900166171992,0.0203808113024069,0.0203582640992228,0.0282421726360368,0.0276234182980612,0.0289046128032407,0.0418746830809522,0.0459171720747788,0.04656232729143,0.0464674292742376,0.0512558587792804,0.0422348813589332,0.0418370852465925,0.042606847064891,0.05359468136292,0.0915222301903308,0.096069856875415,0.0989591842171624,0.110147579596714,0.111858325578718,0.141485892472642,0.149407072594977,0.141712220447998,0.140107110268934,0.153189262919633,0.155239823582539,0.150566300727613,0.142508619707364
Chad,TCD,"Population, total",SP.POP.TOTL,5982833,6205676,6474656,6629146,6783450,7089064,7410108,7670366,7938840,8222705,8512093,8804124,9116192,9487833,9920036,10328092,10706424,11081660,11476296,11893754,12312575,12754997,13210998,13691079,14188678,14647621,15114655,15622759,16156531,16685223,17224679,17828273,18455316,19319064,20299123
Channel Islands,CHI,GDP per capita (constant 2015 US$),NY.GDP.PCAP.KD,..,..,..,..,..,..,..,..,..,..,..,..,..,..,..,..,..,..,..,67617.8205403696,64722.9832990297,65006.4871287216,60861.9006460501,60780.669022098,61892.8083445708,61847.8212238857,62434.1859444218,63393.3938698644,63859.9826096615,64594.5213908684,58636.7036143365,64267.6930018122,67508.9385276664,69818.1528119104,..
Channel Islands,CHI,Carbon dioxide (CO2) emissions excluding LULUCF per capita (t CO2e/capita),EN.GHG.CO2.PC.CE.AR5,..,..,..,..,..,..,..,..,..,..,..,..,..,..,..,..,..,..,..,..,..,..,..,..,..,..,..,..,..,..,..,..,..,..,..
Channel Islands,CHI,"Population, total",SP.POP.TOTL,143087,144269,144733,144984,145163,145247,145565,146214,146906,147554,148110,148850,149881,150960,152039,153126,154214,155309,156408,157511,158621,159706,160767,161777,162726,163454,163883,164319,164949,165639,166235,166741,167215,167691,168126
Chile,CHL,GDP per capita (constant 2015 US$),NY.GDP.PCAP.KD,5290.53694835535,5606.86557277047,6151.76546454326,6461.73217350303,6688.29717704707,7201.13100361441,7605.28953010603,8058.94228801535,8287.45061096547,8161.45168872186,8465.35303258864,8632.0148244056,8810.69052712257,9130.7842621819,9642.37478651228,10104.4208391373,10611.6144012877,11051.3450717678,11356.0922105983,11116.4093443103,11649.2897090856,12252.8441074615,12882.834417927,13182.7329619856,13285.9540361192,13433.9202987032,13505.097711133,13473.3458532934,13763.0068844795,13630.5935435578,12679.024004022,14051.4713630677,14283.1489501524,14280.3475638842,14579.4001071307
Chile,CHL,Carbon dioxide (CO2) emissions excluding LULUCF per capita (t CO2e/capita),EN.GHG.CO2.PC.CE.AR5,2.47233496085785,2.32699878814193,2.36772067308928,2.47523165764165,2.66402752227957,2.87658869826571,3.25049209158163,3.64026387124832,3.62656193409233,3.74659751387024,3.47382404191017,3.29401921683893,3.29162863363271,3.37761857406592,3.61395788630139,3.6175914799259,3.65616252034094,4.06392771027535,4.23564646521513,4.01098641712794,4.2093619030369,4.55717718537356,4.64341271955513,4.82901967693119,4.4057176939683,4.67539634716479,4.86474105721938,4.83609776199712,4.75406192633103,4.96139546396702,4.51770681212954,4.57991726498939,4.62474983424569,3.91719041336885,3.93744000373189
Chile,CHL,"Population, total",SP.POP.TOTL,13437176,13662491,13884577,14102276,14316256,14527381,14734046,14932434,15127799,15319313,15503635,15683849,15857925,16024752,16187322,16348778,16509195,16671581,16838988,17009731,17181464,17351816,17519119,17687006,17864195,18047625,18267221,18558868,18893191,19197744,19370624,19456334,19553036,19658835,19764771
China,CHN,GDP per capita (constant 2015 US$),NY.GDP.PCAP.KD,917.270661782581,989.548540519036,1117.27329480169,1258.34946089635,1406.85845705008,1545.19429404212,1681.62743528935,1819.09789302268,1944.43719705771,2076.81812919622,2237.44298500334,2405.89396743215,2610.72960252379,2857.0373538115,3127.86276523632,3465.81734409951,3883.35412942474,4409.75700836878,4811.47471804961,5237.76666540352,5764.86534987407,6275.90956436258,6723.19443752823,7198.06876478162,7686.57792954381,8175.33285077393,8679.37704460133,9221.51403820573,9798.6528523316,10356.4804194995,10573.6420059282,11469.5707134928,11830.5983703496,12484.1578844175,13121.6769905565
China,CHN,Carbon dioxide (CO2) emissions excluding LULUCF per capita (t CO2e/capita),EN.GHG.CO2.PC.CE.AR5,2.12676894074534,2.21606084568727,2.2917226194666,2.45254862360409,2.55649490072032,2.79351042241598,2.74342450002053,2.79439822775034,2.83592410230809,2.75219491752047,2.88907594771294,3.00747564571294,3.22795454545455,3.70467882645141,4.24069749050016,4.78299420120885,5.28052516361306,5.7076324565497,5.85225866357655,6.24909018523805,6.80718476794211,7.40185065816131,7.58441651466929,7.89327631231478,7.93164331637339,7.79057049265868,7.76322483949301,7.87802652170332,8.2177362485386,8.39147587098516,8.47858302033874,8.88715660313235,8.86482511020235,9.23027553501428,9.31508933799393
China,CHN,"Population, total",SP.POP.TOTL,1135185000,1150780000,1164970000,1178440000,1191835000,1204855000,1217550000,1230075000,1241935000,1252735000,1262645000,1271850000,1280400000,1288400000,1296075000,1303720000,1311020000,1317885000,1324655000,1331260000,1337705000,1345035000,1354190000,1363240000,1371860000,1379860000,1387790000,1396215000,1402760000,1407745000,1411100000,1412360000,1412175000,1410710000,1408975000
Colombia,COL,GDP per capita (constant 2015 US$),NY.GDP.PCAP.KD,3714.1849928328,3713.17727535576,3787.5942918216,3912.6590835796,4059.32146113882,4189.72770913999,4198.69126252708,4265.6935185646,4213.82800470051,3967.11339937681,4016.80951748167,4020.50789754842,4058.28493578738,4154.17528523618,4311.91591255233,4457.27537460443,4694.03442939175,4947.25260813108,5048.57187245249,5046.97121757727,5214.24547620131,5517.1011086899,5675.75617978305,5910.80592301166,6121.83982019825,6248.51490534512,6316.07067782542,6309.67745292518,6353.5464285392,6439.96359812647,5891.95523215403,6457.16921807086,6856.72590505374,6828.59753791113,6863.59563194342
Colombia,COL,Carbon dioxide (CO2) emissions excluding LULUCF per capita (t CO2e/capita),EN.GHG.CO2.PC.CE.AR5,1.64000267693635,1.66249566594997,1.72780549238933,1.79020798558761,1.74539483554296,1.78708292233006,1.73271101777993,1.84164288664664,1.81889553033016,1.5665300900955,1.62232046746357,1.58737525769177,1.50246201581761,1.46690208610805,1.44656025415104,1.46901976755809,1.38318811487663,1.41654840316635,1.39852072752987,1.47547382640238,1.52200045741908,1.61663552853102,1.61000537888315,1.8121783209001,1.82364474726519,1.83556759919216,1.8654751539246,1.68289187289759,1.74191600051117,1.72438739011403,1.66507219030647,1.80057803586778,1.70753982802254,1.77360964835025,1.79780371737796
Colombia,COL,"Population, total",SP.POP.TOTL,32440069,33098372,33760571,34441473,35127410,35804662,36462745,37121149,37792165,38454863,39089934,39709262,40324680,40937429,41543171,42128977,42691084,43235374,43758808,44271541,44777319,45259614,45715810,46151584,46565429,46969940,47437512,48131078,49024465,49907985,50629997,51188173,51737944,52321152,52886363
Comoros,COM,GDP per capita (constant 2015 US$),NY.GDP.PCAP.KD,1253.76196294342,1148.13931888356,1207.29209443855,1215.6495051112,1146.70713941919,1190.50038004288,1164.20336109423,1194.79487327423,1174.68989605102,1185.07043579337,1150.82840106354,1188.50107049357,1217.11501559943,1216.98036712949,1231.14746798849,1274.6143662974,1227.24636392125,1212.69629084896,1235.97247187374,1250.90035344227,1272.60650664705,1299.11099021922,1313.5812493744,1343.5451171047,1342.32802421364,1329.37048235986,1345.62555739306,1369.41038262485,1391.84620461012,1389.36430643805,1359.70624686714,1359.76242021159,1368.3741885336,1382.51308503106,1401.88898411553
Comoros,COM,Carbon dioxide (CO2) emissions excluding LULUCF per capita (t CO2e/capita),EN.GHG.CO2.PC.CE.AR5,0.0883948573536424,0.10470721491979,0.0870756138830779,0.0833892780388531,0.081718663796143,0.0825543329813733,0.0839499345831655,0.0821226640828553,0.10240090438001,0.104775559722069,0.168071929562752,0.177442344943533,0.179631183544066,0.228853032127175,0.241431090538381,0.228961137347999,0.26738188979633,0.17360238731649,0.16939268115562,0.206714884562121,0.238074876763037,0.210760774545846,0.213312207502604,0.250792884721456,0.217145957220138,0.235591359081414,0.270175168960594,0.344536382486926,0.268666001373787,0.287320520024715,0.334969326682981,0.485471305614698,0.515231578493098,0.515412394592109,0.514984514693732
Comoros,COM,"Population, total",SP.POP.TOTL,444596,455556,465113,473682,482142,490586,499107,507777,516597,525886,536080,547220,558923,569798,580704,592677,604753,616927,629307,641947,654836,668056,681630,696192,711503,726682,741741,756669,771590,786578,802163,818174,834188,850387,866628
"Congo, Dem. Rep.",COD,GDP per capita (constant 2015 US$),NY.GDP.PCAP.KD,831.662947440969,736.691215470812,637.436883335816,532.214450612231,487.814601480181,471.254216678637,457.55178560632,424.966609734203,406.859287635037,376.62289344811,339.52682222392,322.033920024307,321.547848190451,329.709536540469,341.714925751419,351.708486411683,358.454382275579,377.437143095814,393.331182464822,383.515898271062,400.619567973092,417.130434045991,438.406058243633,464.526715460494,481.830241883776,495.826633014883,480.461377880475,482.854682128541,495.312105711027,482.524295129472,470.852950000929,485.160805929784,513.512704372167,539.45912637913,554.244129980766
"Congo, Dem. Rep.",COD,Carbon dioxide (CO2) emissions excluding LULUCF per capita (t CO2e/capita),EN.GHG.CO2.PC.CE.AR5,0.0918791356344579,0.0499844209025214,0.0415331448159024,0.038643423253881,0.0582730951243061,0.0521293475781357,0.056534638592918,0.0557854761454847,0.0540534826291397,0.0483000715699727,0.0371727398112935,0.0350106917650027,0.0356238387555068,0.0419088893806427,0.0388664526195872,0.0422504365918147,0.0421028090513797,0.0451232624374833,0.0449242144792916,0.0423191311503679,0.0429619235950426,0.0475516268605633,0.0411769262109865,0.0439415039531586,0.0473985501773001,0.0443348733039091,0.0356208635159088,0.0373745177008366,0.0462188660927098,0.0478324083410493,0.0482487769194453,0.0466742294309333,0.0610125487309351,0.0580434409082674,0.0568247825820182
"Congo, Dem. Rep.",COD,"Population, total",SP.POP.TOTL,36684063,37925817,39228910,40656336,42626876,44433704,45296124,46029902,47297600,48912971,50507442,52132646,53750524,55343867,56997741,58775724,60615908,62477752,64390664,66412044,68563038,70849311,73254618,75789395,78403242,81035531,83956415,87083398,90047644,92947442,95989998,99148932,102396968,105789731,109276265
"Congo, Rep.",COG,GDP per capita (constant 2015 US$),NY.GDP.PCAP.KD,2363.76701814587,2352.52754080776,2346.67913794406,2255.94360801961,2069.79640456567,2092.54337905245,2122.62819294837,2064.7536042465,2095.34403570595,1986.8478922289,2057.01922023551,2056.16505922617,2100.16876714574,2058.88683675038,2058.88402946896,2140.03686200251,2226.0233547376,2004.10103961966,2061.55829880574,2211.31572382028,2332.28508055953,2307.49384399715,2467.06102906839,2390.65754938662,2488.68118548992,2439.35189403696,2174.19310251224,2003.27121075187,1909.9560382117,1885.51080877731,1725.51040049963,1701.79060456872,1686.00234391385,1677.08549205924,1679.58061097707
"Congo, Rep.",COG,Carbon dioxide (CO2) emissions excluding LULUCF per capita (t CO2e/capita),EN.GHG.CO2.PC.CE.AR5,1.00165507275599,0.993373833153208,0.941787244514212,0.902423159741114,0.802089225271815,0.992994626946882,1.16259283956863,1.17193965639632,1.36399620468547,1.37460375867906,1.43173787700172,1.34418648284191,0.853385683474042,1.03507128920732,1.01524195118066,1.17157455930687,1.25545648118301,1.07141690721857,1.07747214852886,1.14836451954455,1.18584852172315,1.05242743383335,0.944931388370302,1.11984540566293,1.0605360257884,1.12810370252086,1.07043781028987,1.03367382350737,1.17123140519682,1.28891524697681,1.28685363330599,1.20634406636725,1.38493056623382,1.27244805620677,1.33536271579755
"Congo, Rep.",COG,"Population, total",SP.POP.TOTL,2380560,2449229,2519465,2595124,2673144,2749461,2826785,2887862,2952061,3032874,3151345,3272537,3350771,3445753,3565554,3696393,3837409,3980430,4113517,4281219,4462290,4609724,4740450,4857099,4975880,5097581,5222536,5351011,5483118,5616661,5752791,5892183,6035104,6182885,6332961
Costa Rica,CRI,GDP per capita (constant 2015 US$),NY.GDP.PCAP.KD,6037.05111668102,6018.68283701715,6408.20531541453,6693.49083166149,6826.32273425801,6940.83702069434,6871.60941046409,7085.98834302225,7430.1724106288,7584.42136977783,7726.51985682031,7854.2339580182,7989.55926102157,8207.45746763047,8445.52914945791,8655.33965418585,9160.29437453236,9779.51149389818,10104.9092039691,9883.67567046297,10285.0856660419,10612.4694861141,11001.5192856576,11151.1437869768,11422.6735793176,11714.7105980732,12084.4351325634,12468.5654531709,12679.5253643016,12877.650101079,12242.2098908533,13146.6927918465,13686.1614090822,14318.8389652137,14866.5823676109
Costa Rica,CRI,Carbon dioxide (CO2) emissions excluding LULUCF per capita (t CO2e/capita),EN.GHG.CO2.PC.CE.AR5,0.934232756063511,0.984892772914418,1.29201177252213,1.26657270788381,1.45010810976836,1.40519170756986,1.31115859489866,1.26449633696418,1.36923653616676,1.3384424695263,1.30313360027163,1.379963366939,1.38535541703828,1.46632440832863,1.47144886356872,1.49160807652233,1.59797655356903,1.76101901079574,1.71851436108013,1.62647554075289,1.58829243966477,1.66999542065841,1.63797343615926,1.68258114091864,1.68785381694898,1.61015749564449,1.69149442839303,1.70887391193112,1.70246265595066,1.63874650393745,1.42529676301864,1.59152551349924,1.61315999460817,1.58608566210135,1.63283566378358
Costa Rica,CRI,"Population, total",SP.POP.TOTL,3121706,3202176,3284258,3367434,3451122,3535176,3619013,3701711,3782838,3862101,3937739,4008947,4075705,4138784,4200078,4261240,4321340,4380248,4440056,4499791,4555962,4609833,4663934,4716147,4767119,4818038,4866998,4913177,4957818,4999553,5034320,5059988,5081765,5105525,5129910
Cote d'Ivoire,CIV,GDP per capita (constant 2015 US$),NY.GDP.PCAP.KD,1866.0785698741,1794.12062566918,1719.71261335163,1649.47036183619,1598.69239055813,1647.08777075504,1706.97650014485,1801.13163122133,1808.42289027986,1770.86540389357,1717.95385651231,1636.57318705218,1551.27925902838,1441.58801755037,1451.86547141894,1431.73320203111,1437.77453798586,1420.1738958245,1454.62731800082,1473.9183699329,1540.52927270246,1426.46463864534,1503.43433046682,1632.32712787006,1742.53693001178,1814.71855088017,1889.27777949938,1972.81431788947,2013.32307598499,2093.09994335779,2055.08483996432,2146.47635317946,2227.09845246984,2315.38147441648,2395.67689089222
Cote d'Ivoire,CIV,Carbon dioxide (CO2) emissions excluding LULUCF per capita (t CO2e/capita),EN.GHG.CO2.PC.CE.AR5,0.243819042479691,0.241629723420376,0.23121426693767,0.235753607449532,0.236897346093192,0.249266857234982,0.299961560160163,0.351401524380934,0.327935492837592,0.423863124483219,0.393649269755518,0.384346412791568,0.396005933281089,0.304012299363856,0.305981117632049,0.318684175934195,0.305580401271205,0.296468595840396,0.321574734065806,0.291450017592556,0.325279209216089,0.307997563310417,0.384376785213736,0.409402344006993,0.426425227791211,0.44620325590139,0.43877495464017,0.461221278034062,0.449429152663727,0.467605284700189,0.459550187168112,0.580322307864011,0.605701555801839,0.575152377678325,0.589054440955677
Cote d'Ivoire,CIV,"Population, total",SP.POP.TOTL,12189778,12683870,13200310,13735951,14287201,14855565,15442312,16047170,16663948,17215935,17699004,18178913,18654771,19125542,19595000,20068458,20546802,21030558,21514439,21997940,22488065,22982000,23467078,23939775,24527395,25246342,25989405,26733372,27464173,28193009,28915449,29639736,30395002,31165654,31934230
Croatia,HRV,GDP per capita (constant 2015 US$),NY.GDP.PCAP.KD,9754.64902543885,7842.55247755837,7095.22695946955,6490.8345795673,6795.71249379572,7304.70928464758,7857.99236434772,8383.47054293443,8577.50694428774,8541.53260365793,8880.26980689876,9515.73569793698,10062.0396800621,10619.3078243865,11059.0980614364,11522.7905248265,12104.0421469867,12717.9875997872,12970.4376964616,12099.5521781656,11965.0049285028,11993.0713179162,11780.4742767284,11838.2152450357,11862.7609491821,12283.7840620053,12848.419539107,13485.3012514274,14060.9874833125,14641.663970693,13545.4881162417,15395.1287782758,16618.1111874724,17225.154484029,17854.2091012685
Croatia,HRV,Carbon dioxide (CO2) emissions excluding LULUCF per capita (t CO2e/capita),EN.GHG.CO2.PC.CE.AR5,5.0286266412803,3.78315563458649,3.58147985780903,3.61850535478712,3.43386018644788,3.57173005370095,3.77527623397088,4.03768974976405,4.19835243213188,4.4183205369325,4.33677043315335,4.77793267439475,4.96469924275494,5.28621677887642,5.27995632579101,5.30160818255534,5.34348188039458,5.68549100892136,5.41153048758558,5.03419020013328,4.87506829937978,4.77830091047516,4.40975990806428,4.34143567122871,4.20723258150827,4.34144843408463,4.44976669563441,4.65112768894595,4.45402410514506,4.5506268056586,4.39207849561316,4.5132213846884,4.57371420212618,4.83573016043274,4.83151414825927
Croatia,HRV,"Population, total",SP.POP.TOTL,4777368,4689022,4575818,4600463,4652024,4620030,4557097,4534920,4532135,4512597,4468302,4299642,4302174,4303399,4304600,4310145,4311159,4310217,4309705,4305181,4295427,4280622,4260368,4233922,4201598,4151725,4106867,4041407,3988775,3949390,3914206,3878981,3855641,3859686,3866200
Cuba,CUB,GDP per capita (constant 2015 US$),NY.GDP.PCAP.KD,4961.45738860948,4395.45493473446,3861.87437370304,3270.55047645542,3280.38453264476,3348.88763214863,3599.32498555978,3687.42530352589,3680.98418008951,3895.54643322661,4112.26168350671,4229.90309433356,4277.39565642359,4426.96599591833,4670.18802138025,5182.35283601732,5799.41163668615,6215.76603727772,6469.08507847668,6561.25305093006,6716.49048497058,6902.16397571139,7109.24834185635,7307.82004410741,7392.48324633027,7727.91997207998,7774.0698462623,7927.27769431767,8120.43123558256,8124.75282059108,7252.28811179844,7379.04275283674,7552.33152218842,7433.42885399674,7381.39774048869
Cuba,CUB,Carbon dioxide (CO2) emissions excluding LULUCF per capita (t CO2e/capita),EN.GHG.CO2.PC.CE.AR5,3.63673165754921,2.81099197211326,2.21746164239448,2.017723222081,2.06715566688692,2.19166193303252,2.36580700072341,2.5807756256766,2.52503191746191,2.5868772595945,2.6101013141558,2.49667717503705,2.3766937945776,2.30143800064642,2.25263365447208,2.32679017565643,2.3753319353995,2.44623324395833,2.36176603793102,2.38540684367623,2.49451002437816,2.45522503021925,2.55579516374824,2.56876181773557,2.38402768086374,2.61116898217438,2.42368545978683,2.35681925818751,2.38546526365894,1.98985150737589,1.6536430395816,1.95602152386118,1.78698206661591,1.81740702369189,1.9129886264601
Cuba,CUB,"Population, total",SP.POP.TOTL,10631799,10717640,10785801,10841031,10886021,10925362,10962010,10997934,11034712,11072230,11109109,11144132,11177418,11209383,11238756,11262554,11278550,11287272,11291762,11294719,11297409,11301571,11303175,11298167,11285775,11275065,11265612,11247829,11227118,11202846,11176354,11122168,11059820,11019931,10979783
Curacao,CUW,GDP per capita (constant 2015 US$),NY.GDP.PCAP.KD,..,..,..,..,..,..,..,..,..,..,21523.645846078,22171.0654932071,22231.8792561824,21840.8912647914,21512.1115522523,21112.3218717015,20913.6629896021,21011.1570121301,21202.4304610307,20952.8997952543,20706.437408421,20518.0985782641,20277.5112566223,19921.4771792975,19529.5285930905,19361.8129630226,18953.0538552203,18651.4796966993,18355.1765793615,17980.5297947929,14849.9696941839,15625.4114231051,16772.8147195764,17326.9646862721,18044.7751865648
Curacao,CUW,Carbon dioxide (CO2) emissions excluding LULUCF per capita (t CO2e/capita),EN.GHG.CO2.PC.CE.AR5,..,..,..,..,..,..,..,..,..,..,..,..,..,..,..,..,..,..,..,..,..,..,..,..,..,..,..,..,..,..,..,..,..,..,..
Curacao,CUW,"Population, total",SP.POP.TOTL,145400,144403,143912,144299,144630,145139,146306,146956,144472,139428,133860,129047,129205,131897,134192,137658,141239,144056,145880,146833,148703,150831,152088,153822,155909,157980,159664,160175,159336,157441,155482,153948,153321,154654,155967
Cyprus,CYP,GDP per capita (constant 2015 US$),NY.GDP.PCAP.KD,17144.46875,16829.912109375,17928.541015625,17623.28515625,18281.021484375,19453.845703125,19385.287109375,19617.185546875,20562.296875,21349.75,22383.96484375,23019.25,23604.189453125,23930.783203125,24799.6484375,25631.3671875,26395.50390625,27156.818359375,27449.2265625,26183.685546875,26090.048828125,25538.78125,24285.49609375,22711.71875,22373.578125,23088.44140625,24477.986328125,25666.00390625,26962.40625,28167.16015625,26895.68359375,29517.072265625,31370.55078125,31884.84375,32617.216796875
Cyprus,CYP,Carbon dioxide (CO2) emissions excluding LULUCF per capita (t CO2e/capita),EN.GHG.CO2.PC.CE.AR5,5.88468841924473,6.46177954900469,6.77504902257198,6.95734073900106,7.09309112348417,6.793826323324,7.0699428597394,7.03255909301579,7.23537747608655,7.38568394195229,7.52680002574744,7.25889846462136,7.31170524942941,7.84731740013405,7.65231487166892,7.63016201306566,7.59803038263763,7.74568058214957,7.78551565223927,7.47035932974632,7.01719074742689,6.67871500305715,6.11139379970946,5.440262861149,5.67256975156453,5.62213100101517,5.83770911607033,5.87048294831676,5.67702050070156,5.60889302704421,5.22358661605671,5.25252617267475,5.425313774533,5.35563459868429,5.40469504859816
Cyprus,CYP,"Population, total",SP.POP.TOTL,788351,798944,810341,826034,844667,862695,880290,897568,914548,931234,947667,964127,981440,999590,1017875,1036151,1054418,1072714,1091026,1109371,1127816,1146493,1165397,1183895,1201801,1219502,1237112,1254275,1270737,1286671,1302247,1317309,1331370,1344976,1358282
Czechia,CZE,GDP per capita (constant 2015 US$),NY.GDP.PCAP.KD,11900.5844581421,10543.6195982395,10479.4918667877,10475.0849147458,10775.9443891717,11453.3800188807,11944.7171474526,11886.3480904927,11850.8396211995,12026.4688076608,12543.9364342367,12958.4667607533,13179.9878092741,13618.9349633164,14259.63342798,15147.7214417611,16107.3042502688,16892.542854974,17190.6470333289,16272.8084766719,16665.9317825137,16926.2846674435,16772.3539223328,16759.7808635642,17118.0425571578,17931.5987670768,18359.0978103904,19257.6930680911,19736.6295261285,20360.0599221814,19233.1469549829,20373.8783043424,20627.348651011,20272.5874017334,20445.432830127
Czechia,CZE,Carbon dioxide (CO2) emissions excluding LULUCF per capita (t CO2e/capita),EN.GHG.CO2.PC.CE.AR5,16.0160567405262,14.5662282421494,13.9913827948363,13.538002227524,13.0025420988859,12.9358310481984,13.3200281021064,13.0058905501104,12.4309173565015,11.6412903326183,12.902573099746,12.9423815445542,12.4942776816049,12.8180719674459,12.8990092380177,12.6378778002542,12.7739538554172,12.8496660008304,12.1449804099396,11.4624026803688,11.551447766509,11.253602294493,10.8487615339863,10.41753532722,10.1886522126064,10.2684424579836,10.3928969863904,10.4187499138699,10.2865042924091,9.72456561033821,8.86715826663618,9.4724309646164,9.15364691432385,7.88005974203708,7.12966532502255
Czechia,CZE,"Population, total",SP.POP.TOTL,10333355,10308578,10319123,10329855,10333587,10327253,10315241,10304131,10294373,10283860,10255063,10216605,10196916,10193998,10197101,10211216,10238905,10298828,10384603,10443936,10474410,10496088,10510785,10514272,10525347,10546059,10566332,10594438,10629928,10671870,10697858,10505772,10672118,10864042,10905028
Denmark,DNK,GDP per capita (constant 2015 US$),NY.GDP.PCAP.KD,39306.7939232431,39776.5961774467,40447.2328284958,40280.8935863909,42270.6520867615,43328.5293418439,44331.6199637443,45546.5896151864,46437.1921069175,47657.1731901716,49266.9882757886,49557.1509962227,49624.5965359582,49708.0909084109,50956.3045398814,52015.1841169021,53823.1590295482,54113.9771471341,53572.5346568185,50635.9118061988,51209.4492757775,51667.5313210425,51470.689845427,51970.3909324806,52368.3625969272,53094.0133607574,54300.2039621991,55601.0145717787,56355.0733084714,57114.6227336347,55934.5555945523,59312.8158043771,59108.7449374068,59026.9843650999,60772.8624276041
Denmark,DNK,Carbon dioxide (CO2) emissions excluding LULUCF per capita (t CO2e/capita),EN.GHG.CO2.PC.CE.AR5,10.1987983129152,12.239940337171,11.0982776324262,11.50880348331,12.2344790230073,11.578116063961,14.0636251741853,12.1573338535487,11.3599193396804,10.7626950961508,9.95378693898587,10.2155097528674,10.0932099016896,11.0731621530472,10.0130575815849,9.34585026622716,10.777426621291,9.86357439194586,9.21101037002735,8.7648139313193,8.75320381499808,7.80618220175594,6.9026384708987,7.18355983652162,6.41399137942491,5.99477468305967,6.2287600754887,5.81887534735593,5.78874820578994,5.17323991963432,4.76521606117498,5.04788249694838,4.8270407249692,4.4073670007762,4.2782054919933
Denmark,DNK,"Population, total",SP.POP.TOTL,5140939,5154298,5171370,5188628,5206180,5233373,5263074,5284991,5304219,5321799,5339616,5358783,5375931,5390574,5404523,5419432,5437272,5461438,5493621,5523095,5547683,5570572,5591572,5614932,5643475,5683483,5728010,5764980,5793636,5814422,5831404,5856733,5903037,5946952,5976992
Djibouti,DJI,GDP per capita (constant 2015 US$),NY.GDP.PCAP.KD,..,..,..,..,..,..,..,..,..,..,..,..,..,..,..,..,..,..,..,..,..,..,..,2140.13769442336,2253.14082249768,2376.12554719873,2502.85181449431,2596.45134698268,2677.1650334451,2781.94350113484,2773.40661780097,2854.15987035097,2959.78673011268,3117.8155381531,3290.42482052598
Djibouti,DJI,Carbon dioxide (CO2) emissions excluding LULUCF per capita (t CO2e/capita),EN.GHG.CO2.PC.CE.AR5,1.6818569274146,1.94852731455953,1.67792846759636,1.68092536365782,1.68690462893523,1.701380881224,1.72068086891608,1.66354825793334,1.63565700820188,1.64812252664253,0.981643691172968,0.978850349987618,0.984069363754974,1.01644829438526,0.958088616236788,0.898629235897026,0.845443369901048,0.857834168831644,0.903852659358779,0.798988949312527,0.872452703625151,0.661108756660109,0.82337985015728,0.888889791475431,0.881106034903168,0.800048612533605,0.718448267388038,0.641423683758974,0.686269570717672,0.765677513458601,0.674907798492202,0.731060389851309,0.762292717589368,0.763263436905869,0.765537056716653
Djibouti,DJI,"Population, total",SP.POP.TOTL,579538,631092,626010,614245,626710,633074,648348,671817,699352,724218,747318,771313,795574,813519,826124,839167,855764,874528,892734,911527,930251,948558,966747,984824,1002717,1020313,1037653,1054841,1071882,1088709,1105188,1121248,1137096,1152944,1168722
Dominica,DMA,GDP per capita (constant 2015 US$),NY.GDP.PCAP.KD,5536.87901663922,5638.3073302382,5750.32541372085,5865.47647130041,5863.78283734011,6042.20196512625,6235.05917401475,6381.53965204338,6639.15946016126,6687.23987711733,6879.59737273918,6897.65674086518,6676.97271467957,7047.66189595946,7323.8530008275,7381.74728529453,7698.53701483824,8106.18951878325,8682.57378179773,8582.71481435718,8574.27308682238,8553.8384670104,8532.34388117289,8459.6586988024,8576.26367623609,8282.59874702141,8499.52291903149,7985.6341102129,8261.16492553236,8624.51695993537,7302.94454951254,7738.31730070386,8590.92209069816,8946.98822588042,9172.71049624795
Dominica,DMA,Carbon dioxide (CO2) emissions excluding LULUCF per capita (t CO2e/capita),EN.GHG.CO2.PC.CE.AR5,0.305915808522556,0.308820133918264,0.311575910566174,0.5588120922328,0.736934525094636,0.84786019663447,0.930701628007492,0.897559849348475,0.522249869799201,0.898794830840714,0.791113835734408,0.798090440487348,0.719645442976875,0.817148443769973,0.871097903829626,0.856926702941776,0.908351015899776,1.09808706261711,1.06892845731548,1.0891031598513,1.12258383072656,0.861656988110582,0.785613009635695,0.859212508068565,0.950648686285933,1.02826303081949,1.11628307904491,1.01027797243635,1.04878692756769,1.26988803771361,1.14098826454353,1.13687092646052,1.21509592074941,1.22387610885581,1.27331772524734
Dominica,DMA,"Population, total",SP.POP.TOTL,69627,69296,69325,69433,69477,69469,69410,69299,69124,68870,68511,68288,68367,68531,68649,68734,68806,68847,68854,68864,68859,69053,69118,69715,70373,70410,69606,68496,68174,67880,67573,67202,66826,66510,66205
Dominican Republic,DOM,GDP per capita (constant 2015 US$),NY.GDP.PCAP.KD,2772.77065608381,2741.93908143923,2989.60630229953,3147.67060324766,3167.94494108567,3286.36149249382,3419.50600399521,3659.50819044162,3840.8718026365,4004.19876842647,4123.10573163115,4158.98430282429,4280.80182397408,4162.66686117661,4212.01044121773,4549.24957008857,4904.71715839398,5204.78500652254,5308.92664966814,5294.64953374426,5666.45633430206,5773.57403459156,5860.29893321013,6075.03399972737,6430.27811051339,6800.95309395474,7177.75376475488,7379.39978067137,7818.70593240469,8117.04639185786,7395.8734262396,8344.90510312395,8698.13592094395,8809.96335385949,9168.45418897141
Dominican Republic,DOM,Carbon dioxide (CO2) emissions excluding LULUCF per capita (t CO2e/capita),EN.GHG.CO2.PC.CE.AR5,1.12131364311778,1.1496669864448,1.3083362224561,1.2667599964817,1.45257614160415,1.51596420691128,1.60211251387109,1.79168831029016,2.020874662259,2.15563007683448,2.21497893219978,2.19583469940138,2.374394715007,2.09259494333353,1.91386125173149,2.03684886147845,2.20308284293328,2.19492921592553,2.16443315822516,2.04647320109352,2.13109236851685,2.12429168575798,2.17318836341436,2.10753894045547,2.10372169025182,2.28789566173054,2.35715917178999,2.23015375777069,2.37696846787898,2.61257459696093,2.44597258432274,2.66716087668998,2.85936787390744,2.89366632939923,2.99473457012728
Dominican Republic,DOM,"Population, total",SP.POP.TOTL,7151166,7299853,7447474,7594572,7741694,7888115,8032894,8174078,8310362,8446208,8584190,8720283,8852235,8980620,9104892,9225034,9341183,9455658,9573130,9695265,9820175,9945621,10070411,10193833,10315528,10434829,10551430,10666843,10782053,10894043,11008300,11123476,11230734,11331265,11427557
Ecuador,ECU,GDP per capita (constant 2015 US$),NY.GDP.PCAP.KD,3919.71758067093,4000.56819787678,4000.03146191686,3996.99377481811,4087.34069011974,4100.68735341031,4093.84154476335,4192.85523208483,4252.04348649475,3979.19293611513,3953.39879728357,4049.0001889951,4174.89793579965,4220.21298466638,4430.23717984188,4589.32849203452,4706.98056823816,4715.30359842555,4939.90215021789,4909.33681705683,5022.20374387205,5359.45724615639,5579.85624282158,5893.32172683036,6055.04172761485,5976.1596805651,5849.13587933672,6104.27253521751,6063.0956178776,5971.38938386723,5355.68934196443,5815.09477390949,6107.49495006543,6174.81822806637,5999.39391066593
Ecuador,ECU,Carbon dioxide (CO2) emissions excluding LULUCF per capita (t CO2e/capita),EN.GHG.CO2.PC.CE.AR5,1.67628872889196,1.64393340546682,1.69563430547199,1.62101092370512,1.66671400433883,1.79497647817862,2.02946418366008,2.07677136148592,2.00228810537822,1.74101971847023,1.73867458688905,1.88347840635006,1.84934747358749,1.86512333773995,1.96681520153907,2.08473639953538,2.19912763838417,2.20911448593679,2.24142348078606,2.38705043871039,2.53722052479008,2.50021091296638,2.48269447452299,2.60378102840693,2.71026279559796,2.66047592480738,2.548787986578,2.44983761168802,2.47598953802116,2.41784020907472,2.08585799722046,2.32777079470983,2.47809443692364,2.60232947756693,2.64474970000791
Ecuador,ECU,"Population, total",SP.POP.TOTL,10473673,10702380,10930128,11154274,11372197,11590514,11810950,12031127,12251184,12470795,12689206,12910740,13138472,13372306,13608701,13846163,14086131,14328773,14575202,14825954,15076695,15326227,15572194,15807128,16035124,16266225,16505139,16759519,17049547,17340021,17546065,17682454,17823897,17980083,18135478
"Egypt, Arab Rep.",EGY,GDP per capita (constant 2015 US$),NY.GDP.PCAP.KD,1972.13789303215,1940.10019358455,1979.02010131221,1989.9792002068,2024.95373805139,2074.8399114013,2133.64804177125,2204.66575942323,2277.28504834543,2361.86425101237,2458.60835003016,2492.03441188721,2498.48121191713,2524.80477192682,2574.42341789124,2635.70305227819,2761.62410769792,2902.06559804963,3052.21297844721,3135.09661303014,3233.84521246786,3222.37650111856,3220.99194203067,3216.3783902629,3235.66246235257,3306.98159414141,3381.22246306207,3452.90961245539,3568.63966286161,3701.2446345188,3770.86947867421,3837.31992324447,4029.78295457978,4111.3118478995,4137.60929232898
"Egypt, Arab Rep.",EGY,Carbon dioxide (CO2) emissions excluding LULUCF per capita (t CO2e/capita),EN.GHG.CO2.PC.CE.AR5,1.56708047716051,1.56061411454201,1.58506756433649,1.55426593888414,1.45020838185056,1.51907565854719,1.59521130616843,1.66267144456651,1.71747844761215,1.80938162541848,1.75027301728806,1.89148509278964,1.90141842765088,1.89914658738482,2.0184066565906,2.1995658648073,2.28386190572735,2.39637572755543,2.35283522329508,2.40386934022582,2.37407988100642,2.40787061503775,2.50058176167515,2.39951090462348,2.39012321445552,2.40381816615146,2.46076060182603,2.52378641552398,2.42443152195678,2.20383858928624,2.25205800434348,2.35795200966486,2.29974804261299,2.40830000255291,2.50251380967098
"Egypt, Arab Rep.",EGY,"Population, total",SP.POP.TOTL,58396618,60028997,61480660,62915681,64285589,65652622,67028048,68431740,69943294,71520954,73083284,74652029,76239137,77853548,79477443,81101004,82700403,84276225,85864789,87501636,89196072,91093059,93161001,95333553,97528654,99597342,101644589,103696057,105682094,107553158,109315124,110957008,112618250,114535772,116538258
El Salvador,SLV,GDP per capita (constant 2015 US$),NY.GDP.PCAP.KD,2348.20460167761,2341.93382299132,2465.75989060719,2574.95134564317,2670.21278543567,2773.32529027549,2775.04629038695,2842.88487409077,2900.32064261101,2946.4330235012,2964.89346881406,2978.59734844669,3016.06307728602,3057.16467629097,3081.23629665234,3163.36118376833,3302.34817354347,3359.1623024135,3420.44927357444,3337.81150878211,3398.49346060363,3514.069144355,3601.44222914588,3665.1547327058,3713.94992016222,3790.34089108162,3875.84691357954,3954.84014277572,4046.16291720583,4143.11437097867,3808.53195436409,4247.54750394978,4355.96083888359,4489.17787712717,4585.22599757795
El Salvador,SLV,Carbon dioxide (CO2) emissions excluding LULUCF per capita (t CO2e/capita),EN.GHG.CO2.PC.CE.AR5,0.480505862704885,0.602229959652977,0.666874462569793,0.714793416275071,0.821332525044499,0.890868326318857,0.787179132948833,0.958529426761008,0.997809644671345,0.985187439760564,0.975676073120854,1.01143420139878,1.01123653687692,1.09683944534382,1.13733125428521,1.17101134978182,1.23104086937065,1.29431410969772,1.17600775015727,1.14057238430965,1.10817799335525,1.15322718229029,1.14454180790729,1.080823263161,1.10571957770258,1.17485133438427,1.18183137659657,1.06736376872868,1.14186822838715,1.30285851671355,1.06717705964691,1.20400614983067,1.34798885215862,1.46387486797945,1.50569728627702
El Salvador,SLV,"Population, total",SP.POP.TOTL,5399726,5495077,5585609,5659957,5714129,5762131,5805286,5844578,5880781,5913900,5943366,5968060,5986631,5998599,6004671,6005578,6002319,6009824,6029297,6048279,6068249,6090127,6113975,6138839,6162955,6183676,6200800,6213533,6219807,6222318,6234673,6255782,6280319,6309624,6338193
Equatorial Guinea,GNQ,GDP per capita (constant 2015 US$),NY.GDP.PCAP.KD,366.314404747023,349.352882285968,453.637813917067,485.392231712925,545.595470854947,617.294826128753,989.777266733628,2380.32106827232,2833.33184629343,3423.12126162912,3839.08642737128,5882.85050306586,6604.00546310809,7082.65489186921,9208.60566707162,10212.4545051498,10521.9996774827,11594.9172068456,13048.0703050168,12627.862381545,10984.3243932426,11203.9073679091,11650.7196270884,10731.6455729191,10363.4872473549,9068.91003238645,7971.83401904573,7259.10936454803,6578.90039765711,6018.12066321865,5575.26241511492,5487.92479201992,5524.24312418579,5118.21986148331,5041.94038551173
Equatorial Guinea,GNQ,Carbon dioxide (CO2) emissions excluding LULUCF per capita (t CO2e/capita),EN.GHG.CO2.PC.CE.AR5,0.149913341233127,0.150543357909215,0.145075082718249,0.145654056522075,2.20253827221534,2.253423986108,2.3722307967083,3.13863182107756,3.66998506564568,3.85603419592515,3.90257636016432,4.80185000453432,4.02553019774249,4.23488728118491,6.97831022194269,6.75102679320686,6.44857387793926,6.88812444259124,6.0917632522844,4.82339546682892,4.8069734291493,4.80007408391614,4.3371269664928,4.25139167653382,4.08471612226645,3.71883517902943,3.57336561935995,3.12788819223808,3.28825022178614,3.0669803260373,2.86058347723348,2.86038210447434,2.82155421683407,2.57914675064098,2.55052004844345
Equatorial Guinea,GNQ,"Population, total",SP.POP.TOTL,474274,492217,510770,530023,550138,571264,593492,616893,641474,667214,703279,749836,797957,847862,899917,947367,990343,1036044,1084530,1135673,1189085,1241835,1293483,1346218,1399828,1453923,1508186,1562396,1616422,1670177,1716468,1758786,1803545,1847549,1892516
Eritrea,ERI,GDP per capita (constant 2015 US$),NY.GDP.PCAP.KD,..,..,642.072233527209,705.988405158037,829.915037227268,806.702995328956,838.660572635214,895.033773452053,899.082974199102,886.053679218386,845.132430060544,893.268735439193,889.009113592982,830.379672282601,808.591420184592,809.794793468889,789.402432018085,789.072701743247,693.398874212494,702.430936480778,703.877374381654,751.374899794668,..,..,..,..,..,..,..,..,..,..,..,..,..
Eritrea,ERI,Carbon dioxide (CO2) emissions excluding LULUCF per capita (t CO2e/capita),EN.GHG.CO2.PC.CE.AR5,0.161949135574351,0.197023189035467,0.273023236162042,0.36831777483478,0.402734708699185,0.41179755558156,0.430921077359072,0.399045598905273,0.293246389799392,0.306989397951898,0.298304740789068,0.318025465392835,0.30322050599713,0.28084492460212,0.276105306425318,0.227039153168759,0.200998556686845,0.1932399200648,0.164434030565343,0.166523251445262,0.175472788475838,0.205637180109289,0.208858250345408,0.193080836336668,0.192428662307406,0.185989838823833,0.191122470075508,0.186042997803099,0.205182976484296,0.207888786905969,0.204024524264334,0.212495854704056,0.219947692397037,0.220205798195592,0.220047329974547
Eritrea,ERI,"Population, total",SP.POP.TOTL,2032737,1919571,1798748,1856006,1913915,2025267,2128464,2152135,2180419,2212780,2247031,2312079,2392978,2493903,2598284,2661215,2703502,2743222,2816327,2887885,2945186,2998485,3036988,3074360,3095173,3105546,3124698,3150347,3192760,3240194,3291271,3350183,3409447,3470390,3535603
Estonia,EST,GDP per capita (constant 2015 US$),NY.GDP.PCAP.KD,9341.22561480009,8637.20598149255,6934.17066642789,6706.56000129024,6738.99914418874,7170.94607721168,7637.25708286963,8732.99085657194,9199.93534127632,9133.89593384355,10006.7696280939,10662.9455020331,11474.6622721923,12424.0441535693,13348.5284463324,14703.6179707772,16234.5152041417,17543.4661785723,16688.997772178,14274.8511086787,14657.939813612,15820.922342204,16460.6843479001,16809.5326683781,17413.6867560212,17722.1557669523,18264.9873304279,19270.8141210511,19914.3454922878,20579.8756732376,19946.945696898,21570.6658455268,21023.2994937246,20126.3730486957,20078.1397620993
Estonia,EST,Carbon dioxide (CO2) emissions excluding LULUCF per capita (t CO2e/capita),EN.GHG.CO2.PC.CE.AR5,25.516673103174,23.3944613319294,17.3536339330151,14.6521583157534,15.4246044824186,14.340813317797,15.2769084921242,15.1335264927279,13.7120930111762,12.5302464891055,12.7571162181412,13.1461730476221,12.7007648530105,14.2657873234504,14.7118270889142,14.813456108948,14.4285385466398,17.1806098397828,15.6166002288552,13.0675938449549,16.6849546555512,16.8260839104471,16.0506269014195,17.9337282254815,17.3074333704818,15.9815175075091,15.6467217413113,16.6729670316324,17.8889647853178,11.6534202327534,9.12576098778358,9.71169075504984,11.1341597224282,8.37350742837627,7.75936884491537
Estonia,EST,"Population, total",SP.POP.TOTL,1569174,1561314,1533091,1494128,1462514,1436634,1415594,1399535,1386156,1390244,1396985,1388115,1379350,1370720,1362550,1354775,1346810,1340680,1337090,1334515,1331475,1327439,1322696,1317997,1314545,1315407,1315790,1317384,1321977,1326898,1329522,1330932,1348840,1370286,1372341
Eswatini,SWZ,GDP per capita (constant 2015 US$),NY.GDP.PCAP.KD,2027.97481893357,1982.41521465314,1969.96082543683,1972.80340757512,2020.384816101,2119.58163577162,2157.86134470358,2187.6982967057,2216.00896601996,2256.76912678764,2273.04683761056,2283.98316815361,2358.56935643468,2448.83792077995,2522.14342097167,2658.75180508187,2823.48728215402,2928.46845823015,2950.67334362132,2973.83456912379,3069.52175725884,3108.70225253092,3218.50138205493,3332.11983927912,3381.79292071291,3419.82276559528,3500.17688847942,3596.23605400492,3565.54285067501,3759.67106964666,3609.3669136859,3719.03838239806,3695.64957179548,3790.16576788091,3864.20550510839
Eswatini,SWZ,Carbon dioxide (CO2) emissions excluding LULUCF per capita (t CO2e/capita),EN.GHG.CO2.PC.CE.AR5,1.26749714589628,1.20074125539948,0.967971711312931,0.844625550025841,1.5030703903988,1.46099730738753,1.1471539368444,1.14897654065277,1.15598149566568,1.22761165794513,1.05395164651138,1.05797553716995,1.02176525167518,0.941876816349489,0.926703312370301,0.918331600282478,0.921123975965387,0.946543749226418,0.922510065194961,0.949461296309199,0.769666711644852,0.733025416139978,0.72161820435409,0.851954442074709,0.865001201268328,0.858320652635208,0.910738255617408,0.916771355428058,0.908609504939992,0.962899428244033,0.805379931233331,0.81982905586225,0.883161035575023,0.876387437363166,0.880335237065324
Eswatini,SWZ,"Population, total",SP.POP.TOTL,872428,908189,943416,971318,971212,970433,989841,1006635,1019653,1030782,1041414,1051064,1059441,1066700,1073159,1079022,1084436,1090705,1098091,1105153,1111650,1117833,1123863,1129990,1136299,1142813,1149507,1158195,1168929,1179874,1192729,1206593,1218917,1230506,1242822
Ethiopia,ETH,GDP per capita (constant 2015 US$),NY.GDP.PCAP.KD,267.078134508598,237.502454667904,207.967880879774,227.173295614208,226.399912642527,232.230450633845,252.612985005506,252.311666681832,236.05551452188,240.604711286049,247.505413659694,260.04231608135,256.066635883709,243.076666020009,267.923513391712,290.833381425059,313.013896721503,338.799064654308,364.642208155735,385.632419711374,421.898622378633,455.909628648555,481.639999909808,518.324662208106,556.362532243867,597.912113218663,636.835680951429,678.98541915757,705.96881207336,744.702789753973,768.705424485209,790.65701959778,811.177729326201,842.44660489404,883.458588619291
Ethiopia,ETH,Carbon dioxide (CO2) emissions excluding LULUCF per capita (t CO2e/capita),EN.GHG.CO2.PC.CE.AR5,0.0459464662231511,0.0435644020002897,0.0327093044982844,0.0401981861811297,0.0448899893165997,0.0491228869046507,0.0535955398259911,0.0542842606472463,0.0558980905165565,0.053477988173412,0.0575065136518114,0.0688999021151379,0.068704745999111,0.0712516626956825,0.0753366257956424,0.0698363747100678,0.071814738123469,0.0764266442296692,0.0802467343345623,0.0785136417026359,0.0760019100821557,0.0854374939680603,0.0938018335872736,0.106072048801188,0.122678387639653,0.130068091316854,0.15021997848876,0.144744318001779,0.155059082147088,0.159693432847017,0.151498089800296,0.156331429015701,0.146229646781817,0.147767891652244,0.146636636122491
Ethiopia,ETH,"Population, total",SP.POP.TOTL,47609755,49717198,51853747,53708891,55611508,57537335,59467635,61404539,63363524,65374561,67411494,69487762,71635517,73832663,76077206,78367470,80703490,83103217,85543668,88007636,90538514,93149970,95798767,98438751,101115610,103867135,106718162,109666481,112664152,115737383,118917671,122138588,125384287,128691692,132059767
Faroe Islands,FRO,GDP per capita (constant 2015 US$),NY.GDP.PCAP.KD,..,..,..,..,..,..,..,..,..,..,..,..,..,..,..,..,..,..,44623.0315871975,42378.2165335393,42333.5215714088,43946.251738291,47303.8655939098,50120.7530887167,52644.7898999399,52637.1903526574,52757.3960429144,53831.0294952424,54433.5931539501,56029.4991512974,54301.6594145787,56270.2511347442,57775.0758629956,59050.1954015578,59257.6449307094
Faroe Islands,FRO,Carbon dioxide (CO2) emissions excluding LULUCF per capita (t CO2e/capita),EN.GHG.CO2.PC.CE.AR5,0.0335148722245496,0.0337218369970704,0.0338359379956436,0.0344278521323751,0.0357981877167468,0.0366879915617619,0.0390078245106813,0.0385208012326656,0.038053453910552,0.0376556062552607,0.0393408226603138,0.0385976198134448,0.0380268300411957,0.0395569620253165,0.0392691798941799,0.0392894807584938,0.0413778835212579,0.04134110546116,0.041197190351618,0.04099116640364,0.0411040549150174,0.0412005850483077,0.0414155846845168,0.0414542138208349,0.0412984224002643,0.0409006319147631,0.0404334465469837,0.0398565165404544,0.0411797003686564,0.0405468025949954,0.0399505374298488,0.0394025818072651,0.038952366820003,0.0385930091520565,0.0384045646568278
Faroe Islands,FRO,"Population, total",SP.POP.TOTL,47740,47447,47287,46474,44695,43611,43581,44132,44674,45146,45754,46635,47335,48032,48384,48359,48335,48378,48547,48791,48657,48543,48291,48246,48428,48899,49464,50180,50996,51792,52565,53296,53912,54414,54681
Fiji,FJI,GDP per capita (constant 2015 US$),NY.GDP.PCAP.KD,3414.95053196369,3295.72685663527,3471.43143724943,3522.8422806512,3682.00013774058,3755.268335603,3910.82963547549,3785.46684889302,3787.48702167736,4073.37708743898,3960.8890315,3998.79729208867,4086.10434130578,4087.72449101023,4264.59723774177,4255.45097421847,4295.40679748345,4223.44800626708,4240.77265686858,4164.29314800857,4272.359150902,4375.5808542034,4427.97844455038,4630.35126544718,4883.24300436251,5097.53106864695,5218.85823412748,5500.67840152349,5720.21447177109,5701.10435269432,4721.1228189763,4507.33353596072,5291.51693123572,5761.5694863591,5935.20896505673
Fiji,FJI,Carbon dioxide (CO2) emissions excluding LULUCF per capita (t CO2e/capita),EN.GHG.CO2.PC.CE.AR5,1.30373611822334,1.13639861682588,1.26428351325403,1.35784677789741,1.41235651527295,1.39293342314077,1.44839006256617,1.48078099931169,1.44978826597005,1.53361031367061,1.71635694230886,1.84040414502893,1.50783929589103,1.76073490740933,2.26335424753479,1.96151540324509,2.08992941097191,1.92029243778346,1.42982226015304,1.17223796596046,1.86342771844612,1.36409091456743,1.31727652095598,1.49844164687806,1.70000599399511,1.76054728068819,1.73254885406989,1.67682711135347,1.80433502693037,1.76959423936413,1.17414583977713,1.46469279849375,1.56000182723494,1.55581645737411,1.62222863442953
Fiji,FJI,"Population, total",SP.POP.TOTL,773316,779656,785346,790369,794771,798746,803789,812139,822258,831828,840909,849596,858049,866286,874366,882379,890365,897832,903399,907239,910419,912989,914918,916352,917585,918578,919166,918759,917180,914899,914963,916711,919422,924145,928784
Finland,FIN,GDP per capita (constant 2015 US$),NY.GDP.PCAP.KD,31291.5222587198,29290.9773950558,28162.3512348846,27807.8614663327,28785.9195720485,29890.5243289925,30883.8347237846,32762.1179107575,34457.4555939742,35886.4949080548,37872.6020343504,38784.1308115726,39343.0698997627,40038.9839702277,41521.962874476,42529.3506920884,44069.3958834717,46213.6898975737,46359.8732844055,42412.5133513534,43556.5385834368,44391.4535667984,43507.9345371578,42883.6384986417,42502.4880199858,42560.3456767103,43529.6761616969,44862.220404205,45337.2409550575,45898.5708448954,44690.9801103074,45792.0454180872,46016.1492103929,45357.0296547377,45254.0358658917
Finland,FIN,Carbon dioxide (CO2) emissions excluding LULUCF per capita (t CO2e/capita),EN.GHG.CO2.PC.CE.AR5,11.2758403756113,11.351007431578,10.7287357853801,10.9285264407187,12.2030338816269,11.5021565099583,12.6716313729944,12.2072984833171,11.5538028733105,11.402244982745,11.1139059493154,12.2543758606386,12.6383158244494,14.2135432592354,13.4759720988521,11.1028086409399,13.2647256083435,12.8705811614152,11.2598169269803,10.6915488312042,12.2771915772077,10.8053750812877,9.66512380653683,9.80540072646081,9.05273118506377,8.39046261440988,8.88160307084068,8.36494370044446,8.6010307269027,7.99426833424913,7.13874546232844,7.09479866241161,6.68162198489374,5.88954587564164,5.53521221243539
Finland,FIN,"Population, total",SP.POP.TOTL,4986431,5013740,5041992,5066447,5088333,5107790,5124573,5139835,5153498,5165474,5176209,5188008,5200598,5213014,5228172,5246096,5266268,5288720,5313399,5338871,5363352,5388272,5413971,5438972,5461512,5479531,5495303,5508214,5515525,5521606,5529543,5541017,5556106,5583911,5619911
France,FRA,GDP per capita (constant 2015 US$),NY.GDP.PCAP.KD,27992.9751471374,28197.2359540607,28482.5194675509,28257.0962487817,28822.5006495069,29379.6158424052,29683.7786067651,30325.522871824,31256.5073830655,32152.7207478734,33255.1379642335,33640.6738002565,33753.5782979758,33840.6175720101,34557.1471111581,34946.0372494703,35645.4162427116,36322.1685141004,36257.3658930938,35052.8510772683,35578.1968010183,36269.9561530888,36161.2918253465,36256.086680981,36444.3949089146,36702.4323733379,36920.5342846914,37580.5979329356,38062.4435961412,38705.2072940618,35709.2045925926,38030.8571685178,38868.3303330557,39319.4152227295,39683.3953489029
France,FRA,Carbon dioxide (CO2) emissions excluding LULUCF per capita (t CO2e/capita),EN.GHG.CO2.PC.CE.AR5,6.6078992929268,7.00271894903874,6.740126155836,6.37822784709037,6.28192432572495,6.41153012227111,6.63417940846769,6.47243151046425,6.81353446656297,6.67500237099655,6.58034817935345,6.59967427030181,6.46436747006761,6.49767617932604,6.46668310699496,6.45391402908229,6.24021668362979,6.09003030294036,5.94290191259616,5.71717317269645,5.80194807906,5.56604040689413,5.55949763606406,5.45712098979101,4.93048874498212,4.99116340691761,5.01727531627851,5.06155143263354,4.89217066506758,4.79214044818249,4.24677642127474,4.66820869200128,4.51246828877731,4.15598361008436,4.00355772602595
France,FRA,"Population, total",SP.POP.TOTL,58261012,58554242,58846584,59103094,59324863,59541294,59754504,59968066,60190684,60501986,60918661,61364377,61812142,62249855,62707588,63180854,63622342,64016890,64375116,64706436,65026211,65340830,65657659,65997932,66312067,66548272,66724104,66918020,67158348,67382061,67601110,67842811,68184457,68372286,68551653
French Polynesia,PYF,GDP per capita (constant 2015 US$),NY.GDP.PCAP.KD,25307.7045477138,25731.776022059,24899.5108111715,24158.449666239,23373.7127446694,22928.4986555237,22434.729936296,22051.9807859615,22071.0627604129,22136.2587286349,22498.8285530328,22076.5919162624,21932.9195333418,22055.6419702196,21919.9410589378,21661.4244664054,21545.5997136473,21648.532237682,21493.4178311249,20499.7723032831,19913.0252687915,19241.6437951625,18968.4422157904,18930.1268887012,18928.1858620128,19166.9594761931,19516.0718353276,20287.7685831663,20674.4206829029,21289.8751241139,19026.790444196,19626.2332540206,20160.4994298379,20664.9770259225,20846.6514059991
French Polynesia,PYF,Carbon dioxide (CO2) emissions excluding LULUCF per capita (t CO2e/capita),EN.GHG.CO2.PC.CE.AR5,4.1545618718593,4.22635551447936,4.28674743215841,4.25984694659858,3.40910129927127,3.17759028984594,3.09372075799706,3.20267456933236,3.24228931130872,3.18645787104546,2.95293691774467,3.39946824418162,3.54273029966704,3.71249061147605,3.45506035501107,3.62726246305495,3.36406772964369,3.55917699427259,3.61391912183889,3.4662926143216,3.65769827777367,3.52228523481288,3.38577141099442,3.61739611543053,3.55841627862381,3.61973037363333,3.61024149467365,3.14473717095045,2.79792005432161,2.81327723503229,2.56080570468717,2.28741350717676,3.30197091069913,3.30181631912578,3.45591131519089
French Polynesia,PYF,"Population, total",SP.POP.TOTL,203776,207744,211559,215219,218738,222118,225489,229121,232891,236595,240337,244097,247775,251637,255654,259507,263223,266438,268379,269481,270580,271727,273084,274728,276387,277866,279178,280087,279815,279034,279209,279792,280378,281118,281807
Gabon,GAB,GDP per capita (constant 2015 US$),NY.GDP.PCAP.KD,8354.26309000876,8627.38985737905,8138.86821905371,8237.7433874389,8322.61010843084,8514.94009899596,8603.00813400361,8870.12550864019,8949.1211008365,7944.64517936466,7596.09970650519,7556.76995314898,7338.75620613605,7301.67154442842,7148.98713447497,7130.22505771754,6724.08148977274,6908.67399162999,6468.38523357609,6264.83611480154,6481.49612073562,6699.23394606512,6803.22668079211,6938.25753862236,6998.60545439576,7047.12654634355,6991.3251446736,6840.05959347802,6724.5961429108,6817.56879468764,6534.27966528997,6479.04900690761,6527.48207900404,6541.2536861807,6618.98685865885
Gabon,GAB,Carbon dioxide (CO2) emissions excluding LULUCF per capita (t CO2e/capita),EN.GHG.CO2.PC.CE.AR5,6.27334218396436,4.88139308955717,4.78842042412219,4.76648177756106,4.60958053200819,5.04890880002279,5.49732425359045,5.12019664155322,5.71362078868664,5.3019430160191,5.17720677468618,5.14741647952144,4.81148732283377,5.31146236481354,4.66035316321154,4.36742182241825,3.78376980741041,3.3257145280571,3.43403798590695,3.27951630880933,3.46431347786676,3.26602075775049,3.1891467218658,3.17695376880692,3.16776342891399,3.15596997338055,3.12287828535461,2.66535305299272,2.44580571147547,2.49273935862938,2.3804551828839,2.25718447508796,2.29694822208975,2.06073835645602,2.0474983378969
Gabon,GAB,"Population, total",SP.POP.TOTL,983734,1010818,1038380,1066405,1094720,1123213,1152015,1181439,1211736,1243016,1275572,1309589,1345135,1382350,1421609,1463495,1508337,1556237,1607175,1661556,1719879,1781985,1846889,1913059,1978399,2040989,2100306,2156900,2212318,2267706,2322539,2376722,2430747,2484789,2538952
"Gambia, The",GMB,GDP per capita (constant 2015 US$),NY.GDP.PCAP.KD,658.711165332156,651.229615381431,646.421031932611,641.918738488002,622.551318791124,609.618491441846,605.40992484126,617.297597679527,621.226058231623,642.873705091153,659.911237641141,679.539755947951,640.03893213613,665.834222326194,693.563314497133,658.676285443081,636.596026908866,637.20930597537,657.675679192228,681.433469086571,701.014524591061,625.464360270983,639.139881889048,638.522368532214,611.879472952196,619.536364296461,615.193365494386,628.777299272925,658.127833258563,682.797642940426,670.758642891251,689.49323955737,710.686979216316,735.612383709511,758.96588872906
"Gambia, The",GMB,Carbon dioxide (CO2) emissions excluding LULUCF per capita (t CO2e/capita),EN.GHG.CO2.PC.CE.AR5,0.116242026138337,0.139550655978996,0.113741312276205,0.114863699284311,0.127686343020764,0.118404224270414,0.119101589814125,0.115020737342677,0.12186026447599,0.123677494863252,0.182944764700869,0.199463415319352,0.201668174131384,0.200049315071966,0.201565152173055,0.199035774250961,0.214426258180175,0.219337242478369,0.215089017147711,0.232016081888532,0.22879328153304,0.233694797417461,0.217513242170943,0.212137920544533,0.223512932149642,0.228812481203886,0.224978971165648,0.223551557965647,0.191821079232149,0.189267206220664,0.167744351248722,0.185403006975905,0.187713116401856,0.17562165357906,0.178370340740612
"Gambia, The",GMB,"Population, total",SP.POP.TOTL,1054696,1099959,1145582,1188365,1227226,1264313,1301410,1338889,1376987,1415779,1455084,1495011,1535691,1577611,1621312,1667037,1715275,1765774,1817852,1871422,1926630,1983784,2043094,2103820,2164528,2224529,2283769,2342189,2399632,2456844,2515733,2576010,2636470,2697845,2759988
Georgia,GEO,GDP per capita (constant 2015 US$),NY.GDP.PCAP.KD,3534.03227732782,2768.81016089293,1513.85017404463,1062.09528080207,966.419596225484,1029.48054628347,1187.123206219,1354.78352202066,1431.79336069224,1503.46298776734,1561.19867638847,1661.83019106421,1768.5970116888,1977.46143338741,2105.00472843799,2321.60084285163,2554.81253503914,2891.13702331846,2970.15858282428,2887.25607935922,3090.06513662318,3362.1030031968,3609.780798626,3806.50600649051,3960.35080091901,4086.6223465965,4225.09154904806,4442.50744127374,4713.65354845303,4975.81148194814,4659.60925318234,5175.19865185825,5736.30449578597,6180.6206023429,6808.07398025981
Georgia,GEO,Carbon dioxide (CO2) emissions excluding LULUCF per capita (t CO2e/capita),EN.GHG.CO2.PC.CE.AR5,7.18256976259892,5.50311214044955,4.29350569405971,3.41058011443465,2.25867004571475,1.8298430005054,1.53623383935566,1.39117724883233,1.29312162978334,1.17598609830867,1.27849706080084,0.966228100876525,0.903226455096939,1.00105371411451,1.09804600569342,1.27593582421795,1.46419894921769,1.70871244130422,1.47617910488095,1.69653622216123,1.66699456914275,2.01914524945287,2.21884676178385,2.46103202330063,2.64568558380433,2.8580432698141,2.95779616660474,2.99648283639181,2.98855589984192,3.20488817553864,3.1000484592432,3.32825506052133,3.62639535278365,3.64859696572424,3.6402736868225
Georgia,GEO,"Population, total",SP.POP.TOTL,4802000,4835900,4873500,4911100,4836076,4657722,4491699,4349913,4243607,4157192,4077131,4014373,3978515,3951736,3927340,3902469,3880347,3860158,3848449,3814419,3786695,3756441,3728874,3717668,3719414,3725276,3727505,3728004,3726549,3720161,3722716,3708610,3712502,3715483,3699557
Germany,DEU,GDP per capita (constant 2015 US$),NY.GDP.PCAP.KD,29763.3124657124,31056.5938822126,31441.9743477578,30932.0193060317,31625.3939679554,32007.145402934,32245.8608379557,32795.7833455165,33477.9856458764,34168.8308210083,35104.1308467844,35618.5143698493,35477.5151544301,35270.0227284267,35687.6378708542,36024.0947047021,37459.261328042,38593.0749910508,39009.8477636357,36940.4078672661,38526.7371042695,40722.4849268242,40834.5088218456,40884.8926759028,41602.4661281668,41929.7549110722,42516.9337063103,43543.4807050551,43905.8550061973,44235.2658954682,42372.8726784255,44011.0194631674,44817.1316331389,44368.9920074881,44027.7631554469
Germany,DEU,Carbon dioxide (CO2) emissions excluding LULUCF per capita (t CO2e/capita),EN.GHG.CO2.PC.CE.AR5,12.7491248004656,12.394338353428,11.6315990809653,11.4510713103297,11.2385555758081,11.1470987474958,11.4674545321347,11.0621677727363,11.0498012759607,10.604888221829,10.5993032021746,10.7525841705381,10.546202837135,10.6369632865784,10.4632650583049,10.2067903422435,10.3846207212787,10.0478127320359,10.1072965484379,9.37864424258525,9.96567124737992,9.81776726131477,9.94745307113612,10.1408601249876,9.61630846170469,9.60884887243027,9.58423383867929,9.36976518940283,9.00657809367265,8.38218043063623,7.72103264767393,8.06128144646434,7.91182860265874,7.07982839106762,6.94395663386317
Germany,DEU,"Population, total",SP.POP.TOTL,79433029,80013896,80624598,81156363,81438348,81678051,81914831,82034771,82047195,82100243,82211508,82349925,82488495,82534176,82516260,82469422,82376451,82266372,82110097,81902307,81776930,80274983,80425823,80645605,80982500,81686611,82348669,82657002,82905782,83092962,83160871,83196078,83177813,83287273,83516593
Ghana,GHA,GDP per capita (constant 2015 US$),NY.GDP.PCAP.KD,855.85250708181,878.63570406594,890.313174799419,910.722897752222,918.428722656692,933.895311664356,954.325387944775,970.995739362631,992.20631798932,1010.88194916348,1022.27520714566,1035.22666053257,1052.46591644399,1077.69990866645,1108.30475353633,1143.31178934301,1185.26570738595,1205.31705804209,1282.63416886747,1311.63053760125,1381.2279503506,1537.81834019283,1640.54072088003,1718.59704769958,1726.36930134647,1722.77282833606,1740.81101902928,1841.44636153249,1915.4532323781,1999.55372220211,1970.19411460398,2030.04866500967,2067.20895910766,2091.8133564595,2167.72691406678
Ghana,GHA,Carbon dioxide (CO2) emissions excluding LULUCF per capita (t CO2e/capita),EN.GHG.CO2.PC.CE.AR5,0.20338886605267,0.1838796982118,0.211759697569116,0.213134570086089,0.22148284106751,0.232444166242265,0.246521919120305,0.253161392224271,0.335514122511322,0.357323686476311,0.306420193585739,0.322486128251954,0.370502978669703,0.338470199967554,0.307147817356431,0.316524627476198,0.375018955585641,0.385855356837638,0.356759557320251,0.398915417913382,0.436820497903925,0.459557752784739,0.541462365829504,0.562243171221352,0.529042716262329,0.543997874552012,0.546382156439567,0.578922122819532,0.621997458350585,0.648665525979844,0.71957907173867,0.753155149511826,0.717599050497581,0.687364126711107,0.702085843566409
Ghana,GHA,"Population, total",SP.POP.TOTL,15394648,15787496,16184855,16589519,16993190,17399017,17810181,18238958,18688036,19149864,19637087,20167069,20729388,21296705,21868298,22449438,23040702,23642279,24249946,24862664,25474995,26095088,26734268,27386193,28041592,28696068,29356742,30008354,30637585,31258945,31887809,32518665,33149152,33787914,34427414
Gibraltar,GIB,GDP per capita (constant 2015 US$),NY.GDP.PCAP.KD,..,..,..,..,..,..,..,..,..,..,..,..,..,..,..,..,..,..,..,..,..,..,..,..,..,..,..,..,..,..,..,..,..,..,..
Gibraltar,GIB,Carbon dioxide (CO2) emissions excluding LULUCF per capita (t CO2e/capita),EN.GHG.CO2.PC.CE.AR5,5.28676470588235,7.54702951892334,8.96644095542823,9.01736239379387,10.5804177833254,10.2969646053256,10.4849565249027,10.7860198680299,11.3273056057866,11.7615195724397,12.3136886932044,12.6550240445457,12.7986777334627,12.8209662587536,13.7140867142608,13.9320371703871,14.3610191254984,14.0571885622875,14.17485943511,15.3035071213055,15.194572452637,14.5041061276058,14.6304911174248,15.4225938840374,16.3746076250267,17.6904769077818,18.1918117535207,18.9750328515112,19.7882595971768,20.2118667943878,17.6761673071075,17.4073471159585,16.9028689941238,16.3551766265499,16.1483892293219
Gibraltar,GIB,"Population, total",SP.POP.TOTL,27200,26898,26878,27070,27239,27377,27487,27582,27650,27692,27709,27657,27831,28274,28715,29163,29594,30006,30413,30823,31248,31660,32029,32407,32813,33193,33658,34245,34854,35494,36173,36858,37609,38471,39329
Greece,GRC,GDP per capita (constant 2015 US$),NY.GDP.PCAP.KD,15438.7937023583,15727.4735434744,15717.04638162,15374.8626265369,15604.0339944242,15857.4161930856,16005.9511569711,16501.0316491318,16973.8293714071,17358.4346978294,18002.9064613985,18742.4235780691,19548.3677447396,20632.2557041942,21688.1050959558,21880.5265835801,23220.5324419197,23973.6936091313,23923.8800731311,22878.1346644397,21547.724178239,19448.255802525,17924.6620496886,17644.8766635021,17903.5252440012,17980.7298238137,18049.928997892,18352.0884461258,18769.0389621976,19216.6759579785,17486.951333323,19232.9683327114,20552.3223279685,21050.8648111581,21494.6856060599
Greece,GRC,Carbon dioxide (CO2) emissions excluding LULUCF per capita (t CO2e/capita),EN.GHG.CO2.PC.CE.AR5,7.64067757781075,7.55205923452753,7.69927207850786,7.60899065668045,7.72502640084269,7.97760645959209,7.94151082120504,7.99168278343111,8.26968197125715,8.2611684512983,8.89024680060945,9.03332789548129,8.99722088251152,9.31960538320124,9.27329917524567,9.43267845080244,9.29067484353055,9.59465620271688,9.19276599113492,8.6627939796977,8.01145293539691,7.75736006243731,7.38387675666416,6.73744445045335,6.51907892218189,6.41834866895798,6.32529541885367,6.35852543809071,6.19923893694163,5.7354129269356,4.89415483279633,5.08222613106168,5.28092585505901,4.92324127436463,5.04642227577271
Greece,GRC,"Population, total",SP.POP.TOTL,10196792,10319927,10399061,10460415,10512922,10562153,10608800,10661259,10720509,10761698,10805808,10862132,10902022,10928070,10955141,10987314,11020362,11048473,11077841,11107017,11121341,11104899,11045011,10965211,10892413,10820883,10775971,10754679,10732882,10721582,10698599,10569207,10436882,10407351,10405134
Greenland,GRL,GDP per capita (constant 2015 US$),NY.GDP.PCAP.KD,26805.5496974442,26823.378375534,25544.2992633194,24303.8982888635,25604.5956883247,26416.5165028368,26772.6138141762,27117.3732945796,29169.0465812684,29570.9623369365,31623.0591501943,31914.1710964481,31483.6074780094,32787.9680355213,34961.9356097257,36681.8055890619,38828.8524943222,39896.875364094,42527.6668469766,42899.7441985862,43481.5161087805,42994.8790874739,43655.7004664255,43338.3839246907,45545.1429414917,44536.3549705377,46561.7831434013,46597.9452470348,47012.9860350276,48170.7896955512,48169.9406957389,48709.9339758895,49679.3365414895,49929.7755428605,..
Greenland,GRL,Carbon dioxide (CO2) emissions excluding LULUCF per capita (t CO2e/capita),EN.GHG.CO2.PC.CE.AR5,0.0197841726618705,0.0216216216216216,0.0216998191681736,0.0217391304347826,0.0216216216216216,0.021505376344086,0.0232558139534884,0.0232142857142857,0.0231729055258467,0.0231729055258467,0.0231378481801192,0.0248319409709289,0.0247371675943105,0.0246691688252189,10.6137298323315,10.728023184333,11.001321003963,10.8796746529927,11.2253231075131,9.77220673614687,11.3701489369229,12.0038671119705,9.48600598486182,9.51436715471912,8.54072297717382,9.24546458994191,9.18200263410814,8.95641956846828,9.0730592792246,9.31791907514451,9.35831248780315,9.67998164263146,10.4198655159634,10.2857645300273,10.4528819762123
Greenland,GRL,"Population, total",SP.POP.TOTL,55600,55500,55300,55200,55500,55800,55900,56000,56100,56100,56185,56379,56595,56751,56898,56935,56775,56555,56328,56323,56534,56890,56810,56483,56295,56114,56186,56172,56023,56225,56367,56653,56661,56865,56836
Grenada,GRD,GDP per capita (constant 2015 US$),NY.GDP.PCAP.KD,5102.69172981553,5130.48257478522,5046.3110720505,4909.77076444883,4956.32245138997,5026.24215573734,5213.43103712383,5438.0445822801,6036.15899808614,6409.14591451052,6677.1265230922,6509.51660313374,6707.36873532777,7309.78547094579,7233.29494434962,8162.91232124727,7808.24358323434,8257.36225682689,8307.49221491819,7733.12990600058,7670.71165827663,7695.37616017287,7559.5628483956,7688.75297701343,8206.62862112333,8694.12438005692,8983.68397337899,9357.40728883583,9744.16919577204,9785.56040240592,8413.28335500372,8782.32193426078,9406.19337643226,9817.86383583917,10196.0049872434
Grenada,GRD,Carbon dioxide (CO2) emissions excluding LULUCF per capita (t CO2e/capita),EN.GHG.CO2.PC.CE.AR5,0.509218964154586,0.506979651364678,0.52065904214484,0.58115684397648,0.673854447439353,0.601719473567667,0.637764858869425,0.863305252960786,0.748049693893915,0.752386931142073,0.53419698281077,0.539879800346338,0.584849267554703,0.639212372800411,0.607374477465858,0.649753039167441,0.738184954828165,0.818841497620383,0.891826576251623,0.955471263954555,1.06464968723675,0.819957351510988,0.843272001773443,1.08029994624935,0.963796306031612,1.02113781436395,1.10831234256927,1.10882031913235,1.24037306272744,1.55542718203844,1.3202568312117,1.37803373097491,1.44894066528102,1.45113212220599,1.50076360626925
Grenada,GRD,"Population, total",SP.POP.TOTL,99957,100793,101602,102382,103138,103869,104584,105293,106009,106727,107451,107987,108404,108884,109323,109734,110135,110522,110896,111254,111586,112079,112775,113487,114132,114676,115130,115438,115691,115981,116341,116688,116913,117081,117207
Guam,GUM,GDP per capita (constant 2015 US$),NY.GDP.PCAP.KD,..,..,..,..,..,..,..,..,..,..,..,..,29576.221681311,29685.9531745657,31483.8141949558,32520.3729565352,31242.462900947,31385.0475162113,31941.2706025874,31988.7229358255,32644.1484056205,32665.3787483379,33404.9317636913,34044.3190415455,34755.2691107298,35165.7014644795,35373.8483143417,35850.9025520506,35731.2203743081,36830.1264410973,32884.8852646787,33239.4846327875,34627.9862781837,..,..
Guam,GUM,Carbon dioxide (CO2) emissions excluding LULUCF per capita (t CO2e/capita),EN.GHG.CO2.PC.CE.AR5,0.00144289733785441,0.00141770572682228,0.00139476822439031,0.00137311711315858,0.00135255768658533,0.00133285350607115,0.00131432814830879,0.00129689070453588,0.00192015975729181,0.00189526751701003,0.00187423859057258,0.00185955407893187,0.00184825801681915,0.00183894518104415,0.001831390025029,0.00182520609618836,0.00121330510376792,0.00181524442266151,0.00181057739313067,0.00180534743911466,0.00180156375734137,0.00180133659175108,0.001803632515887,0.0018075991468132,0.00120856144930689,0.00121281950213759,0.00182667308031882,0.00183497461618448,0.00184412247432059,0.00247206565806388,0.0024667299794028,0.00183228485921945,0.00181620050853614,0.00180173687434687,0.00178808775934723
Guam,GUM,"Population, total",SP.POP.TOTL,138610,141073,143393,145654,147868,150054,152169,154215,156237,158289,160065,161329,162315,163137,163810,164365,164839,165267,165693,166173,166522,166543,166331,165966,165486,164905,164233,163490,162679,161808,162158,163730,165180,166506,167777
Guatemala,GTM,GDP per capita (constant 2015 US$),NY.GDP.PCAP.KD,2741.53813375037,2765.88213482886,2823.67212991373,2857.29628943939,2894.43116818061,2958.34840487622,2967.99357852543,3019.28723341593,3089.97595220047,3129.12077244858,3165.9323746889,3166.20351297452,3213.26837369582,3222.15468293683,3250.20406037693,3284.80971612832,3388.15003339926,3527.7782721364,3569.92861121538,3516.19227725255,3546.6258162259,3621.37409769184,3655.57315791242,3717.30462628413,3809.61587570091,3893.50533299068,3924.77894837098,3972.74057836068,4040.2121371198,4139.12203836307,4005.83911593999,4268.62858565412,4385.14891178047,4470.70728455461,4563.09590652717
Guatemala,GTM,Carbon dioxide (CO2) emissions excluding LULUCF per capita (t CO2e/capita),EN.GHG.CO2.PC.CE.AR5,0.434282391368736,0.446898081484083,0.510204188792878,0.5509337089117,0.579795251121149,0.658819221882758,0.630149158229497,0.64214017005727,0.781208970706459,0.756835024881894,0.827443802109015,0.849690152122634,0.868651411396258,0.848429989776336,0.846049807759606,0.898994004185174,0.892331145358291,0.930212627563353,0.829648772236357,0.858176268329233,0.812345449469632,0.820889438069957,0.833631164466604,0.87963888748261,0.926919710682339,1.06172507283645,1.10787792062825,1.02957279184604,1.11243324329049,1.14962736649855,1.01505848395418,1.14808238131902,1.06185178214753,1.11051475329048,1.1066501528086
Guatemala,GTM,"Population, total",SP.POP.TOTL,9024773,9272584,9522266,9779761,10043718,10312996,10583526,10857754,11139145,11422965,11697592,11969422,12246915,12525842,12807402,13087629,13367459,13652040,13935174,14215611,14500112,14792126,15089647,15387337,15681725,15971743,16268760,16567357,16845685,17103803,17357325,17598650,17847877,18124838,18406359
Guinea,GIN,GDP per capita (constant 2015 US$),NY.GDP.PCAP.KD,548.371534819426,540.622747465388,540.768238017649,551.006742654772,555.962782286148,565.553359749505,574.302865750492,591.77353015526,601.907993085373,611.007685844967,614.137235083638,628.320554864936,650.554963973291,644.071217908894,645.182843390689,651.359606871604,645.472001923653,673.698997420626,684.775780377366,660.756701330284,675.736917327708,696.199991395571,719.505916794546,729.833143236326,738.272274481308,747.356966759448,807.236421043888,867.907502577607,899.907328045175,926.42221954853,945.570903389665,973.646890096159,987.502501465337,1016.88094800324,1045.92207475817
Guinea,GIN,Carbon dioxide (CO2) emissions excluding LULUCF per capita (t CO2e/capita),EN.GHG.CO2.PC.CE.AR5,0.14717826473873,0.137819489616951,0.119432497498686,0.119315219024443,0.11767017144883,0.116625309188139,0.117271029023679,0.115465550087816,0.11776802495425,0.120494274555866,0.173226848037783,0.184473931962211,0.195755946519199,0.202721722021996,0.201970135696478,0.189522990005023,0.196659927036593,0.200760048274315,0.208306604693263,0.215694056923356,0.241465874753248,0.248995712600675,0.229920924452238,0.20281681180621,0.206869669841795,0.243671534205201,0.267497057490953,0.264023093159597,0.294495596694597,0.369331917381969,0.403359971963588,0.370350839534597,0.371451377528373,0.348923061715176,0.352794025802477
Guinea,GIN,"Population, total",SP.POP.TOTL,6434374,6697166,6914366,7128177,7345107,7553249,7770035,7931370,8081990,8265123,8428832,8539960,8674066,8870781,9062726,9245844,9441171,9662281,9898870,10143534,10396086,10656810,10921581,11191873,11472924,11767070,12073030,12385659,12704774,13034346,13371183,13710513,14055137,14405468,14754785
Guinea-Bissau,GNB,GDP per capita (constant 2015 US$),NY.GDP.PCAP.KD,569.169670374215,585.58551396824,574.852002556155,567.860072938098,568.168871993007,578.381849917403,632.160906920913,660.537774707954,502.81554020706,576.330795296558,571.094015178625,585.837980688333,594.040535151552,579.092506821836,572.526464627294,595.94255560187,597.257151722046,597.482020935948,608.958620496925,608.202131879882,625.904027290582,658.953470528116,630.66862302825,634.095456089352,623.610159103365,645.066837207039,663.242608032005,677.466131311367,686.456819839526,706.298562874985,710.275129060129,729.627090607537,752.901123263165,779.085789155531,793.692157673779
Guinea-Bissau,GNB,Carbon dioxide (CO2) emissions excluding LULUCF per capita (t CO2e/capita),EN.GHG.CO2.PC.CE.AR5,0.173570279016791,0.213846430715063,0.185580013198536,0.192869860070177,0.186350021199032,0.186794220093951,0.180667841386578,0.184634655890592,0.185435795171764,0.189802397277819,0.16286816425469,0.167687725020674,0.17319381652314,0.200560203699407,0.199842467524673,0.199263888939153,0.204267213451819,0.211787019309628,0.195960630460991,0.202505671927709,0.200338749970473,0.19800059201182,0.193894092164487,0.194283753338054,0.195965590004606,0.202915603342258,0.206780636205281,0.163339498964344,0.183438700467389,0.181227181434531,0.167042923027634,0.16319861514318,0.163331875267451,0.152925294159443,0.155449923501557
Guinea-Bissau,GNB,"Population, total",SP.POP.TOTL,973669,994639,1024356,1058745,1092031,1119949,1143535,1165545,1187473,1210206,1234741,1261273,1289307,1318806,1349563,1381585,1415303,1450986,1488054,1526377,1566347,1608076,1651417,1695973,1741122,1786457,1831893,1877072,1922168,1967696,2013255,2058841,2105529,2153339,2201352
Guyana,GUY,GDP per capita (constant 2015 US$),NY.GDP.PCAP.KD,2377.21795364949,2528.08038811696,2716.75893023455,2926.93693707006,3164.66777875426,3312.64996890674,3566.13499360957,3778.00652865741,3708.04637110615,3813.33057565798,3759.60789699989,3847.09461851367,3894.87107415198,3873.04123684261,3937.11435304522,3867.93308158647,4076.77981715707,4382.10449666813,4472.34517889699,4649.34144792756,4860.09110980566,5133.89539813637,5403.79899428921,5573.3421790463,5635.71704117947,5640.41560569466,5818.61682204646,5997.18271426826,6080.90612132746,6278.63054079553,9010.61000469878,10711.9973374148,17365.3336428642,23101.3538282741,33034.9576389333
Guyana,GUY,Carbon dioxide (CO2) emissions excluding LULUCF per capita (t CO2e/capita),EN.GHG.CO2.PC.CE.AR5,1.56515454184191,1.53223660546545,1.443504629216,1.44601674712636,1.87200160884441,2.02060159179734,2.07987629614241,2.26173999173494,2.29103205139958,2.27290861928911,2.17315698087946,2.1525827461127,2.12623027242775,2.12252375504684,2.19499014976037,1.94949757791288,1.75844504233391,2.12324323752974,2.12760036363347,2.1659526601728,2.35059846033932,2.45713680706236,2.68341444589756,2.63645951246698,2.73802784035087,2.73412223026143,3.21708654858634,3.21257965409595,3.26041366624724,3.45861217212582,4.12368835923074,4.07256076774227,4.48373186699236,4.52651590785052,4.55860818422139
Guyana,GUY,"Population, total",SP.POP.TOTL,749894,747861,749911,752965,755822,758388,760526,762245,763586,764483,764832,764477,763652,763101,762418,760914,758966,756861,754606,752094,749256,746153,746288,750021,754229,758781,763548,768479,791556,807665,807481,815482,821637,826353,831087
Haiti,HTI,GDP per capita (constant 2015 US$),NY.GDP.PCAP.KD,1627.31264525633,1624.49598864977,1507.81872889823,1398.25464638175,1207.6605445003,1302.13491168553,1330.54039885269,1340.99702096807,1344.9390395747,1356.11344556059,1342.89490450523,1314.11419693969,1304.5293810385,1326.47161042212,1286.90282128221,1304.33303731231,1305.03813815611,1343.61111422048,1356.53400140048,1412.89653523429,1317.58389339746,1369.16921255852,1354.88546124499,1392.38204736859,1411.76834802154,1411.12684746796,1416.74881879698,1432.67228609541,1437.35251928349,1394.42114071112,1331.69778506932,1292.71954963551,1256.72143592448,1219.11871645847,1154.87300909888
Haiti,HTI,Carbon dioxide (CO2) emissions excluding LULUCF per capita (t CO2e/capita),EN.GHG.CO2.PC.CE.AR5,0.166548957092198,0.15926066228763,0.145251830325796,0.120565839184269,0.0558238252905649,0.148970994688826,0.166148625303712,0.190430767969333,0.191536192242503,0.196655844665683,0.20415141191579,0.204353921123644,0.226717169082679,0.221166605326629,0.200981721863878,0.201859054461774,0.200877507252704,0.232981013295643,0.226980515958095,0.219132282396937,0.26510476988653,0.296967070987273,0.273948632992746,0.291263408593826,0.311214389725095,0.332026955191185,0.335286924737644,0.331556809297013,0.32453772280098,0.323714293972993,0.306345301003713,0.299641674870628,0.294629353613119,0.290485897277037,0.298473814991934
Haiti,HTI,"Population, total",SP.POP.TOTL,6854441,6995450,7136571,7278181,7419771,7562546,7707557,7854298,8002143,8151296,8303151,8455918,8607641,8759912,8910263,9061273,9216562,9373296,9530774,9689581,9803294,9914904,10069771,10222362,10373235,10523242,10671457,10817754,10962362,11105163,11243848,11374586,11503606,11637398,11772557
Honduras,HND,GDP per capita (constant 2015 US$),NY.GDP.PCAP.KD,457.981040092588,561.125591834347,594.689001241267,656.86982773363,823.791676020234,998.356565121201,1193.38830826361,1420.73109649805,1543.75794763324,1677.77949120879,1789.47798512637,1789.18816032117,1807.97305547292,1842.29750018813,1908.90950050464,1975.85647913236,2056.53491469231,2134.19540639485,2175.14709403064,2076.30859895638,2108.47314459603,2144.56265540491,2188.39378817891,2205.40126728067,2229.24772232218,2271.20265980349,2315.72983058198,2383.37398439714,2430.13503657762,2447.61649282181,2189.43168668222,2423.76634916911,2482.22384904714,2527.27366333188,2573.37159995648
Honduras,HND,Carbon dioxide (CO2) emissions excluding LULUCF per capita (t CO2e/capita),EN.GHG.CO2.PC.CE.AR5,0.473929462333811,0.463992293207843,0.507338519654341,0.517014800537464,0.57384139279135,0.658926688220875,0.678951766900623,0.67822304179526,0.764801150257337,0.754851641201582,0.760181295401954,0.871087022434027,0.896055100701715,0.966806302887693,1.07270947201765,0.948804917659031,1.06403013674585,1.10621869255595,1.08143599564036,0.997594720032567,0.95425728178202,1.11128244992174,1.13935896829815,1.13847266335916,1.09616752372968,1.17120740302502,1.03396802934008,0.974871343619725,0.922263832523827,1.02100509944404,0.91129723982276,1.00784489455025,1.01020922274279,1.11312971877201,1.13551979026212
Honduras,HND,"Population, total",SP.POP.TOTL,4980488,5123792,5271431,5423249,5579242,5739637,5903954,6071454,6234431,6400463,6577773,6757993,6938859,7119213,7298994,7478355,7656832,7834798,8012587,8189899,8365878,8540583,8715076,8889278,9063122,9237305,9412380,9588137,9765210,9943633,10119640,10289877,10463872,10644851,10825703
"Hong Kong SAR, China",HKG,GDP per capita (constant 2015 US$),NY.GDP.PCAP.KD,21357.261954163,22388.6218309583,23585.6725886113,24621.6526581433,25526.4430507368,25620.0249332016,25551.3664004759,26631.7937071384,24856.7648070417,25237.6579989129,26933.2377453994,26885.4284833926,27210.0693480769,28097.108881817,30304.3126863152,32401.3907659685,34458.0498746756,36371.6859370268,36924.0883854556,35938.5902369431,38090.0213994329,39656.3392885062,39887.8339456509,40959.9813033996,41796.8681867763,42432.1619740441,43087.5455578429,44380.8100340362,45280.5079891951,44195.2768644431,41451.2981131333,44530.9262090583,43281.6852291306,43550.6298747786,44712.7654725532
"Hong Kong SAR, China",HKG,Carbon dioxide (CO2) emissions excluding LULUCF per capita (t CO2e/capita),EN.GHG.CO2.PC.CE.AR5,6.14327285476378,6.69278511821975,7.49809499181105,7.53496017624131,6.31918348411042,6.27467065187375,5.60891927589154,5.30257500809024,6.50592172624051,6.89319609475517,6.28672168042011,6.23399311916358,6.07216678281757,6.61398347893267,6.00745927618486,6.3120706863148,6.18806784209068,6.42411404941949,6.19885596021731,6.47451525929325,6.01174510976339,6.38924712936252,6.24424833219116,6.43354831520149,6.57781312677225,6.06825943247432,6.14445383420113,5.96964778445058,5.91190993747149,5.79498927796055,4.55312124047587,4.65895509301102,4.37404881501749,4.52746115364711,4.60070971943488
"Hong Kong SAR, China",HKG,"Population, total",SP.POP.TOTL,5704500,5752000,5800500,5901000,6035400,6156100,6435500,6489300,6543700,6606500,6665000,6714300,6744100,6730800,6783500,6813200,6857100,6916300,6957800,6972800,7024200,7071600,7150100,7178900,7229500,7291300,7336600,7393200,7452600,7507900,7481000,7413100,7346100,7536100,7524100
Hungary,HUN,GDP per capita (constant 2015 US$),NY.GDP.PCAP.KD,8646.44754431988,7618.64029551674,7388.08229422743,7353.90020686221,7581.00102233039,7704.6409020455,7725.69980358198,7971.80554914825,8297.85419511945,8578.19506388065,8979.73578602949,9365.95393193015,9836.94065083321,10253.723920764,10786.4881991495,11272.7345428122,11734.4544729813,11791.7074416876,11929.7209867703,11142.885928524,11287.3686666108,11536.3578996772,11440.7622718825,11729.5720798501,12287.3779441033,12782.9412577973,13145.6559885563,13734.2442804335,14533.7783144312,15290.8085466331,14664.2971195385,15787.9535427563,16487.7973935944,16375.0462724192,16518.6369936397
Hungary,HUN,Carbon dioxide (CO2) emissions excluding LULUCF per capita (t CO2e/capita),EN.GHG.CO2.PC.CE.AR5,6.97179329684977,6.59683421057705,5.95205616248901,6.05480673323149,6.03863059906578,6.03809771840644,6.16753293833388,6.05455369163322,6.05920964840253,6.11620185728393,5.82337370265766,5.9881860022443,5.90458850267675,6.18793407645274,6.01747516064377,6.06869292504807,6.02496979060446,5.88170186698595,5.76183669801761,5.15845609694043,5.23461796037869,5.15825393134008,4.80352430687509,4.5374057479924,4.55934371452648,4.85223400666785,4.94531881179394,5.2571073027842,5.28069332491601,5.31240175169761,5.13443109342005,5.29398400902426,4.95293425120931,4.48048025757632,4.45791782423566
Hungary,HUN,"Population, total",SP.POP.TOTL,10373988,10373400,10369341,10357523,10343355,10328965,10311238,10290486,10266570,10237530,10210971,10187576,10158608,10129552,10107146,10087065,10071370,10055780,10038188,10022650,10000023,9971727,9920362,9872734,9833038,9797755,9759755,9726756,9706964,9694824,9670419,9630932,9605074,9592186,9562065
Iceland,ISL,GDP per capita (constant 2015 US$),NY.GDP.PCAP.KD,37302.8060328139,36790.4868219112,35105.2870077472,35206.5664577253,36162.2911245914,36008.5846233014,37425.5142720925,38657.2763868107,40926.7158141627,42010.937618333,43472.3369863945,44545.9822640262,44389.5560505836,45088.9225976672,48101.7116286153,50674.4411254865,52306.1284689188,55457.3601417561,55360.8136015347,50581.0846203691,49528.4864575422,50058.8302502676,50375.4116888351,51696.0876528983,52102.5757919438,53505.6964079339,56049.2928648152,56657.9800285572,57731.6523401884,57118.8452718755,52464.3072858637,54285.0209153958,57606.8756094882,60019.4084189868,59307.1777759714
Iceland,ISL,Carbon dioxide (CO2) emissions excluding LULUCF per capita (t CO2e/capita),EN.GHG.CO2.PC.CE.AR5,9.18116675692433,8.88877682827962,8.83331992629962,9.12655227983695,9.47556771833803,9.12408213318976,10.072290231894,9.68066743383199,9.88224647596945,9.88171504176566,10.1434896250067,10.3787091884001,10.8822598539943,10.7073407455763,10.8729294630813,10.5394056629844,10.6711391721695,11.1536560471939,11.9081073928686,12.0169922040572,11.7481708333202,11.2966829041986,11.3655071776899,11.4608171384095,10.5804768682839,10.9704819914454,9.4768348343514,9.69685497961561,9.34052693205111,8.81066554249882,8.38201946717677,8.49269837861054,8.48003811488391,8.34925829026897,8.5199194837855
Iceland,ISL,"Population, total",SP.POP.TOTL,254826,257797,261057,263725,266021,267468,268916,271128,274047,277381,281205,284968,287523,289521,292074,296734,303782,311566,317414,318499,318041,319014,320716,323764,327386,330815,335439,343400,352721,360563,366463,372520,382003,385663,386506
India,IND,GDP per capita (constant 2015 US$),NY.GDP.PCAP.KD,537.870269533789,531.898397841583,549.235069966802,563.372872328964,588.727892188017,620.699954330379,654.355928429641,667.598423095039,695.293709344799,742.53920839445,756.704109527449,778.507377528365,793.615912906381,841.278894571674,892.596614581612,947.732565646672,1008.23275343783,1069.24696813025,1086.50605251513,1155.10163274172,1235.15939133951,1281.61054354933,1333.09626557668,1399.4537980287,1484.31640682913,1583.99815907985,1694.46534973825,1788.69770318446,1883.35772705062,1936.03067741067,1806.50110583878,1965.30943437506,2098.2112447615,2270.9051808027,2396.94999213544
India,IND,Carbon dioxide (CO2) emissions excluding LULUCF per capita (t CO2e/capita),EN.GHG.CO2.PC.CE.AR5,0.694451434874462,0.731259551121608,0.741625955705735,0.758847464560969,0.790350655307367,0.829370336496271,0.850777408846526,0.878441939789039,0.884093818156602,0.926189927757172,0.942309744278839,0.939789720011458,0.957620477500199,0.969744882653011,1.02822643182898,1.05460489385527,1.10810989189174,1.18862350046436,1.25815998206335,1.32284533301467,1.39129863287623,1.46337391608571,1.57607553513255,1.59945855716817,1.70517686000076,1.71550269097521,1.7202923565219,1.79545339877531,1.85989309419052,1.83688223212799,1.68040016064392,1.83702951699406,1.96929618962877,2.09622858892568,2.17365173535787
India,IND,"Population, total",SP.POP.TOTL,864972221,883927600,902957070,922118387,941163767,960301044,979678458,999133762,1018665080,1038225823,1057922733,1077898575,1097600380,1116803006,1135991513,1154676322,1172878890,1190676021,1207930964,1225524753,1243481564,1261224954,1278674502,1295829511,1312277191,1328024498,1343944296,1359657400,1374659064,1389030312,1402617695,1414203896,1425423212,1438069596,1450935791
Indonesia,IDN,GDP per capita (constant 2015 US$),NY.GDP.PCAP.KD,1470.91822258528,1544.99580894527,1617.10954872218,1693.1074260189,1790.32729962455,1905.54236111238,2020.99148132509,2081.8416693962,1780.20049544892,1767.51466729756,1828.10265968361,1868.59172307292,1926.37435868149,1991.91820506473,2065.70617470842,2155.4478015921,2244.0802226202,2355.1528565328,2464.60193418272,2546.21969707767,2670.8129098953,2799.62468790318,2930.518445323,3055.24246006469,3170.72103011429,3288.22269725538,3416.81005170972,3553.51999262321,3701.32155461912,3850.90321738979,3739.44906563161,3850.68877253903,4024.91225288391,4192.65167890692,4367.86266621191
Indonesia,IDN,Carbon dioxide (CO2) emissions excluding LULUCF per capita (t CO2e/capita),EN.GHG.CO2.PC.CE.AR5,0.881568022007149,0.935115899315851,0.960580949194518,1.03386113298326,1.08217875668769,1.1961645112194,1.24016834521671,1.33400750120699,1.32606233289908,1.38611985724181,1.38408579613851,1.45853518944239,1.46310550665851,1.57132250644049,1.58011931285841,1.57055662745946,1.63888306289882,1.69488500402322,1.6541425247205,1.69126327047376,1.80134962735397,2.00399300866727,1.9954892890649,1.85640226795234,1.95102470107868,1.95721455259026,1.91626591013332,2.00394276108737,2.20953925241911,2.33979466524606,2.16976580881181,2.24993200107532,2.5918955237502,2.74747187282401,2.86503978188758
Indonesia,IDN,"Population, total",SP.POP.TOTL,183501098,186778238,190043744,193305168,196591828,199888057,203204348,206536095,209826788,213004668,216077790,219097902,222088495,225048008,227926649,230871650,233951652,237062337,240157903,243220028,246305322,249470032,252698525,255852467,258877399,261799249,264627418,267346658,269951846,272489381,274814866,276758053,278830529,281190067,283487931
"Iran, Islamic Rep.",IRN,GDP per capita (constant 2015 US$),NY.GDP.PCAP.KD,3222.20102704479,3534.65396417255,3579.73221786246,3514.51966574661,3448.25956881527,3492.17204969482,3674.0326860276,3679.27534912962,3704.56563043092,3725.31745828772,3885.30183360649,3917.29935489016,4198.95356080727,4511.43134034458,4607.45169088209,4650.35841490708,4778.7934584732,5084.71796043623,5035.94008533618,5023.89314362941,5249.06133369759,5321.75870744453,5058.64637811835,4916.97291948475,5093.20319702187,4952.73355532178,5312.61724954192,5395.2398398598,5127.22495367018,4952.45669081078,5132.82430762118,5300.62271961895,5465.31447539413,5687.84396330117,5834.44296939863
"Iran, Islamic Rep.",IRN,Carbon dioxide (CO2) emissions excluding LULUCF per capita (t CO2e/capita),EN.GHG.CO2.PC.CE.AR5,3.57099300220356,3.8379476356275,3.99649698358174,3.96247981977196,4.51152149073713,4.55537042207171,4.6780982581467,4.82861483278707,4.75902620927922,5.1318541285818,5.32891818848676,5.45816095459282,5.65089777632155,5.89791758943739,6.19124691935171,6.52930513401687,6.89507643037261,7.21864993317663,7.35172418688277,7.49713453135765,7.44954181717631,7.47503068180157,7.46470417628295,7.61840318570665,7.8101095500119,7.61916074830014,7.66363471449536,7.83730730212281,7.68073939665899,8.18571981543646,8.38853190019001,8.86620624375505,8.84742330027555,9.00722487961339,9.05329342087712
"Iran, Islamic Rep.",IRN,"Population, total",SP.POP.TOTL,58380092,59986931,61184983,61403543,61520598,62205567,62881300,63639638,64519859,65445391,66418659,67452005,68011317,68769340,70256316,71828455,73392747,74602648,75514204,76457825,77420842,78383598,79370580,80414686,81502045,82619362,83812228,85026754,86117998,87051648,87723443,88455488,89524246,90608707,91567738
Iraq,IRQ,GDP per capita (constant 2015 US$),NY.GDP.PCAP.KD,3526.57925126853,1254.6305738573,1615.03903542829,2005.56353163967,1985.79691950751,1961.09255088401,2108.82328338078,2478.84310444448,3242.95733892163,3691.74051342002,4172.78025105244,4116.09405320279,3660.92527507177,2250.06990123369,3354.26588756715,3310.86344473993,3471.98744698568,3565.58054079041,3781.78001712762,3768.17284328983,3881.94327045302,4030.01686860986,4387.90469058707,4504.82687537354,4446.97343234862,4440.14189252367,4932.9272911439,4736.32710809857,4749.00921836896,4898.14897652265,4213.99843766061,4182.5006404573,4412.99733146512,4337.08705324182,4180.29619477317
Iraq,IRQ,Carbon dioxide (CO2) emissions excluding LULUCF per capita (t CO2e/capita),EN.GHG.CO2.PC.CE.AR5,3.94992812210948,3.06467747152585,4.14047548077698,5.21692009273381,5.45956572473609,5.23867921900944,4.68179141179279,5.46166401665035,4.11929979021953,3.1435540424361,3.6362101364327,3.99450111596867,3.65491643857998,3.09254764611228,3.27515771880636,3.07089535110651,2.96556027175217,2.76243609599133,3.12972584066376,3.22209515764181,3.59130892513878,3.60389826022629,3.95321422100273,4.09302888224357,3.78352330429891,3.67151586099612,4.03030161950881,4.25410677734214,4.4937314270853,4.70108992313127,4.3658386045124,4.6367351965098,5.04369459778254,5.16873911194444,5.18375227496016
Iraq,IRQ,"Population, total",SP.POP.TOTL,17581206,17767253,18300845,19201195,20139807,20825860,21501321,22176593,22884399,23636527,24424056,25197840,26006559,26802659,27577878,28407448,28616515,28391607,28971036,30058206,31045366,32161424,33654842,35281989,36550059,37560535,38469627,39337353,40265624,41192171,42116605,43071211,44070551,45074049,46042015
Ireland,IRL,GDP per capita (constant 2015 US$),NY.GDP.PCAP.KD,23456.999356198,23772.5663058612,24400.3064402451,24932.3770542724,26263.7091752353,28646.8176219898,30518.4039336362,33543.9942975657,36105.9184837456,39460.4758655009,42599.4803921319,44151.1536032557,45974.4881988842,46594.8620267616,48856.3238587396,50547.2123729763,51656.8194855887,52849.6948429458,49461.1594281353,46466.3794269222,46991.6464673949,47539.9181739968,47147.1604669421,47928.0346487005,52044.6201181887,64250.1385181257,64205.979777351,69748.6221034014,74029.0550611436,76485.635854651,80927.936475395,92781.2322150786,97793.5366671697,93541.9643678381,94474.9879707069
Ireland,IRL,Carbon dioxide (CO2) emissions excluding LULUCF per capita (t CO2e/capita),EN.GHG.CO2.PC.CE.AR5,9.20302768318718,9.30167348803914,9.20824633335488,9.227877942913,9.5308693828463,9.63979848377914,9.92635071793617,10.169151081972,10.7156632269381,10.978175587104,11.5177387420391,11.9109688656404,11.4404136169689,11.1268025365061,11.0536619018628,11.3160512452902,11.1588123430623,10.6718615521641,10.3087084122575,9.0783011327619,8.97445371922665,8.10989492769128,8.17522126702863,7.8579683966663,7.75893459059544,8.00687883789665,8.29636917712182,7.92618041220563,7.76337876800063,7.30821291296457,6.80456776897729,7.11906758228265,6.84581291258731,6.1870780177041,6.03605774131313
Ireland,IRL,"Population, total",SP.POP.TOTL,3513974,3534235,3558430,3576261,3590386,3608841,3637510,3674171,3712696,3754786,3805174,3866243,3931947,3996521,4070262,4159914,4273591,4398942,4489544,4535375,4560155,4580084,4599533,4623816,4657740,4701957,4762722,4827445,4898022,4976456,5039747,5110585,5212836,5311538,5395790
Isle of Man,IMN,GDP per capita (constant 2015 US$),NY.GDP.PCAP.KD,28042.4441205102,28128.4485818915,28133.8324364624,28694.4160940259,29676.1422111499,30802.8930909929,32928.8324560471,35337.9128286621,39591.5712572814,44456.4562710624,46274.9709691403,48252.7638498277,50714.5824703383,53224.3527757804,55464.0220993356,58201.5990838178,62075.7601604994,66029.9755907183,68520.6825624937,69192.0258221691,70747.8417587183,71727.5055082703,77009.2978612012,80383.8273088527,84778.5806639347,84753.5187422732,90783.7647245394,93200.3108083857,95040.4061748938,95110.1385990737,86595.0676099275,89873.5420093569,86103.3379308107,..,..
Isle of Man,IMN,Carbon dioxide (CO2) emissions excluding LULUCF per capita (t CO2e/capita),EN.GHG.CO2.PC.CE.AR5,..,..,..,..,..,..,..,..,..,..,..,..,..,..,..,..,..,..,..,..,..,..,..,..,..,..,..,..,..,..,..,..,..,..,..
Isle of Man,IMN,"Population, total",SP.POP.TOTL,68916,69808,70353,70772,71168,71513,72047,72909,73861,74790,75659,76476,77275,78049,78792,79516,80294,81147,82029,82939,83873,84382,84335,84141,83892,83593,83466,83609,83805,83957,84064,84106,84132,84165,84160
Israel,ISR,GDP per capita (constant 2015 US$),NY.GDP.PCAP.KD,22395.1118825784,22716.5668753642,23647.7824286474,23975.4686313192,25097.9901268886,26050.7265906943,26859.877460854,27143.4560040151,27620.6563115809,27814.0260563783,29413.4894578106,28808.1300136037,28195.8676389139,28092.6176251486,28883.247588548,29623.7172812577,30734.9619835354,32103.1628576567,32554.0413211945,32178.5727387015,33344.7213294093,34540.6749784398,34738.6587001,35489.5086561247,36129.3146105805,36213.1041481958,37093.7879065422,37963.0491190696,38729.6426036983,39407.2016076709,37935.5432717179,40804.9689802536,42516.3888090274,42011.6213954855,41845.1660567523
Israel,ISR,Carbon dioxide (CO2) emissions excluding LULUCF per capita (t CO2e/capita),EN.GHG.CO2.PC.CE.AR5,7.55858369098712,7.24833299656496,7.49711106773375,8.00551226002661,8.34984256343767,8.69139765554554,9.00643007730148,9.07027073337903,8.96062636074359,8.97057959183674,9.42660200349817,9.19913029973598,9.51086757990868,9.6043768778869,9.4006168306653,8.92812513527943,9.22039497001574,9.38933998133731,9.27417633537653,8.95687720423213,9.43716879164699,9.16057585825028,9.80845711396245,8.47298219492524,8.02420974475699,8.11347119962769,7.90452843435525,7.78383620442312,7.14844418426622,7.21388336646786,6.66216318867945,6.50617837249504,6.65826837562124,6.14077571327038,5.78134023099134
Israel,ISR,"Population, total",SP.POP.TOTL,4660000,4949000,5123000,5261000,5399000,5545000,5692000,5836000,5971000,6125000,6289000,6439000,6570000,6689700,6809000,6930100,7053700,7180100,7308800,7485600,7623600,7765800,7910500,8059500,8215700,8380100,8546000,8713300,8882800,9054000,9215100,9371400,9557500,9849000,9974400
Italy,ITA,GDP per capita (constant 2015 US$),NY.GDP.PCAP.KD,27625.1792306413,28030.7653841073,28245.4271054692,27987.4328969281,28583.6255328648,29408.3209572297,29795.6597750915,30353.3778243995,30892.1758654455,31405.2609007683,32609.66746283,33243.599343976,33267.4474482048,33110.1698494812,33348.9744820456,33407.6754716472,33873.0493680093,34159.9109244074,33550.6340800063,31587.0638416305,31928.5543621096,32039.5032494316,30953.4147447427,30330.0221599668,30325.0287793923,30639.8829751432,31077.6792675211,31635.52277108,31819.3971830067,32180.4341017428,29469.7989238626,32267.7091050201,33891.8866526216,34239.6554751239,34495.2545799636
Italy,ITA,Carbon dioxide (CO2) emissions excluding LULUCF per capita (t CO2e/capita),EN.GHG.CO2.PC.CE.AR5,7.51169268135469,7.48600373149258,7.44846474256681,7.32505650311645,7.22599985222559,7.65087752065497,7.55970235180512,7.6163994849603,7.7754334354466,7.89504352504046,7.97861399862471,7.96252086434695,8.07424104162591,8.37573927880229,8.51073142040319,8.4768648141216,8.34804384209065,8.17482777618523,7.85286143845028,6.94826035580217,7.08186391750757,6.9053125750862,6.55333989010063,5.99742374656768,5.68586837020992,5.87319309166979,5.80834075921169,5.7611454316748,5.65886939655412,5.56784056329278,4.96667406979317,5.58651571090224,5.60897190137329,5.1591446091273,5.07573834102673
Italy,ITA,"Population, total",SP.POP.TOTL,56719240,56758521,56797087,56831821,56843400,56844303,56860281,56890372,56906744,56916317,56942108,56976981,57089824,57399184,57828179,58166682,58399861,58756247,59211181,59555454,59819407,60026841,60191247,60311613,60320707,60229605,60115223,60002252,60148658,59729081,59438851,59133173,59013667,58984216,58952704
Jamaica,JAM,GDP per capita (constant 2015 US$),NY.GDP.PCAP.KD,4773.62848195303,4960.83040580996,5008.12883358686,5423.3508419918,5442.16740407801,5514.51252836665,5455.19334658148,5343.48049225757,5174.28295609468,5187.99579646328,5197.39692210665,5234.02744397806,5305.87658697244,5467.17406988236,5507.20135110043,5525.73577833713,5656.66803579988,5710.53878446758,5639.58974873397,5372.14234169511,5271.57221477938,5339.62170188798,5284.00852557589,5289.88438546111,5307.19165380801,5339.30718256806,5472.28314023034,5586.1365723133,5717.87621107532,5814.79275311692,5317.84145033966,5607.45378253877,5965.46127464873,6127.90771263434,6096.4327030963
Jamaica,JAM,Carbon dioxide (CO2) emissions excluding LULUCF per capita (t CO2e/capita),EN.GHG.CO2.PC.CE.AR5,3.23718410657357,3.16714489628547,3.42413353234069,3.44399563087061,3.44349189162984,3.52394715359192,3.64018010959162,3.69072252347864,3.85354760177699,3.92309043766012,3.9283295741357,3.92801715285343,3.88537029098241,3.97384197908397,3.96703121930227,3.95557831478646,4.55799550383418,4.50876999041934,3.62135795878759,2.94092608864832,2.79862095462073,2.75432585616922,2.52991058385604,2.68841288550042,2.58240808318858,2.53581223278647,2.71374756887664,2.59524590839289,3.08184434790718,2.98926316318908,2.09235114929352,2.28087572885193,2.64695978787973,2.7128452636924,2.84378384565939
Jamaica,JAM,"Population, total",SP.POP.TOTL,2379877,2400869,2424701,2449916,2475220,2500151,2524463,2547848,2569736,2589795,2607826,2624403,2640572,2656623,2672225,2687066,2700968,2713800,2725635,2736995,2748568,2760494,2772430,2783687,2793749,2802534,2809915,2815764,2820097,2823271,2830739,2837682,2839144,2839786,2839175
Japan,JPN,GDP per capita (constant 2015 US$),NY.GDP.PCAP.KD,28422.2131194472,29308.2740881269,29462.6539671073,29232.4397928009,29466.7552451648,30171.1637924153,31046.1701544217,31276.1930771989,30795.0888900919,30636.2661169604,31430.631130325,31476.0520665746,31416.1241772309,31830.217584972,32515.1158024695,33098.5474664881,33531.518563066,33990.0360341367,33557.6454041595,31651.0837739562,32942.2020783835,33011.1342301291,33518.4449368599,34239.8862473488,34386.9058552671,34960.6393843385,35242.199377148,35861.9728545672,36138.5290824814,36043.7844013518,34642.9718743239,35741.1601062924,36238.3294895302,36952.5150709861,37152.5636003552
Japan,JPN,Carbon dioxide (CO2) emissions excluding LULUCF per capita (t CO2e/capita),EN.GHG.CO2.PC.CE.AR5,9.41290189345471,9.4546545771353,9.46250431987141,9.37144093119387,9.77285465497132,9.82868129941341,9.90822777260908,9.77095123634546,9.37017721518987,9.67513168181567,9.80406329083986,9.67360734256659,9.92193416768018,9.95886797475689,9.91730575058116,10.0074734098753,9.82400472413847,10.0916024093562,9.53253711064086,9.03961045553586,9.50311626454283,9.93397401297005,10.2516011251361,10.3847926556554,10.0063625506773,9.69456115651128,9.66865261733136,9.55283290804272,9.17213648658239,8.87456666113888,8.39710520271501,8.5947828493867,8.3956307081074,8.05063579850566,7.84242057238933
Japan,JPN,"Population, total",SP.POP.TOTL,123478000,123964000,124425000,124829000,125178000,125472000,125757000,126057000,126400000,126631000,126843000,127149000,127445000,127718000,127761000,127773000,127854000,128001000,128063000,128047000,128070000,127833000,127629000,127445000,127276000,127141000,127076000,126972000,126811000,126633000,126261000,125681593,125124989,124516650,123975371
Jordan,JOR,GDP per capita (constant 2015 US$),NY.GDP.PCAP.KD,3202.33686003165,3010.13731183677,3264.84472634328,3238.47541692105,3240.44545104214,3303.28717864788,3262.10615178904,3280.69793184873,3302.29942733776,3341.65644275163,3412.07673213708,3518.76635312228,3644.62434644332,3713.15193593268,3935.15704743447,4151.61313015439,4209.86864014361,4287.35229821209,4489.95545537311,4615.23067817324,4621.5742854131,4631.67703841605,4677.47613977192,4556.52023716712,4282.11872849239,4042.75678097555,3933.14704611068,3940.70199181145,3928.77026821205,3919.06426916073,3806.87949354914,3874.32714084633,3909.80228869045,3958.23043952182,4016.83429143296
Jordan,JOR,Carbon dioxide (CO2) emissions excluding LULUCF per capita (t CO2e/capita),EN.GHG.CO2.PC.CE.AR5,2.78079951230125,2.57640258391188,2.89912549213326,2.8596004618194,2.84736767566842,2.90438156131526,2.87508478343887,2.897042081452,2.87288615420841,2.81699189833153,3.05659330102683,3.00198549017311,3.06397752448066,3.07334179985886,3.23277844279412,3.36910305797064,3.19629907780335,3.12567606145218,2.93181586027543,2.94909387093057,2.82145795221434,2.80918568252281,3.23339783293465,3.015399892565,2.93907556095458,2.68560794130457,2.52192429080405,2.59425578446284,2.4097651129684,2.18238735759201,1.9279853124113,1.96480214444574,2.07333464045749,2.10161310922351,2.0898692239058
Jordan,JOR,"Population, total",SP.POP.TOTL,3621908,3915149,4127693,4348020,4561406,4752096,4912516,5046285,5164284,5276444,5386945,5498894,5616066,5741828,5882061,6029587,6427371,6827227,6989866,7141753,7297043,7480424,7587127,7991809,8791710,9544729,10006367,10234226,10462306,10671891,10865228,11066356,11256263,11439213,11552876
Kazakhstan,KAZ,GDP per capita (constant 2015 US$),NY.GDP.PCAP.KD,5557.08215736977,4910.15324119135,4635.42154654073,4223.1282023154,3740.97810892024,3498.51454364229,3583.36908423331,3728.96386519689,3750.56494562659,3899.65723139778,4269.33016782791,4822.52862802669,5267.6990320263,5724.43199248054,6233.29439373307,6787.4115548789,7450.39687062615,8036.87599811505,8216.52181589585,8218.39912556048,8704.70655484556,9223.3021336315,9531.91477617058,9959.72586930534,10226.7100539683,10196.1226255982,10151.423313302,10404.2718646317,10670.2120148279,10989.6840718388,10565.0359816235,10873.3915275276,11058.3482413407,11453.3952725363,11872.7842626298
Kazakhstan,KAZ,Carbon dioxide (CO2) emissions excluding LULUCF per capita (t CO2e/capita),EN.GHG.CO2.PC.CE.AR5,14.4939149661066,15.0436435822347,15.3072716913912,13.0903858389543,11.9626284582209,10.7783755403891,9.6265131630205,8.55873289023528,9.04827104922518,8.38873298268348,8.52997364123056,8.37700755350533,9.29533131455672,10.2972430969469,11.0129179145774,11.7482167747143,13.0524097667892,13.5081878112695,15.1238317294741,13.5068941072017,14.3850527504913,15.389052456457,14.9547390961317,15.7272046561439,13.07867493139,11.2116791211142,11.7692010281208,12.1409198865254,12.1155235587562,11.3909406022159,11.5744967551524,12.2524647603581,12.3050866627844,12.5643331681924,12.5678187536661
Kazakhstan,KAZ,"Population, total",SP.POP.TOTL,17154054,17278600,17332625,17274487,17043771,16730536,16416027,16043251,15647785,15455874,15501103,15575550,15656677,15747380,15850159,15968117,16103716,16257214,16426525,16619846,16836810,17066002,17306106,17556502,17816285,18084169,18363600,18651931,18932727,19209555,19482117,19743603,20034609,20330104,20592571
Kenya,KEN,GDP per capita (constant 2015 US$),NY.GDP.PCAP.KD,1329.33312766232,1305.46415701447,1255.93870622359,1223.50616725762,1219.7841113305,1237.88250467675,1254.21025248674,1226.19542113337,1232.06658106635,1224.63404639886,1195.41296851656,1202.29348759987,1171.4262517349,1169.14433674051,1191.25443604556,1223.44738472019,1263.54164666211,1309.91092948216,1273.77226103073,1276.73503486074,1340.16467408856,1370.58000874482,1396.30178709756,1413.94142522583,1450.59338202277,1489.11959777284,1517.97796057742,1542.33773973372,1596.69045914945,1645.70961777862,1609.33414078281,1698.89578271444,1747.53198804428,1811.21651838425,1860.02287047776
Kenya,KEN,Carbon dioxide (CO2) emissions excluding LULUCF per capita (t CO2e/capita),EN.GHG.CO2.PC.CE.AR5,0.28245745763564,0.262922475591963,0.258247116984915,0.246500523864375,0.24311669547239,0.252671337311593,0.270656922593232,0.253179799932873,0.269419296701055,0.26866412353404,0.290677543795641,0.26100621869581,0.245465741018151,0.214880306718519,0.231964810186713,0.252147669028053,0.270940760689191,0.262922185302275,0.269606829771024,0.308699389943664,0.324116934124197,0.324518228099931,0.293759364539568,0.308839543589584,0.341036024063525,0.361032749251909,0.384366853070731,0.391204755110222,0.381159185292234,0.380387200105182,0.367016056392308,0.404281044163676,0.405006512054817,0.3843202596187,0.38344092060836
Kenya,KEN,"Population, total",SP.POP.TOTL,22892651,23646514,24382460,25117188,25857130,26601751,27344211,28101768,28888057,29733408,30642890,31619170,32629808,33652223,34713455,35796484,36904008,38036349,39206351,40408891,41598567,42758461,43888303,44986791,46051440,47088526,48139687,49197766,50207107,51202827,52217334,53219166,54252461,55339003,56432944
Kiribati,KIR,GDP per capita (constant 2015 US$),NY.GDP.PCAP.KD,1387.65292117411,1283.34641272284,1564.72273135,1539.30439677093,1547.62409121805,1566.47252339768,1539.33649246045,1529.24918326127,1569.02677065396,1482.19213280683,1555.58190420161,1477.951639475,1467.99259660077,1415.54564772956,1378.9582420937,1368.99716100101,1419.38709899471,1433.3573454448,1361.83587176171,1340.27593200253,1328.78764145125,1348.06011226744,1405.50280446236,1493.49134858915,1492.8506819325,1639.85274740652,1731.43693824902,1769.51191332519,1803.94864980951,1835.21963082467,1777.0447605811,1893.52661599343,1948.24312238625,1968.80973802094,2041.87601786956
Kiribati,KIR,Carbon dioxide (CO2) emissions excluding LULUCF per capita (t CO2e/capita),EN.GHG.CO2.PC.CE.AR5,0.223097989446263,0.229156572865243,0.244716064965675,0.243528113544983,0.247435048299821,0.22035108452126,0.21906732992024,0.221041748368926,0.224149806787536,0.220370497899594,0.365634839131956,0.32324126861128,0.468221624902454,0.474648261215822,0.482905760524536,0.628347018921814,0.661887479128548,0.603519222479132,0.658210358657481,0.545708999032564,0.562076832499264,0.515151789022748,0.496954151971786,0.527943217554771,0.526334044361202,0.533321919274066,0.57225814075187,0.574516732488048,0.621703089675961,0.614100919133964,0.584461415237234,0.627059364216332,0.580980922671286,0.573455066777333,0.592485763986976
Kiribati,KIR,"Population, total",SP.POP.TOTL,74855,76367,77641,78841,80021,81234,82623,84147,85657,87126,88613,90335,92264,94175,96085,98035,100017,102068,104222,106467,108704,110647,112284,113838,115326,116815,118478,120275,122084,123921,126099,128377,130469,132530,134518
"Korea, Dem. People's Rep.",PRK,GDP per capita (constant 2015 US$),NY.GDP.PCAP.KD,..,..,..,..,..,..,..,..,..,..,..,..,..,..,..,..,..,..,..,..,..,..,..,..,..,..,..,..,..,..,..,..,..,..,..
"Korea, Dem. People's Rep.",PRK,Carbon dioxide (CO2) emissions excluding LULUCF per capita (t CO2e/capita),EN.GHG.CO2.PC.CE.AR5,6.25064625149032,5.92270960011551,5.16044132588286,4.71188064232383,4.25070136052219,3.93046473769111,3.45295584603358,3.31757881478078,2.69688468778843,2.91801728338287,3.11867576611252,3.21947711220633,3.06728962649599,3.11253288657132,3.1550105065182,3.2684040326715,3.31295140815675,2.7584412690495,3.00746007873007,2.88086837976115,2.76311230307863,2.02453403025292,1.94440063767148,1.49661356655539,1.63490910588245,1.27678018091639,1.40192400080846,2.84853702549672,2.56049221424721,2.81942305659747,2.64172695826404,2.18395218700565,2.27140993081922,2.48536198751437,2.49971102490099
"Korea, Dem. People's Rep.",PRK,"Population, total",SP.POP.TOTL,21112137,21428638,21750911,22073352,22393975,22669304,22895746,23110830,23311564,23497599,23665910,23815358,23943973,24090380,24254943,24396433,24524507,24646383,24764618,24878332,24987258,25097874,25211728,25329451,25451262,25575350,25698326,25817709,25931147,26037632,26136312,26232534,26328845,26418204,26498823
"Korea, Rep.",KOR,GDP per capita (constant 2015 US$),NY.GDP.PCAP.KD,9672.57845182894,10618.8431439122,11176.560685871,11837.4692053797,12817.2447824958,13924.3044000347,14894.3278834104,15682.2717905189,14800.5091573641,16402.9168341094,17763.1353417297,18460.4288193829,19775.3800655139,20278.0406421178,21244.8136800528,22123.7613066851,23162.1860111297,24391.7651013448,24934.5396367691,25009.9148311999,26623.0487122927,27393.455357272,27944.0564190045,28732.711152033,29470.6732991655,30171.7906545222,31005.4072876388,31979.9027302467,32852.8887488942,33496.3113815643,33215.9298928108,34792.9397214598,35809.0138105144,36347.7036392553,37048.4264001496
"Korea, Rep.",KOR,Carbon dioxide (CO2) emissions excluding LULUCF per capita (t CO2e/capita),EN.GHG.CO2.PC.CE.AR5,6.07037444503096,6.75265379678316,7.33959218488852,7.91126242764166,8.45512498000741,9.02775111990243,9.58813088662829,9.98535261017749,8.50386342645069,9.23725644365427,9.9217579706617,10.0719727295012,10.3782797747059,10.5024332706302,10.8037309775721,10.7084009751588,10.8117127664204,11.1126206303646,11.2602688410662,11.2836813865383,12.3690482033055,12.9702684429817,12.8528563619499,12.7317329769662,12.4261677995393,12.6198190502874,12.6677788190173,12.952944838832,13.1917269531809,12.6531894575046,11.9094442789339,12.3387268331673,11.8737409785064,11.4162657281001,11.3622569893006
"Korea, Rep.",KOR,"Population, total",SP.POP.TOTL,42869283,43295704,43747962,44194628,44641540,45092991,45524681,45953580,46286503,46616677,47008111,47370164,47644736,47892330,48082519,48184561,48438292,48683638,49054708,49307835,49554112,49936638,50199853,50428893,50746659,51014947,51217803,51361911,51585058,51764822,51836239,51769539,51672569,51712619,51751065
Kosovo,XKX,GDP per capita (constant 2015 US$),NY.GDP.PCAP.KD,..,..,..,..,..,..,..,..,..,..,..,..,..,..,..,..,..,..,2543.59926351696,2680.86121521141,2822.63359634011,2995.64952029477,3021.35142613995,3163.47189486431,3279.02499043758,3520.62850699375,3739.17562318261,3890.17807271082,4009.12140760339,4219.06693858503,3990.94613053859,4429.87597525975,4666.3913779077,5102.74914613981,5631.68223392136
Kosovo,XKX,Carbon dioxide (CO2) emissions excluding LULUCF per capita (t CO2e/capita),EN.GHG.CO2.PC.CE.AR5,..,..,..,..,..,..,..,..,..,..,..,..,..,..,..,..,..,..,..,..,..,..,..,..,..,..,..,..,..,..,..,..,..,..,..
Kosovo,XKX,"Population, total",SP.POP.TOTL,1973790,2005362,2039723,2072664,2105256,2137514,2168753,2197284,2078964,1871524,1802493,1820009,1829462,1826434,1822773,1818354,1813079,1807094,1800858,1794681,1788743,1791949,1807126,1818119,1812788,1788274,1777568,1791019,1797086,1788891,1790151,1786079,1768096,1682668,1594353
Kuwait,KWT,GDP per capita (constant 2015 US$),NY.GDP.PCAP.KD,20140.7834697754,14812.9200924661,22382.8420685118,29323.8532618275,31946.4902579278,33156.8473491495,32417.9627954317,32152.4367426144,32306.668723862,30798.0947114833,31341.9780819419,30573.4284224199,30702.2162068121,35169.6335737863,37918.5405829238,40451.2551656974,41137.969927672,41113.8693942735,39852.5129115699,35124.0853941026,32568.4981754501,33545.346271839,33578.3309651964,32311.1800008536,31073.1537300624,29882.2126495698,29454.4426388829,27048.3706935958,26706.0191660864,26580.2264741607,25541.5378987908,26203.2617257856,26579.8321646876,24716.196765637,23867.826500295
Kuwait,KWT,Carbon dioxide (CO2) emissions excluding LULUCF per capita (t CO2e/capita),EN.GHG.CO2.PC.CE.AR5,19.2352412929816,28.4872935380299,16.4916472013706,20.4989860365481,24.4742576880857,23.9743017151815,22.9142561231178,23.3538608355061,25.1193134313144,26.2574275143024,28.6596112260188,29.3184026261366,29.894552067162,30.7689391013048,31.975599354755,34.5288422505843,33.802251670696,31.1914372537519,31.5351654829618,30.5211548340109,29.4966453441835,29.3265415693367,27.5578052739662,26.7612812884495,25.1870221469575,24.9282188842881,24.5748353685826,23.4582455235038,22.9164695855109,21.7968059903888,21.1232409306072,22.9081845000934,22.3585581710822,22.6972114508944,23.6726718577295
Kuwait,KWT,"Population, total",SP.POP.TOTL,1684819,1351399,1634961,1672151,1664361,1681513,1730246,1787683,1844302,1900030,1954709,2008121,2059974,2109881,2157320,2236788,2364733,2507887,2651421,2795484,2943372,3132814,3337109,3507844,3665876,3834574,4004096,4154812,4323515,4442316,4400267,4360865,4589643,4853420,4897263
Kyrgyz Republic,KGZ,GDP per capita (constant 2015 US$),NY.GDP.PCAP.KD,1203.47208279448,1089.90005451003,928.31552055094,784.564919201316,627.220989930123,587.298180667228,619.667768615001,671.25000816306,675.058248147575,689.414278205464,718.342832397662,749.423779561565,742.44300111832,786.350474964134,831.482103944381,820.709519437592,837.138026647346,900.02796489729,966.409971184817,981.220904665529,962.764789828724,1005.4831781815,985.8472865972,1069.78404438716,1088.58214229508,1105.65193844261,1128.3161612818,1157.18275758067,1175.0712778747,1201.87701429721,1093.32856461422,1132.5546781282,1212.17812721768,1298.25724482211,1391.68404329929
Kyrgyz Republic,KGZ,Carbon dioxide (CO2) emissions excluding LULUCF per capita (t CO2e/capita),EN.GHG.CO2.PC.CE.AR5,5.38718483816402,4.76327136140642,3.10025689861363,2.27755321991765,1.49063059722897,1.04331717850898,1.27812017790883,1.24284002647974,1.29104228021929,1.01518008140613,0.979490695052754,0.815154801557025,1.00955696831549,1.12225943765481,1.09912153729309,1.0872925479987,1.07127259780012,1.27961415120573,1.47100933324484,1.30648727568783,1.20827304040436,1.42500243843647,1.84730353944285,1.67670910396995,1.68334843700684,1.70796995249697,1.57746831023662,1.5280901441896,1.78020784661392,1.55180160392437,1.38383515228208,1.53476225562031,1.5054865652983,1.44095214620233,1.48784220370685
Kyrgyz Republic,KGZ,"Population, total",SP.POP.TOTL,4391236,4463634,4515400,4516777,4515069,4560454,4628438,4696421,4769015,4840422,4898362,4945073,4990704,5043308,5104713,5162640,5218373,5268385,5318729,5389643,5467059,5546587,5652076,5777150,5905848,6040036,6175338,6306696,6444079,6590211,6726596,6851224,6975220,7099750,7221868
Lao PDR,LAO,GDP per capita (constant 2015 US$),NY.GDP.PCAP.KD,634.525297009385,643.410259077746,660.633861954064,680.964153708638,717.509245108717,749.234741728538,782.683156535545,819.205851313643,836.088098507116,881.634129609675,917.228038617529,954.123505414634,994.492241963795,1038.71192767783,1088.76034728831,1148.68153852071,1228.08927619923,1301.08597549864,1381.73754223953,1463.3379666846,1564.91068311647,1666.40086189871,1774.63585203672,1890.27861294875,2006.31195444447,2121.01339097363,2234.76098741846,2351.57441747595,2459.97874636195,2554.95638019245,2529.74622698761,2556.58912640405,2589.05015191628,2648.88726608035,2721.07810663082
Lao PDR,LAO,Carbon dioxide (CO2) emissions excluding LULUCF per capita (t CO2e/capita),EN.GHG.CO2.PC.CE.AR5,0.0593466304727206,0.0705279994805099,0.0756199055803893,0.077437642207357,0.0832151575515364,0.0797255817076652,0.0912860471873156,0.0987575531185784,0.103996253238689,0.0989742329965039,0.172061042728584,0.186381120141295,0.20574279762084,0.210602243440398,0.217585848686857,0.221926040668041,0.28652401395224,0.298205023714399,0.343065642386553,0.423077773444872,0.467525939369713,0.486447711772495,0.511690636170271,0.596607216188438,0.654511028510084,1.31255012574164,2.29721448088974,2.74206282655521,2.78650036580858,2.67630204116372,2.645846687138,3.19548907488521,3.17918742501495,3.35860711157858,3.35435098295083
Lao PDR,LAO,"Population, total",SP.POP.TOTL,4311955,4435118,4559646,4685060,4809220,4929409,5045678,5152011,5248266,5340784,5431212,5521482,5610889,5697945,5781626,5869523,5963200,6056236,6148969,6241642,6334194,6426590,6518978,6611385,6703172,6801645,6908802,7018147,7128045,7237636,7346533,7453194,7559007,7664993,7769819
Latvia,LVA,GDP per capita (constant 2015 US$),NY.GDP.PCAP.KD,7622.69825875963,6694.19894278367,4607.11379673414,4464.7211347223,4639.50565161418,4661.66840092451,4822.90414861125,5317.97997604979,5719.98918281481,5929.26767237825,6336.38296707987,6833.4354323157,7443.22944659059,8149.00183600084,8957.23393555082,10106.2626157732,11507.4648265658,12810.0409502542,12506.6945041012,10675.425174228,10500.8666223014,11018.5152421583,11971.0107466522,12353.5386135301,12731.6771959342,13321.9753140616,13787.3367440023,14382.8612727134,15120.0698171804,15328.3859933295,14900.7295718866,16070.1680032322,16421.3748596,16229.3844520245,16374.773539624
Latvia,LVA,Carbon dioxide (CO2) emissions excluding LULUCF per capita (t CO2e/capita),EN.GHG.CO2.PC.CE.AR5,7.36687480356916,6.78768164413764,5.47190149093193,4.70141887964296,4.16036230601942,3.71641524376111,3.76469850912942,3.62319763931289,3.49279404021296,3.29071710224131,3.05416992249372,3.28140443356709,3.31793333226559,3.45946489332177,3.51629297934446,3.58674450006454,3.84969596868313,4.05135604967448,3.89409559082212,3.61956025884485,4.23345275809216,3.99736079222842,3.94598880509891,3.86525804077913,3.79876034591545,3.86745667695055,3.81753444818853,3.82654532273942,4.20714476222697,4.13194121501373,3.82914774350693,3.99598830452802,3.68567769315781,3.66319656422698,3.647774745944
Latvia,LVA,"Population, total",SP.POP.TOTL,2663151,2650581,2614338,2563290,2520742,2485056,2457222,2432851,2410019,2390482,2367550,2337170,2310173,2287955,2263122,2238799,2218357,2200325,2177322,2141669,2097555,2059709,2034319,2012647,1993782,1977527,1959537,1942248,1927174,1913822,1900449,1884490,1879383,1883710,1866124
Lebanon,LBN,GDP per capita (constant 2015 US$),NY.GDP.PCAP.KD,2752.72442253257,4031.19474543924,4595.5808332577,4992.69878232449,5301.41584672248,5542.2265103529,6054.52911921482,6008.75855385657,6120.45672717024,5982.41788354308,5958.97836750301,6085.76041420146,6207.24133893746,6319.76518298647,6633.75258002393,6707.18024635316,6696.37428200596,7179.34520092306,7701.29823027979,8375.48851252821,8955.54336184707,8936.20027462737,8920.8056984673,8443.53856528784,7830.4151113336,7714.1099998804,8019.1416913426,8305.57405425721,8388.7235123835,8064.04873416236,6440.82843092922,5973.41933892988,5909.03651555028,5834.63415739394,..
Lebanon,LBN,Carbon dioxide (CO2) emissions excluding LULUCF per capita (t CO2e/capita),EN.GHG.CO2.PC.CE.AR5,1.66181062117978,2.01986310928144,2.12426258302154,2.98475624678229,3.22060342963737,3.66681941609323,3.73782368857194,4.03119945574986,3.93314871686452,3.98249044656787,3.53598931938817,3.7525460492449,3.68898515605677,3.63952510966725,3.62889487678395,3.54858446679178,3.39584048951661,3.08582491177961,3.71794595880824,4.31860187525276,4.09800035229092,4.11737002602031,4.47632828355561,4.02278357415317,3.93405377982319,4.15689901334406,4.40699597979459,4.75585896916428,4.59444406102218,4.66025747446672,3.82658313221911,2.92316253483224,1.81652362812428,1.87387427333851,1.89531037233795
Lebanon,LBN,"Population, total",SP.POP.TOTL,3595175,3668912,3747371,3820647,3889799,3960735,4034781,4108405,4181281,4255277,4329340,4401918,4463504,4525508,4599279,4671102,4751136,4844118,4925354,4992287,5041288,5096020,5235742,5743436,6346990,6472469,6323060,6160128,5984119,5794594,5702398,5718122,5744489,5773493,5805962
Lesotho,LSO,GDP per capita (constant 2015 US$),NY.GDP.PCAP.KD,533.824964193999,560.884905718596,590.008212092485,601.55791413154,628.960051227201,641.758711944969,670.469581774155,689.806218455005,696.935973937753,698.441087182066,725.263668707773,752.243212493971,760.033443180306,798.540500554454,817.793597897186,853.960500629797,893.750686627156,927.26863327342,971.881366821351,952.747929746529,995.233432451681,1031.99721564343,1086.39034816283,1093.95323489272,1100.04993684215,1121.19851342518,1147.58748801671,1097.82166812752,1068.44462913373,1040.99351014117,944.834128375429,955.221236301503,967.51928598325,974.382478149793,991.069661910744
Lesotho,LSO,Carbon dioxide (CO2) emissions excluding LULUCF per capita (t CO2e/capita),EN.GHG.CO2.PC.CE.AR5,0.0601205948402384,0.0739261574301487,0.0617635220474954,0.0587340472911615,0.0631838759728527,0.064106604517594,0.0656554543712337,0.0647341974619366,0.0633117606224872,0.0658435310103562,0.175057500001248,0.182472175617099,0.193214045969301,0.197475238771241,0.206480651443919,0.208850039629794,0.21305222504361,0.274309516154465,0.22196333562331,0.25857155622013,0.261640445014179,0.270207332737838,0.283333185866373,0.2825669193933,0.288016522369956,0.283472812790582,0.308624300725396,0.333455410247971,0.346995310044912,0.354575100536117,0.314528562744915,0.33799947115729,0.42915695220265,0.428947441284169,0.428078272524913
Lesotho,LSO,"Population, total",SP.POP.TOTL,1809696,1842379,1873274,1901793,1927707,1951437,1972418,1988130,1998049,2003234,2003913,2000853,1994679,1985059,1971129,1953076,1945063,1953268,1966541,1980883,1996251,2014009,2034354,2056504,2080089,2104611,2130422,2157110,2183603,2209405,2235727,2261542,2286110,2311472,2337423
Liberia,LBR,GDP per capita (constant 2015 US$),NY.GDP.PCAP.KD,754.134009462384,735.180658658157,450.538677691808,290.388920233659,227.742776021788,216.093554614513,235.435058248512,449.286058616964,528.670341826706,609.040903258705,754.850917360951,754.422355762017,762.716393927064,528.567395543421,535.995882066218,539.665378841936,551.377446611852,574.609394348543,591.185378141907,603.256211077605,621.783295071575,646.908727016597,674.360011422232,717.007280358975,707.157694930142,692.590082351257,668.031513175601,671.260899835355,665.875439637137,636.699384824869,605.025475431411,621.927983063426,638.005183858289,653.329188343162,665.101337624192
Liberia,LBR,Carbon dioxide (CO2) emissions excluding LULUCF per capita (t CO2e/capita),EN.GHG.CO2.PC.CE.AR5,0.168730299995458,0.131969141096581,0.111702946400439,0.115028077244672,0.115027107884543,0.117234213027888,0.12359510798109,0.112308841855475,0.108272125189692,0.107666202168634,0.136333350067637,0.152619706314848,0.150446784296923,0.161626808123783,0.172701505151269,0.206360770853813,0.205397808574399,0.182417792071517,0.146715404306147,0.132537734959021,0.1956938966072,0.209775565020002,0.223437089459216,0.202986909648455,0.259010541172532,0.264624586135088,0.291277161616349,0.253788210788989,0.129815079743549,0.20014984968439,0.162113991303559,0.159868484974207,0.161651307373094,0.152830013156671,0.154485706553412
Liberia,LBR,"Population, total",SP.POP.TOTL,2223667,1956518,2072461,2155126,2149928,2169162,2232289,2412989,2670124,2821684,2928117,3015338,3094782,3119532,3156892,3301015,3490787,3669050,3821003,3943028,4058890,4221178,4373043,4470239,4564293,4659431,4755608,4848925,4944726,5043721,5149463,5259323,5373294,5493031,5612817
Libya,LBY,GDP per capita (constant 2015 US$),NY.GDP.PCAP.KD,11085.9439949716,12541.6926152482,11949.2275026865,11274.3452230872,11280.3829303475,10839.2802241884,10891.8055687803,11284.7780739062,10722.8700734717,10643.1452796026,10853.8059516526,10467.8776146012,10170.3095776338,11267.0627623548,11529.1086646221,12628.896152656,13176.7758911904,13712.9602583972,13403.0004645911,12549.0854345521,12913.9334939386,6569.59477578957,12599.258882136,10126.314927806,7644.24843947404,7458.48917756374,7236.16409923502,9435.60060040046,10020.9165751361,8768.4104874586,6102.79864032512,7731.35448152581,7002.68189296358,7630.49664928174,7696.0807819319
Libya,LBY,Carbon dioxide (CO2) emissions excluding LULUCF per capita (t CO2e/capita),EN.GHG.CO2.PC.CE.AR5,7.33872801889842,7.23138368101399,7.3842458503148,7.71008938220532,8.80924389422976,9.81142049990187,10.1498718869758,9.25534870303688,9.0292107851376,9.15167731626332,9.29018000117247,9.0214945891093,9.05829449877551,9.57214634023075,9.27889988186574,9.85289132685578,9.61121605909892,8.80448137239163,9.16430783442361,9.46592937047626,9.79867306653797,6.97396882931226,10.1719960487613,9.93067314994636,9.61533793913791,8.3409996510926,7.71283597446731,8.22031320255774,8.36151848685695,8.26849764632106,6.48685759316115,8.1793228617378,8.05301361263212,8.65140297405067,8.66457129316627
Libya,LBY,"Population, total",SP.POP.TOTL,4445239,4544400,4640352,4733045,4822037,4906843,4987393,5064639,5140704,5218038,5305021,5403639,5508410,5619398,5736693,5858798,5980211,6104380,6235430,6366686,6497839,6343203,6179328,6304628,6427252,6531819,6632126,6738770,6849055,6951033,7045399,7135175,7223805,7305659,7381023
Liechtenstein,LIE,GDP per capita (constant 2015 US$),NY.GDP.PCAP.KD,..,..,..,..,..,..,..,..,..,..,..,..,..,..,..,..,..,..,..,..,..,..,..,..,..,167187.15730982,..,..,..,..,..,..,..,..,..
Liechtenstein,LIE,Carbon dioxide (CO2) emissions excluding LULUCF per capita (t CO2e/capita),EN.GHG.CO2.PC.CE.AR5,..,..,..,..,..,..,..,..,..,..,..,..,..,..,..,..,..,..,..,..,..,..,..,..,..,..,..,..,..,..,..,..,..,..,..
Liechtenstein,LIE,"Population, total",SP.POP.TOTL,28742,29209,29627,30089,30470,30776,31033,31232,31668,32221,32645,33194,33694,34079,34447,34753,35037,35262,35473,35742,36022,36312,36657,36984,37248,37494,37716,37962,38246,38563,38901,39182,39493,39846,40450
Lithuania,LTU,GDP per capita (constant 2015 US$),NY.GDP.PCAP.KD,8333.3507070025,7847.01734327521,6185.53523621407,5206.44266110742,4730.69631958508,4924.09667530707,5211.10025197912,5685.44901491024,6154.17245640636,6129.99843995634,6384.30865426374,6854.52512826671,7374.0979710116,8218.69336289848,8851.92598922347,9692.86853763267,10577.2145522871,11889.3545234657,12324.5197331387,10612.9204044582,10884.1161852582,11836.7200384033,12516.6184065667,13145.8069309969,13753.1895982305,14269.8039878287,14823.107153522,15695.9993288456,16604.9021440809,17431.7239081591,17443.65526328,18569.7057246217,18884.5152531698,18685.5523679178,19092.6451176955
Lithuania,LTU,Carbon dioxide (CO2) emissions excluding LULUCF per capita (t CO2e/capita),EN.GHG.CO2.PC.CE.AR5,9.49806346302894,9.98252223056725,5.64533957602387,4.40399249120122,4.30237365550823,4.16549328180911,4.3306984953686,4.21432801036716,4.48670467758572,3.7828602949063,3.33092730007635,3.57013822101879,3.62197424563623,3.65786848433758,3.86899905983728,4.20098792244941,4.34082416360822,4.81800789405111,4.95001768164964,4.17668379432144,4.53332954506564,4.72911365651569,4.8479177448757,4.51309413254538,4.49797821297655,4.69257592209704,4.69887829841954,4.91240709777077,4.97247446083995,5.08575146500164,5.07196741780172,5.10322677130588,4.65112254775415,4.51994281903548,4.49056496639174
Lithuania,LTU,"Population, total",SP.POP.TOTL,3697838,3704134,3700114,3682613,3657144,3629102,3601613,3575137,3549331,3524238,3499536,3470818,3443067,3415213,3377075,3322528,3269909,3231294,3198231,3162916,3097282,3028115,2989139,2961250,2937253,2911109,2877325,2842639,2819200,2811089,2810369,2808380,2831639,2871585,2888278
Luxembourg,LUX,GDP per capita (constant 2015 US$),NY.GDP.PCAP.KD,66027.0750081087,70779.9738182581,71116.9413609679,73116.1933406133,74883.1415751349,74896.0964542561,74916.5073926589,77993.0573693363,82170.2392472062,87695.3390885394,92527.7108705226,94243.7068360989,96269.5797484275,97597.9973184565,100292.566948333,101222.044353044,105614.178851764,112417.876989455,110094.791529429,104574.349049084,106544.057363484,105290.249021891,104487.744312565,105338.955521681,105583.937273429,105462.012584423,108351.451826983,107142.126672598,106788.728745199,107591.965850496,105274.2471768,110873.185245175,107467.187082637,105422.829667869,104147.1739928
Luxembourg,LUX,Carbon dioxide (CO2) emissions excluding LULUCF per capita (t CO2e/capita),EN.GHG.CO2.PC.CE.AR5,31.3699096503863,32.1940568475452,31.0392044367948,31.1851059815083,28.4722963330645,22.2171918017742,22.0843744341843,20.3802598641078,18.3807393454203,18.9702073291132,20.1714416685767,21.1410452409263,22.4851235501765,23.1479308283329,25.9341402984097,26.0434089062211,25.2671712117333,23.6288862545912,22.9460759234626,21.3143076400761,22.1192102620953,21.3951272024339,20.4689365773544,18.9995583038869,17.6515632218206,16.3436352272807,15.5348496771555,15.408092082316,15.6999753269183,15.63174898105,12.6787105084079,13.0933781621838,11.1248914795982,10.4160977146887,10.5572722492364
Luxembourg,LUX,"Population, total",SP.POP.TOTL,381850,387000,392175,397475,402925,408625,414225,419450,424700,430475,436300,441525,446175,451630,458095,465158,472637,479993,488650,497783,506953,518347,530946,543360,556319,569604,582014,596336,607950,620001,630419,640064,653103,666430,677012
"Macao SAR, China",MAC,GDP per capita (constant 2015 US$),NY.GDP.PCAP.KD,31378.8304183133,30982.3788289054,33280.8531405232,33812.6326064638,34113.7531646476,34162.0125862687,33543.2536281767,33273.3263570517,31376.4225649646,30270.8085696141,31772.6302531656,32441.6760183581,34967.8914561813,38581.6976189322,47665.9330386643,49470.940295748,53240.2045750276,58376.1176047275,58146.3285846714,59528.8350159491,74195.0577762344,88168.9713699088,93192.885853941,99054.4980289716,92383.8434915276,69902.9605741233,68391.3415491921,75650.1261840452,79178.6506290559,75724.6078280261,33853.7761550109,41634.2386139903,34000.7134128308,59474.3964251614,63377.2932129214
"Macao SAR, China",MAC,Carbon dioxide (CO2) emissions excluding LULUCF per capita (t CO2e/capita),EN.GHG.CO2.PC.CE.AR5,2.81743543812509,2.73595905019195,2.93744944729037,3.15234375,3.3366935483871,2.93501099438065,3.35196338231751,3.54229571052001,3.85792090930618,4.02152550304165,3.38875986994891,3.5946070523162,3.90351277372263,3.95897204688909,4.47503848691445,4.32397043294615,4.07757065544197,3.70071030908044,2.95431847604957,3.16579439252336,3.20335195530726,3.07296215429403,3.06920232435288,3.0667342456496,3.36030239665434,4.29149167833256,4.02436781609195,4.45172732880938,3.22598269843679,3.34419642857143,3.25780566092793,2.99970695970696,2.47822235346228,2.47569239835003,2.52532751091703
"Macao SAR, China",MAC,"Population, total",SP.POP.TOTL,334950,351650,370900,384000,396800,409300,415100,417300,422300,427400,430600,433900,438400,443600,454700,473500,498900,520900,540700,535000,537000,549600,567900,591900,621700,642900,652500,648400,658900,672000,685400,682500,677300,678800,687000
Madagascar,MDG,GDP per capita (constant 2015 US$),NY.GDP.PCAP.KD,538.536275056569,489.716098120013,480.810932444988,476.159733326381,461.397665709464,454.537946632781,449.6280870806,451.303199370831,453.886174768872,460.034389996571,465.529509827021,478.40561494987,406.70122213637,433.601040301214,443.278654985967,450.955230911228,461.540337897729,473.785462328449,490.963935389518,457.789754866068,447.417143030687,441.755158414121,442.641500123543,440.674658903628,443.343869908205,445.320069480568,451.15659433146,456.851859574031,459.330367799543,467.27741349648,422.924255422319,431.599103077746,438.516263353189,445.834551910581,453.383067004772
Madagascar,MDG,Carbon dioxide (CO2) emissions excluding LULUCF per capita (t CO2e/capita),EN.GHG.CO2.PC.CE.AR5,0.0753091561550574,0.0781392646826303,0.0767994675361909,0.0772276545017199,0.0922075680281478,0.100681254903914,0.0936549559838935,0.0994675806130341,0.10746083570636,0.106721624928612,0.10257721778278,0.100417197525336,0.0664561698966827,0.0857465979970843,0.0900701514214735,0.093326061823388,0.0868890531095146,0.0887561893464716,0.0893717405600502,0.0824187554067149,0.0887332565790363,0.100533250373538,0.121500587449608,0.126490659824491,0.126540783548996,0.134437411505432,0.124571110322348,0.132624692613867,0.11912379760542,0.142139028845034,0.108038542830456,0.138189637609379,0.144033985186775,0.147269201638214,0.146494805123461
Madagascar,MDG,"Population, total",SP.POP.TOTL,12055639,12421412,12800870,13197345,13613850,14051275,14510711,14990814,15489364,16000506,16516338,17032939,17549913,18071854,18606608,19159707,19730909,20318583,20923840,21547280,22183340,22822300,23462438,24109290,24764348,25426702,26099952,26788375,27494926,28219554,28953556,29691083,30437261,31195932,31964956
Malawi,MWI,GDP per capita (constant 2015 US$),NY.GDP.PCAP.KD,353.771303717595,372.997561772469,335.726543539643,362.930995399017,329.584099900642,385.279714072363,405.397063690478,412.4131068375,419.313245170577,422.099909963762,418.592985038462,388.260039763569,385.308980237095,397.224846758815,408.064916052765,410.267979592536,417.877689776503,445.254305419586,465.55147298007,489.631418790158,508.088650552846,517.833736624232,512.74031797451,525.357645516557,539.562601918057,539.605363240686,538.221990810959,544.795729220349,553.528790902088,569.866249371948,559.447086086067,569.968967322435,560.635759714941,557.03523965791,551.95152347056
Malawi,MWI,Carbon dioxide (CO2) emissions excluding LULUCF per capita (t CO2e/capita),EN.GHG.CO2.PC.CE.AR5,0.160991391863188,0.17958748817962,0.190555988759436,0.190411846569008,0.20071040583404,0.205702062350611,0.215460865042771,0.237908698465779,0.247116709207073,0.248338945911785,0.273808402340698,0.273146222506607,0.263500341738185,0.25920295685927,0.251729158048841,0.277904313470894,0.286891869131667,0.300478560389937,0.306502016933238,0.288827537610307,0.302506403583916,0.375983735889801,0.361753852443003,0.310800469452195,0.299117927594907,0.287318193984204,0.279415248170622,0.299783006549716,0.294590681031673,0.294726852321002,0.266526561430064,0.305223786714373,0.272369783877739,0.222924211075164,0.221419380007265
Malawi,MWI,"Population, total",SP.POP.TOTL,9545852,9844227,10135079,10284024,10164894,10150117,10352228,10562035,10792876,11047804,11315942,11593058,11880440,12181574,12500737,12840031,13198701,13576343,13976417,14395788,14826463,15265022,15709577,16161816,16621538,17085587,17557739,18039715,18528081,19025752,19533888,20047258,20568728,21104482,21655286
Malaysia,MYS,GDP per capita (constant 2015 US$),NY.GDP.PCAP.KD,4184.76072928976,4456.93133148159,4726.13789172987,5062.5911043705,5390.10167606966,5771.35211956083,6190.46429134886,6480.55649455855,5857.96702940857,6070.95621987091,6455.61419792583,6334.92795651698,6516.90671560155,6732.92049458099,7025.34558004381,7234.02442689141,7469.8106921211,7769.59693350488,7976.11785374773,7700.46111294033,8118.92270511981,8400.32248683558,8710.52671359902,8964.80724896203,9341.73055971278,9648.6797937523,9901.47960179812,10293.7629205362,10610.1950240479,10902.9834855856,10171.4657842762,10388.2667120857,11191.6511756943,11445.3925275079,11883.79127749
Malaysia,MYS,Carbon dioxide (CO2) emissions excluding LULUCF per capita (t CO2e/capita),EN.GHG.CO2.PC.CE.AR5,3.61260484744973,4.10556073600581,4.20963640692233,4.11439644140166,4.41799341952245,4.47298675262839,4.96064596756838,5.29808397743593,5.05105900643332,5.334257522142,5.69323613529471,5.88304152527669,6.08030867532827,6.34316955354466,6.71466646648273,7.01024161142768,7.10605067191351,7.58861945429411,7.83922878075814,7.03693732266971,7.52034773024468,7.48482299197254,7.40984230399317,7.85952532729463,8.18962008151058,8.09596053481984,7.78504411100645,7.35056919281223,7.72644571640815,7.63039929073035,7.46778698028461,7.5232628848407,7.98329915646393,8.03895132928611,8.32321620146515
Malaysia,MYS,"Population, total",SP.POP.TOTL,17833171,18342464,18834572,19322664,19820446,20330599,20850087,21375218,21906713,22435531,22967816,23526538,24102477,24679602,25256772,25836071,26417909,26998389,27570059,28124778,28655776,29162039,29662831,30174265,30696137,31232798,31789685,32355644,32910967,33440596,33889558,34282399,34695493,35126298,35557673
Maldives,MDV,GDP per capita (constant 2015 US$),NY.GDP.PCAP.KD,4582.26127944099,4507.19492955077,4671.99639313801,4803.909904607,5053.64633599107,5580.26342049427,5888.07241870662,6254.75856992657,6599.87173747822,6889.01246088686,7037.08546104613,6647.6503820039,7012.25568873173,7845.29307409315,8174.41607301248,7141.88377049891,8620.72814678183,8933.17166363858,9396.49733610486,8313.4098369723,8569.52494600725,9005.81391375104,8907.66134868182,9213.32791442475,9612.07861806739,9644.90655028145,9909.07669723415,10263.2991147672,10793.8941325367,11194.9253748064,7295.60220956454,9759.2219360708,10939.9963271738,11439.5364342871,11798.791369146
Maldives,MDV,Carbon dioxide (CO2) emissions excluding LULUCF per capita (t CO2e/capita),EN.GHG.CO2.PC.CE.AR5,0.420889652165402,0.423206012027506,0.451071714533648,0.518204537658647,1.08642782531038,1.30528464946289,1.29751817249673,1.1325815163593,1.25878638765341,1.23570717921359,2.22609114988706,1.93432298695457,2.30474322396576,1.94778256338304,2.45145365329299,2.23477542921851,2.66527747243119,2.70587618921409,2.84350179968468,2.82592778694997,2.92051930198009,3.06229494158009,3.72836837996164,4.05254080535906,5.30224821513622,3.7098800898742,3.91172728667202,3.50893653976657,2.93025349873916,3.10683553024106,2.40580899310521,3.25639247201417,3.4143856395462,3.41106552546227,3.56650922036609
Maldives,MDV,"Population, total",SP.POP.TOTL,224762,231802,238543,244884,250822,256649,262347,267707,272723,277412,282019,286767,291616,296491,301413,306429,313851,324479,336170,348275,360792,373674,386818,400070,413617,428154,443308,458287,473099,487731,502118,516154,524106,525994,527799
Mali,MLI,GDP per capita (constant 2015 US$),NY.GDP.PCAP.KD,589.775405883669,651.363081549537,606.068363323528,619.374429340424,640.081008924462,630.924447487992,656.777675992751,668.480326659359,695.126372031158,707.881746309111,682.49742045713,766.960343246307,766.073669042446,814.808466525191,800.501816706213,794.373328211361,797.100532884951,784.893915016638,787.156518987615,803.486738927624,821.181286587872,818.399030995547,786.323471336853,788.819448205749,813.975661285204,838.11986940103,860.75307554569,878.561348377434,892.978322791418,909.751069703313,872.389426814294,872.332509419855,877.817842432934,892.360907760383,909.755317910813
Mali,MLI,Carbon dioxide (CO2) emissions excluding LULUCF per capita (t CO2e/capita),EN.GHG.CO2.PC.CE.AR5,0.0347865686585327,0.0426364173105563,0.0380801252729355,0.0363411355205537,0.0355371624709505,0.0357277328794795,0.0380887298292599,0.0369980918602789,0.0374739928017332,0.0379606525633906,0.0688623609235515,0.069953739700229,0.0710527707813689,0.0707058085740154,0.0697657965035285,0.0697854076555803,0.0811071283852147,0.0935206143407267,0.10451260181696,0.130044049644136,0.124608048140889,0.131495145833861,0.133938525684299,0.157002316488651,0.16153478747013,0.189920713265439,0.238623888160926,0.260490442366382,0.28284862119858,0.290188080208255,0.315153895424097,0.326094093296463,0.324748273279521,0.301946302024471,0.302799241541437
Mali,MLI,"Population, total",SP.POP.TOTL,9178830,9362888,9553540,9754786,9967031,10185365,10407278,10646495,10919573,11227415,11559290,11912158,12288050,12684955,13102409,13538647,13990139,14457775,14940782,15435539,15945198,16469049,16957033,17459615,18020267,18593022,19191289,19813011,20442030,21068405,21713836,22388630,23072640,23769127,24478595
Malta,MLT,GDP per capita (constant 2015 US$),NY.GDP.PCAP.KD,10067.7520087393,10413.179334802,10789.7667872192,11161.1976052253,11682.1569740746,12336.7913490463,12719.015202376,13286.7170509793,13877.2541047609,14446.3559977251,17178.3773811056,16920.7309706609,17255.4299440987,17775.4264786392,17728.3659761648,18123.2685184554,18479.213008171,19342.3252929886,20064.4610845081,19635.9157805971,20750.6479461598,20867.9310851632,21529.3982167566,22626.4981391343,23866.0667851301,25529.6813337717,25969.5120352027,28546.6597365912,29536.8052374716,29522.661886008,27861.8202844538,31436.3493030938,31430.6187070236,33408.2005015872,34670.0815997119
Malta,MLT,Carbon dioxide (CO2) emissions excluding LULUCF per capita (t CO2e/capita),EN.GHG.CO2.PC.CE.AR5,6.55589123867069,6.09655210323077,5.91918785260787,7.57672875348767,6.71163323078893,6.32162132802005,6.13627090983272,6.47115527794541,6.1875952212247,6.23797016342517,5.47313804356464,6.3478937887377,5.86965141210549,6.55699454566438,6.49665560174248,6.52471064843475,6.56142982620624,6.69594122795803,6.675232486278,6.10579498978125,6.25971030715933,6.20225431693044,6.48623425104993,5.60886043172242,5.4659835148484,3.76435099725361,3.00436738869759,3.33585952653145,3.23907890630974,3.32002413119751,3.14341694310268,3.14078934671427,3.3821427831742,3.23421022637843,3.17888641409729
Malta,MLT,"Population, total",SP.POP.TOTL,354170,363845,367618,371308,374797,377419,379905,382791,385287,387578,390087,393028,395969,398582,401268,403834,405308,406724,409379,412477,414508,416268,420028,424810,433481,444220,454505,467106,483903,503912,515490,518150,531113,552747,568847
Marshall Islands,MHL,GDP per capita (constant 2015 US$),NY.GDP.PCAP.KD,3148.09977817114,3085.93530547753,3247.85289298957,3391.38513154821,3544.13564721663,3791.20498901919,3365.11122501281,3117.27400069023,3067.73739364805,2997.54989841042,3040.59677355737,3224.7911898754,3322.41127856101,3256.97244330835,3234.15265200518,3284.78403267445,3285.12078781351,3403.47842798117,3146.26177205458,3262.26955535477,3441.31888402121,3433.06297801838,3420.91444796671,3602.92811901896,3620.77275283155,3764.34426229508,3946.8444109078,4190.93468589482,4542.34293916308,5162.81500670348,5172.57528216176,5455.31642282232,5591.46421459004,5482.44553639985,5811.03355673487
Marshall Islands,MHL,Carbon dioxide (CO2) emissions excluding LULUCF per capita (t CO2e/capita),EN.GHG.CO2.PC.CE.AR5,0.00224069551188689,0.00219452247191011,0.00215572993015435,0.00212345783874461,0.00209590878604963,0.00207185182115775,0.00205023065094823,0.00203008587263241,0.00201138443590723,0.00199195251185212,0.00197215319686033,0.0019560667409972,0.00194457948468644,0.00193652084664691,0.00193083740418219,0.00192655954995569,0.00192337282658871,0.00192178341500913,0.00192196809532962,0.0019223745170034,0.00192145107985551,0.00192652243435375,0.00194480639452343,0.00197312602355912,0.0020081934291911,0.00204918032786885,0.00209604057934562,0.00214919727481786,0.0022082367229767,0.00227236575999273,0.00234159134547839,0.00241738583895376,0.00249519674626344,0.00257552733922271,0.00266325769681474
Marshall Islands,MHL,"Population, total",SP.POP.TOTL,44629,45568,46388,47093,47712,48266,48775,49259,49717,50202,50706,51123,51425,51639,51791,51906,51992,52035,52030,52019,52044,51907,51419,50681,49796,48800,47709,46529,45285,44007,42706,41367,40077,38827,37548
Mauritania,MRT,GDP per capita (constant 2015 US$),NY.GDP.PCAP.KD,1437.75048235693,1421.32599916128,1393.6010549879,1416.96725698321,1327.72304115123,1418.64664553675,1471.80330919792,1381.16274883447,1383.19229722759,1396.17220086364,1304.64439067179,1262.65567288639,1252.10300454131,1308.56307582578,1338.66768122804,1418.53202144135,1637.04191255803,1563.60628765192,1514.2655013629,1469.05426880813,1460.19179652873,1472.55245572229,1488.97177557214,1502.90142381083,1520.64621634902,1554.94897871782,1528.05152299375,1576.06857825162,1602.90225649072,1605.1352359742,1553.30615586591,1520.3111804259,1576.75624107308,1634.89897144624,1688.6139322919
Mauritania,MRT,Carbon dioxide (CO2) emissions excluding LULUCF per capita (t CO2e/capita),EN.GHG.CO2.PC.CE.AR5,0.362266494114899,0.446127803723669,1.09652872060475,1.04262098450648,1.04767645837612,1.06084860102672,1.03011295113027,0.99000292787394,0.985997621482787,0.990597624107978,0.404906787641274,0.436955904970957,0.474576023632038,0.486430272736422,0.518255187780793,0.523398815743406,0.560912644425715,0.608071168380558,0.660578794943186,0.638554789115249,0.621327557199794,0.646623526076628,0.698114469220239,0.620006116243983,0.697074247358851,0.695166036764374,0.642260899312078,0.90462166912079,1.02255004685679,1.00413903504884,1.00766695557148,0.931619299689918,1.03090119301334,0.961166094335404,0.969475151347498
Mauritania,MRT,"Population, total",SP.POP.TOTL,1951878,2009738,2088135,2174328,2249454,2312017,2358188,2411306,2474651,2541698,2613441,2678760,2738655,2802046,2868664,2939059,3013660,3093059,3183269,3284448,3390965,3502811,3619034,3734318,3848514,3965959,4086657,4210600,4337685,4467708,4600131,4734874,4875637,5022441,5169395
Mauritius,MUS,GDP per capita (constant 2015 US$),NY.GDP.PCAP.KD,3859.6444147337,3987.55945306988,4191.74021836504,4352.85511912038,4469.87416457643,4621.61639619164,4830.20993790498,5041.40686512359,5291.58766014963,5361.15873837858,5744.19830169899,5889.77138546269,5943.48081247767,6250.2637051329,6480.13648507258,6556.38819193225,6843.39977734988,7202.43853899489,7563.03143738425,7793.0308214588,8114.82056038003,8432.19129317694,8702.82242878289,8973.51550099533,9300.07878638583,9630.5437837507,9995.65028642071,10379.9138706732,10789.9241521132,11098.3137067341,9483.67602630847,9804.0031863121,10688.4383112722,11348.4337725632,11934.770909957
Mauritius,MUS,Carbon dioxide (CO2) emissions excluding LULUCF per capita (t CO2e/capita),EN.GHG.CO2.PC.CE.AR5,1.12120138839697,1.18792898214089,1.2385182780806,1.34931208503209,1.37036031939729,1.39167914672901,1.44303859978342,1.43117904629865,1.55331556392034,1.87965798410063,2.05860273171603,2.15968241734634,2.18923628261503,2.27589276148248,2.28082977683101,2.42563834516313,2.69231018577046,2.75428958640885,2.80350544681747,2.75622901183154,2.93961932181702,2.9195850540241,2.98093292204204,3.06387900172131,3.16403004104002,3.16000186874594,3.21654571682465,3.32606786218848,3.29636205462015,3.32168232640987,2.95810314893832,3.14916917653636,3.20778314533676,3.46174699494733,3.53634151803811
Mauritius,MUS,"Population, total",SP.POP.TOTL,1058775,1070266,1084441,1097374,1112846,1122457,1133996,1148284,1160421,1175267,1186873,1196287,1204621,1213370,1221003,1228254,1233996,1239630,1244121,1247429,1250400,1252404,1255882,1258927,1261208,1262879,1263747,1264887,1265577,1265985,1266014,1266334,1262523,1248647,1245779
Mexico,MEX,GDP per capita (constant 2015 US$),NY.GDP.PCAP.KD,8036.86114412537,8197.01179494896,8330.26426802488,8411.79621338297,8623.48043007968,7970.64038496182,8320.65295694833,8770.84481553539,9161.89527783381,9264.97729259968,9581.96970210753,9398.35074355724,9242.27886130016,9221.99666693097,9421.28975988024,9491.51730225718,9813.8280424425,9877.69532644737,9826.3421836048,9074.1188145564,9389.06722084275,9575.93437788582,9782.51776305354,9738.71059803658,9862.48125444199,10021.2386118827,10100.5021214015,10193.7727193457,10296.8690928534,10159.4448364319,9234.64362317923,9728.05680032556,10013.2479236143,10259.1766616403,10316.4611902215
Mexico,MEX,Carbon dioxide (CO2) emissions excluding LULUCF per capita (t CO2e/capita),EN.GHG.CO2.PC.CE.AR5,3.49748738743231,3.64186920349183,3.61673648435898,3.65474599409014,3.8782901998735,3.59068330258081,3.69826076040482,3.83666208411896,4.01785211222843,3.84179255370092,4.02272121123337,3.94395058441036,3.94830756150866,4.08541432161845,4.12339368005276,4.22758379844974,4.32571227914951,4.32899168517287,4.27910076303278,4.12122098054155,4.19755809286418,4.22179978144365,4.33350424276325,4.17443117084187,4.01481960973153,4.05069677949307,4.06104469144067,4.05743329599921,3.83831705872518,3.92542377851696,3.46247141559905,3.54662489893704,3.52183828963573,3.66576524934041,3.63738680384754
Mexico,MEX,"Population, total",SP.POP.TOTL,82820170,84430572,86044809,87653807,89259205,90862455,92452702,94021207,95575245,97115707,98625552,100099099,101548624,102978515,104394131,105811504,107253666,108774360,110374288,111999721,113623895,115243504,116818208,118343573,119784261,121072306,122251351,123400057,124573711,125762982,126799054,127648148,128613117,129739759,130861007
"Micronesia, Fed. Sts.",FSM,GDP per capita (constant 2015 US$),NY.GDP.PCAP.KD,2384.9445815498,2515.5554496917,2565.15314176404,2715.41906315227,2651.15791052711,2807.39482220059,2701.88915850828,2525.83664246821,2590.35340769037,2612.485867645,2724.42245620978,2766.08612139035,2776.29556090642,2829.3364363568,2747.87981611358,2824.41492288117,2836.18187521481,2808.83168399832,2759.97734131572,2815.59835156937,2884.91733583068,2989.68205288365,2933.79998441501,2819.90328917215,2740.01667828088,2853.07643587028,2870.49424845266,2922.07246225843,2910.6935304708,3019.25086619614,2951.77114318964,3023.96457451783,2923.25915160041,2923.05174793291,2930.27926555574
"Micronesia, Fed. Sts.",FSM,Carbon dioxide (CO2) emissions excluding LULUCF per capita (t CO2e/capita),EN.GHG.CO2.PC.CE.AR5,0.000991198160336215,0.00194639624734804,0.00190828769345267,0.00186800665010367,0.00183360073344029,0.00181438809761408,0.0018065215427694,0.00180065003466251,0.00179570288300098,0.00179083094555874,0.00178501303059512,0.0017799136741868,0.00177859988616961,0.00178118181413368,0.00178691087781997,0.00179513876422647,0.00180621156156021,0.0018201674554059,0.00183594036865683,0.0018525894569134,0.00185977310768086,0.00185704469906591,0.00185373992028918,0.0018497794138049,0.00184508653455847,0.0018396556164686,0.00183360073344029,0.00182680099743334,0.00181968719577105,0.0018135325801128,0.00180316636012839,0.00179172937719487,0.00178389853185151,0.00177572582793217,0.00176740897843761
"Micronesia, Fed. Sts.",FSM,"Population, total",SP.POP.TOTL,100888,102754,104806,107066,109075,110230,110710,111071,111377,111680,112044,112365,112448,112285,111925,111412,110729,109880,108936,107957,107540,107698,107890,108121,108396,108716,109075,109481,109909,110282,110916,111624,112114,112630,113160
Moldova,MDA,GDP per capita (constant 2015 US$),NY.GDP.PCAP.KD,3740.10149814887,3137.8350172715,2225.17356234959,2202.16445303219,1526.42524496526,1511.95831765054,1425.9518091471,1454.80861555923,1360.18161095544,1316.43254916007,1346.91567176561,1432.2768928234,1547.57421231612,1654.36629303195,1781.19145323724,1919.44550763748,2017.17730062908,2082.51260097669,2249.22589719372,2116.94357544097,2269.51116145996,2402.94446306051,2389.08666147529,2605.85029986142,2737.80185056647,2749.55137054338,2910.95486872376,3085.33305844263,3267.9961042872,3438.67732670712,3188.91691602699,3688.16729442144,3611.95484733286,3760.7000642059,3851.51202518347
Moldova,MDA,Carbon dioxide (CO2) emissions excluding LULUCF per capita (t CO2e/capita),EN.GHG.CO2.PC.CE.AR5,10.6843654211407,8.60373374260372,6.8460381118195,5.83444165692753,4.74698701775852,4.15193688202628,3.58362741675157,3.28043092030992,2.99394220617349,2.54198596748404,2.3577376987747,2.46105817585547,2.51059203781018,2.7110792994484,2.72501288836449,2.88374636766892,2.81572124915002,2.79219385317951,2.76331874319628,2.7251028108556,2.97129565385693,2.98346662826114,2.92022861745732,2.62071970563283,2.81365308811102,2.92639787755758,3.00493795274377,3.01460262798668,3.27363703423792,3.41941968843461,3.35786090249817,3.71857097344219,3.27771217414482,3.33935095165033,3.41675873098598
Moldova,MDA,"Population, total",SP.POP.TOTL,2977912,2981566,2980965,2975966,2966745,2953200,2947293,2936413,2935227,2930622,2924668,2918135,2911385,2903198,2896023,2888985,2880967,2874299,2868833,2865213,2862354,2860699,2860324,2859558,2857815,2835978,2803186,2755189,2707203,2664224,2635130,2595809,2528654,2457783,2402306
Monaco,MCO,GDP per capita (constant 2015 US$),NY.GDP.PCAP.KD,105878.37276656,106020.717884683,106558.024151992,104739.794413175,106244.898612952,107691.087543628,108107.452988927,109747.029483889,112873.604489635,116084.581378187,120456.506337384,123122.12291461,124481.880220824,126022.239091348,129403.404955341,132253.218402608,140615.178788026,162028.480643444,163243.752211148,142375.532007071,141814.78664157,148272.711991792,146472.677860476,157167.975027858,165288.200345355,170437.101188261,173120.189785092,165781.779121526,173041.761057866,185582.7556905,161262.925884403,194674.777609089,214359.605825981,225884.183303985,247170.219910657
Monaco,MCO,Carbon dioxide (CO2) emissions excluding LULUCF per capita (t CO2e/capita),EN.GHG.CO2.PC.CE.AR5,..,..,..,..,..,..,..,..,..,..,..,..,..,..,..,..,..,..,..,..,..,..,..,..,..,..,..,..,..,..,..,..,..,..,..
Monaco,MCO,"Population, total",SP.POP.TOTL,30358,30625,30887,31136,31375,31609,31837,32063,32267,32410,32455,32447,32422,32374,32307,32210,32057,31837,31836,32364,33163,33946,34711,35447,36128,36757,37276,37678,38154,38109,38050,38527,38931,38956,38631
Mongolia,MNG,GDP per capita (constant 2015 US$),NY.GDP.PCAP.KD,1823.45623781461,1613.69985423318,1462.6746723198,1418.0656069858,1432.28072706305,1499.26495210763,1509.32921132514,1546.08098489924,1575.67716165836,1601.31353865438,1598.31282040605,1625.46152259484,1680.65335337555,1775.64906676137,1942.36263694017,2060.26168223171,2209.74321787628,2403.72416258662,2576.71295838607,2498.72967493254,2611.67326563924,3010.81642672623,3318.16496597089,3628.90708069575,3830.35892049593,3838.92126989984,3817.91962716702,3956.2049437134,4183.85566447661,4337.8167085432,4066.03410882791,4063.53669849245,4205.88554513551,4456.53627552726,4626.79609644243
Mongolia,MNG,Carbon dioxide (CO2) emissions excluding LULUCF per capita (t CO2e/capita),EN.GHG.CO2.PC.CE.AR5,6.26475311024391,6.86187216615204,5.97719336282573,5.51343337351568,4.75304821651643,4.64905874077786,3.86933963913367,3.73919493836588,3.69922829285884,3.67186535376375,3.78533006126955,3.72755507080754,3.94360699167465,3.77463237398876,3.81795335056602,4.38774218806367,4.95386355704029,5.07731037530988,4.99621481680735,5.17581002669897,5.44277377454793,5.82704695840423,6.21877976761671,6.61573895373284,6.59114249102211,5.95530555717072,6.18895798314975,6.69287250187922,7.1556569765684,7.75337679137417,6.76709333121744,7.35537974094353,7.26765621705495,7.79990491634218,7.84665630954259
Mongolia,MNG,"Population, total",SP.POP.TOTL,2098710,2165342,2167790,2165130,2189395,2224945,2259507,2291750,2323809,2356813,2388299,2417751,2449027,2480374,2508412,2536407,2567168,2601850,2643201,2691115,2738622,2786317,2839705,2899011,2963113,3026864,3088856,3148917,3208189,3267673,3327204,3383741,3433748,3481145,3524788
Montenegro,MNE,GDP per capita (constant 2015 US$),NY.GDP.PCAP.KD,..,..,..,..,..,..,..,4448.04459737155,4680.26589864188,4251.94337074251,4391.36966049063,4421.83994305167,4488.00716747744,4581.10700736435,4775.39883026359,4967.68527082416,5386.53833750521,5763.04035952173,6149.68558098863,5768.65709477479,5917.91788713074,6110.66013917018,5948.3791195297,6138.25153608056,6272.09116381077,6421.00307345999,6634.38508838803,6840.91155440218,7159.47114735985,7470.29588471711,6351.95486320483,7198.30460781272,7773.60323941511,8278.0284985113,8540.00828913129
Montenegro,MNE,Carbon dioxide (CO2) emissions excluding LULUCF per capita (t CO2e/capita),EN.GHG.CO2.PC.CE.AR5,..,..,..,..,..,..,..,..,..,..,..,..,..,..,..,..,..,..,..,..,..,..,..,..,..,..,..,..,..,..,..,..,..,..,..
Montenegro,MNE,"Population, total",SP.POP.TOTL,606372,607105,608516,610170,611389,611712,611003,609520,607662,606001,604950,607389,609828,612267,613353,614261,615025,615875,616969,618294,619428,620345,621418,622587,623744,624651,625353,625982,626438,626753,626590,625053,623591,623529,623525
Morocco,MAR,GDP per capita (constant 2015 US$),NY.GDP.PCAP.KD,1695.63647460938,1786.76281738281,1720.42248535156,1680.71044921875,1830.88061523438,1705.4482421875,1886.67224121094,1828.96862792969,1931.74047851563,1935.47875976563,1957.14135742188,2078.96606445313,2127.50708007813,2229.576171875,2301.08178710938,2342.15478515625,2489.99291992188,2540.615234375,2648.58569335938,2710.66650390625,2767.04223632813,2879.53930664063,2927.45043945313,3008.185546875,3051.458984375,3146.24780273438,3124.42504882813,3242.64428710938,3304.7119140625,3364.73950195313,3090.89428710938,3309.130859375,3334.91162109375,3421.21704101563,3516.15405273438
Morocco,MAR,Carbon dioxide (CO2) emissions excluding LULUCF per capita (t CO2e/capita),EN.GHG.CO2.PC.CE.AR5,0.921460195915161,0.94941274681324,1.00044946016392,1.01422681592433,1.08180041384845,1.10884974065159,1.07893108603304,1.11951356792443,1.12986017344077,1.17224427046332,1.18101840963276,1.28395135764826,1.3109395796486,1.28858561553446,1.42987260916412,1.47108136782011,1.47482491570521,1.47563680503993,1.56522177671636,1.52837686302843,1.60291293785669,1.70993845880488,1.75533733964027,1.73118097184317,1.73842954113431,1.76683506518859,1.74200393753249,1.80163893690506,1.81912490485427,1.9847450344921,1.84742826740981,1.97891230504847,1.93751442575683,1.8573653487086,1.83925269318779
Morocco,MAR,"Population, total",SP.POP.TOTL,24375551,24799014,25212468,25614586,26000822,26399429,26808107,27213337,27621648,28027179,28423435,28814643,29198142,29571415,29953018,30358144,30771178,31186468,31606767,32030778,32467016,32912588,33355241,33787571,34204780,34607588,35023457,35446392,35839760,36210898,36584208,36954442,37329064,37712505,38081173
Mozambique,MOZ,GDP per capita (constant 2015 US$),NY.GDP.PCAP.KD,221.048981086396,227.4627362365,206.194607588583,221.624579964898,220.478583291331,212.086249862904,227.198486695187,247.184945629196,266.672705397492,291.560018665606,287.390630344484,317.185703581034,340.13537022259,356.521157404125,377.064958084878,391.699758163976,420.526462764726,442.049574057751,460.94729485679,475.788178051193,494.162859074785,514.869957191994,540.2945177803,559.393953685688,585.266716133984,610.563774706589,620.779714954555,618.397694360334,621.153734194787,617.13932000195,591.804059985932,588.215854695416,596.058889461466,610.433258850746,605.604720848519
Mozambique,MOZ,Carbon dioxide (CO2) emissions excluding LULUCF per capita (t CO2e/capita),EN.GHG.CO2.PC.CE.AR5,0.088731659622635,0.0729698496639852,0.0853135268438638,0.0961555432450144,0.076174750411621,0.0787881104198921,0.0735729253574963,0.0791387271089727,0.0747615519400173,0.0727395507943666,0.0866536165915586,0.102310266807763,0.104824589581639,0.130236083841799,0.140133877928236,0.131290646947492,0.136002702062102,0.152388933763661,0.144341849016611,0.151975649954928,0.156770431712185,0.179664805829954,0.193192939095761,0.204274287988904,0.224549920070884,0.243268951299953,0.304783553342609,0.295110559594905,0.277593949600126,0.288756199727081,0.258364105041605,0.288380146210081,0.333694203552974,0.318684376705804,0.292006477521244
Mozambique,MOZ,"Population, total",SP.POP.TOTL,13094537,13352090,13613316,14051192,15033853,15960530,16492480,16949982,17340464,17734506,18129653,18537729,18958338,19392475,19840313,20304569,20787087,21287635,21819036,22391745,22999235,23649039,24337846,25051611,25788475,26547572,27337105,28166393,29018644,29884380,30783688,31707800,32656246,33635160,34631766
Myanmar,MMR,GDP per capita (constant 2015 US$),NY.GDP.PCAP.KD,170.233436728781,166.71043994981,180.333227419724,188.680525347254,200.124788544139,211.265635947401,222.01335977894,231.587954119212,242.132148134742,265.455335148419,298.590464510138,328.973872713504,364.855800197477,411.498764127557,463.33013572168,522.099544791815,586.085579935448,651.729730899198,714.620419027129,785.634853168658,854.932478027749,895.512538762631,953.123081936485,1024.69060474658,1099.24387751605,1166.73305547935,1225.37913972668,1290.56409027458,1361.56831265985,1440.98988238708,1301.3138635245,1136.99566055698,1174.76697947364,1177.76649647177,1158.47928099316
Myanmar,MMR,Carbon dioxide (CO2) emissions excluding LULUCF per capita (t CO2e/capita),EN.GHG.CO2.PC.CE.AR5,0.111323606946145,0.106235669646652,0.111100415229743,0.122580777139574,0.145050035854117,0.173689503413868,0.180315728054731,0.177232052915296,0.190370992968402,0.20641370389797,0.221722533260091,0.191710326457028,0.191306347918213,0.234820213738165,0.225863126405762,0.236985402005318,0.218804446194408,0.226987849132935,0.172766335943286,0.160062197522633,0.176083810704641,0.185603670753961,0.251973184982232,0.28292574578925,0.350073559191087,0.386395865290602,0.446262538135226,0.650427600472324,0.641233195886911,0.653317518704581,0.654863780011824,0.596355651595398,0.577248041256632,0.577107115225871,0.575463259318228
Myanmar,MMR,"Population, total",SP.POP.TOTL,39817251,40394154,40950342,41502429,42055143,42605338,43154860,43708798,44257793,44787724,45290841,45771139,46232653,46667192,47068772,47438365,47785135,48125043,48390793,48660459,49024382,49419820,49837446,50262658,50681634,51089056,51495696,51894938,52272247,52640713,53016522,53387102,53756787,54133798,54500091
Namibia,NAM,GDP per capita (constant 2015 US$),NY.GDP.PCAP.KD,2857.33777498196,2989.40001637296,3104.24536078011,2959.27503800966,2918.37740296161,2945.36226956201,2958.24060697383,3004.30804359997,3025.32668011049,3050.46098873323,3083.59657884697,3055.40444831936,3145.94566281247,3232.30589658857,3582.89503259701,3627.75059772278,3834.99894666178,3987.61796106565,4036.38187484707,3989.20711387651,4165.12990200988,4302.72451368462,4420.96741373862,4549.26759093897,4701.95694189098,4774.10650865775,4648.62713460213,4476.73324402105,4400.47537705743,4243.09274481966,3787.49943973286,3809.80753359714,3905.55135268164,3977.97779909619,4034.35053463284
Namibia,NAM,Carbon dioxide (CO2) emissions excluding LULUCF per capita (t CO2e/capita),EN.GHG.CO2.PC.CE.AR5,0.911850773714802,0.802721511297719,0.848067708554309,0.949097134812358,1.06174629121303,1.11735958106818,1.19166297613211,1.20111480502751,1.20837168769784,1.12178332417607,1.05320053864219,1.31962124834684,1.1277956792965,1.18656725758606,1.23455137321699,1.30663252282386,1.27020193906485,1.28732785098583,1.44803073291595,1.47083316886445,1.27238885378833,1.32617380871956,1.36313058914982,1.37810831304484,1.38659483707511,1.50195847197069,1.59834340010487,1.49737539456841,1.47819814870212,1.45542679968338,1.29890404513109,1.31835499696145,1.23886461461583,1.21960315143456,1.20450237960009
Namibia,NAM,"Population, total",SP.POP.TOTL,1369303,1415684,1461322,1508697,1556304,1602170,1646103,1689264,1732745,1776368,1818647,1857048,1889970,1917464,1942082,1966582,1991888,2018600,2047056,2077394,2109811,2146325,2194654,2252508,2312139,2374300,2439213,2506853,2577327,2650494,2728762,2810548,2889662,2963095,3030131
Nauru,NRU,GDP per capita (constant 2015 US$),NY.GDP.PCAP.KD,20706.6309011684,16385.3941242241,13486.9403127069,11222.494532134,10751.3685053512,9872.21613042566,8686.03948171514,7897.46740747697,6965.83276372891,6515.32995425484,6079.96620774489,5690.15963796811,5147.16130887748,5173.61559183102,4949.8909692212,4955.30929946913,5382.10161869099,4199.70508141733,5045.18472364491,4761.56658392323,4748.76539924078,5417.44487923767,6626.18317072945,6735.42128061862,7638.99065218892,7747.25584993607,7925.5779662048,7308.31758516508,7149.78109138393,7687.19643322519,7770.69883784016,8325.88214663427,8498.6998601243,8504.80065666726,8570.95582950675
Nauru,NRU,Carbon dioxide (CO2) emissions excluding LULUCF per capita (t CO2e/capita),EN.GHG.CO2.PC.CE.AR5,0,0,0,0,0,0,0,0,0,0,0,0,0,0,0,0,0,0,0,0,0,0,0,0,0,0,0,0,0,0,0,0,0,0,0
Nauru,NRU,"Population, total",SP.POP.TOTL,9622,9850,10021,10102,10137,10165,10183,10197,10198,10187,10168,10130,10082,10059,10060,10049,10034,10020,10009,10016,10043,10098,10267,10517,10742,10954,11150,11324,11477,11587,11643,11709,11801,11875,11947
Nepal,NPL,GDP per capita (constant 2015 US$),NY.GDP.PCAP.KD,422.724738575869,438.15619419594,443.462044821677,448.13094087379,472.951082824345,477.741099613336,492.212428031946,506.426874424217,511.54871132025,524.27256909301,547.221082273632,564.28622920391,556.438454538796,570.28967363428,589.46992868617,603.190108570995,617.477638588722,633.226129136597,666.865095417138,692.400000816919,721.265221364302,742.617252662576,775.310578479839,801.039060847856,846.665541773599,875.543635474862,875.188943730855,951.857298563641,1021.91492204011,1077.11796498188,1031.53618783934,1062.7888430629,1113.55462341223,1136.42769313825,1179.81272768386
Nepal,NPL,Carbon dioxide (CO2) emissions excluding LULUCF per capita (t CO2e/capita),EN.GHG.CO2.PC.CE.AR5,0.05574513716638,0.0669128839867242,0.0684628849890976,0.0735641314118558,0.087335182872745,0.0926751771453015,0.0962278286624024,0.104115241597103,0.108300732121564,0.138286942213409,0.139302904539297,0.146516090995107,0.117821557843168,0.131890377884365,0.112501007047178,0.124510356693779,0.102106403341938,0.104220125567352,0.114316256772823,0.149560032583773,0.175005793295226,0.195186556140448,0.226080233042303,0.228209529280106,0.265694626083707,0.263161214520219,0.385041034199327,0.471231959664218,0.531555032536151,0.473751308506942,0.568109987739662,0.589753828751882,0.506315976652673,0.519690203752101,0.535964084109792
Nepal,NPL,"Population, total",SP.POP.TOTL,19524573,20036500,20609707,21180159,21717479,22245439,22741862,23219463,23680357,24125199,24546509,24946748,25328981,25688758,26016656,26309458,26565425,26788492,26990037,27173035,27341952,27464494,27534915,27589996,27672370,27823629,27955462,28011258,28079689,28414064,28966574,29475010,29715436,29694614,29651054
Netherlands,NLD,GDP per capita (constant 2015 US$),NY.GDP.PCAP.KD,31308.9134208148,31820.8313025199,32119.9518808361,32297.9766237802,33054.4495589641,33916.5007865382,34915.1715894675,36211.6492887576,37661.7337325878,39298.7334353319,40665.338169599,41297.3198832208,41135.4190736263,40981.8477039972,41663.1477772692,42411.3453838518,43841.1223404104,45445.522872349,46227.211156219,44304.4119317351,44659.272839058,45239.7318887962,44631.8745388789,44487.03063469,45042.0669545832,45793.8135434697,46655.0363382039,47670.1057253297,48463.0299739951,49254.0158854264,47086.5804192702,49780.8440526836,51777.5431588864,50960.7745021066,51178.5256968147
Netherlands,NLD,Carbon dioxide (CO2) emissions excluding LULUCF per capita (t CO2e/capita),EN.GHG.CO2.PC.CE.AR5,11.0235086623358,11.343297368684,11.132399369185,11.2684534472944,11.269962018712,11.4895679579916,12.0957550749499,11.5376617885866,11.5143371429004,11.1402681290415,11.1051053739996,11.3084173304799,11.2597436028111,11.3578841244373,11.4700426777688,11.1632826932179,10.8698765534362,10.9184543529559,10.9418188812042,10.5716574831758,11.2017265434693,10.4278277326273,10.2418555171895,10.0780436970437,9.59164086966339,9.99734178248626,10.028805106001,9.81688717537774,9.46486529650368,9.10784361996519,8.15069804775965,8.32113351224123,7.52014775225465,6.87570596534106,6.60188395966651
Netherlands,NLD,"Population, total",SP.POP.TOTL,14951510,15069798,15184166,15290368,15382838,15459006,15530498,15610650,15707209,15812088,15925513,16046180,16148929,16225302,16281779,16319868,16346101,16381696,16445593,16530388,16615394,16693074,16754962,16804432,16865008,16939923,17030314,17131296,17231624,17344874,17441500,17533044,17700982,17877117,17993485
New Caledonia,NCL,GDP per capita (constant 2015 US$),NY.GDP.PCAP.KD,..,..,..,..,..,..,..,..,..,..,..,..,..,..,..,..,..,..,..,..,..,..,..,..,..,30858.7237060533,..,..,..,..,..,..,..,..,..
New Caledonia,NCL,Carbon dioxide (CO2) emissions excluding LULUCF per capita (t CO2e/capita),EN.GHG.CO2.PC.CE.AR5,8.91610373124178,9.44945320517772,9.30338793585279,9.32687823868132,9.52283578884947,8.50438419195624,9.31260181238234,8.43195266272189,8.17343854387121,7.61324687567211,9.66750038099848,9.6791051658491,10.5629618147057,11.4822670463668,10.1070366864298,11.0495496785757,10.9987194350972,11.1345099212284,10.6270067960209,10.5434402332362,13.4481730394293,13.2999178368969,13.1331612874724,14.1805925829594,17.031263334566,16.1165809696011,17.1997332608857,15.4923716081341,21.2498368842601,20.3934331431634,19.874303248691,16.3459717966159,16.0756888162913,16.7820057267051,17.0800884366062
New Caledonia,NCL,"Population, total",SP.POP.TOTL,176456,181238,186072,190857,195614,200379,205034,209560,214047,218527,223098,227707,232236,236678,240852,244381,247547,250725,253825,257250,261582,266543,271633,276822,281224,283168,283423,283546,283541,283606,284176,285214,287123,289870,292639
New Zealand,NZL,GDP per capita (constant 2015 US$),NY.GDP.PCAP.KD,26395.6955991067,24873.0116450683,24884.4957445909,26174.8337705197,27151.4717124485,28020.2488667404,28576.4399807986,28790.3001245608,28780.9341788,30169.7402015621,30853.807635459,31718.7628389095,32641.8202163485,33517.0893271345,34372.5891093868,35126.3341641095,35665.3533259784,36414.3173040299,35739.3584607571,35370.585185302,35489.7631519026,35957.523248516,36607.1493914827,37267.6586997514,38056.2646732554,38665.3723018158,39235.3695566636,39722.6068434219,40371.5456268118,40727.8822513384,39785.473128643,41490.1148198326,42965.2749754735,42573.2308423434,42408.2378731636
New Zealand,NZL,Carbon dioxide (CO2) emissions excluding LULUCF per capita (t CO2e/capita),EN.GHG.CO2.PC.CE.AR5,7.50300318337438,7.34104889702727,7.72862927202197,7.64682828509042,7.70541436464088,7.84382316110415,7.98609324758842,8.28789040806072,7.981625163827,8.35222028108785,8.55385333229644,8.99577374049736,8.864910725592,8.91989471593166,8.69032415902141,8.75495294999879,8.67562013095636,8.30766134760169,8.49532841917461,7.7665829963278,7.68715379134392,7.46138229927007,7.89151788752524,7.78476396299048,7.81374958485553,7.67750683386124,7.36993275492671,7.53415323250789,7.27125249969391,7.49357181659055,6.83500906868543,6.8263580222633,6.32162465316725,6.11076923076923,6.01694562647754
New Zealand,NZL,"Population, total",SP.POP.TOTL,3329800,3495100,3531700,3572200,3620000,3673400,3732000,3781300,3815000,3835100,3857700,3880500,3948500,4027200,4087500,4133900,4184600,4223800,4259800,4302600,4350700,4384000,4408100,4442100,4516500,4609400,4714100,4813600,4900600,4970300,5072400,5084600,5081700,5200000,5287500
Nicaragua,NIC,GDP per capita (constant 2015 US$),NY.GDP.PCAP.KD,1260.87382799969,1229.80604541878,1206.96231902297,1176.11536055025,1189.83516111818,1234.76828254706,1288.94097201516,1317.89046510399,1346.07276130615,1420.31830106942,1458.37490084556,1482.31517247279,1475.48635411179,1494.95618752566,1555.87425694816,1601.48770707458,1644.37193565251,1703.20780299405,1736.65740610408,1655.72028962416,1704.37875049059,1786.62863418308,1876.1759720149,1941.45628552626,2006.64869646533,2074.45620634731,2140.14405941606,2209.63273423213,2107.3396261623,2019.91518620044,1950.19181218473,2128.30881395452,2175.73899144405,2241.12235476653,2290.47162505995
Nicaragua,NIC,Carbon dioxide (CO2) emissions excluding LULUCF per capita (t CO2e/capita),EN.GHG.CO2.PC.CE.AR5,0.471993309884617,0.463748436779942,0.526368215383613,0.50530656087973,0.562634031137868,0.585664529582714,0.609855360727141,0.642156798534922,0.73545326195237,0.731325562402074,0.750642143274255,0.784932657864608,0.802480199164684,0.868783754557459,0.880651905436692,0.825573439683421,0.861159783755055,0.880041140622672,0.833501745599867,0.803556764919428,0.814142171173605,0.838899676253052,0.82136320433153,0.775237326501605,0.809215605987777,0.893922139285724,0.918114335021321,0.899666272497,0.809411757353033,0.821126102136495,0.72292566319085,0.781445055571015,0.781677382316785,0.811432301333619,0.829841501184187
Nicaragua,NIC,"Population, total",SP.POP.TOTL,4162559,4259637,4357026,4453732,4549316,4642931,4729974,4809573,4883655,4954018,5022633,5087825,5149909,5210963,5272912,5342105,5418855,5497243,5576593,5656601,5737450,5819051,5901287,5983845,6066492,6149417,6232666,6316231,6400080,6483657,6565267,6644741,6730654,6823613,6916140
Niger,NER,GDP per capita (constant 2015 US$),NY.GDP.PCAP.KD,465.923889536505,449.719266854731,444.632775312455,432.184449587188,426.267506763664,422.523153898523,409.039358698404,401.724988110363,427.086030331896,411.735699209485,392.898616941042,406.923493665264,412.123793192578,406.333757497876,393.398781453199,407.190931059924,415.852022114801,413.419126261066,429.195542798877,421.650901333136,441.079166112039,434.986264873953,463.066265496402,469.690214200878,482.74524741946,485.662574175279,495.017437216008,501.615305462902,519.546993483886,532.186024570389,533.194328910254,523.263179518652,566.797962983866,557.572652727864,595.151744559316
Niger,NER,Carbon dioxide (CO2) emissions excluding LULUCF per capita (t CO2e/capita),EN.GHG.CO2.PC.CE.AR5,0.0748848155679316,0.0692531795153798,0.0636565391188316,0.0749385575250673,0.0607878608993284,0.0568118124924018,0.0635648987162777,0.0618260705516359,0.0646190589636578,0.0612102943751922,0.0609576502459245,0.0592333620817729,0.0593968294482597,0.062264671113131,0.0627702618968002,0.0580683956722907,0.0561793776129525,0.0588032243486555,0.0592504254840624,0.071125383576873,0.0871239576683192,0.0858043617469507,0.11521705528619,0.109995206237097,0.114592549329829,0.108819188928427,0.104777428213515,0.0920857909837752,0.0913914590764974,0.103413157111608,0.101595383987419,0.116675523035947,0.127125609686768,0.120906578003627,0.118901709547783
Niger,NER,"Population, total",SP.POP.TOTL,8286059,8546900,8817633,9100789,9398258,9714529,10044852,10383969,10741413,11117411,11509630,11920647,12349144,12796984,13265836,13756192,14268581,14803610,15361915,15943675,16548835,17176283,17836769,18519898,19215909,19939498,20685753,21435446,22188069,22947757,23717613,24502140,25311973,26159867,27032412
Nigeria,NGA,GDP per capita (constant 2015 US$),NY.GDP.PCAP.KD,1577.19616627741,1541.59066261036,1571.1902261783,1498.95895037787,1433.3886109229,1395.07488456856,1416.10189471212,1420.23877961207,1419.31770917955,1390.46921139078,1421.67987952013,1465.45720342309,1644.39518877633,1717.2145111176,1824.80269456773,1889.25175325818,1949.15856804565,2020.83316299454,2098.28339220668,2204.6072560373,2315.46676509663,2370.97657091803,2403.65387896924,2495.34106573749,2583.6155695814,2585.73360671797,2481.81490350326,2441.71236404488,2431.77857832568,2431.53528472982,2228.68631422888,2206.66406250067,2254.29080416892,2280.91931156115,2324.64881202751
Nigeria,NGA,Carbon dioxide (CO2) emissions excluding LULUCF per capita (t CO2e/capita),EN.GHG.CO2.PC.CE.AR5,0.773377106941681,0.815745766638446,0.870407238174761,0.824295990597369,0.749498910064189,0.801782698246737,0.911020186677168,0.863537147151956,0.762241596637639,0.73132271389576,0.792790969926579,0.818897081180304,0.720895078592108,0.7843536892773,0.736921009510727,0.710050686175941,0.621989926382773,0.550572897626193,0.581139578438694,0.499337659024901,0.566502430832841,0.606966647220167,0.580337328542393,0.63302873569183,0.660183629190404,0.621244733321397,0.631791150085677,0.579461406473008,0.592412108680957,0.60197968413501,0.555700571123744,0.599006670437755,0.578271036832404,0.552339272252252,0.566917637661195
Nigeria,NGA,"Population, total",SP.POP.TOTL,97120925,99720162,102372770,105122069,107935714,110819428,113754779,116754792,119846254,123047320,126382494,129862595,133471989,137202644,141057045,145017253,149077334,153267261,157595014,162049464,166642886,171379598,176200625,181049443,185896915,190671878,195443700,200254579,204938755,209485641,213996181,218529286,223150896,227882945,232679478
North Macedonia,MKD,GDP per capita (constant 2015 US$),NY.GDP.PCAP.KD,3534.32265095546,3328.63950847977,3146.02235459166,2948.27151752275,2917.05894611342,2876.0722287817,2889.88516353778,2954.5238308875,3038.13983382569,3154.84918240006,3283.37934095351,3169.32514368931,3240.11064526089,3307.92040834712,3473.76544811451,3657.56307699216,3866.74650622977,4140.63354809364,4392.5507164151,4405.20045750867,4582.36517512347,4711.13027870081,4708.05168535923,4863.68088666968,5053.75001236367,5262.68671928674,5429.94678358359,5510.81862920922,5698.39334484489,5961.58475399191,5743.72649424581,6064.92315120022,6250.62720952063,6423.99221393369,6628.84686594032
North Macedonia,MKD,Carbon dioxide (CO2) emissions excluding LULUCF per capita (t CO2e/capita),EN.GHG.CO2.PC.CE.AR5,5.42242556896897,4.81450821354537,4.33205429901654,4.50540996006685,4.40184155297476,4.36169712399189,5.10495872655279,4.63315320133669,5.06479875946627,4.64355013182017,4.4599896365386,4.53166326106379,4.30169536328117,4.66800973933679,4.56366624904647,4.81870814279944,4.83751837122741,5.2251891516254,5.14447680006979,4.65666929755328,4.71412907992507,5.28745255234082,4.98507374518155,4.57514266277495,4.35528122501704,4.14802110404041,3.99771705905588,4.20312884317705,3.99285143704431,4.62504703500897,4.08399438830595,4.15543074626833,4.47897922817561,4.38791431960329,3.99992545326879
North Macedonia,MKD,"Population, total",SP.POP.TOTL,2063689,2055994,2032523,2006854,1992666,1998534,2012553,1996869,2007523,2017142,2026350,2034882,2020157,2022725,2016186,2005330,1994287,1982933,1971493,1958782,1946298,1937398,1929821,1922716,1917557,1912430,1906313,1898657,1889051,1876262,1856124,1837114,1831712,1827816,1824359
Northern Mariana Islands,MNP,GDP per capita (constant 2015 US$),NY.GDP.PCAP.KD,..,..,..,..,..,..,..,..,..,..,..,..,24066.5361573445,24650.0405531909,24445.4618441919,21882.2927935415,20940.1619770428,20117.7037335229,18451.3905458787,15710.5807282039,16293.3059496259,15226.1308805108,15457.4258192247,16015.0349164338,16869.5270385638,17665.1007493109,23158.5744988538,28989.3470221339,23756.6075820248,21451.4401636511,15410.1186923944,16365.016735395,19461.8611129744,..,..
Northern Mariana Islands,MNP,Carbon dioxide (CO2) emissions excluding LULUCF per capita (t CO2e/capita),EN.GHG.CO2.PC.CE.AR5,0.00230723086152,0.00225260739305746,0.00221331975830548,0.00217618384401114,0.00213995292103574,0.00207572235137828,0.0019340115267087,0.00176690932221358,0.00163033731679084,0.00151708234722981,0.00146292936977003,0.00147093433749117,0.00149749917637545,0.00152856116537503,0.00156401513966655,0.00160374635147705,0.001647935137273,0.00169661186610339,0.00174978127734033,0.00180750112968821,0.00184873638867834,0.00186539322489181,0.00187849870383589,0.00189544713597938,0.00191651653953774,0.00194121986256163,0.00196955074547496,0.00200164134590364,0.00203761436110602,0.00207774938186956,0.00210402289176906,0.00212861065582494,0.00217023308303312,0.00221518286334537,0.00225845792492886
Northern Mariana Islands,MNP,"Population, total",SP.POP.TOTL,43342,44393,45181,45952,46730,48176,51706,56596,61337,65916,68356,67984,66778,65421,63938,62354,60682,58941,57150,55325,54091,53608,53234,52758,52178,51514,50773,49959,49077,48129,47528,46979,46078,45143,44278
Norway,NOR,GDP per capita (constant 2015 US$),NY.GDP.PCAP.KD,49937.4557649197,51233.0361206278,52758.9452546391,53938.0213035278,56343.0105353048,58380.568466801,61005.8800362747,63882.4765019539,65197.9463077391,66094.7354532983,67846.5968643534,68899.5268987833,69472.9836807311,69719.3122573679,72090.9862854901,73524.2549197612,74729.7365961068,76115.7066768285,75535.2118003041,73141.3073299889,72804.3956188398,72660.6754124944,73661.6785830334,73515.9144917472,74180.3238731011,74809.9658049898,75017.4944769055,76247.4116445341,76373.6474606092,76712.2871160349,75287.2059527598,77812.7115614383,79620.1635455079,78775.7495154943,79667.5272314776
Norway,NOR,Carbon dioxide (CO2) emissions excluding LULUCF per capita (t CO2e/capita),EN.GHG.CO2.PC.CE.AR5,8.56136535585633,7.9356233568887,8.48289742373614,8.92930898974511,9.3350501877848,9.32481858990123,9.3449577936958,9.83031932800579,10.1779682741415,10.4707330689774,9.30078087859475,9.367707700314,9.16323116929134,9.73649765436142,9.7760844615857,9.3683698473663,9.44326328556989,9.5358549616035,9.87892316868461,9.34509433751263,9.81436424221947,9.47669413505272,9.2436037096601,9.22857857758341,9.1470465028638,9.24221086700149,9.04975223129384,8.98402264330578,8.78033462878555,8.47933467666537,8.12493784244745,8.21471362641264,7.9798582660803,7.53753758650308,7.17830173255862
Norway,NOR,"Population, total",SP.POP.TOTL,4241473,4261732,4286401,4311991,4336613,4359184,4381336,4405157,4431464,4461913,4490967,4513751,4538159,4564855,4591910,4623291,4660677,4709153,4768212,4828726,4889252,4953088,5018573,5079623,5137232,5188607,5234519,5276968,5311916,5347896,5379475,5408320,5457127,5519601,5572279
Oman,OMN,GDP per capita (constant 2015 US$),NY.GDP.PCAP.KD,16629.4556601528,16805.7218402658,17404.1314569504,17694.1605143981,17848.8187662711,18398.7242065917,18639.2039411697,19458.9266441148,19167.755471589,18965.2142322448,19881.7364316776,20546.0554077598,20150.1131971413,19485.6441506077,19534.8601445269,19629.0451546015,20096.3965576134,20642.7489563377,22007.7338963517,22819.1977324647,22766.0503620721,20993.9079436935,19824.1215485946,19299.9400516869,18726.2026946971,18808.3077921839,18830.6057208608,18277.945563615,18269.6769435562,18089.586668488,17743.8858800477,18291.3387983888,18792.4460565306,17853.9645119949,17347.2911339051
Oman,OMN,Carbon dioxide (CO2) emissions excluding LULUCF per capita (t CO2e/capita),EN.GHG.CO2.PC.CE.AR5,9.30296368272642,10.7560304687133,10.5994207109756,10.2395291033425,9.37625190096809,9.50301057095214,9.71683775892173,10.0376132047911,9.96558363168502,11.1940606566888,11.5318533423366,12.3287119781389,13.0297714300384,13.6147958622487,13.2140812143607,13.4330730684827,16.7589405895908,17.7305116307301,17.0293950685486,17.5455802766757,18.6742369569522,19.4168676625401,19.0117803076649,18.4231097575767,18.7456448430569,18.9549319636454,18.3626186750392,17.9309674535791,18.3513173579893,18.6062766036459,18.1682818142278,19.4931188705775,19.6830764534295,18.9600910547646,18.6519911434889
Oman,OMN,"Population, total",SP.POP.TOTL,1763954,1851473,1938238,2021675,2081834,2120528,2156926,2190720,2222489,2252909,2282131,2310217,2337140,2363796,2404821,2459802,2514795,2570174,2626529,2684659,2757446,3076763,3547106,3833913,4002439,4184895,4390877,4537396,4597877,4591241,4522497,4500424,4730226,5049269,5281538
Pakistan,PAK,GDP per capita (constant 2015 US$),NY.GDP.PCAP.KD,950.884644833285,966.522495703734,1011.6250844611,1001.25854820003,1009.06429520182,1028.96592446155,1047.88663514614,1028.99804758369,1026.50033720969,1035.49888206288,1049.54229686852,1057.86767778646,1059.04171024589,1090.27523993746,1146.99632842666,1201.23359367214,1243.94142602543,1265.35567539842,1258.05188934452,1269.07432116444,1256.69482201323,1261.83161907857,1275.48806898966,1309.70080446386,1343.30778121043,1380.47020838317,1452.18658269177,1495.26187528032,1561.68169819559,1573.8330826937,1526.00597486307,1595.02792175422,1642.28066974826,1610.33122837537,1634.56735260799
Pakistan,PAK,Carbon dioxide (CO2) emissions excluding LULUCF per capita (t CO2e/capita),EN.GHG.CO2.PC.CE.AR5,0.565108471417679,0.567431031342673,0.606336796224862,0.655752033357047,0.654582446153341,0.682665046482763,0.694073458181412,0.695324111662826,0.682884187311321,0.727785512070282,0.722433695019472,0.715614685361213,0.694336050345593,0.703114269808277,0.767369779199701,0.763286111855279,0.808708952431645,0.877889118869624,0.825212305875015,0.823532021617383,0.781255493557947,0.761925389822866,0.756547286914094,0.761812998094914,0.78969023760602,0.820485873767654,0.893970251114536,0.955309760765795,0.891523323526385,0.861524807145574,0.947225728271823,0.956817705203498,0.965826244537936,0.843982651709012,0.811831809174961
Pakistan,PAK,"Population, total",SP.POP.TOTL,116155576,120060406,123546848,127020117,130748083,134582253,138557092,142531804,146522356,150565377,154879127,159270907,163222549,167110248,171286000,175453212,179682690,184493231,189499113,194376534,199239047,203746065,207667125,211073978,214264647,217290883,220138869,223273967,226928892,230800899,235001746,239477801,243700667,247504495,251269164
Palau,PLW,GDP per capita (constant 2015 US$),NY.GDP.PCAP.KD,14267.2030292809,14626.7506821665,13369.5378843558,11450.7876932719,11995.1002591467,12973.7721461444,13950.6540169015,13913.7053142486,13873.2631344013,12862.3318892685,12346.4680054398,13134.260646066,13647.052731145,13250.6865944432,13599.4436174869,13992.4700518965,14186.1538388023,14590.4803753503,14045.7297946023,13338.1300928439,13206.5122645,14123.1262308557,14609.8376964301,14331.3395472642,15015.0026129107,16154.0532152373,16343.5615050344,15841.6183886679,15642.8069323229,15600.1871093094,14532.9898440558,12612.2906184953,12820.3765209089,13128.1314312511,..
Palau,PLW,Carbon dioxide (CO2) emissions excluding LULUCF per capita (t CO2e/capita),EN.GHG.CO2.PC.CE.AR5,141.293662756406,137.050083258614,122.321596097317,122.263620816027,178.640429338104,136.650189008433,125.274725274725,139.065606361829,123.018786439214,128.03026294905,110.647617061216,122.137246796197,74.0450187150695,87.3950862200519,76.7810292633703,87.552348756244,86.6533966212423,71.6868718267537,73.533589352412,116.190068950772,114.73689932594,131.081978094922,202.865184351252,103.371486854034,71.5608241603161,67.2706809229038,64.3029724110805,67.1682012126656,69.0748849219715,71.2608158220025,71.7401079136691,74.7342968003149,78.7262796328622,78.8571106222147,82.8426109070359
Palau,PLW,"Population, total",SP.POP.TOTL,15259,15614,15989,16372,16770,17195,17654,18108,18524,18901,19178,19352,19503,19659,19820,19819,19593,19302,19009,18709,18396,18078,17765,17648,17715,17770,17797,17812,17814,17798,17792,17783,17759,17727,17695
Panama,PAN,GDP per capita (constant 2015 US$),NY.GDP.PCAP.KD,4828.75877741909,5172.60690082671,5480.88063504292,5661.07624865119,5703.67337622246,5686.40439027097,5799.88558414435,6122.64663325832,6504.97009776294,6709.72274201339,6856.1491877083,6787.86265820271,6825.1774775292,7037.08164896629,7468.76593461799,7935.87134515908,8557.98017379308,9507.64640169959,10288.1549774225,10267.0633132424,10698.0717490512,11761.4988389067,12668.2945402358,13236.8306490828,13611.5490656071,14082.6548434996,14474.124340577,15045.545619615,15375.6434854475,15602.5420714581,12647.0826553801,14552.9401400295,15956.0653932059,16877.1508423953,17122.720655567
Panama,PAN,Carbon dioxide (CO2) emissions excluding LULUCF per capita (t CO2e/capita),EN.GHG.CO2.PC.CE.AR5,1.10845367474852,1.25186134638884,1.46263512479425,1.46407459143994,1.52587743384081,1.60881200136389,1.58749627278636,1.63574159365036,1.97638907030409,1.695901717651,1.72414079469992,2.02167297543571,1.72892465641361,1.71837982674187,1.69444397452598,2.1436596030336,2.21959903099948,2.17542451032585,2.07330185725614,2.43388683757432,2.52989154024971,2.7068055952273,2.77914034053547,2.68272349907681,2.76763115859532,2.68464798922232,2.64685340546218,2.47597596022355,2.38158191493956,3.10862634897395,2.2623129597758,2.47873328262843,2.60024772920576,2.85705058290883,2.73829900364892
Panama,PAN,"Population, total",SP.POP.TOTL,2455583,2508265,2561336,2615099,2669546,2724557,2780227,2836695,2893914,2951822,3010369,3069537,3129344,3189807,3251155,3313026,3375024,3437490,3500648,3564381,3628535,3693505,3759256,3825329,3892101,3960035,4029086,4098707,4167860,4234700,4293261,4345405,4400773,4458759,4515577
Papua New Guinea,PNG,GDP per capita (constant 2015 US$),NY.GDP.PCAP.KD,1892.30679279448,2008.35151943089,2206.99633305172,2515.6383945071,2570.33691061958,2397.40045298857,2492.07962762784,2310.98773975643,2147.04526266919,2112.0950973955,1989.57882204274,1920.78003889393,1854.41831737462,1832.67870314447,1821.84741071002,1875.82273480514,1915.2349405788,2000.9726186689,1934.03201558753,2003.24109727039,2140.50939027384,2102.03192060639,2139.48096660428,2162.10592595591,2391.3578028163,2484.5963398603,2557.09463030035,2584.8883636271,2518.45899317321,2572.56177967896,2438.61137922293,2378.3716816549,2467.23488790877,2515.29070398356,2564.73748186493
Papua New Guinea,PNG,Carbon dioxide (CO2) emissions excluding LULUCF per capita (t CO2e/capita),EN.GHG.CO2.PC.CE.AR5,0.551754262371612,0.547734778908245,0.597691361915032,0.587427722922595,0.56441575926832,0.528262950667466,0.521859881276306,0.528260185734108,0.63698249648207,0.501613939532274,0.526361985340968,0.61844116237681,0.68600572957171,0.739598664075113,0.761531096274503,0.800164629075851,0.78804396151589,0.758816344730873,0.710287982656834,0.668364468858039,0.554318104497753,0.568647823877457,0.527248406524125,0.551230455449542,0.64972585602458,0.683258826298608,0.738809232783268,0.629630686826063,0.522006835266501,0.52413307926623,0.557716143021631,0.537976225859132,0.541939469982316,0.529181246501922,0.516966762734976
Papua New Guinea,PNG,"Population, total",SP.POP.TOTL,3896481,4021837,4166699,4320872,4480208,4644278,4813361,4987883,5166390,5349333,5537064,5728435,5924003,6123997,6328041,6535905,6747720,6963345,7183002,7406438,7633523,7859346,8081390,8302698,8523441,8743246,8961718,9178714,9394513,9609010,9815746,10012896,10203169,10389635,10576502
Paraguay,PRY,GDP per capita (constant 2015 US$),NY.GDP.PCAP.KD,4059.77343113365,4091.49044786505,4054.04426060898,4147.78440621619,4262.14495791768,4445.18978188973,4411.3728007829,4496.02336469197,4402.11110078307,4252.49065726724,4074.48953320457,3972.88427866739,3916.44022308731,4035.71833919936,4151.34584799423,4193.28086525675,4349.31197066239,4540.38235899258,4788.66318778074,4727.59685811389,5191.05014254362,5342.19015717538,5230.26244858989,5583.12274473566,5794.47644689985,5879.33792308762,6041.95879367349,6243.1336313903,6354.2392005316,6243.53620897823,6109.19608100826,6278.11006663809,6218.19790694162,6449.23028812969,6640.83816613117
Paraguay,PRY,Carbon dioxide (CO2) emissions excluding LULUCF per capita (t CO2e/capita),EN.GHG.CO2.PC.CE.AR5,0.541163754814165,0.51498854830319,0.601396464171525,0.668348195702841,0.760698454203667,0.842764955546152,0.813517870662733,0.880316501794172,0.902383151106372,0.883126279822551,0.714113754757033,0.729978223444004,0.75363102243388,0.768337402345583,0.768516241584581,0.701070483877214,0.747663823025285,0.703512941896821,0.813688391744725,0.831000508531121,0.913894475939317,0.937463561714889,0.91780441878322,0.942925509553368,0.980244689661672,1.08148865183778,1.20212010447541,1.33605525458062,1.3602583446884,1.30801598389454,1.1894625150994,1.19342950266764,1.18410511467852,1.1312441318464,1.1581935050359
Paraguay,PRY,"Population, total",SP.POP.TOTL,4035747,4144364,4253600,4362696,4471417,4579806,4687543,4794412,4900025,5003135,5100868,5187689,5261328,5326436,5388175,5448097,5505148,5559386,5613574,5671236,5737971,5814626,5897008,5982445,6069811,6159103,6249126,6338660,6427382,6515058,6603739,6684182,6760464,6844146,6929153
Peru,PER,GDP per capita (constant 2015 US$),NY.GDP.PCAP.KD,2706.92253156841,2709.27754515647,2640.31373880219,2723.2842310292,2998.57693125514,3158.98338644792,3186.90077024092,3331.15151093297,3258.29746206218,3250.37802318947,3286.27308475523,3261.6642505136,3398.74991419297,3502.79165687646,3640.60299869744,3835.13219279722,4091.36268615581,4407.79121686416,4778.52642172313,4801.17153740507,5167.39259325937,5453.45718713631,5740.04346272472,6021.46142765232,6103.91864749969,6231.71150338894,6392.25474941014,6457.41940254721,6593.14437459526,6626.26083494969,5831.83024758521,6547.84718181776,6667.51695632036,6568.0002779793,6711.19403272527
Peru,PER,Carbon dioxide (CO2) emissions excluding LULUCF per capita (t CO2e/capita),EN.GHG.CO2.PC.CE.AR5,0.946823385080862,0.900129093090462,0.920072656467219,0.948710424112157,0.95417401248741,1.06322173891991,1.14660448714815,1.12253046561769,1.05969381183806,1.11945450984981,1.08978642306542,0.999072821437261,1.02982177252548,0.999006906693826,1.1424738952305,1.13303782972815,1.11175872498468,1.20481100024924,1.3577960350417,1.4525720502515,1.57630028365174,1.67824036552445,1.6622975160443,1.68769322902782,1.76825633140529,1.80255174406388,1.86289055051085,1.76274029927306,1.73514081818861,1.79270106356368,1.44746823545562,1.79843805693361,1.90408262918024,1.92281618030482,2.02424185179617
Peru,PER,"Population, total",SP.POP.TOTL,22014771,22483775,22946340,23413783,23881493,24348919,24811171,25274147,25738095,26186504,26598331,26964601,27288217,27580490,27852190,28101180,28324491,28530699,28719041,28896811,29086019,29304086,29550366,29817919,30115826,30457600,30866494,31324637,31897584,32449303,32838579,33155882,33475438,33845617,34217848
Philippines,PHL,GDP per capita (constant 2015 US$),NY.GDP.PCAP.KD,1704.07568899121,1656.38349704781,1624.34939806129,1620.35505833942,1654.74613902838,1693.80873081644,1752.23800104559,1800.25913137613,1746.52590513282,1759.42105225652,1793.34761146436,1807.70892524758,1837.25429286854,1892.82161995051,1978.34489133113,2037.8776605946,2110.42044781284,2209.34651083329,2264.9462907288,2256.72554835463,2373.14312064664,2416.75212064542,2533.74141964959,2654.41506933978,2776.92005909479,2909.85818010301,3076.3374186759,3247.4503878362,3410.93647976109,3575.88170922922,3198.66690008413,3350.97587587776,3577.70136573244,3744.69763802928,3925.3048697218
Philippines,PHL,Carbon dioxide (CO2) emissions excluding LULUCF per capita (t CO2e/capita),EN.GHG.CO2.PC.CE.AR5,0.679411771912049,0.666228668091418,0.707058089642005,0.745116796719521,0.785713663734969,0.926297339762062,0.951577361383551,1.04000862684706,0.997227587266798,0.951638591808443,0.932672272893032,0.880719772591872,0.878079638214495,0.882480593038024,0.876070774131651,0.896249932483837,0.792914802989724,0.845028213173854,0.838866873511548,0.833249191469975,0.881994350568382,0.860953621187979,0.893452882976031,0.955039177738511,1.00237329489598,1.07477147738809,1.13642556715245,1.25459105770861,1.29114721089618,1.33500133744347,1.21683584867494,1.28744630350143,1.33112167071071,1.41396992471112,1.5030109111702
Philippines,PHL,"Population, total",SP.POP.TOTL,62854666,64382249,65926125,67530621,69019291,70546246,72190242,73908810,75791024,77753257,79625397,81401488,83068889,84731835,86394504,88015962,89508986,91075184,92699095,94384250,96337125,98248614,100175512,102076336,103767130,105312992,106735719,108119693,109465287,110804683,112081264,113100950,113964338,114891199,115843670
Poland,POL,GDP per capita (constant 2015 US$),NY.GDP.PCAP.KD,5111.3453296443,4735.9276980893,4840.16858549117,5008.34908886395,5262.31523522496,5671.89573674798,6012.95806433166,6391.13172823376,6684.11477782234,6998.79475144289,7401.57697647848,7494.96089503246,7640.99307757777,7915.55424389704,8323.38773754587,8598.57681241557,9137.65850849801,9760.7042604352,10187.2017910883,10446.5289138524,10808.3975674238,11370.313427173,11542.2353368014,11628.2286809525,12093.1622787394,12637.5220324406,13026.1858988718,13695.6452848724,14551.0850277089,15221.3090624454,15090.2228440113,16368.6239689025,17303.64494323,17410.3830137066,18000.5034591285
Poland,POL,Carbon dioxide (CO2) emissions excluding LULUCF per capita (t CO2e/capita),EN.GHG.CO2.PC.CE.AR5,9.74855094812801,9.65410596552708,9.39233467958107,9.37995561680945,9.20182918393887,9.23545325744025,9.64288349557546,9.38347969943332,8.64038341503705,8.39754589407819,8.18187708712719,8.09869495134866,7.912937998707,8.25299957570521,8.31504253471681,8.30851048638369,8.67173342720891,8.66464448581028,8.5133492030939,8.16161512269878,8.65823367232175,8.58934161043243,8.39990338165267,8.28307772126095,7.95991816737647,8.05009433373176,8.34151367627891,8.69581601242887,8.68031784277711,8.21985501300853,7.91347409626485,8.76145594619199,8.36357881859441,7.64977784033642,7.55108565871718
Poland,POL,"Population, total",SP.POP.TOTL,38110782,38246193,38363667,38461408,38542652,38594998,38624370,38649660,38663481,38660271,38258629,38248076,38230364,38204570,38182222,38165445,38141267,38120560,38125759,38151603,38042794,38063255,38063164,38040196,38011735,37986412,37970087,37974826,37974750,37965475,37515748,36981559,36821749,36687353,36559233
Portugal,PRT,GDP per capita (constant 2015 US$),NY.GDP.PCAP.KD,14593.2706053569,15265.8793018366,15444.2006161246,15110.1392558339,15214.9307536408,15811.7171369279,16304.3794463959,16946.086865108,17671.3135082912,18258.0911720943,18822.0933092937,19053.089945659,19095.1102477398,18846.5411893632,19137.8370898949,19251.71450683,19529.3122100477,19979.5706280792,20014.4749330004,19371.1318876855,19698.6836791397,19389.6395896162,18679.7626789594,18597.7214623964,18836.8967978906,19215.7813014347,19662.82312462,20364.1962735946,20997.7745987013,21569.1874752919,19778.7139525722,20747.6990734163,22042.8680283647,22417.1615864385,22647.3791895579
Portugal,PRT,Carbon dioxide (CO2) emissions excluding LULUCF per capita (t CO2e/capita),EN.GHG.CO2.PC.CE.AR5,4.39351319384191,4.54854729833182,4.92324838377195,4.81348363092625,4.94443040476804,5.26690335378114,5.07822727568563,5.30168384001665,5.71047054604065,6.33573984608079,6.24348268563984,6.12752132113551,6.50103636107651,6.00482597417051,6.15858031692713,6.4581042393222,5.98192142241307,5.8179179972539,5.61287237370618,5.53453188594097,5.03622400242124,4.86833131897901,4.73413585593852,4.60337018320703,4.58326274759251,4.99335011637296,4.89305456071076,5.35359164296186,4.96972818082616,4.51358282400518,3.94717687468905,3.76014625214405,3.8017191709062,3.53665954067309,3.32476489948602
Portugal,PRT,"Population, total",SP.POP.TOTL,9983218,9960235,9952494,9964675,9991525,10026176,10063945,10108977,10160196,10217828,10289898,10362722,10419631,10458821,10483861,10503330,10522288,10542964,10558177,10568247,10573100,10557560,10514844,10457295,10401062,10358076,10325452,10300300,10283822,10286263,10297081,10361831,10434332,10578174,10694681
Puerto Rico (US),PRI,GDP per capita (constant 2015 US$),NY.GDP.PCAP.KD,18733.6452536405,19030.2415359969,19770.7684693589,20515.5207259978,21176.6701749814,21936.4179114827,22193.5791326619,23061.3344942222,24197.3097487888,25374.101701053,26131.9630643584,27722.3671872748,27940.3826219734,27937.8165922567,30375.7895758237,29815.216422231,29519.7386759729,29347.8460041613,28976.1310520159,28565.767919549,28569.5077088001,28706.0207514856,28968.6942131352,29115.3549161996,29141.2038639816,29242.041465085,29326.5748761873,29061.5563802711,28808.8518638025,29185.0969964707,28144.7223184239,28416.6231262223,29643.7408907829,30012.9242468103,30971.2620550191
Puerto Rico (US),PRI,Carbon dioxide (CO2) emissions excluding LULUCF per capita (t CO2e/capita),EN.GHG.CO2.PC.CE.AR5,5.37709923664122,5.48276162162314,5.6497644746032,5.74438313736673,5.86670583467174,5.93689614436523,5.95480655255319,6.06419058208292,6.13220858157452,6.617753674198,6.60892430467078,6.51078068510993,5.26808973818821,6.83051518584876,6.84176501053862,6.88558163293611,4.45924986084882,4.74692670754257,4.09389752253869,3.73563325945551,3.60688045128629,3.15890448641167,3.09679340188389,3.01209414370714,3.21103079845925,3.42193169375025,3.26088830352094,3.40966161678204,4.16800123986155,3.8228523346568,3.79870733394483,3.88232362596626,4.32211424544981,4.56646374046755,4.81694630060609
Puerto Rico (US),PRI,"Population, total",SP.POP.TOTL,3537000,3562110,3585176,3615497,3649237,3683103,3724655,3759430,3781101,3800081,3810605,3818774,3823701,3826095,3826878,3821362,3805214,3782995,3760866,3740410,3724465,3693464,3661045,3631427,3585017,3535167,3480432,3410837,3290690,3302691,3281590,3262711,3220137,3203792,3203295
Qatar,QAT,GDP per capita (constant 2015 US$),NY.GDP.PCAP.KD,40125.3967011798,38185.1053391115,41171.6739154722,39377.8267305005,38743.9675482679,38526.8070714743,39095.0108603448,48844.8586607766,51513.5714535796,50917.3350804671,52234.3615212341,51633.898491151,52752.6445826427,52255.320560255,59990.23422872,60416.7101500199,64676.3189868053,61423.0131050382,61213.7206556875,60781.8017337781,72333.8027430124,81608.4080652473,80621.7554942834,76486.9151226864,71756.0265797248,68985.2433380102,67294.3517688172,64497.6242543737,64410.7171628721,63430.3717285437,57769.5836053284,65488.5460040395,64315.6355652952,65337.9507645329,62157.3751791848
Qatar,QAT,Carbon dioxide (CO2) emissions excluding LULUCF per capita (t CO2e/capita),EN.GHG.CO2.PC.CE.AR5,38.5798830010791,39.6325845932642,40.399483026975,40.1838838497972,41.057023699643,40.7923005881495,43.0680183509477,50.6770208900999,51.7469941778344,53.1144489795918,49.2290566195703,47.8365600914555,50.8998108843442,51.3901235695236,53.2363848903188,52.7739009071877,50.3550976479985,46.4568362437376,43.3504469009866,39.7629937914219,44.6630200292918,51.1981146765586,53.5992587251326,53.2936831372565,51.4766852020105,48.6591283555913,46.043357731359,44.8208042988114,44.520899868022,44.592192164423,41.2780926421936,47.2839742745248,45.1959539884538,48.6426368357008,47.3321641445828
Qatar,QAT,"Population, total",SP.POP.TOTL,440175,454853,469657,484545,499459,514325,529019,550500,580540,612500,644989,677925,711205,744682,773332,825408,972831,1208595,1426938,1608903,1616832,1624761,1722438,1916426,2151745,2344557,2477113,2545820,2580734,2638657,2794148,2504910,2657333,2656032,2857822
Romania,ROU,GDP per capita (constant 2015 US$),NY.GDP.PCAP.KD,5019.43702748333,4409.1517208357,4059.09860455382,4126.76859277572,4295.27065788629,4572.25803354276,4764.63682106299,4546.66753054721,4463.60791806212,4453.78126046181,4569.31124324524,4875.30310600635,5248.54994632668,5410.30835796252,6008.64048461485,6328.09022324183,6876.77841417966,7483.97375820611,8318.00342795388,7924.87058070212,7660.70667630517,8044.57194920892,8234.28553425194,8287.95844089676,8661.47397274241,8977.01748158196,9286.87678236598,10106.2269557253,10714.1701157127,11197.3162915853,10854.049431887,11546.3224998072,12076.3033811896,12340.8170509969,12459.9112061891
Romania,ROU,Carbon dioxide (CO2) emissions excluding LULUCF per capita (t CO2e/capita),EN.GHG.CO2.PC.CE.AR5,8.09116606509787,6.60874203925846,6.07009195814179,5.7594687584566,5.63809108503216,5.88105325849146,6.03747185331414,5.5121717330752,4.84219728458409,4.14686428112446,4.34452283523425,4.71753757121485,4.75824850017229,4.99887690581852,4.92175276345778,4.90116528457151,5.22993560368712,5.12802242514982,5.13050644236563,4.20729371276879,4.11641877898071,4.45806056206995,4.36901221879411,3.9798049339529,3.96756659394738,4.0525613738175,3.99479410161277,4.17578692629915,4.26219717910626,4.18922540818417,3.92941176470588,4.22268857135102,3.97277959180202,3.68569180458046,3.72055055783694
Romania,ROU,"Population, total",SP.POP.TOTL,23201835,23001155,22794284,22763280,22730211,22684270,22619004,22553978,22507344,22472040,22442971,22131970,21730496,21574326,21451748,21319685,21193760,20882982,20537875,20367487,20246871,20147528,20058035,19983693,19908979,19815616,19702267,19588715,19473970,19371648,19265250,19122059,19048502,19061062,19051804
Russian Federation,RUS,GDP per capita (constant 2015 US$),NY.GDP.PCAP.KD,7849.51904296875,7432.021484375,6345.912109375,5798.91455078125,5071.74267578125,4862.646484375,4686.86279296875,4760.33935546875,4515.50927734375,4819.38037109375,5323.66650390625,5618.95556640625,5910.171875,6370.45361328125,6856.67822265625,7323.38525390625,7949.89697265625,8640.40625,9093.7001953125,8381.8681640625,8755.1201171875,9120.8203125,9464.0107421875,9601.537109375,9493.8125,9277.7138671875,9269.3193359375,9418.9140625,9674.787109375,9882.0244140625,9632.3251953125,10231.318359375,10119.0625,10562.0263671875,11043.259765625
Russian Federation,RUS,Carbon dioxide (CO2) emissions excluding LULUCF per capita (t CO2e/capita),EN.GHG.CO2.PC.CE.AR5,16.4646839225671,16.129607773931,14.8477977014895,13.5590669725105,12.229212550339,11.9194798272578,11.6575991912102,10.8668977253823,10.9244418990828,11.2822316151199,11.4678581573253,11.5380010322485,11.5293860535362,12.0101555342893,12.0698465708905,12.1189832296134,12.4166473767424,12.4578591772281,12.3604193305861,11.6405620274147,12.2289345872818,12.8138402250147,12.6922981666833,12.2682756012668,12.1341694161707,12.1481277789029,11.961746699283,12.1357322425004,12.5939247104085,12.7738739166789,12.2840530273686,13.3920757412176,13.1413838368291,13.5462339145189,13.9977718566194
Russian Federation,RUS,"Population, total",SP.POP.TOTL,147969406,148394216,148538197,148458777,148407912,148375787,148160129,147915361,147670784,147214776,146596869,145976482,145306497,144648618,144067316,143518814,143049637,142805114,142742366,142785348,142849468,143018195,143378447,143805638,144237223,144640716,145015460,145293260,145398106,145453291,145245148,144746762,144236933,143826130,143533851
Rwanda,RWA,GDP per capita (constant 2015 US$),NY.GDP.PCAP.KD,368.219602425258,351.728542825213,364.8092069198,322.716818710568,188.658278473302,305.387824462464,291.210840482528,286.805194458463,299.601139695983,310.098130200543,333.355090143084,358.446058691452,400.270421264911,400.191620648726,418.780997277457,446.029809636404,474.364599463307,497.171622130545,538.325372065592,557.397804859216,583.371416419483,614.539650123021,651.852818665834,666.408788783175,690.610394944356,733.998629882494,759.606288155109,771.069237513582,817.578437300032,874.639658935978,826.391307701022,896.271033574985,948.413686948024,1004.33216650024,1070.45003770926
Rwanda,RWA,Carbon dioxide (CO2) emissions excluding LULUCF per capita (t CO2e/capita),EN.GHG.CO2.PC.CE.AR5,0.0749799296490302,0.066122259619613,0.0649593545244952,0.0627354615861509,0.0705793810450342,0.082902752463026,0.070340825821269,0.0621386474535017,0.0615218541786047,0.0630468272116832,0.0828470558128623,0.0839377470558437,0.0974383882250142,0.0825096440788995,0.0778850119158284,0.0819369049386119,0.0800710079075228,0.0709743199245482,0.0691331500594282,0.0692316194771755,0.0708695172198292,0.0720464570081352,0.0782278619167433,0.0850149729477326,0.0844012766836986,0.0951200951338408,0.101567364138968,0.107481851425087,0.116840203984691,0.118588586832777,0.111389725740494,0.127784857801346,0.161247905835677,0.163983285357073,0.162128792997641
Rwanda,RWA,"Population, total",SP.POP.TOTL,7375307,7526966,7683266,7981132,6792352,5674118,6708764,7755238,8081681,8147912,8213931,8287094,8400180,8586875,8816844,9054528,9299246,9549933,9804269,10060432,10317553,10573733,10829901,11093340,11364757,11640022,11919183,12202060,12487996,12776103,13065837,13355260,13651030,13954471,14256567
Samoa,WSM,GDP per capita (constant 2015 US$),NY.GDP.PCAP.KD,2534.12204893501,2471.07143007975,2452.18685335209,2531.28193070432,2447.20260205264,2589.40524057852,2751.65426684601,2746.33660844689,2785.31171323751,2824.55330392791,2945.37217923198,3137.46403765812,3291.3424477268,3444.99857743289,3535.73813824914,3755.78242822467,3820.92239453139,3818.25503804332,3925.8743329936,3875.94291686166,4081.15535978003,4201.45663738908,4007.91092846814,3976.39289268132,3967.23730470679,4084.36083819933,4373.23792440391,4393.37316255965,4321.00518344962,4466.08075482035,4283.06392492734,4032.13733959294,4095.15868286688,4688.4631403154,4880.54418032056
Samoa,WSM,Carbon dioxide (CO2) emissions excluding LULUCF per capita (t CO2e/capita),EN.GHG.CO2.PC.CE.AR5,0.726446681889708,0.751617779037362,0.729755593520851,0.822592476160537,0.838535681079239,0.754993670197226,0.755377092195762,0.771626667868226,0.787568821441547,0.780474275412564,1.02374989679941,1.09681927868709,1.12538014105198,1.15569217494472,1.13074432614403,1.16484292269679,1.16510130041714,1.2614369043141,1.28453975918825,1.29599557210215,1.36304999922289,1.37484400117095,1.36439047725677,1.4061774971251,1.43223503651824,1.62948132142609,1.74054909360734,1.54078329235937,1.66054860247998,1.78043664791687,1.47774883931605,1.60679954532484,1.54417195869201,1.53833372564766,1.60444731881166
Samoa,WSM,"Population, total",SP.POP.TOTL,169042,169368,170331,171774,173159,174571,176071,177547,178905,180275,181685,183166,184471,185430,186249,186978,187709,188753,190107,191513,193023,194713,196498,198268,200037,201782,203499,205415,207582,209780,211944,213779,215261,216663,218019
San Marino,SMR,GDP per capita (constant 2015 US$),NY.GDP.PCAP.KD,..,..,..,..,..,..,..,48409.5476837524,51376.4362163713,55318.4458342113,55806.9219720449,58173.2936031775,57615.4100635074,59090.2331058555,58393.2236678918,59049.5774485922,60604.3508911242,62776.9461598748,61572.7435735639,52873.2681862909,49672.6977770842,46450.0251706982,42082.5554467713,42293.4870685544,42492.8509160139,43146.8240435428,43886.2146896896,43057.7784775102,42818.6962696679,43525.4225717352,40506.8521137898,46834.1395065822,51277.3460993917,51323.7972635865,..
San Marino,SMR,Carbon dioxide (CO2) emissions excluding LULUCF per capita (t CO2e/capita),EN.GHG.CO2.PC.CE.AR5,..,..,..,..,..,..,..,..,..,..,..,..,..,..,..,..,..,..,..,..,..,..,..,..,..,..,..,..,..,..,..,..,..,..,..
San Marino,SMR,"Population, total",SP.POP.TOTL,23475,23797,24125,24472,24823,25158,25482,25800,26125,26459,26799,27143,27491,27843,29457,29836,30184,31211,31662,33066,33270,32620,33469,33041,32655,32897,33101,33825,34522,34663,34770,34252,33755,33860,33977
Sao Tome and Principe,STP,GDP per capita (constant 2015 US$),NY.GDP.PCAP.KD,967.490807502814,957.946483063679,946.482495103288,939.606669438019,943.891404294867,947.331538535199,947.030151309961,942.971185295678,953.9855008639,966.2268289095,959.938180991352,973.424252100436,982.32906557627,1036.86196260207,1047.05796134884,1089.14778798762,1157.0861446542,1170.51612474435,1214.14114724792,1225.60541902997,1216.3502521663,1214.96130276731,1225.6945255615,1263.70423995281,1301.32146445028,1298.10946596396,1342.533807689,1375.59403284199,1413.84348618541,1420.66008316091,1430.84119299096,1428.28676097975,1403.23356704678,1380.60169416257,1368.14347554019
Sao Tome and Principe,STP,Carbon dioxide (CO2) emissions excluding LULUCF per capita (t CO2e/capita),EN.GHG.CO2.PC.CE.AR5,0.313872174337291,0.408919862844778,0.339551947545078,0.324986395027095,0.389506675104722,0.394380814707736,0.40230136826273,0.393746130922388,0.397865734524089,0.409991435110431,0.37981363440681,0.381212638770282,0.429556702818799,0.474599191230967,0.523762721537047,0.552465679693638,0.574747340586097,0.57631113730112,0.602440834786211,0.644352358408348,0.679860507585175,0.685702589294852,0.701017213984449,0.690662082962288,0.668811335234058,0.702477894663265,0.718742789252242,0.720394260037687,0.725544396180544,0.745576216540451,0.708717547772898,0.713188352908844,0.62393672256468,0.63065521438379,0.627080361388493
Sao Tome and Principe,STP,"Population, total",SP.POP.TOTL,122980,125697,128110,130467,132732,134895,136962,138922,140751,142442,144018,146375,149922,153814,157705,161639,165638,169700,173793,177853,181802,185649,189439,193148,196767,200291,203689,206970,210187,213392,217435,221961,226305,230871,235536
Saudi Arabia,SAU,GDP per capita (constant 2015 US$),NY.GDP.PCAP.KD,25918.9650837526,26742.682261559,26709.0328186878,25649.064468644,24808.6528928409,23876.246129794,23699.1352161738,23406.0346643453,23179.8581162861,22214.4256445476,22247.8566987439,21193.0922894351,20025.4319998275,20765.9387688082,21545.894988606,21838.1915349374,21616.3355772516,21196.7926036633,21629.8405734551,20577.5453445336,21830.1424272816,23314.5576023168,23643.0358324647,23057.3494468535,23404.7306039825,23256.1549553531,22783.0328538685,23035.1199977707,24393.5188306638,24905.6697428558,22827.671935548,24922.6716948944,26706.917926066,25634.8237547841,24963.3322139095
Saudi Arabia,SAU,Carbon dioxide (CO2) emissions excluding LULUCF per capita (t CO2e/capita),EN.GHG.CO2.PC.CE.AR5,16.3431491432276,15.9152024273651,16.3410964760211,16.4614007591114,17.1578442106848,16.3409960460508,16.6669257463429,16.2238417223637,16.7202591309517,16.4371876428986,16.3953985610582,16.1835734476463,16.3991276825131,16.4119297375647,16.6257165924061,16.8475463633317,17.0903135744837,17.3405924711443,18.0563174565032,18.3345628771474,20.3047423300728,20.2940259487267,20.6100945700312,19.8087286694572,20.6973806780556,20.5071259148746,19.6907023725829,19.4764691820848,19.2090840590601,19.2859458646594,18.2902881577409,19.1759893319934,19.282874301046,18.8540744665469,18.4845842582552
Saudi Arabia,SAU,"Population, total",SP.POP.TOTL,10640691,11160744,11686676,12215862,12750040,13289245,13831009,14374943,14922185,15472075,16177722,17041397,17910910,18786767,19669480,20559890,21459144,22368313,23287877,24217654,23978487,25091867,26168861,27624004,28309273,29816382,30954198,30977355,30196281,30063799,31552510,30784383,32175224,33702731,35300280
Senegal,SEN,GDP per capita (constant 2015 US$),NY.GDP.PCAP.KD,990.777522619822,988.63221583773,974.054860027128,960.506561720788,934.692068072302,960.84709282163,956.588791201654,962.736689457399,995.979085689636,1033.76396461633,1048.37474052363,1067.36886550595,1042.25509944289,1074.38578467686,1098.20064546027,1119.0505307548,1118.7830430051,1123.99862153285,1138.66883930214,1142.65317233964,1153.53431121583,1139.74447892639,1154.05677992367,1147.3859217191,1180.7987108505,1218.00613555438,1257.40906915928,1312.10932776049,1355.09610863712,1379.60875249861,1361.79143748646,1414.5395109385,1433.1991875241,1458.96642332589,1511.89280670234
Senegal,SEN,Carbon dioxide (CO2) emissions excluding LULUCF per capita (t CO2e/capita),EN.GHG.CO2.PC.CE.AR5,0.306352302816791,0.29943025914994,0.319989422646677,0.303967658088908,0.302258397941206,0.31133234125605,0.327737444764065,0.352130312990959,0.385859046746737,0.415809987311537,0.400180171865501,0.441919674076285,0.447200869387918,0.423806119776413,0.471678172078985,0.511647396744881,0.488187313947173,0.528404267538825,0.534842885597005,0.534391839310571,0.552265288044008,0.577132451936303,0.553255156926921,0.571875600117834,0.592328969929697,0.631685802233911,0.684897111121798,0.659314939022302,0.674573586926839,0.674423812453823,0.644157420306448,0.762104486376905,0.823959839790182,0.758785485197598,0.767609570951958
Senegal,SEN,"Population, total",SP.POP.TOTL,7720523,7943085,8168395,8396288,8624078,8848101,9067014,9283495,9502952,9730887,9968260,10212942,10466214,10721176,10975704,11235472,11500094,11770344,12048959,12337389,12635413,12958897,13310495,13710849,14152102,14593331,15034521,15475002,15914498,16352922,16789219,17220867,17651103,18077573,18501984
Serbia,SRB,GDP per capita (constant 2015 US$),NY.GDP.PCAP.KD,..,..,..,..,..,3012.49816736822,3200.76825835814,3497.55048957119,3699.40380796484,3329.4517344386,3542.35365914848,3788.98233947399,4038.65251197442,4233.77644906089,4527.43498659451,4809.1384076488,5016.41289322251,5431.27887426624,5735.94772695749,5578.0119741931,5690.70327182682,5737.00120175811,5739.3075023532,5793.33614525565,5716.54047153506,5820.3215576888,6024.95754653784,6200.26118592152,6524.08029755191,6870.75810896296,6850.96742168834,7465.67601077148,7862.95387364846,8208.4786891507,8580.26105823259
Serbia,SRB,Carbon dioxide (CO2) emissions excluding LULUCF per capita (t CO2e/capita),EN.GHG.CO2.PC.CE.AR5,..,..,..,..,..,..,..,..,..,..,..,..,..,..,..,..,..,..,..,..,..,..,..,..,..,..,..,..,..,..,..,..,..,..,..
Serbia,SRB,"Population, total",SP.POP.TOTL,7897937,7595636,7604063,7614328,7622711,7628264,7622185,7598538,7567745,7540401,7516346,7503433,7500031,7480591,7463157,7440769,7411569,7381579,7350222,7320807,7291436,7236519,7201497,7166553,7131787,7095383,7058322,7020858,6982604,6945235,6899126,6834326,6664449,6623183,6586476
Seychelles,SYC,GDP per capita (constant 2015 US$),NY.GDP.PCAP.KD,8779.85231337378,8902.83798776266,9497.7554107084,9981.2446035158,9481.8805265777,9388.81967720743,10177.0904671696,11284.8459766598,11339.3481297046,11326.9386083063,11703.7535246117,11427.9413083015,11218.2606464315,10677.9692081272,10412.0868936027,11297.3118190493,12105.4475265558,13112.8210098816,12473.2921769121,12116.3783687977,12313.5566919249,13843.7116081878,14135.0010570653,14050.3135581314,14395.6158118771,15333.1051727105,16962.6753972731,17921.5731976918,18628.1862276696,19481.6461053742,17048.361729788,17005.0422063679,15869.6738782504,16242.4365925219,16586.4074964781
Seychelles,SYC,Carbon dioxide (CO2) emissions excluding LULUCF per capita (t CO2e/capita),EN.GHG.CO2.PC.CE.AR5,3.82551397700951,5.38906003776317,4.51083193194183,4.43441794804368,4.3029445455158,4.51503240199724,4.60761348914509,4.79959647693322,4.81571671359359,4.92724785474443,9.29977443887047,10.3224058520726,9.06083155166442,9.24366702504198,12.8705668384359,11.6379830553477,12.4054373522459,10.2019216069056,10.5938635631814,11.6864074778345,10.2149938732316,8.9397422261868,10.0404289774979,8.91949882711314,10.1369323219387,10.5631616694677,11.6216187669656,12.0280041317571,10.3894090655423,9.16568501920615,8.51902256708172,7.9409216385581,7.02714426333439,7.00909219941055,7.23667946668425
Seychelles,SYC,"Population, total",SP.POP.TOTL,69507,70439,70763,72253,74205,75304,76417,77319,78846,80410,81131,81202,83723,82781,82475,82858,84600,85033,86956,87298,89770,87441,88303,89949,91359,93419,94677,95843,96762,97625,98462,99258,119878,119773,121354
Sierra Leone,SLE,GDP per capita (constant 2015 US$),NY.GDP.PCAP.KD,992.259351903398,1003.77238191056,828.516034463031,841.770438078312,822.218309819245,755.343467472038,764.924518087367,710.743788352538,716.346032939256,698.548063578049,727.240914632596,642.036645844304,766.788693742901,806.066489012144,829.759768928304,842.906030904902,859.824260714965,872.68836234614,882.54147817868,872.23959352481,902.769891411394,950.760763054593,1025.04366004502,1146.81973456475,1032.23789355905,964.575980888989,1002.77862282013,1010.54694071207,1015.6678297205,1046.96778078594,1010.25294614757,1045.7661615758,1077.08884538507,1113.86837500697,1137.29005673054
Sierra Leone,SLE,Carbon dioxide (CO2) emissions excluding LULUCF per capita (t CO2e/capita),EN.GHG.CO2.PC.CE.AR5,0.150828196914432,0.198103416483231,0.124688997558064,0.12183886479374,0.125422197620237,0.135792221390852,0.152338177895366,0.145590349708349,0.152288813336794,0.157571381294721,0.0975673493894468,0.117075058452291,0.116626285971757,0.119145865711852,0.114363772394994,0.103149710490117,0.126518677506451,0.11604786069804,0.109725276272571,0.107783711267138,0.114146335505697,0.135958333248529,0.148738833902196,0.167216483759209,0.175528275394702,0.145275663555545,0.146932936293809,0.14155816155437,0.160273995994209,0.156143482319108,0.155537564463982,0.181898998863687,0.177218098718503,0.16670385905723,0.16915022896262
Sierra Leone,SLE,"Population, total",SP.POP.TOTL,4196828,4246267,4166366,4157130,4173105,4179179,4199210,4253716,4295785,4318043,4423611,4692716,4971435,5177687,5355717,5501712,5624466,5749352,5894722,6055646,6222714,6387251,6551080,6714051,6876385,7037655,7205328,7379299,7554563,7731991,7912558,8094602,8276807,8460512,8642022
Singapore,SGP,GDP per capita (constant 2015 US$),NY.GDP.PCAP.KD,23272.7000932159,24132.7153290621,24973.4311358112,27139.9524278985,29220.2727915476,30379.8991144598,31349.3171805131,32835.2518506082,31043.108180076,32557.0469904063,34890.0811365168,33597.8690808226,34598.8267483781,36709.7965038255,39856.6356222613,41798.4880834671,44159.4101820552,46178.8139470199,44601.5799302699,43331.8746638962,48752.0515441859,50713.5326393594,51679.352717333,53298.9728558286,54681.9336458253,55645.6068614606,56986.7853102911,59485.3015873921,61250.3476672302,61345.5291820062,59189.70385743,67731.2610711717,68218.805333562,66167.3596303607,67706.8336149739
Singapore,SGP,Carbon dioxide (CO2) emissions excluding LULUCF per capita (t CO2e/capita),EN.GHG.CO2.PC.CE.AR5,10.3862254736585,10.6779310149045,10.5829452335068,11.9106520020848,12.1800278908047,11.7296438139132,11.5838269716109,11.114667450642,10.4558881832995,10.4599892440062,11.3010369953278,11.0938779297885,10.8280032088507,10.314555220561,10.6855268387372,9.78289459186893,9.5355418148688,9.44913687162465,8.86794550394306,8.77394676729544,9.62940332481604,9.90350885315629,9.44039430491129,9.74704963473961,9.84749870377372,9.9683071478565,9.44707088976961,10.1364104576184,9.61426051080076,9.79870673958709,9.4756645802434,10.2167829269876,9.99582758413928,9.48033745839563,9.75144363129176
Singapore,SGP,"Population, total",SP.POP.TOTL,3047132,3135083,3230698,3313471,3419048,3524506,3670704,3796038,3927213,3958723,4027887,4138012,4175950,4114826,4166664,4265762,4401365,4588599,4839396,4987573,5076732,5183688,5312437,5399162,5469724,5535002,5607283,5612253,5638676,5703569,5685807,5453566,5637022,5917648,6036860
Sint Maarten (Dutch part),SXM,GDP per capita (constant 2015 US$),NY.GDP.PCAP.KD,..,..,..,..,..,..,..,..,..,..,..,..,..,..,..,..,..,..,..,37548.9474627441,38403.0705201664,39615.1371367338,39298.9873567827,38889.7715088035,38623.1999405819,37839.6283815163,37428.7027557069,33945.4185182499,31047.7241050626,33877.976645467,28920.3773007159,29834.6350068383,33523.6038330075,34300.9634216479,34840.1808966872
Sint Maarten (Dutch part),SXM,Carbon dioxide (CO2) emissions excluding LULUCF per capita (t CO2e/capita),EN.GHG.CO2.PC.CE.AR5,..,..,..,..,..,..,..,..,..,..,..,..,..,..,..,..,..,..,..,..,..,..,..,..,..,..,..,..,..,..,..,..,..,..,..
Sint Maarten (Dutch part),SXM,"Population, total",SP.POP.TOTL,28061,30046,31567,32026,31917,31772,31598,31404,31193,30977,30773,30726,30960,31327,31690,32057,32428,32791,33145,33491,33794,34267,35023,35854,36672,37471,38249,38996,39712,40385,41008,41571,42139,42749,43350
Slovak Republic,SVK,GDP per capita (constant 2015 US$),NY.GDP.PCAP.KD,8597.46391527645,7338.79874023232,6843.30017436782,6946.84564117976,7348.918397432,7755.6233338553,8212.83193942756,8647.39434311517,8966.21926231252,8914.68326467255,8997.21199594319,9277.35808851002,9690.68468262889,10168.02256533,10718.2101858841,11412.1593630008,12430.2015488557,13770.9602691527,14497.1114407172,13680.7537106597,14596.1477776887,14950.8735178599,15159.6570420004,15249.8824513785,15647.6491763517,16442.0760860018,16740.7413996428,17195.2888721963,17869.0149173679,18250.9802475637,17763.8563847352,18808.4540496595,18964.8298400624,19383.3732009401,19776.1758069498
Slovak Republic,SVK,Carbon dioxide (CO2) emissions excluding LULUCF per capita (t CO2e/capita),EN.GHG.CO2.PC.CE.AR5,11.442283504998,9.93131815811079,9.27478823815046,9.0453222867047,8.49165530529254,8.53439174457138,8.55870283050031,8.46391175955377,8.28618262147817,8.13349468682473,7.73551047373031,7.80433872040338,7.8021734408151,7.89001472817638,7.78810858704312,7.86263120934737,7.86450312987735,7.69077341625141,7.65205745874923,6.91125028451253,7.40271408613822,7.01956363237591,6.67699907851554,6.72042469482633,6.27281818770694,6.36564652722325,6.5265914880281,6.93642043582623,6.83757404157436,6.3818228588265,5.98002098252976,6.72785720933896,6.11012800289851,5.73978115774848,5.51311685631444
Slovak Republic,SVK,"Population, total",SP.POP.TOTL,5299187,5303294,5305016,5325305,5346331,5361999,5373361,5383291,5390516,5396020,5388720,5378867,5376912,5373374,5372280,5372807,5373054,5374622,5379233,5386406,5391428,5398384,5407579,5413393,5418649,5423801,5430798,5439232,5446771,5454147,5458827,5447247,5431752,5426740,5422069
Slovenia,SVN,GDP per capita (constant 2015 US$),NY.GDP.PCAP.KD,13615.5858551079,12395.9177738027,11735.8460839822,12098.3414794506,12757.6301865941,13278.7428559643,13674.183297426,14400.670888341,14874.2904782546,15646.6885879812,16146.1216848394,16576.7158840406,17099.658209132,17635.3608581831,18425.2601213581,19102.2776603905,20166.5323431214,21485.780992381,22175.2369557321,20307.6188322273,20444.1201295876,20535.4155754108,19894.8697964548,19704.2186005128,20228.7081986391,20697.2748530619,21309.7122138949,22397.7634988337,23293.966665323,23943.1800949889,22811.8050540778,24665.4410464026,25275.715967757,25773.9015835069,26134.627203987
Slovenia,SVN,Carbon dioxide (CO2) emissions excluding LULUCF per capita (t CO2e/capita),EN.GHG.CO2.PC.CE.AR5,7.34980814859263,6.87331233067041,6.6475398422638,7.01670795372502,7.07574934290653,7.52209187324612,7.90389152722379,8.16417886398289,8.0904145024119,7.80264693942901,7.58902422162726,8.51691214120057,8.66214095551333,8.58065683134969,8.71266672408578,8.81606059363931,8.94159456426631,8.88722287354283,9.34821670634379,8.28055924760341,8.37691223640926,7.83269836027402,7.54292692008736,7.52978344651553,6.85069690297675,6.92739774687175,7.27283028626052,7.42566255708028,7.44975394113682,7.0993135844205,6.44048593548669,6.57475360268757,6.3394025593776,5.95087577654104,6.26652251574692
Slovenia,SVN,"Population, total",SP.POP.TOTL,1998161,1999429,1996498,1991746,1989443,1989872,1988628,1985956,1981629,1983045,1988925,1992060,1994530,1995733,1997012,2000474,2006868,2018122,2021316,2039669,2048583,2052843,2057159,2059953,2061980,2063531,2065042,2066388,2073894,2088385,2102419,2108079,2112076,2120461,2127400
Solomon Islands,SLB,GDP per capita (constant 2015 US$),NY.GDP.PCAP.KD,1805.73206812837,1856.36887262922,2029.95281576767,2049.27780478658,2151.02993026269,2299.97686265365,2270.46026896394,2186.40704720284,2153.3586427286,2086.00900424701,1747.71796168688,1577.65519452251,1504.8467296693,1573.84348435767,1664.57315979072,1755.74082446273,1796.71439810674,1830.23321405807,1911.18969015528,1930.46287614922,2058.95691648883,2132.02844199392,2105.91423758379,2136.72116177034,2085.16067273086,2045.47721526649,2084.24845745225,2075.36705302305,2061.8996970669,2043.09139778307,1930.65510307199,1880.5519827183,1788.61727922057,1795.88798697142,1806.38367324387
Solomon Islands,SLB,Carbon dioxide (CO2) emissions excluding LULUCF per capita (t CO2e/capita),EN.GHG.CO2.PC.CE.AR5,0.478525201019808,0.481362915449848,0.512769551823512,0.50325350913215,0.502308155482706,0.442644639269311,0.4338285240992,0.434628957921242,0.434771196288934,0.42253193960511,0.528527546774007,0.568883940996382,0.585136484505245,0.596369440142099,0.603652254161829,0.618738097209572,0.609852846047755,0.647198074200849,0.64545293736119,0.632839323659004,0.672648264060882,0.674208103880133,0.648354445385857,0.660733345099127,0.607059723654094,0.521726890986292,0.48854205824762,0.425713752348061,0.458608858258556,0.438510355738608,0.413298625382472,0.436144669947587,0.382810159448753,0.374747657827139,0.383912070097827
Solomon Islands,SLB,"Population, total",SP.POP.TOTL,331435,341738,352205,362839,373675,384733,396009,407474,419071,430500,440469,449125,457671,466154,474611,483080,491594,500156,508790,518141,532968,552945,573606,594945,616908,639415,662379,685672,709101,728147,744498,762591,781066,800005,819198
"Somalia, Fed. Rep.",SOM,GDP per capita (constant 2015 US$),NY.GDP.PCAP.KD,259.400021870078,277.598802350408,266.498410042902,269.406204622588,210.446194601775,211.087530841637,219.936381873579,214.852351289061,219.712160749346,226.444111028735,233.032393086265,239.83907408804,248.636454000766,257.910337235986,266.257271856641,275.457040798093,284.470789865234,294.210404466634,304.741448811117,317.03818481457,329.970504936941,349.577449077722,369.617204753385,397.108796344858,417.516796906395,445.583080073396,458.921476824605,506.501098879459,498.981065013872,494.444039712339,462.867053737236,461.627830725978,460.046226685196,464.721069525567,467.269910194415
"Somalia, Fed. Rep.",SOM,Carbon dioxide (CO2) emissions excluding LULUCF per capita (t CO2e/capita),EN.GHG.CO2.PC.CE.AR5,0.0887641926348169,0.070298924529188,0.0581514669427309,0.0579669018419645,0.0549325674272361,0.0544405791236714,0.0543386607724112,0.0521565206833642,0.0512542767586256,0.0513303075261253,0.0707455938438096,0.0720444098832276,0.0773188616661482,0.075929768798698,0.0721817084294735,0.0708740925128624,0.0710126971868804,0.0697367437921845,0.065428663636479,0.064842986920795,0.0643056345273874,0.0638360071358987,0.062458069714216,0.060817769387286,0.057963231130783,0.0595713916231977,0.0583884020478453,0.0560917617512643,0.0554085565643899,0.0528040378839186,0.0474200313959524,0.0473151298233482,0.0467871485830976,0.0462780008186892,0.0455149206821494
"Somalia, Fed. Rep.",SOM,"Population, total",SP.POP.TOTL,7082811,6813760,6495107,6681399,7026797,7285007,7554474,7824525,8155417,8492059,8838713,9198493,9550063,9909157,10280998,10644228,10975502,11322582,11663084,11961201,12261756,12348830,12461160,12869594,13339491,13806963,14348740,14916629,15452487,16030971,16651191,17271431,17801897,18358615,19009151
South Africa,ZAF,GDP per capita (constant 2015 US$),NY.GDP.PCAP.KD,4544.23023212165,4396.36069450543,4225.814328485,4193.59826135345,4258.26184733408,4337.29729686998,4465.50649854807,4527.04992403877,4494.85711232358,4552.85007973031,4700.87555500704,4786.482450463,4916.81498068625,5011.62223150169,5187.35683424034,5406.07581377638,5650.9883176549,5891.42069421698,6009.71963138635,5847.05811084505,5953.94506512821,6067.12482726885,6121.55783860713,6170.87670863373,6155.00589462516,6112.27382485974,6095.295060428,6125.6920507497,6117.2701406047,6032.82972598668,5569.58483319272,5750.90937479584,5786.86505344736,5756.55049453121,5715.47531469148
South Africa,ZAF,Carbon dioxide (CO2) emissions excluding LULUCF per capita (t CO2e/capita),EN.GHG.CO2.PC.CE.AR5,7.71150133307914,7.34302074909126,7.059729675037,6.97021993777143,7.01209947546071,7.30056477149405,7.45379442483213,7.69045800806266,7.72882761031744,7.29218825416081,7.36397941641679,7.51319828115408,7.72131022420827,8.11491084558816,8.69023374521021,8.81501533854301,8.81243167639557,9.10281000552084,9.54569945858325,8.83353970564321,8.87117430020844,8.37758623633968,8.57667504044573,8.68872722515024,8.75262375978144,8.14948651738695,8.03701551903542,8.14751418587147,8.077016906198,8.01412233375962,7.4445834618028,7.29340675223128,6.88263936192025,6.75922774879049,6.87684962627712
South Africa,ZAF,"Population, total",SP.POP.TOTL,40746268,41687898,42443509,43297156,44004139,44541554,45123018,45666838,46223880,46730335,47159719,47566800,48019415,48500348,48991421,49490033,49998277,50528584,51114599,51728516,52344051,52995205,53782567,54678791,55594838,56723537,57259551,57635162,58613001,59587885,60562381,61502603,62378410,63212384,64007187
South Sudan,SSD,GDP per capita (constant 2015 US$),NY.GDP.PCAP.KD,..,..,..,..,..,..,..,..,..,..,..,..,..,..,..,..,..,..,2289.18415375563,2293.80166888543,2295.07026096006,2073.23981819145,1069.19619080938,1165.16202707495,1197.09491969479,1080.14718624765,..,..,..,..,..,..,..,..,..
South Sudan,SSD,Carbon dioxide (CO2) emissions excluding LULUCF per capita (t CO2e/capita),EN.GHG.CO2.PC.CE.AR5,..,..,..,..,..,..,..,..,..,..,..,..,..,..,..,..,..,..,..,..,..,..,..,..,..,..,..,..,..,..,..,..,..,..,..
South Sudan,SSD,"Population, total",SP.POP.TOTL,4737633,4836677,4909749,4956002,5071184,5225836,5356925,5509136,5620068,5771628,6032267,6308391,6596806,6903127,7233041,7590143,7976526,8388788,8817647,9243556,9745953,10288109,10756240,11166275,11235073,11107561,10830102,10259154,10122977,10423384,10698467,10865780,11021177,11483374,11943408
Spain,ESP,GDP per capita (constant 2015 US$),NY.GDP.PCAP.KD,19174.77083233,19612.9766041957,19698.51176766,19394.4931411816,19762.3886289154,20217.9031940372,20658.8402775701,21310.4311888986,22135.4045018802,23017.838771323,24106.8818529374,24878.3784543991,25205.3154769045,25481.1653690112,25825.3106463315,26294.447384391,26899.0921497113,27338.79541774,27112.526293889,25860.8142592652,25766.2515825743,25510.5579678829,24763.568274484,24498.5559507945,24947.8512505913,25982.4416197775,26719.2442268615,27426.281015093,27956.7225466484,28301.4393949563,25077.019882928,26705.3629138959,28203.1093419474,28558.6319817501,29245.2192451729
Spain,ESP,Carbon dioxide (CO2) emissions excluding LULUCF per capita (t CO2e/capita),EN.GHG.CO2.PC.CE.AR5,5.90387472540557,6.09380507953832,6.26911166990592,5.8713945706314,6.12324556093655,6.4205210697298,6.1368590688178,6.59031471072665,6.77741218450136,7.29748464074034,7.64971752025199,7.60182785916578,7.93091826283723,7.96364196200096,8.21253115688392,8.42628442319919,8.07106843546116,8.21432370534791,7.40131034210523,6.47936608687463,6.17799635729276,6.19393014485236,6.09265740713323,5.5007234648845,5.49369292128904,5.84933711711804,5.66204126256542,5.97761510797052,5.80969253331158,5.3981216422823,4.52823497177668,4.91513320564969,4.99422196018416,4.57046216901007,4.50540688376633
Spain,ESP,"Population, total",SP.POP.TOTL,38867322,38966376,39157685,39361262,39549108,39724050,39889852,40057389,40223509,40386875,40567864,40850412,41431558,42187645,42921895,43653155,44397319,45226803,45954106,46362946,46576897,46742697,46773055,46604197,46460733,46422303,46458139,46571232,46782011,47118501,47359424,47443821,47786102,48352528,48848840
Sri Lanka,LKA,GDP per capita (constant 2015 US$),NY.GDP.PCAP.KD,1388.58951823335,1441.62996809528,1481.33110127451,1556.88467456091,1620.2912104558,1681.35053208093,1712.00815802791,1787.41017985524,1836.38946262206,1880.1067802774,1956.93310381072,1896.48251734068,1951.22522777045,2052.03045078787,2149.10628588002,2268.6880127005,2426.34873273046,2573.54362192705,2708.58594222506,2787.27350976338,2993.01411511147,3232.37350382301,3484.79049033884,3728.93586647848,3929.92062032185,4057.7158346231,4214.74117992085,4436.00789945768,4493.03575444544,4455.78189608267,4227.23315306594,4357.97225779491,4033.14561476298,3964.91987394354,4186.4986638365
Sri Lanka,LKA,Carbon dioxide (CO2) emissions excluding LULUCF per capita (t CO2e/capita),EN.GHG.CO2.PC.CE.AR5,0.259227083781533,0.268601208811659,0.329309186701176,0.316940325919577,0.360232795371877,0.355464349147362,0.492074344745144,0.481570785063732,0.487991962573893,0.529334515227479,0.594343435725624,0.58030560864131,0.600769917749147,0.644522289804371,0.661039481809803,0.713777502007764,0.648296656351918,0.689226252766555,0.64492492211835,0.615577771423657,0.647461199097336,0.757197565544141,0.845279080834285,0.720767549186301,0.860549619790163,0.939966618979494,1.10736008298364,1.09125530228872,1.01443931702815,1.09952758794661,1.03172589990419,1.02995125473912,0.937608764257698,0.979275763488678,1.06473352801606
Sri Lanka,LKA,"Population, total",SP.POP.TOTL,16352458,16475354,16739284,17025918,17275773,17564068,17905018,18248200,18596003,18944731,19293054,19600362,19805752,19951521,20087605,20216524,20352411,20492545,20629378,20756435,20879089,21009048,21169458,20585000,20778000,20970000,21209000,21453000,21670000,21803000,21919000,22156000,22181000,22037000,21916000
St. Kitts and Nevis,KNA,GDP per capita (constant 2015 US$),NY.GDP.PCAP.KD,10136.986550185,9966.20374372867,10300.5415354294,10860.6034990877,11290.2168438156,11743.3784162332,12269.7967435843,12940.7852855874,12710.9629751883,12942.857504219,14039.0281125333,14610.9099610508,14727.3908829316,14100.3067967234,14619.795111247,16000.5658929826,16457.8622372067,16508.1437081315,18325.7612670282,17671.2547069735,17688.0690103409,17958.6813977053,17770.4963640576,18773.8926898397,20187.8061975481,20328.8003530109,21133.6575914414,21191.6047083703,21635.4972146482,22297.7644995701,18918.8263456611,19031.8211910603,21050.758653729,21664.0333984701,21692.2406392872
St. Kitts and Nevis,KNA,Carbon dioxide (CO2) emissions excluding LULUCF per capita (t CO2e/capita),EN.GHG.CO2.PC.CE.AR5,0.514444004748714,0.688834927399772,0.685251135944983,0.817128170311818,0.957487552661815,0.79620091669423,0.909578561932971,0.921064750851985,0.931860539115414,0.93047241093249,1.09839108910891,1.11011560062062,1.26032159930465,1.30587318087318,1.41206952391234,1.30930077309042,1.48811441087419,1.63790519419347,1.71666488737056,1.92897945263876,2.10690347094736,1.65934394062193,1.69668105372823,1.93333191697295,2.06629998513453,2.16407925754455,2.36856080722252,2.21041445270988,2.36342750170184,2.77304481172261,2.55173885214423,2.48487051728931,2.78533045023443,2.7909662517644,2.88410221377794
St. Kitts and Nevis,KNA,"Population, total",SP.POP.TOTL,40432,40358,40715,41242,41776,42326,42877,43428,43998,44601,45248,45761,46020,46176,46315,46437,46569,46706,46835,46916,46846,46886,47033,47069,47089,47087,47075,47050,47008,46952,46870,46763,46709,46758,46843
St. Lucia,LCA,GDP per capita (constant 2015 US$),NY.GDP.PCAP.KD,8418.43121970586,8349.33748060159,8879.90075764079,8800.62691819002,8808.68294405759,8822.50069854295,8945.86353079673,8759.56755308065,9183.3516374622,9306.76032489833,9198.93894352203,8795.54582090658,8755.45939353129,9054.06778374517,9637.37801390276,9527.58469430542,10045.6504032593,10147.4432459936,10583.4310172598,10219.8024011561,10191.3146827694,10576.8979743596,10517.2777635533,10279.4155096001,10369.9382566513,10334.9860823918,10644.1612913407,10960.4843512477,11233.8883578457,11114.7785940338,8379.27495097388,9336.92127417129,11224.2899455738,11440.0829538276,11854.9517233237
St. Lucia,LCA,Carbon dioxide (CO2) emissions excluding LULUCF per capita (t CO2e/capita),EN.GHG.CO2.PC.CE.AR5,0.518653387205583,0.514621559633027,0.50982579775027,0.489125140893088,0.580574405373912,0.561373205225089,0.548405966656917,0.555158649529065,0.560522896099614,0.560299166570944,0.610278912593938,0.646542309204491,0.603188547460112,0.696421559002553,0.669755660957507,0.697491689332124,0.768127509166522,0.824997913661346,0.886213923510734,0.949555245512719,1.06666822697857,0.821881129911933,0.845370740554039,0.96153291534242,1.02102929860226,1.04285183385266,1.11815811347825,1.11317780222522,1.46426614392968,1.65877710921361,1.55736325385694,1.58075755369086,1.65621626459187,1.65658030510082,1.71076642335766
St. Lucia,LCA,"Population, total",SP.POP.TOTL,137857,139520,141617,143726,145890,148208,150436,152569,154677,156702,158616,160237,161641,162976,164239,165450,166639,167758,168808,169869,170906,171801,172587,173369,174138,174905,175646,176342,177017,177661,178250,178522,178781,179285,179744
St. Martin (French part),MAF,GDP per capita (constant 2015 US$),NY.GDP.PCAP.KD,..,..,..,..,..,..,..,..,..,..,..,..,..,..,..,..,..,..,..,..,..,..,..,..,..,..,..,..,..,..,..,..,..,..,..
St. Martin (French part),MAF,Carbon dioxide (CO2) emissions excluding LULUCF per capita (t CO2e/capita),EN.GHG.CO2.PC.CE.AR5,..,..,..,..,..,..,..,..,..,..,..,..,..,..,..,..,..,..,..,..,..,..,..,..,..,..,..,..,..,..,..,..,..,..,..
St. Martin (French part),MAF,"Population, total",SP.POP.TOTL,28224,28800,29081,29282,29413,29470,29443,29323,29107,29284,29996,30803,31604,32395,33171,33928,34658,35337,35958,36502,36856,37069,37276,37419,37450,37369,37175,36837,36012,34267,31786,29961,28870,27515,26129
St. Vincent and the Grenadines,VCT,GDP per capita (constant 2015 US$),NY.GDP.PCAP.KD,3784.79942946706,3813.79398874435,4046.68638456042,4210.24289444354,4150.97674020379,4468.26394261096,4522.93058114134,4680.55582185707,4870.32086653059,4994.11436770598,5067.96739467376,5158.56617678847,5441.52648867536,5816.20788359407,6071.94945269221,6244.35953746008,6707.27875985734,6960.17151500732,7019.9950843874,6955.82358345268,6678.04200697308,6674.58198966102,6790.68325958275,6996.57386151332,7116.22071347207,7353.73556054184,7702.8942635647,7872.92690537077,8179.99598957084,8294.67434486665,7989.74651933597,8211.33588012942,8532.7381341339,9051.35208011007,9485.18771201686
St. Vincent and the Grenadines,VCT,Carbon dioxide (CO2) emissions excluding LULUCF per capita (t CO2e/capita),EN.GHG.CO2.PC.CE.AR5,0.262941365864129,0.251287626312131,0.303975681945444,0.246595999467778,0.45076958500859,0.491830831424098,0.438476294875308,0.528544029131791,0.590210284502562,0.596298713900111,0.369016689418292,0.4273090104933,0.490529083257607,0.531195587806365,0.569858643151504,0.589595375722543,0.652596996803971,0.701150352816706,0.73404906870339,1.12299562022659,0.882146982056949,0.631007142269248,0.80562095350206,0.762935219864059,0.857395266657367,0.889117427075542,0.951583935909129,1.03252794261,1.05026399557784,1.11839642113145,1.19583486273979,1.14156805165255,1.24551672775023,1.25835200300031,1.31191858153773
St. Vincent and the Grenadines,VCT,"Population, total",SP.POP.TOTL,111812,112222,112509,112735,112918,113047,113119,113141,113180,113366,113545,113501,113347,113141,112835,112450,112014,111531,111028,110508,109959,109349,108736,108135,107535,106960,106349,105663,104926,104167,103526,102841,102046,101323,100616
Sudan,SDN,GDP per capita (constant 2015 US$),NY.GDP.PCAP.KD,764.450439453125,805.367309570313,842.008605957031,862.978149414063,850.299438476563,877.693298339844,908.66015625,1050.31994628906,1069.27197265625,1074.88098144531,1111.11865234375,1150.17626953125,1185.21533203125,1226.42077636719,1255.67114257813,1290.24438476563,1336.1240234375,1372.10961914063,1381.62561035156,1301.34729003906,1311.22314453125,1388.21813964844,1288.25854492188,1283.45922851563,1307.3896484375,1292.37963867188,1297.15454101563,1261.87353515625,1185.94445800781,1126.55297851563,1056.86474609375,1009.54888916016,973.225280761719,677.723205566406,578.38916015625
Sudan,SDN,Carbon dioxide (CO2) emissions excluding LULUCF per capita (t CO2e/capita),EN.GHG.CO2.PC.CE.AR5,0.251867710441455,0.219993381596531,0.204184041290415,0.14263662013738,0.204417344439441,0.186359976918097,0.17960862298946,0.212389070451303,0.186035004574436,0.20064050893358,0.215697415351796,0.229633299984535,0.273652013650817,0.274762188363775,0.302186395708402,0.347656760296796,0.415110634748496,0.439520225392796,0.457313500662325,0.460761026758193,0.47757128392889,0.449334195811792,0.474625992378013,0.466404764386795,0.4769298698272,0.538628519166206,0.580134819548243,0.553975991088325,0.53463218085508,0.515296167190014,0.463108701230845,0.491048688699115,0.434223310830335,0.433700830155536,0.433463815698253
Sudan,SDN,"Population, total",SP.POP.TOTL,22021481,22470676,22927355,23445592,24043948,24672143,25231528,25799821,26458999,27130613,27816745,28516770,29228727,29896035,30556637,31262444,31992435,32764135,33623980,34569113,35414399,36140806,36923178,37785849,38823318,40024431,41259892,42714306,44230596,45548175,46789231,48066924,49383346,50042791,50448963
Suriname,SUR,GDP per capita (constant 2015 US$),NY.GDP.PCAP.KD,6474.95571162121,6609.4013410012,6594.9041494915,6127.17764098658,6290.15749631679,6184.2834422862,6114.83571706509,6330.13718248353,6343.51344766536,6127.31035739875,6128.31602380553,6255.55274185687,6301.31731043167,6567.84309876847,7021.98919924338,7261.8171350196,7599.35696921481,7897.25648915828,8129.11464659446,8276.69079768793,8603.90786745855,9003.28597674886,9140.92898611536,9303.46008775809,9224.24378410547,8813.61705392067,8293.31553031406,8338.69235401862,8666.64870697797,8677.30522021731,7213.10766669943,6973.89941868115,7081.33357325783,7186.47308739957,7246.2576795921
Suriname,SUR,Carbon dioxide (CO2) emissions excluding LULUCF per capita (t CO2e/capita),EN.GHG.CO2.PC.CE.AR5,2.66089363940721,3.01653201225022,2.93302745043572,2.9338121673439,2.92891387984611,2.93571318836329,2.83731741220974,2.86073288146639,2.84779823614032,2.7317547481774,3.10546887293005,3.12520552449852,2.25193383962574,2.43832121544823,2.71227401770304,3.25198868505121,2.91696904934695,2.66432649863658,2.7177544695623,2.6712389250287,3.18171816781622,3.51736300243228,4.34546142867553,4.02147551931391,4.55565346305788,4.68702450195744,5.03728581709788,4.12724666631857,3.58824579283518,4.39326606885805,4.25335243019547,4.40057873816953,4.59397526172885,3.96892282544054,4.06111933370217
Suriname,SUR,"Population, total",SP.POP.TOTL,412493,415013,417589,419352,422375,429606,438830,448067,457406,466916,476643,486560,496551,506414,513923,519313,524997,531016,537245,543568,549923,556269,562633,569020,575373,581627,587757,593713,599513,605768,612317,617896,623164,628886,634431
Sweden,SWE,GDP per capita (constant 2015 US$),NY.GDP.PCAP.KD,34903.3480401006,34268.9743998346,33673.8489875564,32787.2810455518,33862.4221711967,35064.4138802129,35605.4537507466,36675.7506543343,38211.7233090832,39786.0271902555,41561.7747635857,42014.4022302506,42831.7584103774,43475.3655433221,45114.6701230708,46189.6828420555,48078.3520110084,49262.152916545,48428.6587081751,45974.3911151254,48205.5492512742,49356.5905257047,48789.7906883637,48928.4994141291,49557.6183647959,51188.1652120493,51626.3235312369,51894.3748177808,52203.0872589761,53024.4099494317,51624.5811789573,53997.1337068799,54304.1877501033,53937.7967122429,54209.9474264877
Sweden,SWE,Carbon dioxide (CO2) emissions excluding LULUCF per capita (t CO2e/capita),EN.GHG.CO2.PC.CE.AR5,6.67642266733732,6.68839408752665,6.94365883420144,6.91239070300707,7.16832113903775,7.09672968171639,7.66378411125079,6.98574122586977,7.11836911960198,6.9638944965801,6.53554865027019,6.52637826608933,6.65422739244263,6.65964221276326,6.45636291240893,6.03944461597958,6.06777926998554,5.77642857111625,5.60895184918886,5.04604229815191,5.63902638970728,5.12869166987769,4.80375075083719,4.579871273832,4.41199615103377,4.37800649972355,4.2819344992006,4.15961982553065,3.89655686848453,3.8423518032643,3.67402454179006,3.88625523254982,3.59996303974629,3.4800778844701,3.57381645984766
Sweden,SWE,"Population, total",SP.POP.TOTL,8558835,8617375,8668067,8718561,8780745,8826939,8840998,8846062,8850974,8857874,8872109,8895960,8924958,8958229,8993531,9029572,9080505,9148092,9219637,9298515,9378126,9449213,9519374,9600379,9696110,9799186,9923085,10057698,10175214,10278887,10353442,10415811,10486941,10536632,10569709
Switzerland,CHE,GDP per capita (constant 2015 US$),NY.GDP.PCAP.KD,70063.8517086247,68559.9382296082,67778.5475359796,67079.4643937643,67391.8444211439,67264.9113311617,67284.1091695976,68640.0745320635,70510.0256437591,71341.3428665645,73749.9389517966,74439.4637644735,73824.3849167809,73254.9529864219,74718.6836260364,76282.9840696619,78893.8078199046,81254.1701015272,82481.0680560935,79585.5216989959,81315.4228307049,81874.3362425008,81964.8864937809,82479.9215677304,83394.3712888211,83806.4476003837,84611.0998672721,84967.5886498224,86756.6022327472,87123.6604234257,84637.0132935333,88661.2029776281,90605.019427268,90077.4460280731,90067.4645431168
Switzerland,CHE,Carbon dioxide (CO2) emissions excluding LULUCF per capita (t CO2e/capita),EN.GHG.CO2.PC.CE.AR5,6.66475666288786,6.92225768965723,6.84077235765263,6.4460351399089,6.2615933123576,6.33107252175818,6.38096113463945,6.18350701786707,6.370871115208,6.37807354460553,6.23089396944705,6.38860757077529,6.11934268739105,6.24858887469834,6.27946614341052,6.32417274709346,6.22760703127526,5.90856955335217,6.01237631044729,5.76174764144517,5.92014552501505,5.34446068056738,5.45216429296445,5.51425294455201,4.9941693678652,4.85628796304837,4.87123534246438,4.71119898152355,4.52389143055195,4.47745146514166,4.16061648264036,4.32303993798183,3.92846693573085,3.78746475067225,3.74568795220564
Switzerland,CHE,"Population, total",SP.POP.TOTL,6715519,6799978,6875364,6938265,6993795,7040687,7071850,7088906,7110001,7143991,7184250,7229854,7284753,7339001,7389625,7437115,7483934,7551117,7647675,7743831,7824909,7912398,7996861,8089346,8188649,8282396,8373338,8451840,8514329,8575280,8638167,8704546,8777088,8888822,9005582
Syrian Arab Republic,SYR,GDP per capita (constant 2015 US$),NY.GDP.PCAP.KD,931.885068358616,972.285831689207,1065.204692606,1097.11040673676,1142.06397841767,1188.17539496366,1270.05124654802,1299.29856564941,1352.12789604368,1271.32227335953,1248.38488334216,1230.87200021533,1249.00621359351,1307.4814585452,1363.61946683869,1411.63184941498,1420.72293121298,1411.6899137524,1423.59559425951,1484.40523742854,1526.36894402751,1542.71957174916,1142.29080150598,884.329813332104,847.659877206276,847.731631942565,802.969498335502,795.883216970859,792.413811698757,771.518695271305,740.811397013438,734.334236323426,712.272278200037,..,..
Syrian Arab Republic,SYR,Carbon dioxide (CO2) emissions excluding LULUCF per capita (t CO2e/capita),EN.GHG.CO2.PC.CE.AR5,2.6237263904055,2.78200431236206,2.68050574756953,2.67269057877948,2.73662757222166,2.7716598180409,2.89835521181635,2.81075932856223,2.90859031303418,2.78581033186898,2.75886578873472,2.69850964188265,2.62348460059037,2.57035827457939,2.61941034118409,3.12583265383377,3.13534302706388,3.11350367803296,3.08179246945125,2.83975010384735,2.78848083131261,2.56219288858715,2.0319939183901,1.43975259608924,1.52845127759128,1.44845576885991,1.34820380336727,1.61670932366686,1.73689698738549,1.63691966220706,1.50831644886899,1.48118445007612,1.38747039300249,1.32899347448781,1.27467701221914
Syrian Arab Republic,SYR,"Population, total",SP.POP.TOTL,12579208,12980821,13385571,13795686,14208583,14616801,15018104,15417542,15820413,16228061,16637888,17051338,17468332,17889296,18336875,18814091,19637022,20884125,21636564,21976969,22482421,22878098,22759763,21666917,20273659,19424618,19193834,19224668,19577845,20353534,21049429,21628839,22462173,23594623,24672760
Tajikistan,TJK,GDP per capita (constant 2015 US$),NY.GDP.PCAP.KD,1312.94701318034,1188.37461269952,827.586884623268,682.727259317268,528.04821736829,452.904385394465,369.934883507426,371.661243144454,389.089746664022,401.406381787908,429.537300984643,461.681195760256,501.80856647117,546.391479808684,590.957111385699,618.333702588577,649.163328755334,686.48090192413,726.185491338269,739.212878526331,770.604105393791,809.368229154093,849.519080831738,889.882383099979,925.970961482804,956.916310930656,997.352614556708,1042.26391757642,1094.8002018221,1148.34676712493,1171.90127480359,1254.06999592306,1325.75545290849,1407.1075436221,1496.33813395037
Tajikistan,TJK,Carbon dioxide (CO2) emissions excluding LULUCF per capita (t CO2e/capita),EN.GHG.CO2.PC.CE.AR5,2.28246518464953,2.09907411835512,1.51463872269622,1.01287460089471,0.61604691755096,0.512004201335982,0.44516438823359,0.484801775424039,0.52059477394345,0.482542116529782,0.443073574303451,0.427928620401141,0.421852362696273,0.422958365716388,0.493642117490682,0.460827296988181,0.494462255117416,0.562973514266569,0.516570158384597,0.407197108767021,0.401325589792452,0.393927756481488,0.436993173518022,0.437388428770396,0.565921378207624,0.589055327261958,0.644680564756192,0.763156637734805,0.881498491565736,0.948639271115973,0.96295019852687,0.945809874035157,0.938950260561987,0.897072214775281,0.922478268427306
Tajikistan,TJK,"Population, total",SP.POP.TOTL,5398768,5541205,5649400,5724993,5825368,5948584,6066523,6139829,6176397,6208370,6284735,6407377,6531669,6658575,6790547,6924720,7057566,7194477,7338403,7490230,7652141,7824785,8014084,8216724,8425552,8643840,8865631,9085946,9307333,9529966,9749310,9966908,10182222,10389799,10590927
Tanzania,TZA,GDP per capita (constant 2015 US$),NY.GDP.PCAP.KD,541.544799804688,538.966979980469,528.781555175781,518.66259765625,506.972503662109,508.840423583984,522.333251953125,529.954223632813,535.363159179688,546.605529785156,555.348083496094,573.400146484375,598.421569824219,621.720703125,650.516540527344,680.051208496094,704.502746582031,731.52001953125,752.540466308594,772.929565429688,801.29931640625,838.999267578125,851.910705566406,882.8115234375,913.811218261719,939.127319335938,970.156127929688,1001.55895996094,1024.01525878906,1051.7666015625,1041.25964355469,1054.31726074219,1070.58532714844,1092.86413574219,1120.77416992188
Tanzania,TZA,Carbon dioxide (CO2) emissions excluding LULUCF per capita (t CO2e/capita),EN.GHG.CO2.PC.CE.AR5,0.0798040398530735,0.0825042579590564,0.0745404148390602,0.0758346577162523,0.072320978660811,0.0967828028485332,0.113366088707074,0.10378715444117,0.087932132235763,0.0800232310010141,0.090834424226942,0.093385194551589,0.103523394393514,0.106641883408954,0.142837770195217,0.157543974954262,0.163876810024256,0.150653381572792,0.147505111963319,0.139276768276615,0.163841548892358,0.193059357083924,0.223794524706032,0.23745636583617,0.223568261465515,0.253809224058563,0.262646711236488,0.255108045601944,0.259781366222155,0.287346536895184,0.273515412561516,0.30147502454703,0.323161976851185,0.323839316591473,0.311205530057348
Tanzania,TZA,"Population, total",SP.POP.TOTL,26110207,26780436,27457588,28332692,29442356,30383497,30945762,31578089,32420458,33300330,34260139,35198299,36121304,37089555,38109668,39182076,40294902,41435512,42570728,43633982,44758488,46029367,47374260,48824128,50351512,52020962,53824013,55652890,57437145,59174891,60972798,62830412,64711821,66617606,68560157
Thailand,THA,GDP per capita (constant 2015 US$),NY.GDP.PCAP.KD,2631.51971095863,2810.56702001316,2989.85385369019,3186.99707103229,3391.48986604062,3614.93244016732,3766.86364433088,3614.60848543994,3295.36018381294,3403.08737356896,3514.71662970608,3599.02524877358,3783.75422073266,4018.15538187068,4232.77157261934,4372.25730206261,4551.5250018314,4760.66708464831,4805.76393990836,4737.45679763314,5059.35747831657,5070.23740191942,5403.87846036273,5516.61164164135,5541.46599361845,5688.85335397884,5857.78052935926,6076.74307700082,6314.19948412043,6434.53770518034,6035.18627737077,6121.52696529713,6278.7855138276,6408.41432577294,6574.46109387985
Thailand,THA,Carbon dioxide (CO2) emissions excluding LULUCF per capita (t CO2e/capita),EN.GHG.CO2.PC.CE.AR5,1.74257054869176,1.86934214112031,2.01711572540131,2.25478946404135,2.4787604383554,2.76739243231507,3.0689653468995,3.08630521042351,2.71491319535592,2.80177979620008,2.77493831519154,2.88330259468562,3.03535576431598,3.12835266531198,3.37869799549585,3.47218658348054,3.49792985897197,3.54477665878806,3.53401361701146,3.40595891903064,3.59232409675161,3.57565835731247,3.81363739650232,3.95099362283237,3.88118627669814,3.99014074054595,3.91990436444812,3.94997556709625,3.87600024932723,4.00533143026177,3.84739936431244,3.74441224162639,3.963374866518,3.83577489383729,3.96005269352319
Thailand,THA,"Population, total",SP.POP.TOTL,54738329,55637434,56528834,57408198,58260854,59098232,59920064,60724584,61522630,62299043,63007815,63651141,64266437,64868166,65452047,66017420,66567687,67102394,67619830,68121080,68579447,69007208,69436098,69845114,70216367,70540795,70859841,71160187,71376079,71522271,71641484,71727332,71735329,71702435,71668011
Timor-Leste,TLS,GDP per capita (constant 2015 US$),NY.GDP.PCAP.KD,633.18248660316,684.870525977346,736.591643587695,789.900692594751,823.062419740079,854.130467489101,897.360525869862,907.916560400077,865.831372670687,631.07290867098,1117.56432347244,1192.74796357529,1028.13194386616,964.322543048225,955.470489028291,964.026656178075,897.573801807644,961.848415522858,1042.86833768293,1120.09693594876,1195.38066079604,1237.48380284894,1269.41625561248,1281.92864043187,1312.96494988639,1319.59295003154,1333.65856117568,1267.08661597675,1237.2006590123,1507.24743550088,1947.83992943521,2015.82035757039,1579.71085276403,1279.21122757564,1149.21888298011
Timor-Leste,TLS,Carbon dioxide (CO2) emissions excluding LULUCF per capita (t CO2e/capita),EN.GHG.CO2.PC.CE.AR5,0.0916689134537611,0.0928973965600981,0.0992095761636795,0.126242182906297,0.126111169660376,0.111501982385451,0.134262486523319,0.134433221687251,0.201054608341379,0.363964408641699,0.469206321937811,0.326993323475929,0.283452708781915,0.287824552448635,0.555176444502806,0.368655430549683,0.349069268080897,0.311775728463542,0.301134509007399,0.31847915812698,0.308293974530714,0.333991769102519,0.554064949312045,0.654615753067028,0.629577892602016,0.57686674726648,0.538055477761351,0.496763209802964,0.522430579665961,0.559823820376726,0.512347545686334,0.526390245745068,0.50726833881669,0.47995862126757,0.499343870436187
Timor-Leste,TLS,"Population, total",SP.POP.TOTL,760345,778278,799318,821437,844493,868146,892282,917184,942530,834697,745088,812249,879159,916878,929074,948311,976597,1004889,1032429,1058782,1084679,1110207,1134885,1158695,1181903,1205131,1228312,1251703,1275959,1300945,1326053,1350139,1369295,1384286,1400638
Togo,TGO,GDP per capita (constant 2015 US$),NY.GDP.PCAP.KD,703.623952029279,678.86984140241,633.669030222095,541.357064850428,620.182624671753,640.349913996042,671.50427472391,744.126640948867,706.689579910124,704.043845128067,679.533421599502,667.298334712527,675.440797960321,702.799255960869,678.28759996017,630.248678309054,629.079905835563,603.83784338967,610.405413708475,625.711511370434,644.5632812645,663.96334052788,687.495464571464,709.09186114976,730.291049611232,751.051987587248,763.276185353302,774.274897347436,791.592405216309,810.512262603518,808.300697079208,829.786700130989,861.508010803054,893.753030300995,931.029965529857
Togo,TGO,Carbon dioxide (CO2) emissions excluding LULUCF per capita (t CO2e/capita),EN.GHG.CO2.PC.CE.AR5,0.188833491173891,0.169746036991321,0.125920696180122,0.0976838006271252,0.177056742459045,0.167179343942367,0.246774693852586,0.179787218282212,0.215288773940204,0.27080543066783,0.243402917138534,0.213439163585278,0.22149257547281,0.258889907310065,0.241902583126364,0.22434264883446,0.203255278780994,0.196805478169927,0.249512781975665,0.413729525867825,0.375041403085588,0.335011741531885,0.316333405438535,0.265104025260238,0.232146083279246,0.201743528645689,0.270784136343166,0.205457519665787,0.234453571702739,0.24876321447494,0.27934004789082,0.285412460990908,0.286520909623578,0.272055924027687,0.276146592685668
Togo,TGO,"Population, total",SP.POP.TOTL,3998761,4115560,4233617,4207453,4222940,4410832,4577860,4725030,4860913,5000269,5140037,5277382,5413274,5552167,5696508,5844631,6010668,6188344,6368812,6551865,6732590,6916474,7100736,7285442,7472450,7663195,7858289,8057140,8258778,8463068,8669720,8878379,9089738,9304337,9515236
Tonga,TON,GDP per capita (constant 2015 US$),NY.GDP.PCAP.KD,2987.63681443977,3173.08619230056,3177.04244039371,3293.13527999427,3454.0546888922,3667.0187937044,3668.59594064806,3632.11224987845,3689.21654556702,3749.82332362386,3866.68574867282,3901.18055446166,4050.98945082432,4030.19673410072,3928.06014016386,3880.07037654517,3775.24832512712,3665.89534379299,3833.60152751942,3630.76081551536,3653.97801722796,3892.76791192676,3932.59350453286,3962.16964095596,4058.815614369,4123.90323993332,4419.81472868939,4568.62468668733,4583.5594849415,4566.07497816235,4647.0076512901,4612.90046969933,4533.96790206106,4680.29974543195,..
Tonga,TON,Carbon dioxide (CO2) emissions excluding LULUCF per capita (t CO2e/capita),EN.GHG.CO2.PC.CE.AR5,0.893681043129388,0.944992241853947,0.991781808002239,1.00196797298782,1.3946848231935,1.14941381890746,1.30541012216405,1.40453344458351,1.45875251509054,1.44640652254865,0.971980092912726,0.916853845558051,1.00698923696016,1.20137080716802,1.06404240941839,1.1469561185188,1.25267051283258,1.07002979592602,1.15585871799664,1.22011510871897,1.17504655493482,1.11555266338198,1.0999441652708,1.11507499206186,1.23629337110375,1.26961685282059,1.35703726166559,1.47025323664528,1.39626966760446,1.56621147167097,1.76436085673201,1.95753151957531,1.53652824584452,1.54688949013834,1.62994960403168
Tonga,TON,"Population, total",SP.POP.TOTL,99700,99895,100022,100103,100166,100225,100275,100674,101388,102046,102677,103288,103874,104464,105071,105671,106253,106726,107020,107203,107400,107570,107460,107078,106609,106095,105524,105356,105567,105669,105704,105490,105042,104597,104175
Trinidad and Tobago,TTO,GDP per capita (constant 2015 US$),NY.GDP.PCAP.KD,6058.21521640153,6197.46242847246,6771.98415842128,6680.48480038241,6876.49857217898,7100.85381245723,7573.78560828675,8112.94285878867,8742.6993105224,9412.08108378445,10023.0206669207,10395.2041042218,11165.960015838,12714.5004334846,13657.2534995604,15075.4179709902,17021.2241679562,17758.6995224652,18285.2735441992,17461.9640940055,17938.0949459463,17746.509252615,18835.6674122954,19392.1974593783,20032.5402001718,19887.2327716498,18331.034459758,17402.6155328454,17205.615135339,17225.361633712,15679.9611486825,15558.0940536829,15712.230497272,15922.7668349788,16312.4849555716
Trinidad and Tobago,TTO,Carbon dioxide (CO2) emissions excluding LULUCF per capita (t CO2e/capita),EN.GHG.CO2.PC.CE.AR5,10.117248891558,10.2462344642683,10.4426920735975,10.1131150690452,11.1112663495146,10.6682602810907,11.4320700300093,11.3719486979988,13.7026083306302,14.0348275054233,14.5243806894211,16.3937394337668,17.6399444148735,20.2752801392984,21.4812172025747,27.0529643242842,29.7041320734947,30.2514295711747,29.5374323602481,28.5737184624756,31.1317933937106,31.0660464948167,28.5171293459977,27.8473798577755,27.651535705021,27.2353106358828,24.9048855339594,23.9896125186399,24.00159506413,24.3573792966931,21.8051912418372,20.9747593886329,20.8660094230143,19.7069856893185,19.5810522730943
Trinidad and Tobago,TTO,"Population, total",SP.POP.TOTL,1252208,1262171,1271674,1280466,1288341,1295169,1300928,1305836,1310225,1314708,1319774,1325567,1332011,1338709,1345380,1294494,1297944,1303188,1308587,1310106,1317714,1328019,1335194,1340557,1345343,1349667,1353895,1356633,1359193,1363985,1366725,1367558,1365805,1367510,1368333
Tunisia,TUN,GDP per capita (constant 2015 US$),NY.GDP.PCAP.KD,2114.47034536085,2151.20851677353,2270.86449442765,2274.64182637585,2305.16127524434,2322.59207185194,2452.90929820496,2551.55055160864,2639.87498120997,2766.57007135231,2864.54703666618,2941.73893592906,2950.20410959054,3058.22895827842,3218.72320748457,3301.93817216029,3444.5513526091,3642.11977444786,3760.11828478704,3835.25011939301,3906.90625867605,3784.7412903401,3900.04620132702,3947.58763533174,4021.59954703591,4014.94773686432,4015.28893802703,4062.80606534519,4127.97005697994,4153.27978615515,3749.26841452928,3902.53322990199,3986.54558325666,3967.33387634534,4006.20588267443
Tunisia,TUN,Carbon dioxide (CO2) emissions excluding LULUCF per capita (t CO2e/capita),EN.GHG.CO2.PC.CE.AR5,1.77469926454521,1.79363800274929,1.86708639158806,1.89810011616736,1.87648695207867,1.88688060089564,1.91840663313261,1.9501723228397,2.01021477693573,2.08828472105786,2.16396729727336,2.23029588506291,2.183950984379,2.14118228306991,2.24425872376825,2.28632090263617,2.34264831956205,2.39258887104803,2.41189228309621,2.38155663473538,2.57579895188362,2.41262314515799,2.56515036313153,2.53281443802063,2.67906940110098,2.69429825515354,2.59021982927091,2.60042961253673,2.56581225435625,2.54693841667269,2.39839346012801,2.57438568493559,2.50498913554161,2.55804077741188,2.62113010481539
Tunisia,TUN,"Population, total",SP.POP.TOTL,8324509,8501827,8682512,8857910,9018448,9161258,9294432,9421270,9541667,9655963,9764935,9869677,9971515,10071632,10166163,10255472,10346410,10441702,10542635,10650681,10765980,10886035,11009647,11141361,11274288,11402264,11528674,11650498,11765514,11875081,11974057,12048622,12119334,12200431,12277109
Turkiye,TUR,GDP per capita (constant 2015 US$),NY.GDP.PCAP.KD,5188.18244439241,5134.41760859332,5301.80855995835,5609.85056721492,5255.80339746778,5577.82539654281,5887.67309798528,6230.18622126407,6261.28870069222,5989.55700860592,6326.25746472488,5906.92348536699,6211.70542960394,6496.07277294612,7061.62219794984,7623.14640948457,8078.5153787571,8477.53328393352,8447.93976396947,7925.30110421185,8472.57809050119,9265.85910238578,9588.32066531438,10269.4489140773,10597.9801881716,11064.6494504662,11279.6169531569,12005.6459824832,12255.0082146169,12238.2950220128,12338.643833135,13670.938029516,14273.5747654873,14932.8851363122,15395.0278894893
Turkiye,TUR,Carbon dioxide (CO2) emissions excluding LULUCF per capita (t CO2e/capita),EN.GHG.CO2.PC.CE.AR5,2.77001803853739,2.67536050369649,2.74131878814249,2.78869191492144,2.7254313717351,2.9230143832552,3.14001031845519,3.25282819588816,3.23222867004141,3.16718237356086,3.47043278431936,3.1206808144442,3.24208511129842,3.38625448591684,3.43889343076092,3.5495611200862,3.91176721812036,4.28079364507414,4.21593984029483,4.1835136272879,4.26801919276368,4.48332295905392,4.57803809727294,4.38456228128668,4.60446003106117,4.70276339686943,4.93533246982308,5.39416444458135,5.27401972926131,5.01913672458907,5.07395962903497,5.47500634541911,5.22956172007378,5.23215412799609,5.37926453268486
Turkiye,TUR,"Population, total",SP.POP.TOTL,56015628,57009887,57990118,58999167,60033836,61024503,61951134,62852966,63734383,64591923,65425961,66245128,67048795,67831730,68592617,69329557,70045349,70158112,71051678,72039206,73142150,74223629,75175827,76147624,77181884,78218479,79277962,80312698,81407204,82579440,83384680,84147318,84979913,85325965,85518661
Turkmenistan,TKM,GDP per capita (constant 2015 US$),NY.GDP.PCAP.KD,3495.74838854006,3252.31233981197,2703.31865628693,2684.18035580245,2174.38821394629,1981.94402262254,2078.71862628194,1810.78048140778,1906.90538588317,2181.15938103368,2255.01496788934,2306.30057631688,2266.6336625636,2295.29620574541,2364.26725156856,2622.61796328876,2856.77457038028,3114.06330033038,3504.34843278483,3645.43522420841,3900.14237925855,4379.74943394339,4761.0792759807,5131.16736462999,5533.03528846527,5759.497903834,5977.83828113854,6222.55590558882,6460.94356849428,6718.16608056274,6965.11226889286,7248.70763225719,7551.03650143157,7880.44528570939,8231.49544263659
Turkmenistan,TKM,Carbon dioxide (CO2) emissions excluding LULUCF per capita (t CO2e/capita),EN.GHG.CO2.PC.CE.AR5,12.1509497782512,10.0451153480879,7.25314467122757,6.73250492819797,8.31768554231559,8.26963046170753,7.39180063694073,7.26455186280907,7.39325433561266,8.58413639733136,8.58454567057639,8.61697874988049,9.06185494599499,9.90000750432012,10.3515202316697,10.4702314233025,10.6776333492322,11.591660332499,11.5880007386302,10.0209076541311,11.0800243550197,11.6373653384927,11.7581405053864,10.99020918314,10.4055728761936,10.9255651351321,10.5800733045589,11.091151596704,11.1534118125034,10.7659028351791,11.0541399660888,13.4562494897451,14.0053384467054,12.8629910388274,10.8623686336296
Turkmenistan,TKM,"Population, total",SP.POP.TOTL,3760562,3855894,3944689,4032407,4116662,4191203,4263819,4336730,4410507,4492170,4582677,4675409,4769465,4863865,4958093,5052257,5147105,5244046,5345029,5451592,5564356,5683417,5808546,5939341,6075283,6215770,6360041,6507061,6655524,6803944,6949912,7092043,7230193,7364438,7494498
Turks and Caicos Islands,TCA,GDP per capita (constant 2015 US$),NY.GDP.PCAP.KD,..,..,..,..,..,..,..,..,..,..,..,..,..,..,..,..,..,37466.1822614725,38854.1075698814,29988.5997375172,29111.8729223189,29363.9475927366,27441.3335987017,26477.5410719582,27636.8210228067,29457.0140691162,30183.0002949881,50586.1032335151,51863.1830309332,52419.8862128617,33739.4253991739,42907.7492465912,48307.3079245499,54523.0330927151,57179.29601876
Turks and Caicos Islands,TCA,Carbon dioxide (CO2) emissions excluding LULUCF per capita (t CO2e/capita),EN.GHG.CO2.PC.CE.AR5,0.436344969199179,0.41446566436408,0.393215111796453,0.366354044548652,0.355549358616843,0.33218176986447,0.317158261972724,0.309428467419003,0.331164303973972,0.322957848432541,0.945008008542445,0.939926440539436,1.25746467932223,1.27491140056151,1.22506125306265,1.40070035017509,1.69963778211201,1.99847735059003,2.14387282604733,2.28417517839653,2.46477689229631,1.81222848991766,1.80533507641548,1.99387870323597,2.16833095577746,2.18549378500205,2.29936056374788,2.21231177811741,4.56459491325585,5.12208682759579,4.84161672599468,4.75211634949053,4.8094749929112,4.78808606433179,4.92317610400774
Turks and Caicos Islands,TCA,"Population, total",SP.POP.TOTL,11688,12305,12970,13648,14344,15052,15765,16482,17212,17959,18730,19576,20597,21727,22856,23988,25123,26270,27427,28588,29739,30846,32127,33653,35050,36605,38315,39913,41559,43166,44386,45243,45847,46198,46535
Tuvalu,TUV,GDP per capita (constant 2015 US$),NY.GDP.PCAP.KD,2450.79726036268,2502.27716517093,2540.7562718213,2619.69518382039,2863.67111176146,2698.96068050891,2521.22126914168,2756.31403388992,3166.39547155271,3102.1067626385,3056.55101983122,3043.15907920605,3320.16858154912,3152.22822039796,3042.6128529965,2864.90524160208,2900.92710155819,3069.67368184077,3230.22109521715,2987.80397939993,2879.29645720352,3028.2511217061,2922.07629963849,3030.55285189857,3035.24325598472,3357.83417700071,3558.61212970652,3666.20189700038,3757.85997284742,4345.99606453315,4233.0183205634,4396.04894488478,4515.29701517492,4773.34085526672,..
Tuvalu,TUV,Carbon dioxide (CO2) emissions excluding LULUCF per capita (t CO2e/capita),EN.GHG.CO2.PC.CE.AR5,0,0,0,0,0,0,0,0,0,0,0,0,0,0,0,0,0,0,0,0,0,0,0,0,0,0,0,0,0,0,0,0,0,0,0
Tuvalu,TUV,"Population, total",SP.POP.TOTL,8798,8928,9038,9126,9207,9280,9342,9400,9451,9496,9544,9586,9623,9695,9816,9940,10056,10182,10321,10461,10614,10780,10934,11001,10984,10963,10930,10869,10751,10581,10399,10194,9992,9816,9646
Uganda,UGA,GDP per capita (constant 2015 US$),NY.GDP.PCAP.KD,369.839286985576,377.780503685951,377.609612721367,395.163949168597,406.592301920177,441.226201168263,468.427898950193,478.250663988847,487.008977266219,509.455395054388,509.19755319016,519.456547890884,547.405338919875,564.720539196569,585.339489080616,604.404813057618,650.270540867444,684.542241787248,722.565167003452,749.342865535423,768.624091660131,816.516366587228,823.580468285493,828.988669729986,845.978664791099,862.934610355811,874.648370639216,871.093880017151,895.07512785438,920.939101515671,917.0350317644,919.401675217265,933.094056370423,955.745797275462,986.090145363924
Uganda,UGA,Carbon dioxide (CO2) emissions excluding LULUCF per capita (t CO2e/capita),EN.GHG.CO2.PC.CE.AR5,0.0472854223334377,0.0465358342722843,0.0457811304234137,0.0445663576660538,0.0388735260744785,0.0489991443295781,0.0520640273555157,0.0531523405468674,0.0602865382656077,0.0600887094239434,0.0589121317991763,0.0580990392018387,0.0641643497186176,0.0656873047500839,0.0667402824171229,0.0794505968164188,0.0895533698457974,0.104854649192353,0.11396368506114,0.121798404134717,0.117311081090243,0.127802680432468,0.126072306268161,0.124837840133874,0.133324031827087,0.149085649404502,0.154688947840922,0.155657206984187,0.164969635756831,0.1642944102063,0.160149709994918,0.176657279649966,0.168117583772769,0.166813953979235,0.165048181856788
Uganda,UGA,"Population, total",SP.POP.TOTL,17569897,18155901,18785032,19445161,20108801,20665667,21231550,21856046,22515806,23257281,24000150,24745676,25532870,26352124,27154515,27963289,28794003,29653430,30539553,31451151,32390802,33354543,34337438,35337042,36395539,37531446,38799152,40177388,41565831,42999637,44457152,45910930,47312719,48656601,50015092
Ukraine,UKR,GDP per capita (constant 2015 US$),NY.GDP.PCAP.KD,3102.310546875,2826.06469726563,2538.85278320313,2177.23486328125,1687.48449707031,1493.38208007813,1355.57336425781,1326.27795410156,1311.59362792969,1319.533203125,1409.22265625,1547.2783203125,1644.28125,1814.25854492188,2042.44494628906,2122.6015625,2298.13232421875,2498.35205078125,2567.69409179688,2188.17016601563,2285.93383789063,2418.12084960938,2426.92944335938,2432.41625976563,2308.6435546875,2094.47387695313,2156.0830078125,2217.7529296875,2308.6669921875,2398.07836914063,2324.107421875,2426.6123046875,1874.66296386719,2164.26123046875,2219.04248046875
Ukraine,UKR,Carbon dioxide (CO2) emissions excluding LULUCF per capita (t CO2e/capita),EN.GHG.CO2.PC.CE.AR5,15.0908385838331,14.2046223760379,12.430536458346,10.8476491537002,9.0282724874519,8.98455545000702,7.76230925522764,7.52630723463351,7.23726373211481,7.29072251356169,7.28514189616492,7.33438335645808,7.40706121198512,8.13374301585325,7.68697352392554,7.50423510865356,7.53783934894648,7.81301613219001,7.52327011315342,6.26790678763997,6.8001696142477,7.19759562163247,7.03131803172885,6.83496373147307,5.85851548255714,4.93846267555134,4.98162827265164,4.52463056805499,4.82875863377984,4.62458753784522,4.45159215930416,4.38244379511425,2.90739555971061,3.22518031774765,3.12934781865114
Ukraine,UKR,"Population, total",SP.POP.TOTL,52054092,52170961,52323671,52350126,52075998,51665539,51226109,50786885,50379731,49976446,49556660,49106855,48677281,48315136,47979507,47585556,47278694,47062798,46819175,46623731,46456003,46307853,46210056,46126770,45972380,45784896,45616832,45436041,45208907,44957458,44680014,44298640,41048766,37732836,37860221
United Arab Emirates,ARE,GDP per capita (constant 2015 US$),NY.GDP.PCAP.KD,66481.6137644725,63430.9154589366,62201.6243358255,59942.8588607022,61156.65096174,62393.331494803,61871.367160368,61715.554967354,57355.7858290488,54943.7500978656,56939.2701807931,54169.4153530236,52216.8753217152,53619.1925678774,55611.419401142,55363.5661047143,56629.9761392644,52038.6159567932,47922.6988207823,42672.1987890808,42328.8508165469,43687.7782783233,43958.5681120856,44312.6337162614,44257.6514761082,44910.334995523,45168.4982473243,43293.0203824801,43377.7858697225,43468.4586811918,39878.474427695,40935.8936567784,41828.5553298104,41926.5823645673,41605.4168670844
United Arab Emirates,ARE,Carbon dioxide (CO2) emissions excluding LULUCF per capita (t CO2e/capita),EN.GHG.CO2.PC.CE.AR5,29.9689182497287,32.254241697257,29.565192719638,29.6630699075151,31.1695189563729,31.7918873338476,31.1410228968372,29.9216656432681,28.4428044668814,27.2970466401042,25.3198800655489,27.1939982651151,26.1619793238318,25.956044391153,25.9698706267172,26.2522643034306,25.3932243317163,24.382755503246,26.0607102012736,24.6511808903397,25.0301244367043,24.9498559934509,25.0303188225095,25.3545579109196,24.5815838321273,24.3205333372838,23.7748451471417,22.1639068763908,20.0375833141554,20.945786930361,20.8141058466097,20.8269278649571,19.3731459635094,18.3804823292732,18.2552064370494
United Arab Emirates,ARE,"Population, total",SP.POP.TOTL,1898220,2006626,2114730,2222093,2328188,2434662,2597564,2817410,3040421,3266009,3493575,3723590,3956826,4192457,4428967,4664790,5009100,5624635,6302664,6707058,6869838,7104538,7391448,7693031,8059440,8505237,8935095,9223225,9346701,9445785,9401038,9575152,10074977,10483751,10986400
United Kingdom,GBR,GDP per capita (constant 2015 US$),NY.GDP.PCAP.KD,30071.2085616955,29590.9054053428,29893.0776793743,30862.4118121654,32308.7952722115,33362.0161272507,34147.3459054033,35721.6105928791,36773.9287790406,37730.7155591161,39297.1366317267,40082.1359356822,40594.932929345,41706.8303930126,42434.8209023638,43320.5628684438,43944.9985799069,44882.141312304,44508.2874631479,42146.5095879962,42762.720840223,42791.0934313474,43136.7006795996,43585.1936238647,44627.8818268644,45255.3449216209,45888.0105130748,47018.0254757676,47514.7763693453,47864.7588712634,42982.4631007642,46487.3424706549,48433.009835767,47934.9375098983,47960.9105761942
United Kingdom,GBR,Carbon dioxide (CO2) emissions excluding LULUCF per capita (t CO2e/capita),EN.GHG.CO2.PC.CE.AR5,10.1769845806249,10.3045252305807,10.0457634873754,9.74378040332015,9.58907208401101,9.45102667176614,9.75853126216864,9.37530790788559,9.35942825449444,9.27036024696031,9.37230154582975,9.52500193970965,9.21604321231769,9.40083618149317,9.35478076788979,9.2634507993102,9.20229684969568,8.97579081257711,8.63835719565399,7.76330695463938,7.97797355319206,7.25917227971883,7.55583494216069,7.33126023168431,6.66445837202105,6.38957565142576,5.97285960339598,5.77133371736955,5.64018313747379,5.38807912233045,4.78988972791562,5.04470918428281,4.80733240636649,4.44995911931321,4.22412677317771
United Kingdom,GBR,"Population, total",SP.POP.TOTL,57247586,57424897,57580402,57718614,57865745,58019030,58166950,58316954,58487141,58682466,58892514,59119673,59370479,59647577,59987905,60401206,60846820,61322463,61806995,62276270,62766365,63258810,63711000,64139000,64620000,65088000,65607000,65966000,66289000,66631000,66744000,66984000,67604000,68492000,69226000
United States,USA,GDP per capita (constant 2015 US$),NY.GDP.PCAP.KD,39009.3725082423,38449.8815276871,39256.0481325055,39807.8795034206,40907.0184352707,41507.9135604158,42575.6896936773,43936.9050018073,45374.6215189233,47004.469017723,48379.7551705781,48361.0167607073,48729.1586442625,49662.7520549839,51098.5573007417,52393.4513113092,53335.5896950225,53889.3964951775,53442.7136899777,51611.3217087719,52555.7695134023,52956.6630340962,53738.1476714593,54462.6252412407,55394.4510435329,56572.9188996063,57151.4708448372,58151.7021391854,59526.665698712,60750.9898621637,59194.6665172031,62680.2503585805,63886.1317069841,65186.5977244157,66356.1706750101
United States,USA,Carbon dioxide (CO2) emissions excluding LULUCF per capita (t CO2e/capita),EN.GHG.CO2.PC.CE.AR5,19.9645212981176,19.5233266529898,19.5583395058359,19.7583747244334,19.830406345249,19.7968469043631,20.1432633985909,20.9036173654078,20.8257864667542,20.6489080418578,21.0118753202743,20.6255077855762,19.9103793387111,19.9681657791826,20.0815597947275,19.9249914215479,19.4048177077015,19.4956606869752,18.7089026291301,17.1890632001903,17.847084306938,17.0203888981196,16.1854221004814,16.495975221911,16.4248953102317,15.9501022949136,15.5045482189269,15.1847127213968,15.5796456645972,15.0439662080505,13.4715821678248,14.3161154347115,14.4177148825165,13.7119419860139,13.6195685039144
United States,USA,"Population, total",SP.POP.TOTL,249623000,252981000,256514000,259919000,263126000,266278000,269394000,272657000,275854000,279040000,282162411,284968955,287625193,290107933,292805298,295516599,298379912,301231207,304093966,306771529,309378227,311839461,314339099,316726282,319257560,321815121,324353340,326608609,328529577,330226227,331577720,332099760,334017321,336806231,340110988
Uruguay,URY,GDP per capita (constant 2015 US$),NY.GDP.PCAP.KD,8320.3559048693,8565.26927800028,9193.55122074713,9388.10939080161,10019.3479243955,9822.89680356996,10316.2027570949,11138.8676127212,11584.9491858277,11357.0866859804,11096.3309569487,10643.5574019273,9806.7713064359,9878.75684344081,10366.9067382871,11131.3984890038,11574.470540231,12310.482735502,13165.83628166,13691.71420689,14722.3780081191,15443.9961926395,15949.3176985435,16639.4054750651,17122.0364563225,17125.9016800298,17357.2349992841,17611.6036701032,17608.9441195037,17758.4384372986,16443.3635000843,17416.0052208869,18228.3558443761,18378.9833563662,18958.6033293537
Uruguay,URY,Carbon dioxide (CO2) emissions excluding LULUCF per capita (t CO2e/capita),EN.GHG.CO2.PC.CE.AR5,1.26881078262068,1.4285375713324,1.56123097032776,1.46824887646946,1.37236930769148,1.49461974515902,1.7429929102611,1.75950759226828,1.82271986367341,2.11670812826616,1.70552622829056,1.53241153472962,1.40548549239722,1.40046922058061,1.7528908230759,1.69451857722282,1.97248462231107,1.85654505268799,2.39732758116842,2.36627935606604,1.94598292040572,2.34076033455321,2.66279826623545,2.28942554965314,2.00617697761903,2.04722838394224,2.0209020670953,1.89093027524777,2.0241364499516,2.10646631378845,2.03399973168326,2.51768262973273,2.38667285182486,2.41753370123087,2.56756948291319
Uruguay,URY,"Population, total",SP.POP.TOTL,3104403,3122354,3139702,3156345,3172834,3189440,3206324,3223345,3239280,3254015,3266206,3274251,3278867,3281186,3283148,3285771,3289506,3295153,3302177,3310091,3318580,3326825,3335401,3345337,3356334,3368017,3379283,3388438,3394534,3397206,3398968,3396695,3390913,3388081,3386588
Uzbekistan,UZB,GDP per capita (constant 2015 US$),NY.GDP.PCAP.KD,1569.01079980159,1524.20427668953,1320.59769274614,1260.7164965865,1169.86899033178,1136.35843596848,1134.17871135102,1172.71784381569,1204.09081234616,1238.36591553108,1269.72137546219,1306.60633175114,1341.95995981671,1381.8257280882,1466.6134889113,1549.04577531643,1643.14645619601,1773.75803693248,1904.45855506712,2025.04298646098,2144.6400056546,2271.00936223002,2395.84036755728,2530.68447898703,2659.99075095273,2803.19018021751,2918.67725852903,2995.76761437743,3108.1618786112,3259.36964632494,3249.05191094018,3442.7248445034,3576.71552716054,3725.67414578619,3890.41593075015
Uzbekistan,UZB,Carbon dioxide (CO2) emissions excluding LULUCF per capita (t CO2e/capita),EN.GHG.CO2.PC.CE.AR5,6.24743097419804,6.11175166043264,5.56044680287586,5.42482463694327,5.06042057684246,4.57779393809707,4.63040373319934,4.54625539165014,5.11435935858771,5.07541099022357,5.30608034339216,5.28624567526799,5.38898455825556,5.01609431105649,5.07679600143684,4.76265580553155,5.03472727468172,4.85281286665302,4.99330891026782,4.45651377155528,4.78418105352781,4.81134014423661,4.20977063590157,4.0848046860347,3.74415254822206,3.49764512064744,3.64421845300852,3.71680877488413,3.48417486035642,3.49213238730726,3.69033904584871,3.9236623289729,3.68952648984493,3.72011269845735,4.08501666540206
Uzbekistan,UZB,"Population, total",SP.POP.TOTL,20464956,20962910,21485090,21987955,22463291,22917589,23351981,23758960,24134929,24476008,24787054,25090283,25399980,25711259,26029350,26356975,26699043,27076008,27494774,27939328,28385506,28823196,29261903,29724065,30222994,30749346,31284568,31819178,32373490,32964701,33586372,34243696,34938955,35652307,36361859
Vanuatu,VUT,GDP per capita (constant 2015 US$),NY.GDP.PCAP.KD,2637.26084848443,2653.42720315783,2655.2940056849,2610.15878517538,2780.06153250773,2743.74381618479,2745.60344738846,2819.04892316535,2793.2492130652,2745.16947292745,2841.73909435642,2676.92934450613,2475.16636434639,2518.521315183,2555.73432279339,2626.85057870874,2780.97475852227,2791.7418410919,2875.08524058992,2888.13715784739,2856.77377649901,2883.22689591881,2849.05448321427,2799.28262661802,2807.83422956759,2854.89412272653,2889.01404801498,2946.96186165079,2960.65376683153,2986.2036911437,2771.87098808052,2666.30269843855,2740.27545530661,2733.35978526081,2697.09183254533
Vanuatu,VUT,Carbon dioxide (CO2) emissions excluding LULUCF per capita (t CO2e/capita),EN.GHG.CO2.PC.CE.AR5,0.688220554763851,0.625852312030199,0.34188473600329,0.337382339476869,0.338611509117406,0.300352405511646,0.296060522728204,0.298351906359878,0.301155832721114,0.294427843206187,0.450931657012793,0.511435316781046,0.490649076139955,0.558915246131928,0.42486789719558,0.423230214461947,0.371891831810414,0.592020824671451,0.567220224243706,0.620029132345927,0.650162855511904,0.738066487592104,0.593451541487366,0.59336220243475,0.673608976329542,0.598269078282306,0.609731446191843,0.597471517771546,0.802078111470628,0.750038529376509,0.841536783355306,0.95106385761178,0.865368028979767,0.847978677253136,0.869798674098549
Vanuatu,VUT,"Population, total",SP.POP.TOTL,148063,151793,155608,159463,163314,167137,170911,174626,178313,182048,186281,191031,195863,200746,205711,210760,215923,221276,226896,232731,238248,243474,248883,254482,260240,266101,272087,278507,285259,291985,298858,305868,313046,320409,327777
"Venezuela, RB",VEN,GDP per capita (constant 2015 US$),NY.GDP.PCAP.KD,3762.27506756855,4031.17843688925,4177.53877353082,4095.70804964337,3912.83890414693,3981.57269426866,3891.57928415149,4055.48011894001,3986.46661592952,3675.99104079837,3740.0195496928,3796.80579715312,3398.56849937324,3079.6634541359,3580.85417271298,3884.70081071301,4199.39766916963,4496.84905010777,4665.9531880382,4455.4532320933,4332.02681796507,4455.41063337951,4647.37303726595,4653.3645655649,4421.60786723331,4103.1384987005,3382.73477932247,2871.31531165261,2365.59281270712,1762.73734800083,1255.37263090506,1276.62381449407,1379.97778822986,1430.74575249312,1501.02277449885
"Venezuela, RB",VEN,Carbon dioxide (CO2) emissions excluding LULUCF per capita (t CO2e/capita),EN.GHG.CO2.PC.CE.AR5,5.17374026643453,5.18998472092642,5.11148480810404,5.18434196585009,5.64094082868236,5.40329220461857,5.88855063956305,5.78525083667705,5.74365765803861,5.48198076894391,5.61613486816086,5.73575850236842,5.8223547552569,5.52282625726638,5.68334234468926,5.82165836799224,5.83970371595838,5.64100518337439,5.84962138322166,5.81077320450049,6.13592407148401,5.92634036716951,6.55732695996789,6.45112739625486,6.34368674716556,5.75436845431794,5.29608278304555,4.97170927982669,4.62269142706999,4.15965140487118,2.69531333359842,2.68692781094409,3.26104790565291,3.40591488864612,3.39410515757435
"Venezuela, RB",VEN,"Population, total",SP.POP.TOTL,19827010,20304896,20780948,21254520,21725188,22193821,22662113,23131685,23601337,24066593,24526708,24979922,25435671,25892703,26340838,26785804,27224686,27649363,28053696,28438298,28813101,29185212,29553826,29912198,30254079,30573972,30765720,30565323,29807592,28938098,28444077,28237826,28213017,28300854,28405543
Viet Nam,VNM,GDP per capita (constant 2015 US$),NY.GDP.PCAP.KD,687.860316254161,713.747210806804,759.910853953724,805.606443630458,861.122422555836,927.625512005765,998.924907248853,1064.77802859908,1110.1126773248,1148.04465210832,1212.19657794381,1273.8052690094,1340.51670460271,1418.74337471509,1510.94449049599,1609.96268313651,1699.67620343393,1788.9485028957,1856.00519883979,1927.13427057454,2027.58184375924,2132.90453762087,2224.11404253256,2320.08431444934,2439.28655744423,2577.56885340113,2715.57887431272,2868.13680013379,3048.28327602145,3241.07648966529,3303.16949807493,3358.21734764714,3617.66311465012,3775.46375555802,4017.74604111554
Viet Nam,VNM,Carbon dioxide (CO2) emissions excluding LULUCF per capita (t CO2e/capita),EN.GHG.CO2.PC.CE.AR5,0.314143053752967,0.309763046353606,0.317937193893432,0.365229496621063,0.421729685038151,0.477059384088314,0.529093491924232,0.60145320114386,0.662583337029676,0.66988474067793,0.732762940866418,0.796360252330399,0.927761034143203,0.975900126008347,1.14424418007545,1.23999989986226,1.25547815833719,1.36684666856981,1.47684691804671,1.62877944346484,1.79273486369334,1.77200618969635,1.74532095481779,1.80141667663283,1.95182181139621,2.16344818077591,2.38090235568537,2.40871172027244,2.93126723532271,3.46316479458409,3.5515331687432,3.39788716841419,3.45101965872917,3.89354026267807,4.26605675468195
Viet Nam,VNM,"Population, total",SP.POP.TOTL,65504552,66891775,68260337,69586384,70854391,72049940,73156447,74226889,75299660,76287452,77154011,77969361,78772224,79563777,80338971,81088313,82167897,83633375,85175788,86460018,87455152,88468314,89510356,90573104,91679578,92823254,94000117,95176977,96237319,97173776,98079191,98935098,99680655,100352192,100987686
Virgin Islands (U.S.),VIR,GDP per capita (constant 2015 US$),NY.GDP.PCAP.KD,..,..,..,..,..,..,..,..,..,..,..,..,43205.7246740388,43036.1815136022,44466.2872190216,46021.5905731819,47671.567182812,49598.1259079427,50174.7528938473,46862.8076001874,47162.7375570431,43320.176769501,36938.1682086351,34663.6460602129,34098.7109972738,34007.3529411765,34614.7482633247,34435.4944455756,35174.1019944986,36309.7438446842,35850.7433148653,37313.0484931531,36983.431060272,..,..
Virgin Islands (U.S.),VIR,Carbon dioxide (CO2) emissions excluding LULUCF per capita (t CO2e/capita),EN.GHG.CO2.PC.CE.AR5,0.00192376133816839,0.00190826948581679,0.001891932798547,0.0018765598904089,0.00186362026873404,0.0018549778330149,0.00185022433970119,0.00184575062063365,0.00184268958972516,0.00184163758413982,0.00184090867252076,0.00184248588195193,0.00184316508308067,0.00184323303073591,0.00184389578301034,0.00184411680635851,0.00184554623554707,0.00184609136306156,0.0018450695129939,0.00184495037083502,0.00184575062063365,0.00184689260319512,0.00184863385957777,0.00185114910080432,0.00185387738454979,0.00185680332739156,0.00186018825105101,0.00186426301022548,0.00186914140989337,0.0018749589852722,0.00188164455734312,0.00188910928497214,0.00189729919459649,0.00190626876483315,0.00191613094838901
Virgin Islands (U.S.),VIR,"Population, total",SP.POP.TOTL,103963,104807,105712,106578,107318,107818,108095,108357,108537,108599,108642,108549,108509,108505,108466,108453,108369,108337,108397,108404,108357,108290,108188,108041,107882,107712,107516,107281,107001,106669,106290,105870,105413,104917,104377
West Bank and Gaza,PSE,GDP per capita (constant 2015 US$),NY.GDP.PCAP.KD,..,..,..,..,2137.38928909208,2189.26513719427,2118.82007591199,2323.20642242172,2589.20364997364,2732.87293952355,2436.01207739636,2153.45735383203,1836.98042481351,2041.60484619659,2426.41565630382,2632.24627423958,2540.26763083127,2569.98434108953,2685.98601828464,2840.01594969395,2927.08101953403,3128.10811061384,3237.91619995789,3309.63120243098,3227.84934482645,3272.15432360708,3483.09903532972,3462.97986107136,3417.79440837962,3378.4346209191,2922.46801084844,3051.48607007995,3099.9609010368,2888.76306072177,2072.09019517685
West Bank and Gaza,PSE,Carbon dioxide (CO2) emissions excluding LULUCF per capita (t CO2e/capita),EN.GHG.CO2.PC.CE.AR5,..,..,..,..,..,..,..,..,..,..,..,..,..,..,..,..,..,..,..,..,..,..,..,..,..,..,..,..,..,..,..,..,..,..,..
West Bank and Gaza,PSE,"Population, total",SP.POP.TOTL,1978248,2068845,2163591,2262676,2366298,2474666,2587997,2706518,2776568,2848431,2922153,2997784,3075373,3154969,3236626,3320396,3406334,3494496,3591977,3689099,3786161,3882986,3979998,4076708,4173398,4270092,4367088,4454805,4569087,4685306,4803269,4922749,5043612,5165775,5289152
"Yemen, Rep.",YEM,GDP per capita (constant 2015 US$),NY.GDP.PCAP.KD,1722.22439411789,1761.81146099568,1835.28111559428,1838.28268593285,1890.75509687978,1927.42298079078,1949.99754744654,1987.6265785116,2041.67107777046,2053.79786274001,2114.67265566851,2129.77268762778,2148.88860494788,2164.86083019467,2185.78999159086,2237.63762643152,2234.74266863312,2235.75075901067,2244.04491655237,2257.46902086832,2356.19960422096,1994.83663337222,1981.45800046603,2014.7289059487,1950.1625450589,1362.1738120601,1197.95865971172,1103.45634849842,1079.32938366255,..,..,..,..,..,..
"Yemen, Rep.",YEM,Carbon dioxide (CO2) emissions excluding LULUCF per capita (t CO2e/capita),EN.GHG.CO2.PC.CE.AR5,0.511770638273911,0.616928343548368,0.640135017232736,0.557623230249152,0.62083155227951,0.666449303819616,0.659838457147409,0.687515049846883,0.709313172445449,0.774616357198485,0.802338303623073,0.829144572122412,0.807128897860081,0.910498458290656,0.925129916420184,0.966350059686043,0.974638708108025,1.00023924584184,1.0053703136687,1.0658436506035,0.984687109444892,0.833886302805684,0.773829681433409,0.982094877377072,0.938116526235472,0.457400001457025,0.331047266795208,0.296939453573988,0.35186257770312,0.351518230200281,0.313196150764429,0.302074058238196,0.287369793942245,0.269743195612762,0.260706631942251
"Yemen, Rep.",YEM,"Population, total",SP.POP.TOTL,13887862,14430201,14989494,15563914,16149147,16740058,17313177,17873936,18446013,19029420,19624141,20226147,20835086,21456379,22095167,22790085,23543083,24318082,25111941,25927724,26754387,27582897,28433647,29312952,30226309,31159379,32109010,33090921,34085182,35111408,36134863,37140230,38222876,39390799,40583164
Zambia,ZMB,GDP per capita (constant 2015 US$),NY.GDP.PCAP.KD,878.589205998477,856.761723583768,821.850104215064,857.039669609389,764.639411345433,768.035201563368,796.018059633101,805.53240180321,781.663383813883,796.377985981253,804.48463418783,822.020935308251,833.021177549004,863.650190656785,895.475258534826,929.079255855905,968.563565019492,1013.08567432637,1053.58612301068,1110.71918102486,1183.41712409199,1208.46424569634,1258.78938578996,1280.77012176778,1299.01241762504,1295.87788680068,1303.57513869133,1308.76829240086,1321.25045711573,1301.18132976178,1228.73500113195,1269.10821808895,1298.8480495593,1330.85998216751,1343.38966380353
Zambia,ZMB,Carbon dioxide (CO2) emissions excluding LULUCF per capita (t CO2e/capita),EN.GHG.CO2.PC.CE.AR5,0.38898462132019,0.392926274642461,0.383749883815925,0.339781089408415,0.278337817995215,0.268286317306761,0.220389640087636,0.270692102024204,0.247226231986643,0.198049179646212,0.194876413395542,0.19058254162032,0.194197023295284,0.203867677204048,0.203153975614114,0.211070757215382,0.198597590529511,0.174189032545343,0.200263813418666,0.213107272147601,0.230036760341164,0.239454830917406,0.289620990303567,0.307539510527861,0.346397664972352,0.356605174836236,0.374035815469437,0.46088254788055,0.506471474864007,0.487959304388463,0.500068339000267,0.49379688135964,0.524548827570452,0.548090097623693,0.542961477377669
Zambia,ZMB,"Population, total",SP.POP.TOTL,7786169,7981650,8176680,8373921,8576269,8785763,9004053,9237063,9482408,9740005,10017631,10325185,10647949,10983595,11338198,11718819,12129553,12565085,13021324,13490389,13965594,14437796,14913629,15398997,15895315,16399089,16914423,17441320,17973569,18513839,19059395,19603607,20152938,20723965,21314956
Zimbabwe,ZWE,GDP per capita (constant 2015 US$),NY.GDP.PCAP.KD,1653.56521361694,1700.16751573044,1503.8338876162,1497.59397309998,1633.9654774338,1621.41919547814,1759.94136824269,1773.50690066801,1789.35135307089,1746.22663873399,1677.34896793251,1690.14666163116,1525.07935706564,1250.91948331231,1165.54447081543,1088.63148420699,1038.22375658033,987.200362596937,803.044944654991,896.915532877845,1056.20884563889,1184.93421020563,1360.15230034275,1367.81831689463,1381.25404125871,1387.12632595026,1378.34256192374,1422.91948946927,1472.14603844842,1357.53087818754,1230.81933361016,1312.20001358807,1369.19761495571,1418.47184628799,1417.71894115853
Zimbabwe,ZWE,Carbon dioxide (CO2) emissions excluding LULUCF per capita (t CO2e/capita),EN.GHG.CO2.PC.CE.AR5,1.71780776324539,1.841301182068,1.79440701878965,1.62740619769936,1.52212588295496,1.48241407271464,1.40881814173409,1.29812881057909,1.29139351872735,1.43037807747098,1.23243627783423,1.21917145823374,1.1029519129975,0.893403485176119,0.838216656520482,0.922182297304139,0.848775110404865,0.825339903958573,0.641176361194705,0.604392218090679,0.753832502230367,1.16578931263931,0.922261124294909,0.907590570671441,0.886871374194176,0.881442359972868,0.771813225130946,0.714789054258429,0.816285156253118,0.731473434469001,0.584444223465771,0.68892544949393,0.719220842842293,0.76899436270709,0.772821434267465
Zimbabwe,ZWE,"Population, total",SP.POP.TOTL,10137281,10404816,10702700,10860288,10873148,10974599,11158360,11369827,11594297,11783458,11892055,11971901,12087653,12232323,12365896,12483432,12636445,12804058,12959149,13142790,13356548,13595424,13817887,14013808,14207359,14399013,14600294,14812482,15034452,15271368,15526888,15797210,16069056,16340822,16634373
,,,,,,,,,,,,,,,,,,,,,,,,,,,,,,,,,,,,,,
,,,,,,,,,,,,,,,,,,,,,,,,,,,,,,,,,,,,,,
,,,,,,,,,,,,,,,,,,,,,,,,,,,,,,,,,,,,,,
Data from database: World Development Indicators,,,,,,,,,,,,,,,,,,,,,,,,,,,,,,,,,,,,,,
Last Updated: 12/19/2025,,,,,,,,,,,,,,,,,,,,,,,,,,,,,,,,,,,,,,
