period,start_year,end_year,years_elapsed,iso3c,country,region,region_display,gdp_per_capita_start,gdp_per_capita_end,co2_per_capita_start,co2_per_capita_end,d_log_gdp,d_log_co2,gdp_change_pct,co2_change_pct,annualized_gdp_growth_pct,annualized_co2_growth_pct,decoupling_ratio,decoupling_classification,gdp_expansion,absolute_decoupling,relative_decoupling,coupled_expansion,any_decoupling,average_population
1990-2004,1990,2004,14,ABW,Aruba,Global_South,Global South,24763.6538099384,29959.7748189582,3.20303411789078,3.67255986041329,0.19047863657496933,0.13679040614403415,20.982852728035084,14.658780557470186,1.3698594497809857,0.9818632853391573,0.7181404098836861,Relative decoupling,True,False,True,False,True,78945.5
1990-2004,1990,2004,14,AGO,Angola,Global_South,Global South,2675.05239370666,2583.32411461288,0.965977313621804,0.951069768682142,-0.03489198043472541,-0.015552925725452041,-3.4290273831488416,-1.543260357095566,-0.24891811547309572,-0.11103064192964363,,"Economic contraction, emissions falling",False,False,False,False,False,15113391.5
1990-2004,1990,2004,14,ALB,Albania,Europe_NorthAmerica,Europe & North America,1682.8810874018,2567.29763687121,2.02191239302586,1.45837098137756,0.42234658495296884,-0.32672374615837513,52.55371612945397,-27.87170273015346,3.062726622236722,-2.306719916889388,-0.7735915425828719,Absolute decoupling,True,True,False,False,True,3156740.5
1990-2004,1990,2004,14,ARE,United Arab Emirates,Global_South,Global South,66481.6137644725,55611.419401142,29.9689182497287,25.9698706267172,-0.17853685960751164,-0.14322374222163203,-16.350677650276147,-13.343983889200583,-1.2671662567215303,-1.017811610873809,,"Economic contraction, emissions falling",False,False,False,False,False,3163593.5
1990-2004,1990,2004,14,ARG,Argentina,Global_South,Global South,8115.09386370753,10302.4465316428,3.05886258479045,3.85579719412006,0.23865562678249574,0.23153463793099327,26.954126528561527,26.05329880760907,1.7192956848820717,1.6675701287115263,0.9701620743348643,Relative decoupling,True,False,True,False,True,35785908.5
1990-2004,1990,2004,14,ARM,Armenia,Global_South,Global South,1644.02214502158,1955.22262459229,5.85004256603366,1.18777844481658,0.17335829467484398,-1.5943642281762658,18.929214579808807,-79.69624269551434,1.2459718828343957,-10.763778585377459,-9.196930733350275,Absolute decoupling,True,True,False,False,True,3358514.0
1990-2004,1990,2004,14,ATG,Antigua and Barbuda,Global_South,Global South,13166.5241173582,16433.4130541483,2.60045032188501,2.11384799095517,0.22163908688337663,-0.20717465177909644,24.812083338556825,-18.71223329415932,1.5957343315096795,-1.4689234316011768,-0.9347387894992946,Absolute decoupling,True,True,False,False,True,70892.5
1990-2004,1990,2004,14,AUS,Australia,DevelopedAsia_Oceania,Developed Asia & Oceania,36975.4199007908,50018.5904483861,16.2738304687782,19.1634087908315,0.302141380416435,0.1634443436418942,35.27524658973877,17.755981467282943,2.1816092718591085,1.1743010046336044,0.540953190246971,Relative decoupling,True,False,True,False,True,18498925.0
1990-2004,1990,2004,14,AUT,Austria,Europe_NorthAmerica,Europe & North America,31167.1857978698,40333.3307183894,8.01839056506704,9.7416827235943,0.2578123879913541,0.19467614289429136,29.409600789642365,21.491746311721993,1.858577545467166,1.4002569082955274,0.7551077914100076,Relative decoupling,True,False,True,False,True,7924908.0
1990-2004,1990,2004,14,AZE,Azerbaijan,Global_South,Global South,2866.41060718579,2111.4533834475,7.8219979930873,3.55156804911816,-0.30568406983690277,-0.7895508098186708,-26.33806970451801,-54.59512962983546,-2.159792755850487,-5.483568322216737,,"Economic contraction, emissions falling",False,False,False,False,False,7740850.0
1990-2004,1990,2004,14,BDI,Burundi,Global_South,Global South,373.245241687992,258.050009115333,0.0359402418305754,0.0299699507130413,-0.3690822880952007,-0.18166237327925616,-30.863148328881994,-16.61171659800852,-2.601854988577834,-1.2892059979841664,,"Economic contraction, emissions falling",False,False,False,False,False,6448854.0
1990-2004,1990,2004,14,BEL,Belgium,Europe_NorthAmerica,Europe & North America,29609.6207516724,37976.6972967442,11.6194738857627,11.7049703885478,0.24887340867647012,0.007331097341195747,28.25796593358674,0.7358035624130732,1.793561752653905,0.052378693858190495,0.029457133970974013,Relative decoupling,True,False,True,False,True,10194258.0
1990-2004,1990,2004,14,BEN,Benin,Global_South,Global South,749.459666582926,907.624431209378,0.0754712837067041,0.313564226616338,0.1914781686906446,1.4242519730310015,21.10383942975693,315.47488159192943,1.3770970245761793,10.708704690020854,7.438195083910831,Coupled expansion,True,False,False,True,False,6720286.5
1990-2004,1990,2004,14,BFA,Burkina Faso,Global_South,Global South,332.153276660935,474.086412333459,0.0357339533478118,0.0791894660751542,0.35579307051443987,0.79574197490345,42.73121647311362,121.60846661541704,2.5739474228958725,5.848507620819587,2.2365302779868355,Coupled expansion,True,False,False,True,False,11329944.5
1990-2004,1990,2004,14,BGD,Bangladesh,Global_South,Global South,473.444821021085,702.656357081873,0.132280823364504,0.265286510438952,0.3948325772397716,0.6958833009082122,48.41356920251967,100.54797338836225,2.8603777629944815,5.096201562314784,1.7624769105250913,Coupled expansion,True,False,False,True,False,127268286.5
1990-2004,1990,2004,14,BGR,Bulgaria,Europe_NorthAmerica,Europe & North America,4425.49968282931,4849.87141310477,9.18234070928367,6.66896898479433,0.09156899707812194,-0.31981687836928896,9.589238745672102,-27.37179771545868,0.6562079362708584,-2.2585112710966526,-3.4926327531624892,Absolute decoupling,True,True,False,False,True,8217574.5
1990-2004,1990,2004,14,BHR,Bahrain,Global_South,Global South,18345.8379968815,23688.1121059225,23.3043316103241,24.1830866740881,0.2555705867762814,0.037014241739024456,29.119815131634176,3.7707799496583982,1.842268373934397,0.26473725280604654,0.14482981866542247,Relative decoupling,True,False,True,False,True,669269.0
1990-2004,1990,2004,14,BHS,"Bahamas, The",Global_South,Global South,30995.4830715942,32444.0739567569,3.93737882549059,2.57223749345168,0.045676319224941864,-0.4257390890421725,4.673554794473489,-34.67132304367021,0.32679222837586064,-2.995220444597413,-9.320783641640169,Absolute decoupling,True,True,False,False,True,307863.5
1990-2004,1990,2004,14,BIH,Bosnia and Herzegovina,Europe_NorthAmerica,Europe & North America,791.443970389452,3063.83543448936,5.52389802573903,3.87204789582773,1.3535637323802527,-0.355300236027579,287.1196887104609,-29.903704272134956,10.151127554173712,-2.5059258994901357,-0.2624924320355279,Absolute decoupling,True,True,False,False,True,4294819.5
1990-2004,1990,2004,14,BLR,Belarus,Europe_NorthAmerica,Europe & North America,2888.81296582486,3520.40452642524,10.3572083316813,6.08289947550633,0.19773022600756107,-0.5322012647426944,21.863359382286696,-41.26892806723252,1.4223796649701859,-3.7300899021628364,-2.6915524019192865,Absolute decoupling,True,True,False,False,True,9959747.0
1990-2004,1990,2004,14,BLZ,Belize,Global_South,Global South,4112.59517532713,6383.07432412662,0.690969870436322,0.504991019110156,0.4395955915200993,-0.3135555747983082,55.207941749795,-26.915623861967696,3.1897855682087473,-2.2147879850543895,-0.7132818910081625,Absolute decoupling,True,True,False,False,True,227382.0
1990-2004,1990,2004,14,BMU,Bermuda,Europe_NorthAmerica,Europe & North America,89089.7346423608,120432.12052555,4.3868031063778,2.76556630165454,0.3014421628748529,-0.4613553152945644,35.180692825059154,-36.95713633388761,2.176506029753611,-3.2416885291455255,-1.53049364725432,Absolute decoupling,True,True,False,False,True,60057.0
1990-2004,1990,2004,14,BOL,Bolivia,Global_South,Global South,1679.40847934245,2099.990810637,0.923445844416563,1.02693451431925,0.2234913330472068,0.10622128759566773,25.043480277009422,11.20679361203598,1.6091766713785205,0.7616090827346156,0.47528146236091945,Relative decoupling,True,False,True,False,True,8167214.5
1990-2004,1990,2004,14,BRA,Brazil,Global_South,Global South,6149.86718171298,7258.78101654079,1.52128199616552,1.99978275095698,0.16578142556571152,0.27348515222777725,18.031508682418806,31.453784110871585,1.1911918880030958,1.972670358280637,1.6496730637617465,Coupled expansion,True,False,False,True,False,165909183.0
1990-2004,1990,2004,14,BRB,Barbados,Global_South,Global South,19382.8687219216,21516.1662922098,2.38144959819322,2.35953879191015,0.10441495277589574,-0.009243204361239599,11.006098224642402,-0.9200617262567157,0.7486092640405229,-0.0660010979814718,-0.08852376135320533,Absolute decoupling,True,True,False,False,True,262940.0
1990-2004,1990,2004,14,BRN,Brunei Darussalam,Global_South,Global South,44179.827869454,37948.6590825194,16.8438493959858,17.7642521768945,-0.15203413244175756,0.053202564129032126,-14.104103812597424,5.464325637630396,-1.080082850789288,0.3807413003420468,,"Economic contraction, emissions rising",False,False,False,False,False,304101.5
1990-2004,1990,2004,14,BTN,Bhutan,Global_South,Global South,812.671325588739,1552.73915195801,0.306641755205867,0.770124695639342,0.647449090834729,0.9208722990741834,91.06606854045577,151.14801965645904,4.733240378952286,6.7988094272575905,1.4223084287398433,Coupled expansion,True,False,False,True,False,619915.5
1990-2004,1990,2004,14,BWA,Botswana,Global_South,Global South,4039.46544455099,5369.42516766112,2.16206528931696,2.24298424145033,0.28460849014938994,0.03674331252090102,32.92415150881356,3.7426692215633217,2.053722300819527,0.2627969396614249,0.1291012523962816,Relative decoupling,True,False,True,False,True,1556421.0
1990-2004,1990,2004,14,CAF,Central African Republic,Global_South,Global South,519.786735961912,433.825227770233,0.0554683120292767,0.0611282223493176,-0.18077685229746354,0.09716176050837877,-16.537841819414545,10.203862553188102,-1.2829621948628467,0.6964264232371509,,"Economic contraction, emissions rising",False,False,False,False,False,3532368.0
1990-2004,1990,2004,14,CAN,Canada,Europe_NorthAmerica,Europe & North America,31700.5462613508,40108.7587456658,15.9076488658574,17.5256514747091,0.23526082009293603,0.09686555195089852,26.523872538329996,10.17122406017159,1.6946331504900547,0.6942959355457967,0.4117368625707984,Relative decoupling,True,False,True,False,True,29814972.5
1990-2004,1990,2004,14,CHE,Switzerland,Europe_NorthAmerica,Europe & North America,70063.8517086247,74718.6836260364,6.66475666288786,6.27946614341052,0.06432318279715155,-0.05954847541435937,6.6436997166097855,-5.781014055963929,0.4605084015322891,-0.4244429369792413,-0.9257700384968572,Absolute decoupling,True,True,False,False,True,7052572.0
1990-2004,1990,2004,14,CHL,Chile,Global_South,Global South,5290.53694835535,9642.37478651228,2.47233496085785,3.61395788630139,0.600247682188737,0.3796405067884552,82.25701626580182,46.1759002529099,4.380723795858321,2.7488195806742777,0.6324730907816885,Relative decoupling,True,False,True,False,True,14812249.0
1990-2004,1990,2004,14,CHN,China,China,China,917.270661782581,3127.86276523632,2.12676894074534,4.24069749050016,1.2267026389229159,0.690123859399465,240.9967085568594,99.39624889453104,9.157501052070781,5.052975066820609,0.5625844744292845,Relative decoupling,True,False,True,False,True,1215630000.0
1990-2004,1990,2004,14,CIV,Cote d'Ivoire,Global_South,Global South,1866.0785698741,1451.86547141894,0.243819042479691,0.305981117632049,-0.25098994600821367,0.22709707199497142,-22.1969806171187,25.495168269121482,-1.7768105394682987,1.6353497678374795,,"Economic contraction, emissions rising",False,False,False,False,False,15892389.0
1990-2004,1990,2004,14,CMR,Cameroon,Global_South,Global South,1360.47765296011,1271.74326874167,0.419747188029179,0.33936994141111,-0.06744724170141048,-0.2125618118045085,-6.5222963438887005,-19.148966070615224,-0.48060738107759127,-1.5068306147705157,,"Economic contraction, emissions falling",False,False,False,False,False,13971154.0
1990-2004,1990,2004,14,COD,"Congo, Dem. Rep.",Global_South,Global South,831.662947440969,341.714925751419,0.0918791356344579,0.0388664526195872,-0.8894504084608217,-0.8603424922099197,-58.9118492289602,-57.69828225831621,-6.155607283391906,-5.960288969582795,,"Economic contraction, emissions falling",False,False,False,False,False,46840902.0
1990-2004,1990,2004,14,COG,"Congo, Rep.",Global_South,Global South,2363.76701814587,2058.88402946896,1.00165507275599,1.01524195118066,-0.1380924378597559,0.013473255001831509,-12.898182703135374,1.3564428308925347,-0.9815258375869829,0.09628385890267932,,"Economic contraction, emissions rising",False,False,False,False,False,2973057.0
1990-2004,1990,2004,14,COL,Colombia,Global_South,Global South,3714.1849928328,4311.91591255233,1.64000267693635,1.44656025415104,0.14922306133275853,-0.12550937441273652,16.093191935053298,-11.795250428900228,1.0715797361138035,-0.8924889920843393,-0.8410856424722322,Absolute decoupling,True,True,False,False,True,36991620.0
1990-2004,1990,2004,14,COM,Comoros,Global_South,Global South,1253.76196294342,1231.14746798849,0.0883948573536424,0.241431090538381,-0.018201966671565373,1.0047702997711832,-1.803731140625675,173.12798251654468,-0.12992956600773597,7.440745732843457,,"Economic contraction, emissions rising",False,False,False,False,False,512650.0
1990-2004,1990,2004,14,CPV,Cabo Verde,Global_South,Global South,835.120723175504,2379.79636224135,0.143303110050396,0.81252477209671,1.0471939078677428,1.73518436480167,184.9643526018964,466.99730509056366,7.766812666083012,13.194992206388534,1.656984777857224,Coupled expansion,True,False,False,True,False,427399.0
1990-2004,1990,2004,14,CRI,Costa Rica,Global_South,Global South,6037.05111668102,8445.52914945791,0.934232756063511,1.47144886356872,0.33572153959968,0.4542772051652475,39.89494185533729,57.503454467688144,2.4269944929519838,3.298056083770362,1.3531369053857412,Coupled expansion,True,False,False,True,False,3660892.0
1990-2004,1990,2004,14,CUB,Cuba,Global_South,Global South,4961.45738860948,4670.18802138025,3.63673165754921,2.25263365447208,-0.06050019351856761,-0.4789853372219556,-5.870641313939862,-38.05884330794623,-0.4312118397873266,-3.3634583523794337,,"Economic contraction, emissions falling",False,False,False,False,False,10935277.5
1990-2004,1990,2004,14,CYP,Cyprus,Europe_NorthAmerica,Europe & North America,17144.46875,24799.6484375,5.88468841924473,7.65231487166892,0.36915387743850303,0.26265440526138395,44.65101718302016,30.03772377554452,2.67188491324164,1.8938122804854851,0.7115038505999148,Relative decoupling,True,False,True,False,True,903113.0
1990-2004,1990,2004,14,CZE,Czechia,Europe_NorthAmerica,Europe & North America,11900.5844581421,14259.63342798,16.0160567405262,12.8990092380177,0.18084519530196097,-0.2164412601430734,19.822967335220977,-19.46201585700735,1.3001305437321697,-1.5341196309649918,-1.1968316868008406,Absolute decoupling,True,True,False,False,True,10265228.0
1990-2004,1990,2004,14,DEU,Germany,Europe_NorthAmerica,Europe & North America,29763.3124657124,35687.6378708542,12.7491248004656,10.4632650583049,0.18152784094778518,-0.1975920691531572,19.904791887551742,-17.929542442609247,1.3050700993754827,-1.4014587609972762,-1.088494569876985,Absolute decoupling,True,True,False,False,True,80974644.5
1990-2004,1990,2004,14,DMA,Dominica,Global_South,Global South,5536.87901663922,7323.8530008275,0.305915808522556,0.871097903829626,0.27970556810614333,1.046444445924777,32.27402980664984,184.7508626757998,2.01798845514658,7.761043740154916,3.7412356608062582,Coupled expansion,True,False,False,True,False,69138.0
1990-2004,1990,2004,14,DNK,Denmark,Europe_NorthAmerica,Europe & North America,39306.7939232431,50956.3045398814,10.1987983129152,10.0130575815849,0.259571114456822,-0.018379901498764895,29.637397136451927,-1.8212021223626529,1.8713741618030522,-0.13119886963617322,-0.07080873207801507,Absolute decoupling,True,True,False,False,True,5272731.0
1990-2004,1990,2004,14,DOM,Dominican Republic,Global_South,Global South,2772.77065608381,4212.01044121773,1.12131364311778,1.91386125173149,0.41809301604119753,0.5346219055016217,51.90619649613082,70.68027874966852,3.0314182065010575,3.892578360514354,1.2787152260131076,Coupled expansion,True,False,False,True,False,8128029.0
1990-2004,1990,2004,14,DZA,Algeria,Global_South,Global South,3605.68701212608,4066.28204806495,2.84364912883569,2.96141820014695,0.12021675565490142,0.04058014335574889,12.77412693863531,4.141476883242601,0.862388439245132,0.2902786617926756,0.33755813101660903,Relative decoupling,True,False,True,False,True,29002048.0
1990-2004,1990,2004,14,ECU,Ecuador,Global_South,Global South,3919.71758067093,4430.23717984188,1.67628872889196,1.96681520153907,0.12243351663181024,0.1598333257666732,13.024397514975083,17.331529326642347,0.8783602613250396,1.1482084976935258,1.3054703496537963,Coupled expansion,True,False,False,True,False,12041187.0
1990-2004,1990,2004,14,EGY,"Egypt, Arab Rep.",Global_South,Global South,1972.13789303215,2574.42341789124,1.56708047716051,2.0184066565906,0.2665074144524002,0.2530940967650572,30.53972681053654,28.80044681865195,1.9218588393833835,1.8242548700372785,0.9496700018087536,Relative decoupling,True,False,True,False,True,68937030.5
1990-2004,1990,2004,14,ESP,Spain,Europe_NorthAmerica,Europe & North America,19174.77083233,25825.3106463315,5.90387472540557,8.21253115688392,0.29775964802886357,0.3300523091637988,34.683803379742194,39.10408907465015,2.1496333855578253,2.385525587358339,1.1084521067535817,Coupled expansion,True,False,False,True,False,40894608.5
1990-2004,1990,2004,14,EST,Estonia,Europe_NorthAmerica,Europe & North America,9341.22561480009,13348.5284463324,25.516673103174,14.7118270889142,0.3569686842582609,-0.5506803515143437,42.89911192363438,-42.344258479824305,2.582561166145503,-3.8570760785770153,-1.5426573136480948,Absolute decoupling,True,True,False,False,True,1465862.0
1990-2004,1990,2004,14,ETH,Ethiopia,Global_South,Global South,267.078134508598,267.923513391712,0.0459464662231511,0.0753366257956424,0.0031602877861320877,0.4944894738847019,0.31652867602560697,63.96609356147276,0.022576032189314255,3.5951861170479438,156.4697607776769,Coupled expansion,True,False,False,True,False,61843480.5
1990-2004,1990,2004,14,FIN,Finland,Europe_NorthAmerica,Europe & North America,31291.5222587198,41521.962874476,11.2758403756113,13.4759720988521,0.2828753066325653,0.17824583807621952,32.69396909223663,19.511909090159698,2.0410889521666142,1.2813240592210562,0.630121590315227,Relative decoupling,True,False,True,False,True,5107301.5
1990-2004,1990,2004,14,FJI,Fiji,Global_South,Global South,3414.95053196369,4264.59723774177,1.30373611822334,2.26335424753479,0.22218473478969436,0.551613813601691,24.88020537414655,73.6052423414613,1.5996940872266663,4.018750137411575,2.4826809732172324,Coupled expansion,True,False,False,True,False,823841.0
1990-2004,1990,2004,14,FRA,France,Europe_NorthAmerica,Europe & North America,27992.9751471374,34557.1471111581,6.6078992929268,6.46668310699496,0.21066080056614744,-0.021602476211279198,23.44935445238643,-2.1370813880744133,1.5160979124193563,-0.1541844150184879,-0.10254625517999978,Absolute decoupling,True,True,False,False,True,60484300.0
1990-2004,1990,2004,14,FSM,"Micronesia, Fed. Sts.",Global_South,Global South,2384.9445815498,2747.87981611358,0.0009911981603362,0.0017869108778199,0.14165375054209584,0.5893291670864658,15.21776385797331,80.27786464149673,1.0169486346422563,4.299349638078165,4.1603499012991705,Coupled expansion,True,False,False,True,False,106406.5
1990-2004,1990,2004,14,GAB,Gabon,Global_South,Global South,8354.26309000876,7148.98713447497,6.27334218396436,4.66035316321154,-0.1558012711209873,-0.2972180249591494,-14.42707684146598,-25.71179721195299,-1.1066967732623167,-2.1006091783119296,,"Economic contraction, emissions falling",False,False,False,False,False,1202671.5
1990-2004,1990,2004,14,GBR,United Kingdom,Europe_NorthAmerica,Europe & North America,30071.2085616955,42434.8209023638,10.1769845806249,9.35478076788979,0.34440108509359213,-0.08424123238986514,41.11445110462557,-8.079051375398905,2.490515592749132,-0.5999163607718905,-0.2446021108411209,Absolute decoupling,True,True,False,False,True,58617745.5
1990-2004,1990,2004,14,GEO,Georgia,Global_South,Global South,3534.03227732782,2105.00472843799,7.18256976259892,1.09804600569342,-0.5181217938046458,-1.8781249829334161,-40.43617705637823,-84.71235167932282,-3.633224817040648,-12.554267453404089,,"Economic contraction, emissions falling",False,False,False,False,False,4364670.0
1990-2004,1990,2004,14,GHA,Ghana,Global_South,Global South,855.85250708181,1108.30475353633,0.20338886605267,0.307147817356431,0.25848882132176954,0.4122093785230896,29.49716737003012,51.015059633053525,1.8634991312806992,2.9881273382942775,1.5946893812091283,Coupled expansion,True,False,False,True,False,18631473.0
1990-2004,1990,2004,14,GIN,Guinea,Global_South,Global South,548.371534819426,645.182843390689,0.14717826473873,0.201970135696478,0.16258071428021026,0.31647530601727136,17.65432784601815,37.228235470104366,1.1680599759193333,2.286281674736368,1.946573475325133,Coupled expansion,True,False,False,True,False,7748550.0
1990-2004,1990,2004,14,GMB,"Gambia, The",Global_South,Global South,658.711165332156,693.563314497133,0.116242026138337,0.201565152173055,0.05155738656702713,0.5504382152148839,5.29096074261961,73.40127221558998,0.3689459831735409,4.010015913067466,10.676224142961305,Coupled expansion,True,False,False,True,False,1338004.0
1990-2004,1990,2004,14,GNB,Guinea-Bissau,Global_South,Global South,569.169670374215,572.526464627294,0.173570279016791,0.199842467524673,0.005880380642467209,0.14094681005352916,0.5897704020089378,15.136340539811211,0.04201154125189621,1.0118478369261386,23.968994291905677,Coupled expansion,True,False,False,True,False,1161616.0
1990-2004,1990,2004,14,GNQ,Equatorial Guinea,Global_South,Global South,366.314404747023,9208.60566707162,0.149913341233127,6.97831022194269,3.2244017304089736,3.8405046758650494,2413.853003796315,4554.896064981213,25.89957877112168,31.56380572129467,1.1910751193456068,Coupled expansion,True,False,False,True,False,687095.5
1990-2004,1990,2004,14,GRC,Greece,Europe_NorthAmerica,Europe & North America,15438.7937023583,21688.1050959558,7.64067757781075,9.27329917524567,0.33988054453706873,0.19365292690482905,40.477977192239514,21.367497591787,2.4574271827761507,1.3928461530986258,0.5697676139968303,Relative decoupling,True,False,True,False,True,10575966.5
1990-2004,1990,2004,14,GRD,Grenada,Global_South,Global South,5102.69172981553,7233.29494434962,0.509218964154586,0.607374477465858,0.3489264739734992,0.1762674233831394,41.75449600619143,19.275698711306145,2.5236501933917577,1.2670124662077065,0.5051706778675866,Relative decoupling,True,False,True,False,True,104640.0
1990-2004,1990,2004,14,GRL,Greenland,Europe_NorthAmerica,Europe & North America,26805.5496974442,34961.9356097257,0.0197841726618705,10.6137298323315,0.2656509713236783,6.2850214516364185,30.42797481992745,53547.57987978469,1.9156240104009514,56.66351513536338,23.658943990754437,Coupled expansion,True,False,False,True,False,56249.0
1990-2004,1990,2004,14,GTM,Guatemala,Global_South,Global South,2741.53813375037,3250.20406037693,0.434282391368736,0.846049807759606,0.1701986566013538,0.6668832384314176,18.554034334394508,94.81559109341158,1.2231244163109611,4.878727138259964,3.918263820339185,Coupled expansion,True,False,False,True,False,10916087.5
1990-2004,1990,2004,14,GUY,Guyana,Global_South,Global South,2377.21795364949,3937.11435304522,1.56515454184191,2.19499014976037,0.5045171803540853,0.33819299103881867,65.61856884014297,40.24111300710631,3.669414277240479,2.4450777563978843,0.670329979251578,Relative decoupling,True,False,True,False,True,756156.0
1990-2004,1990,2004,14,HKG,"Hong Kong SAR, China",DevelopedAsia_Oceania,Developed Asia & Oceania,21357.261954163,30304.3126863152,6.14327285476378,6.00745927618486,0.3498982150596657,-0.022355728603254743,41.892311623813725,-2.2107691093942505,2.5307666148786323,-0.15955634903198623,-0.06389209101693354,Absolute decoupling,True,True,False,False,True,6244000.0
1990-2004,1990,2004,14,HND,Honduras,Global_South,Global South,457.981040092588,1908.90950050464,0.473929462333811,1.07270947201765,1.4274596297674353,0.8168844466563749,316.809722105248,126.34369822361661,10.73407299053708,6.008478316875543,0.5722644827366946,Relative decoupling,True,False,True,False,True,6139741.0
1990-2004,1990,2004,14,HRV,Croatia,Europe_NorthAmerica,Europe & North America,9754.64902543885,11059.0980614364,5.0286266412803,5.27995632579101,0.1255094486822923,0.04877091276494916,13.372588112557594,4.997978621986543,0.9005266235672993,0.3489711540355378,0.3885835949164685,Relative decoupling,True,False,True,False,True,4540984.0
1990-2004,1990,2004,14,HTI,Haiti,Global_South,Global South,1627.31264525633,1286.90282128221,0.166548957092198,0.200981721863878,-0.23469155252802576,0.18792466513354977,-20.918526318001973,20.674260213240924,-1.662395367929792,1.3513685845833567,,"Economic contraction, emissions rising",False,False,False,False,False,7882352.0
1990-2004,1990,2004,14,HUN,Hungary,Europe_NorthAmerica,Europe & North America,8646.44754431988,10786.4881991495,6.97179329684977,6.01747516064377,0.2211457101188028,-0.14720471679292912,24.750519145119654,-13.688273526944794,1.5921540392612954,-1.0459537220037562,-0.6656458165697564,Absolute decoupling,True,True,False,False,True,10240567.0
1990-2004,1990,2004,14,IDN,Indonesia,Global_South,Global South,1470.91822258528,2065.70617470842,0.881568022007149,1.58011931285841,0.3395852941798969,0.5835534725744224,40.436507141623615,79.23963590022281,2.4552664489911002,4.256329856777108,1.7184297511578406,Coupled expansion,True,False,False,True,False,205713873.5
1990-2004,1990,2004,14,IND,India,India,India,537.870269533789,892.596614581612,0.694451434874462,1.02822643182898,0.5065173630384878,0.39246845462275226,65.95016775240062,48.063115747590814,3.6842266044309735,2.843009619089054,0.7748371196367665,Relative decoupling,True,False,True,False,True,1000481867.0
1990-2004,1990,2004,14,IRL,Ireland,Europe_NorthAmerica,Europe & North America,23456.999356198,48856.3238587396,9.20302768318718,11.0536619018628,0.7337148943771403,0.18322924098530002,108.28036492157037,20.10897155135696,5.380582536788903,1.317382308222026,0.24972811972264186,Relative decoupling,True,False,True,False,True,3792118.0
1990-2004,1990,2004,14,IRN,"Iran, Islamic Rep.",Global_South,Global South,3222.20102704479,4607.45169088209,3.57099300220356,6.19124691935171,0.3576102508047114,0.550292798346965,42.99082062883504,73.37605857897971,2.587262240967503,4.008935575053441,1.5388059964966614,Coupled expansion,True,False,False,True,False,64318204.0
1990-2004,1990,2004,14,IRQ,Iraq,Global_South,Global South,3526.57925126853,3354.26588756715,3.94992812210948,3.27515771880636,-0.05009541545441287,-0.18733135547136381,-4.886133315716523,-17.083105880487658,-0.357184967515245,-1.3291686017039672,,"Economic contraction, emissions falling",False,False,False,False,False,22579542.0
1990-2004,1990,2004,14,ISL,Iceland,Europe_NorthAmerica,Europe & North America,37302.8060328139,48101.7116286153,9.18116675692433,10.8729294630813,0.25424920869109435,0.1691218703877051,28.94931171210564,18.426445689825456,1.8326565317175136,1.2153393110700073,0.6651815014818135,Relative decoupling,True,False,True,False,True,273450.0
1990-2004,1990,2004,14,ISR,Israel,DevelopedAsia_Oceania,Developed Asia & Oceania,22395.1118825784,28883.247588548,7.55858369098712,9.4006168306653,0.2544190433095821,0.21809147722795474,28.97121362906374,24.37008327201069,1.8338918756656275,1.5699931639147957,0.8572136518985992,Relative decoupling,True,False,True,False,True,5734500.0
1990-2004,1990,2004,14,ITA,Italy,Europe_NorthAmerica,Europe & North America,27625.1792306413,33348.9744820456,7.51169268135469,8.51073142040319,0.18829937392140117,0.12486705652912011,20.71948639180441,13.29978183916236,1.3540812814907044,0.8958968936036094,0.6631304923044588,Relative decoupling,True,False,True,False,True,57273709.5
1990-2004,1990,2004,14,JAM,Jamaica,Global_South,Global South,4773.62848195303,5507.20135110043,3.23718410657357,3.96703121930227,0.1429498686043047,0.20331416224629306,15.367196503052538,22.545740022837755,1.026301202687785,1.462840312009961,1.4222759645136924,Coupled expansion,True,False,False,True,False,2526051.0
1990-2004,1990,2004,14,JOR,Jordan,Global_South,Global South,3202.33686003165,3935.15704743447,2.78079951230125,3.23277844279412,0.2060699794265446,0.15060348577471094,22.883919444863853,16.25356047760651,1.4828146377514617,1.081546061672456,0.7308366128526491,Relative decoupling,True,False,True,False,True,4751984.5
1990-2004,1990,2004,14,JPN,Japan,DevelopedAsia_Oceania,Developed Asia & Oceania,28422.2131194472,32515.1158024695,9.41290189345471,9.91730575058116,0.1345340912850812,0.0521999966254878,14.400365889248267,5.358643517544648,0.9655898196897938,0.37355309563946726,0.38800571756102076,Relative decoupling,True,False,True,False,True,125619500.0
1990-2004,1990,2004,14,KAZ,Kazakhstan,Global_South,Global South,5557.08215736977,6233.29439373307,14.4939149661066,11.0129179145774,0.11483180950713567,-0.2746599641832139,12.168476499245351,-24.0169551130206,0.8236002901495398,-1.942737709241027,-2.3918456511490094,Absolute decoupling,True,True,False,False,True,16502106.5
1990-2004,1990,2004,14,KEN,Kenya,Global_South,Global South,1329.33312766232,1191.25443604556,0.28245745763564,0.231964810186713,-0.10967050887695429,-0.1969422668740881,-10.387064667498114,-17.876195541652407,-0.7803005033624633,-1.396882257875165,,"Economic contraction, emissions falling",False,False,False,False,False,28803053.0
1990-2004,1990,2004,14,KGZ,Kyrgyz Republic,Global_South,Global South,1203.47208279448,831.482103944381,5.38718483816402,1.09912153729309,-0.3697562844882638,-1.5895116967114176,-30.909730617625364,-79.5974786402971,-2.6065438755970893,-10.732843112123069,,"Economic contraction, emissions falling",False,False,False,False,False,4747974.5
1990-2004,1990,2004,14,KHM,Cambodia,Global_South,Global South,824.051655825487,775.847139030978,0.0582799258876773,0.182676416757728,-0.060277702059043925,1.1424586635997807,-5.8496960055520635,213.44654951998322,-0.4296294554277713,8.502626086000209,,"Economic contraction, emissions rising",False,False,False,False,False,10309741.5
1990-2004,1990,2004,14,KIR,Kiribati,Global_South,Global South,1387.65292117411,1378.9582420937,0.223097989446263,0.482905760524536,-0.006285456966895531,0.7722104323269094,-0.6265744803861661,116.4545551141563,-0.044886044391712066,5.670744295448205,,"Economic contraction, emissions rising",False,False,False,False,False,85470.0
1990-2004,1990,2004,14,KNA,St. Kitts and Nevis,Global_South,Global South,10136.986550185,14619.795111247,0.514444004748714,1.41206952391234,0.3661856703497399,1.0097249396957284,44.2222995844874,174.48459130203707,2.6501192623134218,7.478776048274405,2.757412486215944,Coupled expansion,True,False,False,True,False,43373.5
1990-2004,1990,2004,14,KOR,"Korea, Rep.",DevelopedAsia_Oceania,Developed Asia & Oceania,9672.57845182894,21244.8136800528,6.07037444503096,10.8037309775721,0.7868178850956351,0.5764712443758184,119.6396109460943,77.97470445032822,5.781057578609583,4.203602686025354,0.7326615920858869,Relative decoupling,True,False,True,False,True,45475901.0
1990-2004,1990,2004,14,KWT,Kuwait,Global_South,Global South,20140.7834697754,37918.5405829238,19.2352412929816,31.975599354755,0.6326934021946542,0.5082290111686141,88.26745563213501,66.23445928085137,4.62291202488867,3.696903873136792,0.8032785064704255,Relative decoupling,True,False,True,False,True,1921069.5
1990-2004,1990,2004,14,LAO,Lao PDR,Global_South,Global South,634.525297009385,1088.76034728831,0.0593466304727206,0.217585848686857,0.5399178763826722,1.2991981336527356,71.58659432804409,266.6355561447974,3.9318866570135613,9.724211859487397,2.406288419929841,Coupled expansion,True,False,False,True,False,5046790.5
1990-2004,1990,2004,14,LBN,Lebanon,Global_South,Global South,2752.72442253257,6633.75258002393,1.66181062117978,3.62889487678395,0.8795795237210395,0.7810204166686867,140.98861933737376,118.36994122757898,6.484272141930569,5.7372621942138435,0.8879474744530194,Relative decoupling,True,False,True,False,True,4097227.0
1990-2004,1990,2004,14,LBR,Liberia,Global_South,Global South,754.134009462384,535.995882066218,0.168730299995458,0.172701505151269,-0.3414436052690677,0.02326311835418471,-28.9256451319143,2.353581517912251,-2.4093824595605384,0.16630326185307354,,"Economic contraction, emissions rising",False,False,False,False,False,2690279.5
1990-2004,1990,2004,14,LBY,Libya,Global_South,Global South,11085.9439949716,11529.1086646221,7.33872801889842,9.27889988186574,0.03919702642068046,0.2345774593768879,3.9975366089844755,26.437440629644037,0.28037106671796597,1.6896694061114825,5.984572831094253,Coupled expansion,True,False,False,True,False,5090966.0
1990-2004,1990,2004,14,LCA,St. Lucia,Global_South,Global South,8418.43121970586,9637.37801390276,0.518653387205583,0.669755660957507,0.13522558642150706,0.25567714806477193,14.479500543326939,29.133575038627946,0.9705768867297015,1.8430435514088739,1.8907453450991842,Coupled expansion,True,False,False,True,False,151048.0
1990-2004,1990,2004,14,LKA,Sri Lanka,Global_South,Global South,1388.58951823335,2149.10628588002,0.259227083781533,0.661039481809803,0.43676357786776165,0.9361091195738782,54.76901255989943,155.0040189345735,3.168913759216574,6.915106579223784,2.143285674469181,Coupled expansion,True,False,False,True,False,18220031.5
1990-2004,1990,2004,14,LSO,Lesotho,Global_South,Global South,533.824964193999,817.793597897186,0.0601205948402384,0.206480651443919,0.4265419766347387,1.2338542513516833,53.19508317336557,243.4441259149395,3.0936161436335485,9.21327616387282,2.8926912682459656,Coupled expansion,True,False,False,True,False,1890412.5
1990-2004,1990,2004,14,LTU,Lithuania,Europe_NorthAmerica,Europe & North America,8333.3507070025,8851.92598922347,9.49806346302894,3.86899905983728,0.060369440205496616,-0.8980920991106698,6.222890412918969,-59.26539051989601,0.4321413365201199,-6.213516138401398,-14.876601407161944,Absolute decoupling,True,True,False,False,True,3537456.5
1990-2004,1990,2004,14,LUX,Luxembourg,Europe_NorthAmerica,Europe & North America,66027.0750081087,100292.566948333,31.3699096503863,25.9341402984097,0.4180266987278909,-0.19028888313311842,51.89612281933786,-17.327972609923226,3.030930152882605,-1.3500108082384221,-0.45520748725426396,Absolute decoupling,True,True,False,False,True,419972.5
1990-2004,1990,2004,14,LVA,Latvia,Europe_NorthAmerica,Europe & North America,7622.69825875963,8957.23393555082,7.36687480356916,3.51629297934446,0.16133105755658406,-0.7395862695246336,17.507392152871848,-52.26886470717733,1.1590299970554607,-5.14564638688666,-4.5842770804699935,Absolute decoupling,True,True,False,False,True,2463136.5
1990-2004,1990,2004,14,MAC,"Macao SAR, China",DevelopedAsia_Oceania,Developed Asia & Oceania,31378.8304183133,47665.9330386643,2.81743543812509,4.47503848691445,0.4180834756300875,0.46268790004463556,51.904747255479286,58.83375449740347,3.031347994947353,3.3601324736277416,1.106687843491842,Coupled expansion,True,False,False,True,False,394825.0
1990-2004,1990,2004,14,MAR,Morocco,Global_South,Global South,1695.63647460938,2301.08178710938,0.921460195915161,1.42987260916412,0.30532118298640487,0.4393810534912933,35.70607978573206,55.17464731550581,2.2048202894016766,3.1882042850969183,1.4390781838116282,Coupled expansion,True,False,False,True,False,27164284.5
1990-2004,1990,2004,14,MDA,Moldova,Europe_NorthAmerica,Europe & North America,3740.10149814887,1781.19145323724,10.6843654211407,2.72501288836449,-0.7418302534640686,-1.3663083395363826,-52.375852523819866,-74.49532301682025,-5.160848857500067,-9.298242575876426,,"Economic contraction, emissions falling",False,False,False,False,False,2936967.5
1990-2004,1990,2004,14,MDG,Madagascar,Global_South,Global South,538.536275056569,443.278654985967,0.0753091561550574,0.0900701514214735,-0.1946562671549632,0.178987103849106,-17.688245803051228,19.60053202033496,-1.3807804647816169,1.2866867996887965,,"Economic contraction, emissions rising",False,False,False,False,False,15331123.5
1990-2004,1990,2004,14,MDV,Maldives,Global_South,Global South,4582.26127944099,8174.41607301248,0.420889652165402,2.45145365329299,0.5788166804369563,1.762065765009004,78.39262264873985,482.445693468751,4.221061497534762,13.412546708962502,3.0442553308567355,Coupled expansion,True,False,False,True,False,263087.5
1990-2004,1990,2004,14,MEX,Mexico,Global_South,Global South,8036.86114412537,9421.28975988024,3.49748738743231,4.12339368005276,0.15893339439722176,0.16463171166583623,17.22598650054865,17.89588419588157,1.1417068176773348,1.1828821635109232,1.035853492528906,Coupled expansion,True,False,False,True,False,93607150.5
1990-2004,1990,2004,14,MHL,Marshall Islands,Global_South,Global South,3148.09977817114,3234.15265200518,0.0022406955118868,0.0019308374041821,0.026967936481852917,-0.14883251705916756,2.7334862265398607,-13.828657488753592,0.19281376486994795,-1.0574585833528327,-5.518869312055779,Absolute decoupling,True,True,False,False,True,48210.0
1990-2004,1990,2004,14,MKD,North Macedonia,Europe_NorthAmerica,Europe & North America,3534.32265095546,3473.76544811451,5.42242556896897,4.56366624904647,-0.017282519646961703,-0.1724169348197564,-1.7134033539518478,-15.837180409389862,-0.12337040497381047,-1.223996999345045,,"Economic contraction, emissions falling",False,False,False,False,False,2039937.5
1990-2004,1990,2004,14,MLI,Mali,Global_South,Global South,589.775405883669,800.501816706213,0.0347865686585327,0.0697657965035285,0.3054970054650141,0.6959125140378712,35.729942062743206,100.55383210788706,2.2061038620923457,5.096420861755213,2.2779683649552758,Coupled expansion,True,False,False,True,False,11140619.5
1990-2004,1990,2004,14,MLT,Malta,Europe_NorthAmerica,Europe & North America,10067.7520087393,17728.3659761648,6.55589123867069,6.49665560174248,0.5658285089754269,-0.00907654947698111,76.09061050347385,-0.9035481946192303,4.124417689933435,-0.06481148454234864,-0.016041166772272502,Absolute decoupling,True,True,False,False,True,377719.0
1990-2004,1990,2004,14,MMR,Myanmar,Global_South,Global South,170.233436728781,463.33013572168,0.111323606946145,0.225863126405762,1.0012691837525303,0.7074878426953017,172.1734017858465,102.88879654701435,7.413880341089563,5.1833514809056735,0.7065910488164606,Relative decoupling,True,False,True,False,True,43443011.5
1990-2004,1990,2004,14,MNG,Mongolia,Global_South,Global South,1823.45623781461,1942.36263694017,6.26475311024391,3.81795335056602,0.06317135421161524,-0.49522467285103855,6.520935170238462,-39.05660313535687,0.4522435068638586,-3.475487168181124,-7.839386681376259,Absolute decoupling,True,True,False,False,True,2303561.0
1990-2004,1990,2004,14,MOZ,Mozambique,Global_South,Global South,221.048981086396,377.064958084878,0.088731659622635,0.140133877928236,0.5340331643823406,0.4569814817288176,70.5798218257808,57.929963807967134,3.888209464315384,3.318011333307358,0.8557174202043416,Relative decoupling,True,False,True,False,True,16467425.0
1990-2004,1990,2004,14,MRT,Mauritania,Global_South,Global South,1437.75048235693,1338.66768122804,0.362266494114899,0.518255187780793,-0.07140487549546748,0.35808764888294875,-6.891515763323708,43.05910046884422,-0.5087363558404223,2.5907605121728405,,"Economic contraction, emissions rising",False,False,False,False,False,2410271.0
1990-2004,1990,2004,14,MUS,Mauritius,Global_South,Global South,3859.6444147337,6480.13648507258,1.12120138839697,2.28082977683101,0.5181665139555012,0.7101385353427341,67.89465009614585,103.42730578420087,3.7705363080805077,5.203268276064321,1.3704832640028897,Coupled expansion,True,False,False,True,False,1139889.0
1990-2004,1990,2004,14,MWI,Malawi,Global_South,Global South,353.771303717595,408.064916052765,0.160991391863188,0.251729158048841,0.14277560005291345,0.44700284301810744,15.347093380561772,56.36187446765031,1.0250436600029555,3.2443966349835263,3.130806964582503,Coupled expansion,True,False,False,True,False,11023294.5
1990-2004,1990,2004,14,MYS,Malaysia,Global_South,Global South,4184.76072928976,7025.34558004381,3.61260484744973,6.71466646648273,0.5180748779991653,0.6198650822880711,67.87926561421725,85.86772564463723,3.769857087993822,4.52708906293553,1.1964777846052397,Coupled expansion,True,False,False,True,False,21544971.5
1990-2004,1990,2004,14,NAM,Namibia,Global_South,Global South,2857.33777498196,3582.89503259701,0.911850773714802,1.23455137321699,0.22628079852433558,0.3029865711404031,25.392771690061487,35.38962830371173,1.6294240663250248,2.1877782400925305,1.3389848945040652,Coupled expansion,True,False,False,True,False,1655692.5
1990-2004,1990,2004,14,NER,Niger,Global_South,Global South,465.923889536505,393.398781453199,0.0748848155679316,0.0627702618968002,-0.1691984851366124,-0.17646971592558103,-15.565870244484126,-16.177583638623936,-1.2012868464949311,-1.2525869694471448,,"Economic contraction, emissions falling",False,False,False,False,False,10775947.5
1990-2004,1990,2004,14,NGA,Nigeria,Global_South,Global South,1577.19616627741,1824.80269456773,0.773377106941681,0.736921009510727,0.1458231763201594,-0.04828607016038533,15.69915864522644,-4.7138837061158405,1.0470375913123275,-0.34430640257973044,-0.33112754350084744,Absolute decoupling,True,True,False,False,True,119088985.0
1990-2004,1990,2004,14,NIC,Nicaragua,Global_South,Global South,1260.87382799969,1555.87425694816,0.471993309884617,0.880651905436692,0.21023261588183217,0.6236976233349315,23.39650664463968,86.58143812503936,1.5129931285891018,4.555707577053769,2.9667024820045063,Coupled expansion,True,False,False,True,False,4717735.5
1990-2004,1990,2004,14,NLD,Netherlands,Europe_NorthAmerica,Europe & North America,31308.9134208148,41663.1477772692,11.0235086623358,11.4700426777688,0.2857141608885829,0.03970850849027174,33.07120313402751,4.050743090162223,2.0617824629950876,0.2840348201964771,0.13897984043484798,Relative decoupling,True,False,True,False,True,15616644.5
1990-2004,1990,2004,14,NOR,Norway,Europe_NorthAmerica,Europe & North America,49937.4557649197,72090.9862854901,8.56136535585633,9.7760844615857,0.3671576819136142,0.13267936045645579,44.3625534806138,14.188380652374022,2.6572464456540157,0.9522147062485331,0.36136888043560783,Relative decoupling,True,False,True,False,True,4416691.5
1990-2004,1990,2004,14,NPL,Nepal,Global_South,Global South,422.724738575869,589.46992868617,0.05574513716638,0.112501007047178,0.3325024761193305,0.7021719923141938,39.44533520135447,101.81313163047977,2.4034458434075034,5.143420565266199,2.111779739234766,Coupled expansion,True,False,False,True,False,22770614.5
1990-2004,1990,2004,14,NZL,New Zealand,DevelopedAsia_Oceania,Developed Asia & Oceania,26395.6955991067,34372.5891093868,7.50300318337438,8.69032415902141,0.26405846715697656,0.14690687627198074,30.220433026019734,15.824609781293564,1.9040317371622484,1.0548596561766432,0.556342229255796,Relative decoupling,True,False,True,False,True,3708650.0
1990-2004,1990,2004,14,OMN,Oman,Global_South,Global South,16629.4556601528,19534.8601445269,9.30296368272642,13.2140812143607,0.16102500898875327,0.35094999471839694,17.471434686440148,42.0416295819404,1.156818622922695,2.5384697452834226,2.179475082301712,Coupled expansion,True,False,False,True,False,2084387.5
1990-2004,1990,2004,14,PAK,Pakistan,Global_South,Global South,950.884644833285,1146.99632842666,0.565108471417679,0.767369779199701,0.18750915972151105,0.305951098741029,20.624129820474547,35.791590112710956,1.348360626208378,2.2094189947507115,1.6316594837043061,Coupled expansion,True,False,False,True,False,143720788.0
1990-2004,1990,2004,14,PAN,Panama,Global_South,Global South,4828.75877741909,7468.76593461799,1.10845367474852,1.69444397452598,0.4361403298966806,0.4243886901222986,54.67258313967693,52.8655651676563,3.1643210174337133,3.0777609277541362,0.9730553700980463,Relative decoupling,True,False,True,False,True,2853369.0
1990-2004,1990,2004,14,PER,Peru,Global_South,Global South,2706.92253156841,3640.60299869744,0.946823385080862,1.1424738952305,0.296336934506221,0.1878386972874793,34.49232315444397,20.663886552921262,2.1392532226559346,1.3507462322903452,0.6338686657485687,Relative decoupling,True,False,True,False,True,24933480.5
1990-2004,1990,2004,14,PHL,Philippines,Global_South,Global South,1704.07568899121,1978.34489133113,0.679411771912049,0.876070774131651,0.14923773582410593,0.2542194975603892,16.09489555609369,28.945480539165548,1.0716856771709304,1.832440420277659,1.703453192696628,Coupled expansion,True,False,False,True,False,74624585.0
1990-2004,1990,2004,14,PLW,Palau,Global_South,Global South,14267.2030292809,13599.4436174869,141.293662756406,76.7810292633703,-0.047934527297046614,-0.609882844278709,-4.680380663424721,-45.6585470533503,-0.341803996313661,-4.262781999488241,,"Economic contraction, emissions falling",False,False,False,False,False,17539.5
1990-2004,1990,2004,14,PNG,Papua New Guinea,Global_South,Global South,1892.30679279448,1821.84741071002,0.551754262371612,0.761531096274503,-0.0379455630316583,0.322228236762206,-3.723465050844532,38.01997523339553,-0.27067275487783204,2.3283221614759375,,"Economic contraction, emissions rising",False,False,False,False,False,5112261.0
1990-2004,1990,2004,14,POL,Poland,Europe_NorthAmerica,Europe & North America,5111.3453296443,8323.38773754587,9.74855094812801,8.31504253471681,0.4876067084832183,-0.15905242520803675,62.84142824928427,-14.704835837027385,3.5442685369386773,-1.1296596330926612,-0.32618998557832757,Absolute decoupling,True,True,False,False,True,38146502.0
1990-2004,1990,2004,14,PRI,Puerto Rico (US),Global_South,Global South,18733.6452536405,30375.7895758237,5.37709923664122,6.84176501053862,0.48332477694554754,0.24089668740273273,62.14564311727217,27.238957464588243,3.5126041317151246,1.7355797816116958,0.49841576284402384,Relative decoupling,True,False,True,False,True,3681939.0
1990-2004,1990,2004,14,PRT,Portugal,Europe_NorthAmerica,Europe & North America,14593.2706053569,19137.8370898949,4.39351319384191,6.15858031692713,0.2711068699137229,0.3377171039662903,31.141521372664705,40.17438995196816,1.9553489868312735,2.4415955092860653,1.2456973298897422,Coupled expansion,True,False,False,True,False,10233539.5
1990-2004,1990,2004,14,PRY,Paraguay,Global_South,Global South,4059.77343113365,4151.34584799423,0.541163754814165,0.768516241584581,0.022305415473013568,0.3507397747268889,2.2556041221001744,42.01177273013943,0.15945138498438816,2.5369300685403218,15.724422400974102,Coupled expansion,True,False,False,True,False,4711961.0
1990-2004,1990,2004,14,PYF,French Polynesia,Global_South,Global South,25307.7045477138,21919.9410589378,4.1545618718593,3.45506035501107,-0.14371210379285593,-0.18436705078908466,-13.386293025465434,-16.836950283163798,-1.0212643432987334,-1.3082742177692785,,"Economic contraction, emissions falling",False,False,False,False,False,229715.0
1990-2004,1990,2004,14,QAT,Qatar,Global_South,Global South,40125.3967011798,59990.23422872,38.5798830010791,53.2363848903188,0.40217231808505005,0.3220111142446518,49.50689378967823,37.990011241946405,2.9143182239397047,2.326735189287321,0.8006794594364746,Relative decoupling,True,False,True,False,True,606753.5
1990-2004,1990,2004,14,ROU,Romania,Europe_NorthAmerica,Europe & North America,5019.43702748333,6008.64048461485,8.09116606509787,4.92175276345778,0.17988073258014836,-0.4971081374875972,19.707458261060996,-39.171279839524,1.2931521984172578,-3.4884720451759277,-2.763542989608983,Absolute decoupling,True,True,False,False,True,22326791.5
1990-2004,1990,2004,14,RUS,Russian Federation,Europe_NorthAmerica,Europe & North America,7849.51904296875,6856.67822265625,16.4646839225671,12.0698465708905,-0.13522916114485106,-0.31050739529468263,-12.648428711079351,-26.692509691321042,-0.9612725314558257,-2.1934951757689225,,"Economic contraction, emissions falling",False,False,False,False,False,146018361.0
1990-2004,1990,2004,14,RWA,Rwanda,Global_South,Global South,368.219602425258,418.780997277457,0.0749799296490302,0.0778850119158284,0.1286685978410178,0.03801305972696234,13.731315367019858,3.8744798513367984,0.9232977507914963,0.2718908096368988,0.2954338538291298,Relative decoupling,True,False,True,False,True,8096075.5
1990-2004,1990,2004,14,SAU,Saudi Arabia,Global_South,Global South,25918.9650837526,21545.894988606,16.3431491432276,16.6257165924061,-0.18478963272564286,0.017141892029316264,-16.872086061367764,1.7289657378889656,-1.3112531257109872,0.12251707684940438,,"Economic contraction, emissions rising",False,False,False,False,False,15155085.5
1990-2004,1990,2004,14,SDN,Sudan,Global_South,Global South,764.450439453125,1255.67114257813,0.251867710441455,0.302186395708402,0.49626828771908027,0.18214004020829044,64.25801827995765,19.97821998649694,3.608349564023161,1.309500116876694,0.3670193012844565,Relative decoupling,True,False,True,False,True,26289059.0
1990-2004,1990,2004,14,SEN,Senegal,Global_South,Global South,990.777522619822,1098.20064546027,0.306352302816791,0.471678172078985,0.10293833132278074,0.4315611581213783,10.842305198486791,53.9659299904347,0.7379835702827187,3.130583167640455,4.192424265827124,Coupled expansion,True,False,False,True,False,9348113.5
1990-2004,1990,2004,14,SGP,Singapore,DevelopedAsia_Oceania,Developed Asia & Oceania,23272.7000932159,39856.6356222613,10.3862254736585,10.6855268387372,0.5380079025509996,0.02840973937172908,71.25918119780074,2.8817144961640784,3.9177085396159272,0.2031327453893228,0.0528054313645254,Relative decoupling,True,False,True,False,True,3606898.0
1990-2004,1990,2004,14,SLB,Solomon Islands,Global_South,Global South,1805.73206812837,1664.57315979072,0.478525201019808,0.603652254161829,-0.08139735739042209,0.23228941777707235,-7.817267623981394,26.148477211932985,-0.5797227803546523,1.6730514645340477,,"Economic contraction, emissions rising",False,False,False,False,False,403023.0
1990-2004,1990,2004,14,SLE,Sierra Leone,Global_South,Global South,992.259351903398,829.759768928304,0.150828196914432,0.114363772394994,-0.1788482926953927,-0.27675706636136854,-16.376724760858107,-24.176132358145875,-1.269362565956178,-1.9574249019322698,,"Economic contraction, emissions falling",False,False,False,False,False,4776272.5
1990-2004,1990,2004,14,SLV,El Salvador,Global_South,Global South,2348.20460167761,3081.23629665234,0.480505862704885,1.13733125428521,0.2716798745912907,0.8616003623445581,31.216687611081074,136.69456349250234,1.9595219930770291,6.347610062276843,3.171380889514657,Coupled expansion,True,False,False,True,False,5702198.5
1990-2004,1990,2004,14,SOM,"Somalia, Fed. Rep.",Global_South,Global South,259.400021870078,266.257271856641,0.0887641926348169,0.0721817084294735,0.026091672595697446,-0.20679666463305324,2.6435040125006415,-18.68150175551656,0.18654286509536266,-1.466263147086666,-7.925772633953498,Absolute decoupling,True,True,False,False,True,8681904.5
1990-2004,1990,2004,14,STP,Sao Tome and Principe,Global_South,Global South,967.490807502814,1047.05796134884,0.313872174337291,0.523762721537047,0.07903364522301981,0.5120529453446441,8.224073368861884,66.87134584099992,0.5661224882545834,3.7252313226621148,6.478923550846171,Coupled expansion,True,False,False,True,False,140342.5
1990-2004,1990,2004,14,SUR,Suriname,Global_South,Global South,6474.95571162121,7021.98919924338,2.66089363940721,2.71227401770304,0.08110477195580401,0.019125382912262734,8.448451417827641,1.9309444592184644,0.5810011019735217,0.1367032317438177,0.23581082162076267,Relative decoupling,True,False,True,False,True,463208.0
1990-2004,1990,2004,14,SVK,Slovak Republic,Europe_NorthAmerica,Europe & North America,8597.46391527645,10718.2101858841,11.442283504998,7.78810858704312,0.22047691523393453,-0.3847175428339531,24.667114529429735,-31.935713849064584,1.5873009899681545,-2.7105689003843136,-1.7449334431486985,Absolute decoupling,True,True,False,False,True,5335733.5
1990-2004,1990,2004,14,SVN,Slovenia,Europe_NorthAmerica,Europe & North America,13615.5858551079,18425.2601213581,7.34980814859263,8.71266672408578,0.3025074005024919,0.17010370144525644,35.324769109702544,18.542777552011525,2.1842807725968694,1.2224378716692463,0.562312529090855,Relative decoupling,True,False,True,False,True,1997586.5
1990-2004,1990,2004,14,SWE,Sweden,Europe_NorthAmerica,Europe & North America,34903.3480401006,45114.6701230708,6.67642266733732,6.45636291240893,0.25662471651903296,-0.03351617267389573,29.25599593264916,-3.296072850584719,1.8499368743564393,-0.23911489717528545,-0.13060383710705414,Absolute decoupling,True,True,False,False,True,8776183.0
1990-2004,1990,2004,14,SWZ,Eswatini,Global_South,Global South,2027.97481893357,2522.14342097167,1.26749714589628,0.926703312370301,0.21807143492408265,-0.3131660207464361,24.367590633988346,-26.887148001031193,1.5698477571140623,-2.2120670453738445,-1.4360708033835738,Absolute decoupling,True,True,False,False,True,972793.5
1990-2004,1990,2004,14,SYC,Seychelles,Global_South,Global South,8779.85231337378,10412.0868936027,3.82551397700951,12.8705668384359,0.17050774591684892,1.2132502327030386,18.590683783400873,236.44019903691768,1.2253592257120083,9.052663496750846,7.115513879907258,Coupled expansion,True,False,False,True,False,75991.0
1990-2004,1990,2004,14,SYR,Syrian Arab Republic,Global_South,Global South,931.885068358616,1363.61946683869,2.6237263904055,2.61941034118409,0.3806883263546341,-0.0016463618697166726,46.329146494482806,-0.16450073594536097,2.7565100272891607,-0.011759036211966833,-0.004324697543215411,Absolute decoupling,True,True,False,False,True,15458041.5
1990-2004,1990,2004,14,TCD,Chad,Global_South,Global South,602.670685766624,845.518131173419,0.0393459085353043,0.0459171720747788,0.3385786913074007,0.1544471731511985,40.29521447486402,16.70126268295018,2.4479001591338756,1.1093017189715448,0.4561633000435151,Relative decoupling,True,False,True,False,True,7951434.5
1990-2004,1990,2004,14,TGO,Togo,Global_South,Global South,703.623952029279,678.28759996017,0.188833491173891,0.241902583126364,-0.03667266766535082,0.24766946837552117,-3.600837065884155,28.103643915370547,-0.2616048427564355,1.7848083167975926,,"Economic contraction, emissions rising",False,False,False,False,False,4847634.5
1990-2004,1990,2004,14,THA,Thailand,Global_South,Global South,2631.51971095863,4232.77157261934,1.74257054869176,3.37869799549585,0.47529548043720027,0.6621290769628619,60.84894044276001,93.89160444794717,3.453254481702217,4.843118155887449,1.393089360651616,Coupled expansion,True,False,False,True,False,60095188.0
1990-2004,1990,2004,14,TJK,Tajikistan,Global_South,Global South,1312.94701318034,590.957111385699,2.28246518464953,0.493642117490682,-0.7982860727463557,-1.5312005630670469,-54.99002583857296,-78.37241414192786,-5.542523205196237,-10.36026280035256,,"Economic contraction, emissions falling",False,False,False,False,False,6094657.5
1990-2004,1990,2004,14,TKM,Turkmenistan,Global_South,Global South,3495.74838854006,2364.26725156856,12.1509497782512,10.3515202316697,-0.3910793402287993,-0.16027394656868266,-32.36735059882394,-14.808962092842059,-2.7547685463893967,-1.138285844811593,,"Economic contraction, emissions falling",False,False,False,False,False,4359327.5
1990-2004,1990,2004,14,TLS,Timor-Leste,Global_South,Global South,633.18248660316,955.470489028291,0.0916689134537611,0.555176444502806,0.4114452087630127,1.801102662141529,50.89970257296781,505.63218607673764,2.9825060336711395,13.729221855713302,4.377503064275422,Coupled expansion,True,False,False,True,False,844709.5
1990-2004,1990,2004,14,TON,Tonga,Global_South,Global South,2987.63681443977,3928.06014016386,0.893681043129388,1.06404240941839,0.273662989169944,0.17448159109208436,31.47716352867458,19.062882400688565,1.9739656884991907,1.2540957257027419,0.6375783280790364,Relative decoupling,True,False,True,False,True,102385.5
1990-2004,1990,2004,14,TTO,Trinidad and Tobago,Global_South,Global South,6058.21521640153,13657.2534995604,10.117248891558,21.4812172025747,0.8128555344450366,0.7529371565801961,125.43361388987732,112.32271176504298,5.977975645192979,5.52537142644518,0.9262865597565886,Relative decoupling,True,False,True,False,True,1298794.0
1990-2004,1990,2004,14,TUN,Tunisia,Global_South,Global South,2114.47034536085,3218.72320748457,1.77469926454521,2.24425872376825,0.4201804080963605,0.23474429666377494,52.22361545748095,26.45853686897035,3.0467812777706715,1.6908812439427434,0.5586750170653858,Relative decoupling,True,False,True,False,True,9245336.0
1990-2004,1990,2004,14,TUR,Turkiye,Global_South,Global South,5188.18244439241,7061.62219794984,2.77001803853739,3.43889343076092,0.308291365742404,0.2162959102463411,36.109750835426354,24.146968825398197,2.2265059464621872,1.556967161681344,0.701595744420132,Relative decoupling,True,False,True,False,True,62304122.5
1990-2004,1990,2004,14,TZA,Tanzania,Global_South,Global South,541.544799804688,650.516540527344,0.0798040398530735,0.142837770195217,0.18334092922803968,0.5821353841980541,20.122387060490187,78.98563839398902,1.3181905943310923,4.245770056631293,3.175152360409352,Coupled expansion,True,False,False,True,False,32109937.5
1990-2004,1990,2004,14,UGA,Uganda,Global_South,Global South,369.839286985576,585.339489080616,0.0472854223334377,0.0667402824171229,0.4591234503457713,0.34460665283099656,58.268607386603755,41.14346266487245,3.3338199667508395,2.4920205140403384,0.7505751504774353,Relative decoupling,True,False,True,False,True,22362206.0
1990-2004,1990,2004,14,UKR,Ukraine,Europe_NorthAmerica,Europe & North America,3102.310546875,2042.44494628906,15.0908385838331,7.68697352392554,-0.4179995782590007,-0.6745606972967804,-34.163749391677015,-49.06198564630705,-2.941579223406876,-4.704053177366174,,"Economic contraction, emissions falling",False,False,False,False,False,50016799.5
1990-2004,1990,2004,14,URY,Uruguay,Global_South,Global South,8320.3559048693,10366.9067382871,1.26881078262068,1.7528908230759,0.21991365733729396,0.32318625380692645,24.59691456491777,38.152264079547884,1.5832139400794532,2.3353247065494243,1.4696051974218114,Coupled expansion,True,False,False,True,False,3193775.5
1990-2004,1990,2004,14,USA,United States,Europe_NorthAmerica,Europe & North America,39009.3725082423,51098.5573007417,19.9645212981176,20.0815597947275,0.2699543259674968,0.005845207653197182,30.990462074069548,0.5862324213149694,1.946955902295966,0.04176020038202388,0.021652580051267488,Relative decoupling,True,False,True,False,True,271214149.0
1990-2004,1990,2004,14,UZB,Uzbekistan,Global_South,Global South,1569.01079980159,1466.6134889113,6.24743097419804,5.07679600143684,-0.06748936292764363,-0.207489980886586,-6.52623365646936,-18.737861652188503,-0.48090680054510004,-1.4711426720681375,,"Economic contraction, emissions falling",False,False,False,False,False,23247153.0
1990-2004,1990,2004,14,VCT,St. Vincent and the Grenadines,Global_South,Global South,3784.79942946706,6071.94945269221,0.262941365864129,0.569858643151504,0.4726868208116759,0.7734572717620637,60.42988712739277,116.72460751039453,3.433979539814125,5.680155746757287,1.6362996337277158,Coupled expansion,True,False,False,True,False,112323.5
1990-2004,1990,2004,14,VEN,"Venezuela, RB",Global_South,Global South,3762.27506756855,3580.85417271298,5.17374026643453,5.68334234468926,-0.04942247789884746,0.09394361789359218,-4.822106082020761,9.849780855078016,-0.35239532437738585,0.6732822647370629,,"Economic contraction, emissions rising",False,False,False,False,False,23083924.0
1990-2004,1990,2004,14,VNM,Viet Nam,Global_South,Global South,687.860316254161,1510.94449049599,0.314143053752967,1.14424418007545,0.7869044360462025,1.292651125924327,119.65862178589516,264.2430308120867,5.781711541422863,9.672912050928284,1.6427040777902413,Coupled expansion,True,False,False,True,False,72921761.5
1990-2004,1990,2004,14,VUT,Vanuatu,Global_South,Global South,2637.26084848443,2555.73432279339,0.688220554763851,0.42486789719558,-0.03140123258689442,-0.48233106986654123,-3.0913334089758715,-38.26573556185563,-0.22404316628090726,-3.3865498810559336,,"Economic contraction, emissions falling",False,False,False,False,False,176887.0
1990-2004,1990,2004,14,WSM,Samoa,Global_South,Global South,2534.12204893501,3535.73813824914,0.726446681889708,1.13074432614403,0.33307484083272154,0.4424663006260684,39.52517163627025,55.65413874596017,2.4076325089126493,3.210946870352105,1.3284290687337923,Coupled expansion,True,False,False,True,False,177645.5
1990-2004,1990,2004,14,YEM,"Yemen, Rep.",Global_South,Global South,1722.22439411789,2185.78999159086,0.511770638273911,0.925129916420184,0.2383606077299012,0.5920576252854511,26.91667816669183,80.7704169079419,1.7171521981636628,4.3196785057925124,2.483873618732934,Coupled expansion,True,False,False,True,False,17991514.5
1990-2004,1990,2004,14,ZAF,South Africa,Global_South,Global South,4544.23023212165,5187.35683424034,7.71150133307914,8.69023374521021,0.13236593954164988,0.11948694304804697,14.152597233578623,12.691852985004548,0.9499546932973946,0.8571306732428674,0.9027015821577692,Relative decoupling,True,False,True,False,True,44868844.5
1990-2004,1990,2004,14,ZMB,Zambia,Global_South,Global South,878.589205998477,895.475258534826,0.38898462132019,0.203153975614114,0.019037146448580344,-0.6495756168679502,1.9219508299284316,-47.773262880002356,0.13607211169139877,-4.533831551373046,-34.12148026609266,Absolute decoupling,True,True,False,False,True,9562183.5
1990-2004,1990,2004,14,ZWE,Zimbabwe,Global_South,Global South,1653.56521361694,1165.54447081543,1.71780776324539,0.838216656520482,-0.3497453576425782,-0.7175275935502162,-29.513244399598427,-51.20428056880646,-2.4672348152105616,-4.996074194017286,,"Economic contraction, emissions falling",False,False,False,False,False,11251588.5
2005-2014,2005,2014,9,ABW,Aruba,Global_South,Global South,29081.7066997897,26773.8226808518,3.94633072156501,4.12987912777252,-0.08268469622655594,0.04546192372183988,-7.935861683642365,4.651115660542504,-0.9145115197239928,0.5064104308049711,,"Economic contraction, emissions rising",False,False,False,False,False,102221.0
2005-2014,2005,2014,9,AFG,Afghanistan,Global_South,Global South,363.640141436773,575.146245808546,0.052297588398106,0.242701667084292,0.4584595927940631,1.5348827225454251,58.16357444370539,364.0781239027105,5.225970819414916,18.594808298032262,3.34791276411329,Coupled expansion,True,False,False,True,False,28598545.0
2005-2014,2005,2014,9,AGO,Angola,Global_South,Global South,2843.3966357968,3746.81619978613,0.810676972733782,1.13720270585859,0.27590712991932786,0.3384570917649828,31.772548107280297,40.27815567817241,3.1131092492297396,3.832241008065429,1.2267065800870889,Coupled expansion,True,False,False,True,False,23225965.0
2005-2014,2005,2014,9,ALB,Albania,Europe_NorthAmerica,Europe & North America,2712.86983830331,4045.11934884933,1.3776914859669,1.83944794209463,0.39950399986254936,0.2890562329718352,49.10849358623261,33.5166806814994,4.538928054570568,3.263868786404678,0.7235377695124102,Relative decoupling,True,False,True,False,True,2892627.0
2005-2014,2005,2014,9,ARE,United Arab Emirates,Global_South,Global South,55363.5661047143,44257.6514761082,26.2522643034306,24.5815838321273,-0.22389345464593013,-0.06575470662719729,-20.059969777959118,-6.363948084603798,-2.457016674947743,-0.7279454002221963,,"Economic contraction, emissions falling",False,False,False,False,False,6362115.0
2005-2014,2005,2014,9,ARG,Argentina,Global_South,Global South,11099.7509190602,13456.1319159151,3.91742679391727,4.41674615124171,0.19251223834175057,0.11996825197510264,21.22913400523785,12.74610563494769,2.1620659993467406,1.3419043703255973,0.6231720799076328,Relative decoupling,True,False,True,False,True,41120430.0
2005-2014,2005,2014,9,ARM,Armenia,Global_South,Global South,2240.09273209788,3393.09252326884,1.41835113145182,1.91144070608534,0.4152244910301732,0.29836223220658437,51.47107415018286,34.764986165928825,4.721687989561851,3.37069883956429,0.7185564403158079,Relative decoupling,True,False,True,False,True,3080100.0
2005-2014,2005,2014,9,ASM,American Samoa,Global_South,Global South,13284.2791128875,12203.0894714284,0.0017662539519932,0.0018703475105674,-0.084892159458267,0.05726335561032592,-8.138865739505519,5.893465005795506,-0.9388116031406213,0.6382879373266759,,"Economic contraction, emissions rising",False,False,False,False,False,55041.5
2005-2014,2005,2014,9,ATG,Antigua and Barbuda,Global_South,Global South,17301.2134317518,15967.284996712,2.16678599690997,3.15101672956683,-0.08023469830112973,0.37448020983536046,-7.7100282029451295,45.4235320913307,-0.8875345990109862,4.248669519231796,,"Economic contraction, emissions rising",False,False,False,False,False,84188.0
2005-2014,2005,2014,9,AUS,Australia,DevelopedAsia_Oceania,Developed Asia & Oceania,50972.640519744,56571.8062524437,19.0378039300894,16.8873574131124,0.10422170997565594,-0.11986142299318514,10.98464916788242,-11.29566479870191,1.1647499967304409,-1.322964456730169,-1.1500619498680487,Absolute decoupling,True,True,False,False,True,21826265.0
2005-2014,2005,2014,9,AUT,Austria,Europe_NorthAmerica,Europe & North America,40989.0131778975,43838.8345892137,9.77338007389313,7.71395434498633,0.0672159994883863,-0.23663142949046723,6.952647039702264,-21.071785946481103,0.7496402776935973,-2.5949745869905394,-3.520462855444898,Absolute decoupling,True,True,False,False,True,8387092.5
2005-2014,2005,2014,9,AZE,Azerbaijan,Global_South,Global South,2674.3688564996,5508.60265612676,3.72019280611546,3.64178419497101,0.7225975785597232,-0.02130177153151913,105.97766993655475,-2.107649125485067,8.359977093908388,-0.2364064690651424,-0.029479439405232555,Absolute decoupling,True,True,False,False,True,8963464.5
2005-2014,2005,2014,9,BDI,Burundi,Global_South,Global South,250.878933475935,261.296721752002,0.0242510542948156,0.0375470437605934,0.04068614051057029,0.43713455451755134,4.152516168547216,54.82643890092738,0.4530915978375738,4.9769384311707965,10.744065399960546,Coupled expansion,True,False,False,True,False,9193542.0
2005-2014,2005,2014,9,BEL,Belgium,Europe_NorthAmerica,Europe & North America,38645.2605193362,40533.9135027898,11.3572144110239,8.72331187181937,0.04771485227008654,-0.26385420529826886,4.887152934338701,-23.191448570768625,0.5315728868901637,-2.8891555802276314,-5.529812893577472,Absolute decoupling,True,True,False,False,True,10843837.0
2005-2014,2005,2014,9,BEN,Benin,Global_South,Global South,893.91536869992,1014.4330062135,0.332477109339693,0.494995287399714,0.12647401601600183,0.3979772284838561,13.481996364919514,48.88101270574259,1.4151871335202904,4.521195442780779,3.1467114038151753,Coupled expansion,True,False,False,True,False,9728074.0
2005-2014,2005,2014,9,BFA,Burkina Faso,Global_South,Global South,499.192797571217,624.576885187665,0.0817032694873567,0.15105767526533,0.2240820477708656,0.6145677000177157,25.117367122781896,84.88571658531443,2.5210549157331563,7.067072726930945,2.7426012308051555,Coupled expansion,True,False,False,True,False,16080792.0
2005-2014,2005,2014,9,BGD,Bangladesh,Global_South,Global South,739.203718353409,1159.40753475981,0.279053178068632,0.485260877115325,0.4500908571737563,0.5532842712298613,56.84546843763349,73.89548489427239,5.128170926522357,6.340500655061376,1.2292724066960274,Coupled expansion,True,False,False,True,False,151340357.5
2005-2014,2005,2014,9,BGR,Bulgaria,Europe_NorthAmerica,Europe & North America,5231.33811895255,6941.01853946718,6.8534654520215,6.68898259606321,0.2827814275260838,-0.02429264549309118,32.68151248569946,-2.3999954053868455,3.191898246470881,-0.2695543313895765,-0.08590608550786251,Absolute decoupling,True,True,False,False,True,7366272.0
2005-2014,2005,2014,9,BHR,Bahrain,Global_South,Global South,23439.6704353038,24135.4991304849,26.2934535823821,25.3239482048013,0.029253844990137168,-0.03756947760333196,2.968594192062879,-3.6872500394182106,0.32557155879511246,-0.41656857602819786,-1.2842577656372478,Absolute decoupling,True,True,False,False,True,1101692.0
2005-2014,2005,2014,9,BHS,"Bahamas, The",Global_South,Global South,33144.7878790275,30658.5344563722,2.50251530995016,2.97228863347441,-0.07797440344107898,0.17203588967814565,-7.501189724700341,18.77204593539954,-0.8626399846199173,1.9298962007481046,,"Economic contraction, emissions rising",False,False,False,False,False,363096.0
2005-2014,2005,2014,9,BIH,Bosnia and Herzegovina,Europe_NorthAmerica,Europe & North America,3217.81341615345,4412.67617817734,4.11237124047325,5.83357574795313,0.3157792829460213,0.3496303418959372,37.13275468445971,41.8543075717504,3.570938387942957,3.961225901574439,1.1071984793749194,Coupled expansion,True,False,False,True,False,3830661.0
2005-2014,2005,2014,9,BLR,Belarus,Europe_NorthAmerica,Europe & North America,3877.71738911289,6212.91667418659,6.21065065245296,6.77047133861776,0.47138378072247633,0.08630504074864631,60.22097669185562,9.013881435171257,5.377186058863126,0.9635575061226476,0.18308869392232602,Relative decoupling,True,False,True,False,True,9556215.0
2005-2014,2005,2014,9,BLZ,Belize,Global_South,Global South,6337.12389222378,6116.49578852783,0.539446825700405,0.586089194464108,-0.03543567179978879,0.08292776932336188,-3.481517916458521,8.646332973253411,-0.392955587619348,0.925677798485669,,"Economic contraction, emissions rising",False,False,False,False,False,314327.0
2005-2014,2005,2014,9,BMU,Bermuda,Europe_NorthAmerica,Europe & North America,122143.799577518,103941.982606956,2.9659868284671,4.28150923200428,-0.16136615175966895,0.36709576887104656,-14.901957392450683,44.353615832376335,-1.7769793978962944,4.163169250713938,,"Economic contraction, emissions rising",False,False,False,False,False,63120.0
2005-2014,2005,2014,9,BOL,Bolivia,Global_South,Global South,2156.18670325307,2900.90241586338,1.06158115040733,1.7940087500212,0.29668062011695895,0.5246931929606473,34.53855417468004,68.99402832584552,3.3513862642036374,6.003215615835211,1.7685455583644125,Coupled expansion,True,False,False,True,False,10104821.0
2005-2014,2005,2014,9,BRA,Brazil,Global_South,Global South,7409.56827992249,9338.34170840985,1.99935674253319,2.7310345760982,0.23135651340602514,0.31185500291835067,26.030847623250942,36.595661894633814,2.6039535125935043,3.5257880804651975,1.3479413150173671,Coupled expansion,True,False,False,True,False,192386614.0
2005-2014,2005,2014,9,BRB,Barbados,Global_South,Global South,22250.0263806215,20713.7670210437,2.40299807224253,2.39628091453864,-0.071544641569119,-0.0027992380141039774,-6.90452826121507,-0.2795323800497851,-0.7917891660267684,-0.03109780823007391,,"Economic contraction, emissions falling",False,False,False,False,False,273527.0
2005-2014,2005,2014,9,BRN,Brunei Darussalam,Global_South,Global South,37312.2778797122,31148.7297405401,16.7426361599929,19.4524295140972,-0.18054897255544056,0.15001344364899571,-16.518820317114468,16.184986212502416,-1.986111399986279,1.6807849230439986,,"Economic contraction, emissions rising",False,False,False,False,False,387833.0
2005-2014,2005,2014,9,BTN,Bhutan,Global_South,Global South,1632.02169500573,2797.81883971908,0.82025790757934,1.54036274158106,0.5390205778374639,0.6301544019071461,71.43269898193705,87.79005083008813,6.172099880528825,7.252658111300514,1.1690729961281046,Coupled expansion,True,False,False,True,False,697502.0
2005-2014,2005,2014,9,BWA,Botswana,Global_South,Global South,5514.21742664705,6547.12254115892,2.38640952628899,3.29095543184208,0.17169590286028757,0.32138798131486146,18.73167186916551,37.904051906787075,1.9260457378040607,3.6355027429858744,1.871844208049515,Coupled expansion,True,False,False,True,False,2005960.5
2005-2014,2005,2014,9,CAF,Central African Republic,Global_South,Global South,427.968043155237,351.561554911625,0.0588974564039908,0.0349759105308854,-0.19666371069119215,-0.5211383507570031,-17.853316261723094,-40.61558398892845,-2.161450839128598,-5.6259704320258175,,"Economic contraction, emissions falling",False,False,False,False,False,4455996.0
2005-2014,2005,2014,9,CAN,Canada,Europe_NorthAmerica,Europe & North America,41006.2229523971,43643.2356440047,18.0601166179094,16.3774543965685,0.06232446769903177,-0.09780034811382121,6.430762215454089,-9.31700640112304,0.6948973701691674,-1.0807875990029858,-1.5692127301608798,Absolute decoupling,True,True,False,False,True,33838399.0
2005-2014,2005,2014,9,CHE,Switzerland,Europe_NorthAmerica,Europe & North America,76282.9840696619,83394.3712888211,6.32417274709346,4.9941693678652,0.08913091662997275,-0.2361081295336629,9.322376812979805,-21.030472006627576,0.9952636481800115,-2.5893108617138227,-2.6490037179115578,Absolute decoupling,True,True,False,False,True,7812882.0
2005-2014,2005,2014,9,CHL,Chile,Global_South,Global South,10104.4208391373,13285.9540361192,3.6175914799259,4.4057176939683,0.27373435473773,0.19709470587230338,31.48654680591816,21.785937367879438,3.0882187422466068,2.2140963942331116,0.7200218111502427,Relative decoupling,True,False,True,False,True,17106486.5
2005-2014,2005,2014,9,CHN,China,China,China,3465.81734409951,7686.57792954381,4.78299420120885,7.93164331637339,0.7965271912461791,0.5057934896457728,121.782545540955,65.83008430929631,9.253755343411264,5.780845923669298,0.6349983970471254,Relative decoupling,True,False,True,False,True,1337790000.0
2005-2014,2005,2014,9,CIV,Cote d'Ivoire,Global_South,Global South,1431.73320203111,1742.53693001178,0.318684175934195,0.426425227791211,0.19645631737241587,0.2912364674409703,21.70821543704875,33.8080959122562,2.2068463954020734,3.2888873106455385,1.4824489807007977,Coupled expansion,True,False,False,True,False,22297926.5
2005-2014,2005,2014,9,CMR,Cameroon,Global_South,Global South,1264.74345218659,1381.81938454907,0.320435144753662,0.402109837976095,0.0885317284345648,0.22704538067402724,9.256891756195262,25.48868142575973,0.9885399642498127,2.5548164752802416,2.5645650964765707,Coupled expansion,True,False,False,True,False,19567243.5
2005-2014,2005,2014,9,COD,"Congo, Dem. Rep.",Global_South,Global South,351.708486411683,481.830241883776,0.0422504365918147,0.0473985501773001,0.31478918787541144,0.1149769539725809,36.99704741266392,12.184758314385746,3.559545117360474,1.2857168805876507,0.36525064519715,Relative decoupling,True,False,True,False,True,68589483.0
2005-2014,2005,2014,9,COG,"Congo, Rep.",Global_South,Global South,2140.03686200251,2488.68118548992,1.17157455930687,1.0605360257884,0.15092987166370175,-0.099574156233951,16.291510192080082,-9.477718053570827,1.6911391301798862,-1.100281644811596,-0.659737897715965,Absolute decoupling,True,True,False,False,True,4336136.5
2005-2014,2005,2014,9,COL,Colombia,Global_South,Global South,4457.27537460443,6121.83982019825,1.46901976755809,1.82364474726519,0.3173249987613147,0.21624175335539925,37.344886857961804,24.140245593603062,3.5887278308084136,2.431783221807482,0.6814519946411528,Relative decoupling,True,False,True,False,True,44347203.0
2005-2014,2005,2014,9,COM,Comoros,Global_South,Global South,1274.6143662974,1342.32802421364,0.228961137347999,0.217145957220138,0.051761762995987226,-0.05298254189384277,5.312481932314994,-5.160343045423943,0.5767877517803832,-0.5869654967666449,-1.0235845695199792,Absolute decoupling,True,True,False,False,True,652090.0
2005-2014,2005,2014,9,CPV,Cabo Verde,Global_South,Global South,2514.16779255327,3383.8422809791,1.25186811374623,1.51095201102423,0.2970699821822631,0.18810299636961142,34.590948583532196,20.69578212218286,3.355857595279743,2.112027449977716,0.6331942224112145,Relative decoupling,True,False,True,False,True,498720.5
2005-2014,2005,2014,9,CRI,Costa Rica,Global_South,Global South,8655.33965418585,11422.6735793176,1.49160807652233,1.68785381694898,0.277423859049323,0.12360300711186728,31.9725630154031,13.156655794208039,3.1304878976145867,1.3828407480285465,0.4455384894991746,Relative decoupling,True,False,True,False,True,4514179.5
2005-2014,2005,2014,9,CUB,Cuba,Global_South,Global South,5182.35283601732,7392.48324633027,2.32679017565643,2.38402768086374,0.35520453784143236,0.024301649445974793,42.64723920286868,2.4599341103527905,4.025634761483499,0.270383205000968,0.0684159318280538,Relative decoupling,True,False,True,False,True,11274164.5
2005-2014,2005,2014,9,CYP,Cyprus,Europe_NorthAmerica,Europe & North America,25631.3671875,22373.578125,7.63016201306566,5.67256975156453,-0.13593616754771887,-0.2964668447245902,-12.71016500473211,-25.65597241774171,-1.499052504869891,-3.2404122236879163,,"Economic contraction, emissions falling",False,False,False,False,False,1118976.0
2005-2014,2005,2014,9,CZE,Czechia,Europe_NorthAmerica,Europe & North America,15147.7214417611,17118.0425571578,12.6378778002542,10.1886522126064,0.12228290680162779,-0.21542390627763774,13.00737621147887,-19.38003853462279,1.367971225289244,-2.3651795789894847,-1.761684538846521,Absolute decoupling,True,True,False,False,True,10368281.5
2005-2014,2005,2014,9,DEU,Germany,Europe_NorthAmerica,Europe & North America,36024.0947047021,41602.4661281668,10.2067903422435,9.61630846170469,0.1439714355078383,-0.05959276338220798,15.485112031799586,-5.785186730983815,1.6125460389004864,-0.6599544868412521,-0.41392074179161426,Absolute decoupling,True,True,False,False,True,81725961.0
2005-2014,2005,2014,9,DMA,Dominica,Global_South,Global South,7381.74728529453,8576.26367623609,0.856926702941776,0.950648686285933,0.14998797957129995,0.10379219179232665,16.182027706654402,10.936989479078596,1.6804972337390423,1.1599221008645744,0.6920033997990276,Relative decoupling,True,False,True,False,True,69553.5
2005-2014,2005,2014,9,DNK,Denmark,Europe_NorthAmerica,Europe & North America,52015.1841169021,52368.3625969272,9.34585026622716,6.41399137942491,0.006766963546763094,-0.37645066574340946,0.678991117730865,-31.37070253946853,0.07521675747916845,-4.096513746323183,-55.63066257738017,Absolute decoupling,True,True,False,False,True,5531453.5
2005-2014,2005,2014,9,DOM,Dominican Republic,Global_South,Global South,4549.24957008857,6430.27811051339,2.03684886147845,2.10372169025182,0.34605549962843796,0.032304071761154685,41.348106131451615,3.283151245931437,3.9199402143812234,0.359579070636018,0.09334939567739792,Relative decoupling,True,False,True,False,True,9770281.0
2005-2014,2005,2014,9,DZA,Algeria,Global_South,Global South,4223.60252133943,4634.10149179952,3.06259438261496,3.95441595238121,0.09275388540939389,0.2555705228773304,9.719166715761496,29.119806881013698,1.0359276864461364,2.8803755397356356,2.755361910170146,Coupled expansion,True,False,False,True,False,36157140.0
2005-2014,2005,2014,9,ECU,Ecuador,Global_South,Global South,4589.32849203452,6055.04172761485,2.08473639953538,2.71026279559796,0.27715755307417567,0.26240318255861395,31.937422612573883,30.00505945029741,3.127436357745328,2.958510372461287,0.9467654034612832,Relative decoupling,True,False,True,False,True,14940643.5
2005-2014,2005,2014,9,EGY,"Egypt, Arab Rep.",Global_South,Global South,2635.70305227819,3235.66246235257,2.1995658648073,2.39012321445552,0.20508372728162616,0.08308491206721902,22.76278466027486,8.66340729764481,2.3048689656545163,0.9274400069738453,0.40512678976779426,Relative decoupling,True,False,True,False,True,89314829.0
2005-2014,2005,2014,9,ESP,Spain,Europe_NorthAmerica,Europe & North America,26294.447384391,24947.8512505913,8.42628442319919,5.49369292128904,-0.0525700945566836,-0.4277552257673254,-5.12121861362671,-34.80290190343158,-0.5824095433335397,-4.641656936890115,,"Economic contraction, emissions falling",False,False,False,False,False,45056944.0
2005-2014,2005,2014,9,EST,Estonia,Europe_NorthAmerica,Europe & North America,14703.6179707772,17413.6867560212,14.813456108948,17.3074333704818,0.16916290822721436,0.1556001195625809,18.431305755019945,16.835890579426092,1.8973633157029823,1.7439220271581624,0.9198240985168195,Relative decoupling,True,False,True,False,True,1334660.0
2005-2014,2005,2014,9,ETH,Ethiopia,Global_South,Global South,290.833381425059,556.362532243867,0.0698363747100678,0.122678387639653,0.6486695874102075,0.5634111946664211,91.29940638785614,75.6654582213979,7.473529989237737,6.460223789301334,0.8685642206779297,Relative decoupling,True,False,True,False,True,89741540.0
2005-2014,2005,2014,9,FIN,Finland,Europe_NorthAmerica,Europe & North America,42529.3506920884,42502.4880199858,11.1028086409399,9.05273118506377,-0.0006318262289308763,-0.20413160643901174,-0.06316266687703687,-18.464494184982915,-0.007020045015870835,-2.242600287521579,,"Economic contraction, emissions falling",False,False,False,False,False,5353804.0
2005-2014,2005,2014,9,FJI,Fiji,Global_South,Global South,4255.45097421847,4883.24300436251,1.96151540324509,1.70000599399511,0.13760880592423952,-0.14308556248993431,14.752655686729987,-13.332008956816976,1.540735537482285,-1.5772683427420664,-1.0397994628970912,Absolute decoupling,True,True,False,False,True,899982.0
2005-2014,2005,2014,9,FRA,France,Europe_NorthAmerica,Europe & North America,34946.0372494703,36444.3949089146,6.45391402908229,4.93048874498212,0.04198259300897611,-0.2692486529233453,4.287632525393215,-23.60467271853003,0.4675629358432021,-2.9473447356937355,-6.413340235220309,Absolute decoupling,True,True,False,False,True,64746460.5
2005-2014,2005,2014,9,FSM,"Micronesia, Fed. Sts.",Global_South,Global South,2824.41492288117,2740.01667828088,0.0017951387642264,0.0018450865345584,-0.030337228858802412,0.02744385366429203,-2.9881673516366836,2.782390494114506,-0.3365128427383568,0.30539709703183426,,"Economic contraction, emissions rising",False,False,False,False,False,109904.0
2005-2014,2005,2014,9,GAB,Gabon,Global_South,Global South,7130.22505771754,6998.60545439576,4.36742182241825,3.16776342891399,-0.018631890417706742,-0.32114706707157237,-1.8459389746656174,-27.46834270384275,-0.20680686395693204,-3.505387426201334,,"Economic contraction, emissions falling",False,False,False,False,False,1720947.0
2005-2014,2005,2014,9,GBR,United Kingdom,Europe_NorthAmerica,Europe & North America,43320.5628684438,44627.8818268644,9.2634507993102,6.66445837202105,0.02973140144986175,-0.32928794993631416,3.017779252755015,-28.056417458196925,0.3308951583419928,-3.592631444294536,-11.075426447408363,Absolute decoupling,True,True,False,False,True,62510603.0
2005-2014,2005,2014,9,GEO,Georgia,Global_South,Global South,2321.60084285163,3960.35080091901,1.27593582421795,2.64568558380433,0.5340756412380729,0.72925034249204,70.58706767415268,107.35255908547994,6.1137809807845445,8.440105966543566,1.3654439300049723,Coupled expansion,True,False,False,True,False,3810941.5
2005-2014,2005,2014,9,GHA,Ghana,Global_South,Global South,1143.31178934301,1726.36930134647,0.316524627476198,0.529042716262329,0.4120914042824442,0.51366812718824,50.99724479693384,67.1410911942743,4.685238541796721,5.87344040604858,1.2464907587254013,Coupled expansion,True,False,False,True,False,25245515.0
2005-2014,2005,2014,9,GIN,Guinea,Global_South,Global South,651.359606871604,738.272274481308,0.189522990005023,0.206869669841795,0.1252508109676107,0.08757864423259898,13.343269477076491,9.152810345759232,1.4014045624937133,0.9778460213814233,0.6992261651323473,Relative decoupling,True,False,True,False,True,10359384.0
2005-2014,2005,2014,9,GMB,"Gambia, The",Global_South,Global South,658.676285443081,611.879472952196,0.199035774250961,0.223512932149642,-0.07369686944198417,0.11598469567364766,-7.104675471867861,12.29786855694499,-0.8155106269780887,1.297058608952395,,"Economic contraction, emissions rising",False,False,False,False,False,1915782.5
2005-2014,2005,2014,9,GNB,Guinea-Bissau,Global_South,Global South,595.94255560187,623.610159103365,0.199263888939153,0.195965590004606,0.04538114890642575,-0.016690938717727644,4.642662827384769,-1.655241675803154,0.5055083918805936,-0.18528301334691522,-0.3677945384799257,Absolute decoupling,True,True,False,False,True,1561353.5
2005-2014,2005,2014,9,GNQ,Equatorial Guinea,Global_South,Global South,10212.4545051498,10363.4872473549,6.75102679320686,4.08471612226645,0.014680781723383163,-0.502442377643866,1.4789073687325294,-39.49489096419161,0.1632529096351032,-5.42972062927678,-34.22449751729426,Absolute decoupling,True,True,False,False,True,1173597.5
2005-2014,2005,2014,9,GRC,Greece,Europe_NorthAmerica,Europe & North America,21880.5265835801,17903.5252440012,9.43267845080244,6.51907892218189,-0.20059940969337653,-0.3694469950397652,-18.175985501936466,-30.888358421384442,-2.2042262723016903,-4.021853985286095,,"Economic contraction, emissions falling",False,False,False,False,False,10939863.5
2005-2014,2005,2014,9,GRD,Grenada,Global_South,Global South,8162.91232124727,8206.62862112333,0.649753039167441,0.963796306031612,0.005341188730852764,0.39428762053441085,0.5355478309165829,48.332712266582,0.05936415499800951,4.478355087654795,73.82020003465776,Coupled expansion,True,False,False,True,False,111933.0
2005-2014,2005,2014,9,GRL,Greenland,Europe_NorthAmerica,Europe & North America,36681.8055890619,45545.1429414917,10.728023184333,8.54072297717382,0.21642311504449196,-0.22801364511600353,24.16276191996607,-20.388660329831044,2.433847376074194,-2.501661529464283,-1.0535549544656022,Absolute decoupling,True,True,False,False,True,56615.0
2005-2014,2005,2014,9,GTM,Guatemala,Global_South,Global South,3284.80971612832,3809.61587570091,0.898994004185174,0.926919710682339,0.14821963884616274,0.030590584799226328,15.976759840784972,3.106328447927331,1.660520778067709,0.3404736860461055,0.20638685289859812,Relative decoupling,True,False,True,False,True,14384677.0
2005-2014,2005,2014,9,GUM,Guam,Global_South,Global South,32520.3729565352,34755.2691107298,0.0018252060961883,0.0012085614493068,0.06646443646003419,-0.41226214262267824,6.872295582777155,-33.78493246156042,0.7412273284405302,-4.477360592343604,-6.202747884134639,Absolute decoupling,True,True,False,False,True,164925.5
2005-2014,2005,2014,9,GUY,Guyana,Global_South,Global South,3867.93308158647,5635.71704117947,1.94949757791288,2.73802784035087,0.3764041102448026,0.3396662079233377,45.70358179174923,40.447870844865875,4.270956796616132,3.846191416288125,0.9023977121355778,Relative decoupling,True,False,True,False,True,757571.5
2005-2014,2005,2014,9,HKG,"Hong Kong SAR, China",DevelopedAsia_Oceania,Developed Asia & Oceania,32401.3907659685,41796.8681867763,6.3120706863148,6.57781312677225,0.2546200662098439,0.04123855634189599,28.997142402529043,4.210067562038011,2.8695112979802095,0.4592575513011399,0.1619611405956883,Relative decoupling,True,False,True,False,True,7021350.0
2005-2014,2005,2014,9,HND,Honduras,Global_South,Global South,1975.85647913236,2229.24772232218,0.948804917659031,1.09616752372968,0.12066221963870483,0.14437209468568774,12.824374941498174,15.53139147236231,1.3497188943344396,1.6170696950527752,1.1964979188844418,Coupled expansion,True,False,False,True,False,8270738.5
2005-2014,2005,2014,9,HRV,Croatia,Europe_NorthAmerica,Europe & North America,11522.7905248265,11862.7609491821,5.30160818255534,4.20723258150827,0.029077302525756465,-0.23120511771395535,2.9504174672195127,-20.642332729303813,0.32360360880294703,-2.536229097418896,-7.951394993024389,Absolute decoupling,True,True,False,False,True,4255871.5
2005-2014,2005,2014,9,HTI,Haiti,Global_South,Global South,1304.33303731231,1411.76834802154,0.201859054461774,0.311214389725095,0.07915123852882555,0.4329123270407411,8.236800543717715,54.17410457752321,0.8833368014262932,4.927701479954805,5.469432128760458,Coupled expansion,True,False,False,True,False,9717254.0
2005-2014,2005,2014,9,HUN,Hungary,Europe_NorthAmerica,Europe & North America,11272.7345428122,12287.3779441033,6.06869292504807,4.55934371452648,0.08618561435211092,-0.2859645573682814,9.000863077522347,-24.87107568570268,0.96221776902774,-3.127435541830925,-3.318007993769988,Absolute decoupling,True,True,False,False,True,9960051.5
2005-2014,2005,2014,9,IDN,Indonesia,Global_South,Global South,2155.4478015921,3170.72103011429,1.57055662745946,1.95102470107868,0.38596051778865625,0.21692462597904877,47.10265902854469,24.225046519632155,4.381732904980851,2.4395555011695436,0.5620383847081273,Relative decoupling,True,False,True,False,True,244874524.5
2005-2014,2005,2014,9,IND,India,India,India,947.732565646672,1484.31640682913,1.05460489385527,1.70517686000076,0.44863725444181757,0.48050264697333345,56.617643060131414,61.6886921287862,5.111192898025019,5.484009107292076,1.0710270763652072,Coupled expansion,True,False,False,True,False,1233476756.5
2005-2014,2005,2014,9,IRL,Ireland,Europe_NorthAmerica,Europe & North America,50547.2123729763,52044.6201181887,11.3160512452902,7.75893459059544,0.029193631827174826,-0.3773771522554257,2.9623943139797992,-31.434257212075224,0.3249003477082457,-4.106385825569491,-12.926694235560818,Absolute decoupling,True,True,False,False,True,4408827.0
2005-2014,2005,2014,9,IRN,"Iran, Islamic Rep.",Global_South,Global South,4650.35841490708,5093.20319702187,6.52930513401687,7.8101095500119,0.09096264931740627,0.17911846434682333,9.522809697747615,19.61624383768188,1.0158208873739083,2.010141782548458,1.969143002000799,Coupled expansion,True,False,False,True,False,76665250.0
2005-2014,2005,2014,9,IRQ,Iraq,Global_South,Global South,3310.86344473993,4446.97343234862,3.07089535110651,3.78352330429891,0.2950147224152584,0.20868650219826668,34.31461328958356,23.20586902890145,3.3322577193976244,2.345830654399972,0.7073765691751567,Relative decoupling,True,False,True,False,True,32478753.5
2005-2014,2005,2014,9,ISL,Iceland,Europe_NorthAmerica,Europe & North America,50674.4411254865,52102.5757919438,10.5394056629844,10.5804768682839,0.027792723248818874,0.003889345218883289,2.8182543995320053,0.38969185372326187,0.30928533930421054,0.043224285879883695,0.13994113437763164,Relative decoupling,True,False,True,False,True,312060.0
2005-2014,2005,2014,9,ISR,Israel,DevelopedAsia_Oceania,Developed Asia & Oceania,29623.7172812577,36129.3146105805,8.92812513527943,8.02420974475699,0.19852927489279715,-0.10674323159545862,21.96077307772155,-10.124358438376102,2.230390267919513,-1.1790302247441264,-0.5376699816845569,Absolute decoupling,True,True,False,False,True,7572900.0
2005-2014,2005,2014,9,ITA,Italy,Europe_NorthAmerica,Europe & North America,33407.6754716472,30325.0287793923,8.4768648141216,5.68586837020992,-0.09681227426041161,-0.3993568029703558,-9.22736062516879,-32.92486674155948,-1.0699270598049315,-4.340289884934501,,"Economic contraction, emissions falling",False,False,False,False,False,59243694.5
2005-2014,2005,2014,9,JAM,Jamaica,Global_South,Global South,5525.73577833713,5307.19165380801,3.95557831478646,2.58240808318858,-0.040353594494252576,-0.42640448504766704,-3.9550230647272477,-34.71477802537226,-0.4473695798587696,-4.627344263218081,,"Economic contraction, emissions falling",False,False,False,False,False,2740407.5
2005-2014,2005,2014,9,JOR,Jordan,Global_South,Global South,4151.61313015439,4282.11872849239,3.36910305797064,2.93907556095458,0.030950952351075145,-0.13655145717785078,3.143491318834446,-12.763857015258084,0.3444914832450685,-1.5057863426363394,-4.411866091516482,Absolute decoupling,True,True,False,False,True,7410648.5
2005-2014,2005,2014,9,JPN,Japan,DevelopedAsia_Oceania,Developed Asia & Oceania,33098.5474664881,34386.9058552671,10.0074734098753,10.0063625506773,0.038186449941447265,-0.00011100912402106644,3.8924922312178145,-0.011100296273625077,0.425195289168423,-0.0012334271045744138,-0.0029070291737325923,Absolute decoupling,True,True,False,False,True,127524500.0
2005-2014,2005,2014,9,KAZ,Kazakhstan,Global_South,Global South,6787.4115548789,10226.7100539683,11.7482167747143,13.07867493139,0.4099332758008849,0.10728157073899114,50.67172472571209,11.324766832182087,4.660138862947005,1.1991502940888354,0.2617049580310249,Relative decoupling,True,False,True,False,True,16892201.0
2005-2014,2005,2014,9,KEN,Kenya,Global_South,Global South,1223.44738472019,1450.59338202277,0.252147669028053,0.341036024063525,0.17030010263313589,0.30197321002484223,18.566061780787525,35.252499211318344,1.9102393637775883,3.4121815275745426,1.773182783543938,Coupled expansion,True,False,False,True,False,40923962.0
2005-2014,2005,2014,9,KGZ,Kyrgyz Republic,Global_South,Global South,820.709519437592,1088.58214229508,1.0872925479987,1.68334843700684,0.28246210784339976,0.43709422173557155,32.6391514309537,54.82019444585144,3.1882370665090143,4.976467986450417,1.5474437441283333,Coupled expansion,True,False,False,True,False,5534244.0
2005-2014,2005,2014,9,KHM,Cambodia,Global_South,Global South,866.340290123209,1464.53115866927,0.201001517798453,0.456810037844296,0.5250126659242076,0.8209551730988164,69.04802597383379,127.26695939796127,6.006978478335512,9.550696893810073,1.563686414409918,Coupled expansion,True,False,False,True,False,14417987.0
2005-2014,2005,2014,9,KIR,Kiribati,Global_South,Global South,1368.99716100101,1492.8506819325,0.628347018921814,0.526334044361202,0.08660902892561584,-0.17715651525968645,9.047025403685138,-16.23513305365194,0.9669677556917167,-1.949159110312837,-2.0454739818389758,Absolute decoupling,True,True,False,False,True,106680.5
2005-2014,2005,2014,9,KNA,St. Kitts and Nevis,Global_South,Global South,16000.5658929826,20187.8061975481,1.30930077309042,2.06629998513453,0.23245467862249747,0.4562663273809076,26.169326338650812,57.81705988436254,2.616473842301903,5.200330779024354,1.9628184301761313,Coupled expansion,True,False,False,True,False,46763.0
2005-2014,2005,2014,9,KOR,"Korea, Rep.",DevelopedAsia_Oceania,Developed Asia & Oceania,22123.7613066851,29470.6732991655,10.7084009751588,12.4261677995393,0.2867434402351279,0.1487759841829237,33.20824108810281,16.041300922195134,3.2373357595509633,1.6668052341580974,0.5188470364341319,Relative decoupling,True,False,True,False,True,49465610.0
2005-2014,2005,2014,9,KWT,Kuwait,Global_South,Global South,40451.2551656974,31073.1537300624,34.5288422505843,25.1870221469575,-0.2637534507984505,-0.31546611434721594,-23.183709373714677,-27.05512115300861,-2.8880684236360477,-3.4444591618374876,,"Economic contraction, emissions falling",False,False,False,False,False,2951332.0
2005-2014,2005,2014,9,LAO,Lao PDR,Global_South,Global South,1148.68153852071,2006.31195444447,0.221926040668041,0.654511028510084,0.5576833917274824,1.0815442592692948,74.66215719182092,194.9230412708113,6.392491657748667,12.769032900710187,1.9393517456546425,Coupled expansion,True,False,False,True,False,6286347.5
2005-2014,2005,2014,9,LBN,Lebanon,Global_South,Global South,6707.18024635316,7830.4151113336,3.54858446679178,3.93405377982319,0.1548368929738615,0.10312160817289362,16.746752341882676,10.862621888775447,1.735294207825433,1.1523850275808378,0.6660015335641093,Relative decoupling,True,False,True,False,True,5509046.0
2005-2014,2005,2014,9,LBR,Liberia,Global_South,Global South,539.665378841936,707.157694930142,0.206360770853813,0.259010541172532,0.27030441034376196,0.22724280852893242,31.03632781625287,25.51345883274316,3.048938798949985,2.557066186336221,0.8406921967715377,Relative decoupling,True,False,True,False,True,3932654.0
2005-2014,2005,2014,9,LBY,Libya,Global_South,Global South,12628.896152656,7644.24843947404,9.85289132685578,9.61533793913791,-0.5020340066140303,-0.02440542233289067,-39.47017738469283,-2.4110018048242976,-5.425429447213559,-0.2708040218369123,,"Economic contraction, emissions falling",False,False,False,False,False,6143025.0
2005-2014,2005,2014,9,LCA,St. Lucia,Global_South,Global South,9527.58469430542,10369.9382566513,0.697491689332124,1.02102929860226,0.08471982500438457,0.3810759150509718,8.84120781260911,46.3858730101768,0.9457758476049793,4.325096797941064,4.498072499928437,Coupled expansion,True,False,False,True,False,169794.0
2005-2014,2005,2014,9,LKA,Sri Lanka,Global_South,Global South,2268.6880127005,3929.92062032185,0.713777502007764,0.860549619790163,0.5494175308537024,0.18699998595644643,73.22437454253236,20.562726811863353,6.294822567447245,2.0995137024167443,0.3403604280079668,Relative decoupling,True,False,True,False,True,20497262.0
2005-2014,2005,2014,9,LSO,Lesotho,Global_South,Global South,853.960500629797,1100.04993684215,0.208850039629794,0.288016522369956,0.2532259143562996,0.32140136713492184,28.817426102362088,37.90589787796639,2.8535774521510904,3.6356568815662405,1.2692277879691907,Coupled expansion,True,False,False,True,False,2016582.5
2005-2014,2005,2014,9,LTU,Lithuania,Europe_NorthAmerica,Europe & North America,9692.86853763267,13753.1895982305,4.20098792244941,4.49797821297655,0.34988035518224514,0.06830829255153037,41.88977746715115,7.069534500208174,3.9641139069915843,0.761868590083048,0.19523328915094434,Relative decoupling,True,False,True,False,True,3129890.5
2005-2014,2005,2014,9,LUX,Luxembourg,Europe_NorthAmerica,Europe & North America,101222.044353044,105583.937273429,26.0434089062211,17.6515632218206,0.042189687841775125,-0.38894037188356556,4.3092321917264975,-32.22253167631946,0.46987477501341246,-4.229511037488143,-9.218849244446103,Absolute decoupling,True,True,False,False,True,510738.5
2005-2014,2005,2014,9,LVA,Latvia,Europe_NorthAmerica,Europe & North America,10106.2626157732,12731.6771959342,3.58674450006454,3.79876034591545,0.2309378626824632,0.057429822158816535,25.9780957607755,5.911094192716959,2.5991808214462564,0.6401493888125831,0.24868084207474395,Relative decoupling,True,False,True,False,True,2116290.5
2005-2014,2005,2014,9,MAC,"Macao SAR, China",DevelopedAsia_Oceania,Developed Asia & Oceania,49470.940295748,92383.8434915276,4.32397043294615,3.36030239665434,0.6245666769187928,-0.2521430929298252,86.74365787114002,-22.28664722009239,7.186090071678075,-2.7627093286999305,-0.40370884686601566,Absolute decoupling,True,True,False,False,True,547600.0
2005-2014,2005,2014,9,MAR,Morocco,Global_South,Global South,2342.15478515625,3051.458984375,1.47108136782011,1.73842954113431,0.2645484777703384,0.16698438838602703,30.284258056473124,18.17358163609699,2.9830551198087196,1.87270125311767,0.6312052512771993,Relative decoupling,True,False,True,False,True,32281462.0
2005-2014,2005,2014,9,MDA,Moldova,Europe_NorthAmerica,Europe & North America,1919.44550763748,2737.80185056647,2.88374636766892,2.81365308811102,0.35511900788698103,-0.024606600526250855,42.63503911274107,-2.4306326084620244,4.024646176425062,-0.27303325686297564,-0.06929113896962133,Absolute decoupling,True,True,False,False,True,2873400.0
2005-2014,2005,2014,9,MDG,Madagascar,Global_South,Global South,450.955230911228,443.343869908205,0.093326061823388,0.126540783548996,-0.017022369327730935,0.3044652533738539,-1.6878307382404367,35.58997462944933,-0.18895868483795875,3.4408196743842545,,"Economic contraction, emissions rising",False,False,False,False,False,21962027.5
2005-2014,2005,2014,9,MDV,Maldives,Global_South,Global South,7141.88377049891,9612.07861806739,2.23477542921851,5.30224821513622,0.2970439220420573,0.8639901782291114,34.58744117024373,137.2608963662353,3.3555583214752494,10.075786272759778,2.908627694818756,Coupled expansion,True,False,False,True,False,360023.0
2005-2014,2005,2014,9,MEX,Mexico,Global_South,Global South,9491.51730225718,9862.48125444199,4.22758379844974,4.01481960973153,0.038339301311831164,-0.05163820651128792,3.908373554738054,-5.032761001596953,0.4269008735096502,-0.5721150032618416,-1.3468739581686857,Absolute decoupling,True,True,False,False,True,112797882.5
2005-2014,2005,2014,9,MHL,Marshall Islands,Global_South,Global South,3284.78403267445,3620.77275283155,0.0019265595499556,0.0020081934291911,0.09738656439245119,0.04149973090679904,10.22863959441307,4.23728813559805,1.0879485204796202,0.4621728605880282,0.42613404801469557,Relative decoupling,True,False,True,False,True,50851.0
2005-2014,2005,2014,9,MKD,North Macedonia,Europe_NorthAmerica,Europe & North America,3657.56307699216,5053.75001236367,4.81870814279944,4.35528122501704,0.32333344472497494,-0.10111668854818534,38.17260033474754,-9.617243959356525,3.657907284252282,-1.1172308602229175,-0.3127319186983408,Absolute decoupling,True,True,False,False,True,1961443.5
2005-2014,2005,2014,9,MLI,Mali,Global_South,Global South,794.373328211361,813.975661285204,0.0697854076555803,0.16153478747013,0.024376928006289766,0.8392955932220663,2.4676474370030066,131.47358867253547,0.2712218985184922,9.7741696050897,34.429916394941564,Coupled expansion,True,False,False,True,False,15779457.0
2005-2014,2005,2014,9,MLT,Malta,Europe_NorthAmerica,Europe & North America,18123.2685184554,23866.0667851301,6.52471064843475,5.4659835148484,0.27526098412015365,-0.17705253560099643,31.687431330759463,-16.22642275853773,3.105706614700643,-1.9480262934389647,-0.643216967951083,Absolute decoupling,True,True,False,False,True,418657.5
2005-2014,2005,2014,9,MMR,Myanmar,Global_South,Global South,522.099544791815,1099.24387751605,0.236985402005318,0.350073559191087,0.7445195698165694,0.3901447571945993,110.54296799940109,47.71946129543932,8.624239524340194,4.430272872051333,0.5240221654492184,Relative decoupling,True,False,True,False,True,49059999.5
2005-2014,2005,2014,9,MNG,Mongolia,Global_South,Global South,2060.26168223171,3830.35892049593,4.38774218806367,6.59114249102211,0.6201255067815881,0.4069119140389781,85.91613645635634,50.217177958917624,7.13321071283608,4.6250096329991,0.6561767087292136,Relative decoupling,True,False,True,False,True,2749760.0
2005-2014,2005,2014,9,MNP,Northern Mariana Islands,Global_South,Global South,21882.2927935415,16869.5270385638,0.001603746351477,0.0019165165395377,-0.2601689010172663,0.1781668739254263,-22.907863459615218,19.502472306337417,-2.849382658746602,1.9993565889738107,,"Economic contraction, emissions rising",False,False,False,False,False,57266.0
2005-2014,2005,2014,9,MOZ,Mozambique,Global_South,Global South,391.699758163976,585.266716133984,0.131290646947492,0.224549920070884,0.4015720450745226,0.5366844990253878,49.41717576679632,71.03268609887333,4.5629520623532205,6.14454496871224,1.3364588138245317,Coupled expansion,True,False,False,True,False,23046522.0
2005-2014,2005,2014,9,MRT,Mauritania,Global_South,Global South,1418.53202144135,1520.64621634902,0.523398815743406,0.697074247358851,0.06951283767694427,0.2865482018039315,7.198582292411992,33.18223625874399,0.7753552945417796,3.235096239900548,4.1222342718282174,Coupled expansion,True,False,False,True,False,3393786.5
2005-2014,2005,2014,9,MUS,Mauritius,Global_South,Global South,6556.38819193225,9300.07878638583,2.42563834516313,3.16403004104002,0.34958300094495165,0.26575181963205863,41.847592212885544,30.44112892382693,3.9606790559793437,2.9968253538352085,0.760196631168305,Relative decoupling,True,False,True,False,True,1244731.0
2005-2014,2005,2014,9,MWI,Malawi,Global_South,Global South,410.267979592536,539.562601918057,0.277904313470894,0.299117927594907,0.2739482599344436,0.07356104401106589,31.51467546990432,7.63342384256831,3.090668894219717,0.8206943162756053,0.26852166912346587,Relative decoupling,True,False,True,False,True,14730784.5
2005-2014,2005,2014,9,MYS,Malaysia,Global_South,Global South,7234.02442689141,9341.73055971278,7.01024161142768,8.18962008151058,0.255696009640884,0.15549534156240896,29.136010724352523,16.823649389777763,2.881810008109298,1.742737531310934,0.6081258044691298,Relative decoupling,True,False,True,False,True,28266104.0
2005-2014,2005,2014,9,NAM,Namibia,Global_South,Global South,3627.75059772278,4701.95694189098,1.30663252282386,1.38659483707511,0.25936600651982467,0.05939774977625717,29.610810204056204,6.119724777586089,2.9237714431719963,0.6621576314715494,0.22901131329142432,Relative decoupling,True,False,True,False,True,2139360.5
2005-2014,2005,2014,9,NER,Niger,Global_South,Global South,407.190931059924,482.74524741946,0.0580683956722907,0.114592549329829,0.1702068829287855,0.6797612360699343,18.555009602710726,97.34064976847759,1.9091838089793312,7.845453073299069,3.9937352965587545,Coupled expansion,True,False,False,True,False,16486050.5
2005-2014,2005,2014,9,NGA,Nigeria,Global_South,Global South,1889.25175325818,2583.6155695814,0.710050686175941,0.660183629190404,0.3130089485343328,-0.07281833409863864,36.75337683957296,-7.023027786100988,3.5390626124848445,-0.8058282566993147,-0.2326397837493501,Absolute decoupling,True,True,False,False,True,165457084.0
2005-2014,2005,2014,9,NIC,Nicaragua,Global_South,Global South,1601.48770707458,2006.64869646533,0.825573439683421,0.809215605987777,0.22553300120731823,-0.020012832476909714,25.29903836295153,-1.9813904989381292,2.5375843899959616,-0.22211775791521893,-0.08873571659037686,Absolute decoupling,True,True,False,False,True,5704298.5
2005-2014,2005,2014,9,NLD,Netherlands,Europe_NorthAmerica,Europe & North America,42411.3453838518,45042.0669545832,11.1632826932179,9.59164086966339,0.060180968057403916,-0.15173808542416412,6.202872243079227,-14.078670824213201,0.6709180617705979,-1.6718456439885676,-2.5213633200354635,Absolute decoupling,True,True,False,False,True,16592438.0
2005-2014,2005,2014,9,NOR,Norway,Europe_NorthAmerica,Europe & North America,73524.2549197612,74180.3238731011,9.3683698473663,9.1470465028638,0.008883587405893678,-0.02390806477177554,0.8923163574467985,-2.3624531066599896,0.09875525765645765,-0.26529263958859906,-2.691262401033405,Absolute decoupling,True,True,False,False,True,4880261.5
2005-2014,2005,2014,9,NPL,Nepal,Global_South,Global South,603.190108570995,846.665541773599,0.124510356693779,0.265694626083707,0.3390733244280719,0.7579587283172924,40.36462629989357,113.39158696425295,3.8393506757288254,8.786562729248049,2.2353829502682663,Coupled expansion,True,False,False,True,False,26990914.0
2005-2014,2005,2014,9,NZL,New Zealand,DevelopedAsia_Oceania,Developed Asia & Oceania,35126.3341641095,38056.2646732554,8.75495294999879,7.81374958485553,0.08011460368982704,-0.11373464251738552,8.3411223484277,-10.750524537580652,0.8941359896138534,-1.2557668607435013,-1.4196493183405408,Absolute decoupling,True,True,False,False,True,4325200.0
2005-2014,2005,2014,9,OMN,Oman,Global_South,Global South,19629.0451546015,18726.2026946971,13.4330730684827,18.7456448430569,-0.047086608258620544,0.3332416448572295,-4.599523067950906,39.54844693757236,-0.5218183095795137,3.7720882676844703,,"Economic contraction, emissions rising",False,False,False,False,False,3231120.5
2005-2014,2005,2014,9,PAK,Pakistan,Global_South,Global South,1201.23359367214,1343.30778121043,0.763286111855279,0.78969023760602,0.11178604218213195,0.0340078205035933,11.827357167391007,3.4592697732390265,1.2498128248680906,0.3785794808676801,0.3042224220460787,Relative decoupling,True,False,True,False,True,194858929.5
2005-2014,2005,2014,9,PAN,Panama,Global_South,Global South,7935.87134515908,13611.5490656071,2.1436596030336,2.76763115859532,0.5395254700759349,0.25547731356212344,71.51927587523473,29.107772273112165,6.178056210841065,2.8793100553250017,0.47352224821965605,Relative decoupling,True,False,True,False,True,3602563.5
2005-2014,2005,2014,9,PER,Peru,Global_South,Global South,3835.13219279722,6103.91864749969,1.13303782972815,1.76825633140529,0.46472706184169965,0.44509156705217573,59.15797267597418,56.063309186203256,5.2992741751608285,5.069790895017334,0.9577483292844857,Relative decoupling,True,False,True,False,True,29108503.0
2005-2014,2005,2014,9,PHL,Philippines,Global_South,Global South,2037.8776605946,2776.92005909479,0.896249932483837,1.00237329489598,0.30943351727429924,0.11190644547976726,36.26529760793182,11.84082236057038,3.49793780395502,1.2511673685230429,0.3616493987642816,Relative decoupling,True,False,True,False,True,95891546.0
2005-2014,2005,2014,9,PLW,Palau,Global_South,Global South,13992.4700518965,15015.0026129107,87.552348756244,71.5608241603161,0.07053054397105463,-0.20168911034320836,7.307734497352714,-18.265100620487264,0.786751462568569,-2.2160664575153532,-2.8595995293327174,Absolute decoupling,True,True,False,False,True,18767.0
2005-2014,2005,2014,9,PNG,Papua New Guinea,Global_South,Global South,1875.82273480514,2391.3578028163,0.800164629075851,0.64972585602458,0.24281396788103748,-0.2082669788798859,27.483144246287928,-18.800977646939977,2.7346567048596837,-2.2875081091068727,-0.8577223983338665,Absolute decoupling,True,True,False,False,True,7529673.0
2005-2014,2005,2014,9,POL,Poland,Europe_NorthAmerica,Europe & North America,8598.57681241557,12093.1622787394,8.30851048638369,7.95991816737647,0.3410434893057914,-0.04286162996241227,40.64144035182628,-4.195605452728335,3.86208434632318,-0.47510810672789505,-0.12567790122502837,Absolute decoupling,True,True,False,False,True,38088590.0
2005-2014,2005,2014,9,PRI,Puerto Rico (US),Global_South,Global South,29815.216422231,29141.2038639816,6.88558163293611,3.21103079845925,-0.022865768363727668,-0.7628376002804302,-2.260632787984218,-53.3658742334884,-0.25374162326474714,-8.126700122820917,,"Economic contraction, emissions falling",False,False,False,False,False,3703189.5
2005-2014,2005,2014,9,PRT,Portugal,Europe_NorthAmerica,Europe & North America,19251.71450683,18836.8967978906,6.4581042393222,4.58326274759251,-0.021782579963884885,-0.34292467852044317,-2.1547052798452038,-29.03083354266919,-0.24173601303809633,-3.738596513645287,,"Economic contraction, emissions falling",False,False,False,False,False,10452196.0
2005-2014,2005,2014,9,PRY,Paraguay,Global_South,Global South,4193.28086525675,5794.47644689985,0.701070483877214,0.980244689661672,0.3234216767842337,0.3351937942334274,38.18479212565371,39.82113242601619,3.658923505968925,3.794599444259328,1.0363986655633082,Coupled expansion,True,False,False,True,False,5758954.0
2005-2014,2005,2014,9,PYF,French Polynesia,Global_South,Global South,21661.4244664054,18928.1858620128,3.62726246305495,3.55841627862381,-0.13488087763963286,-0.019162641032427485,-12.618000301095467,-1.898020480523921,-1.487502154848408,-0.2126917236113801,,"Economic contraction, emissions falling",False,False,False,False,False,267947.0
2005-2014,2005,2014,9,QAT,Qatar,Global_South,Global South,60416.7101500199,71756.0265797248,52.7739009071877,51.4766852020105,0.17200612046404373,-0.024887776865506694,18.768510237562495,-2.4580629494465267,1.9295590487608871,-0.2761488596868422,-0.14469122841887042,Absolute decoupling,True,True,False,False,True,1488576.5
2005-2014,2005,2014,9,ROU,Romania,Europe_NorthAmerica,Europe & North America,6328.09022324183,8661.47397274241,4.90116528457151,3.96756659394738,0.3138864246505424,-0.21132003187994197,36.87342732457448,-19.048504517140575,3.549157888445631,-2.320649311632006,-0.6732372453355058,Absolute decoupling,True,True,False,False,True,20614332.0
2005-2014,2005,2014,9,RUS,Russian Federation,Europe_NorthAmerica,Europe & North America,7323.38525390625,9493.8125,12.1189832296134,12.1341694161707,0.25956758316951145,0.0012523063507465793,29.636939350364734,0.12530908137731167,2.926076694434454,0.01391548312184021,0.0048245868588634834,Relative decoupling,True,False,True,False,True,143878018.5
2005-2014,2005,2014,9,RWA,Rwanda,Global_South,Global South,446.029809636404,690.610394944356,0.0819369049386119,0.0844012766836986,0.4371900493543155,0.029633028955613483,54.83503120729307,3.007645635300804,4.977585730728928,0.32979851984562547,0.06778065740375017,Relative decoupling,True,False,True,False,True,10209642.5
2005-2014,2005,2014,9,SAU,Saudi Arabia,Global_South,Global South,21838.1915349374,23404.7306039825,16.8475463633317,20.6973806780556,0.06927782222360435,0.2058021251970179,7.17339192917541,22.851008875114154,0.7727237993653713,2.3130354698723155,2.970678329534686,Coupled expansion,True,False,False,True,False,24434581.5
2005-2014,2005,2014,9,SDN,Sudan,Global_South,Global South,1290.24438476563,1307.3896484375,0.347656760296796,0.4769298698272,0.013200868508790542,0.3161537846026429,1.3288384645816498,37.184120746003344,0.14678393908622578,3.5752481985000806,23.94946850596338,Coupled expansion,True,False,False,True,False,35042881.0
2005-2014,2005,2014,9,SEN,Senegal,Global_South,Global South,1119.0505307548,1180.7987108505,0.511647396744881,0.592328969929697,0.0537104977296714,0.14642646343387533,5.517908119309922,15.768979515602922,0.598567607392475,1.6402677795047005,2.7262168407161242,Coupled expansion,True,False,False,True,False,12693787.0
2005-2014,2005,2014,9,SGP,Singapore,DevelopedAsia_Oceania,Developed Asia & Oceania,41798.4880834671,54681.9336458253,9.78289459186893,9.84749870377372,0.2686732055507921,0.006582073438098135,30.8227549681493,0.6603782888398468,3.0302633888710906,0.07316089885178734,0.02449843639824295,Relative decoupling,True,False,True,False,True,4867743.0
2005-2014,2005,2014,9,SLB,Solomon Islands,Global_South,Global South,1755.74082446273,2085.16067273086,0.618738097209572,0.607059723654094,0.17195502349319902,-0.019054899123089497,18.76244168150134,-1.8874502165206697,1.9289803513250936,-0.21149713033636885,-0.11081327393638567,Absolute decoupling,True,True,False,False,True,549994.0
2005-2014,2005,2014,9,SLE,Sierra Leone,Global_South,Global South,842.906030904902,1032.23789355905,0.103149710490117,0.175528275394702,0.20262895456619745,0.5316187104635135,22.461799502240034,70.16846151160043,2.2769688595182913,6.084816688468209,2.6236068364545475,Coupled expansion,True,False,False,True,False,6189048.5
2005-2014,2005,2014,9,SLV,El Salvador,Global_South,Global South,3163.36118376833,3713.94992016222,1.17101134978182,1.10571957770258,0.1604608507124201,-0.05737145238194827,17.40518089489871,-5.57567371925175,1.7988868520134815,-0.6354331124475032,-0.35754174384111975,Absolute decoupling,True,True,False,False,True,6084266.5
2005-2014,2005,2014,9,SOM,"Somalia, Fed. Rep.",Global_South,Global South,275.457040798093,417.516796906395,0.0708740925128624,0.057963231130783,0.4158930909257563,-0.20109609441792697,51.5723815578307,-18.216616148892918,4.72946793516833,-2.2096231974837677,-0.48352833650181004,Absolute decoupling,True,True,False,False,True,11991859.5
2005-2014,2005,2014,9,STP,Sao Tome and Principe,Global_South,Global South,1089.14778798762,1301.32146445028,0.552465679693638,0.668811335234058,0.1779847147282796,0.19111069698145067,19.480705814468593,21.05934537054641,1.9972921519874731,2.1461578646013946,1.0737478062271237,Coupled expansion,True,False,False,True,False,179203.0
2005-2014,2005,2014,9,SUR,Suriname,Global_South,Global South,7261.8171350196,9224.24378410547,3.25198868505121,4.55565346305788,0.23920512034557362,0.337102268729931,27.023906173872312,40.088232286888825,2.693470106013973,3.8166117053805904,1.4092602543078,Coupled expansion,True,False,False,True,False,547343.0
2005-2014,2005,2014,9,SVK,Slovak Republic,Europe_NorthAmerica,Europe & North America,11412.1593630008,15647.6491763517,7.86263120934737,6.27281818770694,0.31564129556459797,-0.22589558449435487,37.113833400212684,-20.21985998466268,3.5693504576071566,-2.478713563572188,-0.7156718327691819,Absolute decoupling,True,True,False,False,True,5395728.0
2005-2014,2005,2014,9,SVN,Slovenia,Europe_NorthAmerica,Europe & North America,19102.2776603905,20228.7081986391,8.81606059363931,6.85069690297675,0.05729521623554312,-0.2522247407710949,5.896838891543776,-22.292992088558773,0.6386442044877816,-2.763591459684611,-4.4021954596381665,Absolute decoupling,True,True,False,False,True,2031227.0
2005-2014,2005,2014,9,SWE,Sweden,Europe_NorthAmerica,Europe & North America,46189.6828420555,49557.6183647959,6.03944461597958,4.41199615103377,0.07037954197079266,-0.31398482771715597,7.2915320381326865,-26.946988811517446,0.7850604766353131,-3.4285660282239228,-4.461308200150818,Absolute decoupling,True,True,False,False,True,9362841.0
2005-2014,2005,2014,9,SWZ,Eswatini,Global_South,Global South,2658.75180508187,3381.79292071291,0.918331600282478,0.865001201268328,0.24054925231783741,-0.05982765006698182,27.19475786528991,-5.807313937334357,2.7088083154077847,-0.6625470812269829,-0.24871268353780465,Absolute decoupling,True,True,False,False,True,1107660.5
2005-2014,2005,2014,9,SYC,Seychelles,Global_South,Global South,11297.3118190493,14395.6158118771,11.6379830553477,10.1369323219387,0.24235889741887817,-0.1380887302194007,27.425143631102557,-12.897859760323882,2.7294622242186817,-1.5226085169584014,-0.569769592492974,Absolute decoupling,True,True,False,False,True,87108.5
2005-2014,2005,2014,9,SYR,Syrian Arab Republic,Global_South,Global South,1411.63184941498,847.659877206276,3.12583265383377,1.52845127759128,-0.5100221870467969,-0.7154457110457029,-39.95177442634421,-51.10258779475396,-5.509334287308176,-7.641640889404455,,"Economic contraction, emissions falling",False,False,False,False,False,19543875.0
2005-2014,2005,2014,9,TCD,Chad,Global_South,Global South,952.871910097036,993.321157708395,0.04656232729143,0.0989591842171624,0.04157354582844963,0.7539156975332828,4.244982686837706,112.53057992094031,0.4629968203467616,8.737703990813127,18.134505549376613,Coupled expansion,True,False,False,True,False,12258385.0
2005-2014,2005,2014,9,TGO,Togo,Global_South,Global South,630.248678309054,730.291049611232,0.22434264883446,0.232146083279246,0.14732868380517594,0.03419227743534492,15.873475779527269,3.4783553128785893,1.650457392470983,0.3806367824816581,0.23208160523961513,Relative decoupling,True,False,True,False,True,6658540.5
2005-2014,2005,2014,9,THA,Thailand,Global_South,Global South,4372.25730206261,5541.46599361845,3.47218658348054,3.88118627669814,0.2369796647018525,0.11135631348693398,26.741534424432633,11.779312067026538,2.668079938335044,1.2449785013989523,0.4698981814622489,Relative decoupling,True,False,True,False,True,68116893.5
2005-2014,2005,2014,9,TJK,Tajikistan,Global_South,Global South,618.333702588577,925.970961482804,0.460827296988181,0.565921378207624,0.40381459151308885,0.20543181491145845,49.75262671375369,22.805524305158166,4.589009450352255,2.3088258265457684,0.508728062900619,Relative decoupling,True,False,True,False,True,7675136.0
2005-2014,2005,2014,9,TKM,Turkmenistan,Global_South,Global South,2622.61796328876,5533.03528846527,10.4702314233025,10.4055728761936,0.7465635002016446,-0.006194611996182431,110.97374325640841,-0.6175464943878328,8.648911257275449,-0.06880534044194642,-0.00829750181265128,Absolute decoupling,True,True,False,False,True,5563770.0
2005-2014,2005,2014,9,TLS,Timor-Leste,Global_South,Global South,964.026656178075,1312.96494988639,0.368655430549683,0.629577892602016,0.3089242334021698,0.5351871678481906,36.19591755809899,70.77678515769728,3.4920813218214386,6.1268871557891735,1.732422095716469,Coupled expansion,True,False,False,True,False,1065107.0
2005-2014,2005,2014,9,TON,Tonga,Global_South,Global South,3880.07037654517,4058.815614369,1.1469561185188,1.23629337110375,0.04503791870062024,0.07500610632994231,4.606752467799069,7.789073282099213,0.5016755175976328,0.8368836366416943,1.6653990347229204,Coupled expansion,True,False,False,True,False,106140.0
2005-2014,2005,2014,9,TTO,Trinidad and Tobago,Global_South,Global South,15075.4179709902,20032.5402001718,27.0529643242842,27.651535705021,0.2842924930846422,0.021884681156775887,32.88215450291745,2.212590729658026,3.2092252258149934,0.2434590052645902,0.07697945492447518,Relative decoupling,True,False,True,False,True,1319918.5
2005-2014,2005,2014,9,TUN,Tunisia,Global_South,Global South,3301.93817216029,4021.59954703591,2.28632090263617,2.67906940110098,0.19717009980168854,0.15852556294960263,21.795119634380676,17.178187804343814,2.214952655860225,1.7769991898166415,0.8040040711499657,Relative decoupling,True,False,True,False,True,10764880.0
2005-2014,2005,2014,9,TUR,Turkiye,Global_South,Global South,7623.14640948457,10597.9801881716,3.5495611200862,4.60446003106117,0.32947423557240185,0.26020143803356444,39.023699911965394,29.719136402681578,3.7286582550376313,2.933325860188152,0.7897474519715071,Relative decoupling,True,False,True,False,True,73255720.5
2005-2014,2005,2014,9,TZA,Tanzania,Global_South,Global South,680.051208496094,913.811218261719,0.157543974954262,0.223568261465515,0.2954559036028046,0.35001216249592315,34.373883443656574,41.908480810149086,3.33732320446003,3.9656364993157167,1.1846511043707595,Coupled expansion,True,False,False,True,False,44766794.0
2005-2014,2005,2014,9,UGA,Uganda,Global_South,Global South,604.404813057618,845.978664791099,0.0794505968164188,0.133324031827087,0.33624994663360397,0.5176470899058825,39.968882860377164,67.80746422226368,3.8067804828948004,5.920258140305301,1.5394711436785404,Coupled expansion,True,False,False,True,False,32179414.0
2005-2014,2005,2014,9,UKR,Ukraine,Europe_NorthAmerica,Europe & North America,2122.6015625,2308.6435546875,7.50423510865356,5.85851548255714,0.08401765782706949,-0.24757130145001294,8.764809914131044,-21.930544582733646,0.9379005092104542,-2.7133024902187164,-2.9466579746793227,Absolute decoupling,True,True,False,False,True,46778968.0
2005-2014,2005,2014,9,URY,Uruguay,Global_South,Global South,11131.3984890038,17122.0364563225,1.69451857722282,2.00617697761903,0.43059650772862135,0.16883223453299478,53.8174783090964,18.39215011186206,4.900705664687255,1.8936195203065775,0.39208918675067245,Relative decoupling,True,False,True,False,True,3321052.5
2005-2014,2005,2014,9,USA,United States,Europe_NorthAmerica,Europe & North America,52393.4513113092,55394.4510435329,19.9249914215479,16.4248953102317,0.05569781852568312,-0.19317660359499467,5.727814559099098,-17.5663619484976,0.6207835740334788,-2.1235353277379354,-3.4682974792974695,Absolute decoupling,True,True,False,False,True,307387079.5
2005-2014,2005,2014,9,UZB,Uzbekistan,Global_South,Global South,1549.04577531643,2659.99075095273,4.76265580553155,3.74415254822206,0.5406835331763142,-0.24061015248720197,71.71802107716039,-21.385195548386214,6.191719410865737,-2.6380259162839814,-0.4450110604880215,Absolute decoupling,True,True,False,False,True,28289984.5
2005-2014,2005,2014,9,VCT,St. Vincent and the Grenadines,Global_South,Global South,6244.35953746008,7116.22071347207,0.589595375722543,0.857395266657367,0.13069820356366613,0.37446253580311095,13.962379500758626,45.42096189384763,1.4627979469947094,4.248464797838691,2.8650932116347074,Coupled expansion,True,False,False,True,False,109992.5
2005-2014,2005,2014,9,VEN,"Venezuela, RB",Global_South,Global South,3884.70081071301,4421.60786723331,5.82165836799224,6.34368674716556,0.1294574313536927,0.08587494119338701,13.821065834456192,8.967004694804114,1.448810886721219,0.9587326901674409,0.6633450107531234,Relative decoupling,True,False,True,False,True,28519941.5
2005-2014,2005,2014,9,VIR,Virgin Islands (U.S.),Global_South,Global South,46021.5905731819,34098.7109972738,0.0018441168063585,0.0018538773845497,-0.29985106375202264,0.005278862190314371,-25.907143641523554,0.5292819932851689,-3.276789343700204,0.058671229173290484,,"Economic contraction, emissions rising",False,False,False,False,False,108167.5
2005-2014,2005,2014,9,VNM,Viet Nam,Global_South,Global South,1609.96268313651,2439.28655744423,1.23999989986226,1.95182181139621,0.4154946015077652,0.45365189981807386,51.511993600500276,57.404997501453,4.72483097285421,5.169775367911078,1.0918358461742748,Coupled expansion,True,False,False,True,False,86383945.5
2005-2014,2005,2014,9,VUT,Vanuatu,Global_South,Global South,2626.85057870874,2807.83422956759,0.423230214461947,0.673608976329542,0.06662781934116602,0.46473351551721476,6.889758112843047,59.15899983319994,0.7430561663704927,5.299349682670962,6.975067173331291,Coupled expansion,True,False,False,True,False,235500.0
2005-2014,2005,2014,9,WSM,Samoa,Global_South,Global South,3755.78242822467,3967.23730470679,1.16484292269679,1.43223503651824,0.05477332622174025,0.20664993909308751,5.630115176348771,22.955207832005044,0.6104482004265499,2.322673969759337,3.7728207021151374,Coupled expansion,True,False,False,True,False,193507.5
2005-2014,2005,2014,9,YEM,"Yemen, Rep.",Global_South,Global South,2237.63762643152,1950.1625450589,0.966350059686043,0.938116526235472,-0.1375079527527836,-0.02965197950934835,-12.847258107250948,-2.921667274459916,-1.5162534841412167,-0.3289242938794845,,"Economic contraction, emissions falling",False,False,False,False,False,26508197.0
2005-2014,2005,2014,9,ZAF,South Africa,Global_South,Global South,5406.07581377638,6155.00589462516,8.81501533854301,8.75262375978144,0.1297422455710695,-0.007103042216820121,13.853488309214557,-0.7077875235085296,1.45202138904037,-0.07889155553358895,-0.05474733526890634,Absolute decoupling,True,True,False,False,True,52542435.5
2005-2014,2005,2014,9,ZMB,Zambia,Global_South,Global South,929.079255855905,1299.01241762504,0.211070757215382,0.346397664972352,0.3351655277377148,0.4953940163092052,39.817180228433614,64.11447494779156,3.7942734548156887,5.658687060285517,1.4780577813386522,Coupled expansion,True,False,False,True,False,13807067.0
2005-2014,2005,2014,9,ZWE,Zimbabwe,Global_South,Global South,1088.63148420699,1381.25404125871,0.922182297304139,0.886871374194176,0.23807042373731058,-0.03904296381963476,26.8798543213987,-3.829061045000448,2.6805235963600405,-0.4328711096357907,-0.16399753991581575,Absolute decoupling,True,True,False,False,True,13345395.5
2015-2024,2015,2024,9,ABW,Aruba,Global_South,Global South,27458.2201537506,33373.9174591266,4.28613793486924,5.14838649937497,0.19510909823314115,0.18329728530351863,21.544358200391045,20.117144562498446,2.191548093814366,2.05751746008771,0.9394604709027548,Relative decoupling,True,False,True,False,True,107950.5
2015-2024,2015,2024,9,AGO,Angola,Global_South,Global South,3641.72893919944,2845.47779302975,1.17503861630089,0.741712294740973,-0.24672755738762486,-0.4600948659361901,-21.864646146473742,-36.87762389665633,-2.704181498973801,-4.983692551911545,,"Economic contraction, emissions falling",False,False,False,False,False,33021823.5
2015-2024,2015,2024,9,ALB,Albania,Europe_NorthAmerica,Europe & North America,4199.53912925398,6549.23387415397,1.78508860089342,1.7852214941728,0.4443732888896932,7.444355022556692e-05,55.951252567978685,0.007444632121544892,5.061405747810399,0.000827153978955053,0.00016752480872909994,Relative decoupling,True,False,True,False,True,2554210.5
2015-2024,2015,2024,9,ARE,United Arab Emirates,Global_South,Global South,44910.334995523,41605.4168670844,24.3205333372838,18.2552064370494,-0.07643757439402066,-0.28687066327992605,-7.358925576413666,-24.939119616000127,-0.845709964239516,-3.137188029038085,,"Economic contraction, emissions falling",False,False,False,False,False,9745818.5
2015-2024,2015,2024,9,ARG,Argentina,Global_South,Global South,13679.6264980954,12774.3506596628,4.51258701954955,4.01066531653131,-0.06846830324215603,-0.11791346568059224,-6.617694120220719,-11.12270413498515,-0.7578724784746749,-1.3016045171361346,,"Economic contraction, emissions falling",False,False,False,False,False,44586585.5
2015-2024,2015,2024,9,ARM,Armenia,Global_South,Global South,3512.39350276709,5378.31799981682,1.86953338214737,2.47028185264546,0.4260779711492386,0.27864338304686875,53.124016303405305,32.13360490028063,4.8480524748969245,3.144463300542033,0.6539727512673279,Relative decoupling,True,False,True,False,True,3019050.0
2015-2024,2015,2024,9,ATG,Antigua and Barbuda,Global_South,Global South,16077.6340769406,18350.185036972,3.25470590209039,3.79857526767052,0.1322105398015747,0.1545241479502073,14.134859327908277,16.710246084932614,1.479848920236515,1.731759024027113,1.1687732928261354,Coupled expansion,True,False,False,True,False,91590.5
2015-2024,2015,2024,9,AUS,Australia,DevelopedAsia_Oceania,Developed Asia & Oceania,56970.3613028094,61480.670710531,16.8219551608068,14.0973544987552,0.07619167256509662,-0.17669773244890408,7.916940150244645,-16.196694355716758,0.8501677120750895,-1.9441607562069807,-2.319121322582033,Absolute decoupling,True,True,False,False,True,25506403.5
2015-2024,2015,2024,9,AUT,Austria,Europe_NorthAmerica,Europe & North America,43915.228020857,45958.8250071261,7.79423187131705,6.32278424603578,0.045484747421060234,-0.2092243000445022,4.653504213387127,-18.878673993472418,0.5066653120261,-2.297901138186098,-4.599878242868459,Absolute decoupling,True,True,False,False,True,8910340.5
2015-2024,2015,2024,9,AZE,Azerbaijan,Global_South,Global South,5500.50364628486,5871.14373251952,3.57774691556657,3.81144251153847,0.06520979846277086,0.06327448034248406,6.738293619439606,6.531920828583582,0.7271845548634248,0.7055269784663976,0.9703216668980859,Relative decoupling,True,False,True,False,True,9926085.5
2015-2024,2015,2024,9,BDI,Burundi,Global_South,Global South,254.402585226788,268.700857391724,0.0393751391707505,0.0689574855425617,0.05468071303547717,0.5603555315060018,5.62033288780841,75.12950301845842,0.609412888622396,6.424084748591241,10.24777294221529,Coupled expansion,True,False,False,True,False,12547683.0
2015-2024,2015,2024,9,BEL,Belgium,Europe_NorthAmerica,Europe & North America,40893.804537772,45045.6601021398,9.08415110044211,7.30661519351762,0.09669807099751182,-0.21775112909112693,10.152774023588208,-19.5674409999409,1.0802156623885617,-2.3904227575404113,-2.251866317961296,Absolute decoupling,True,True,False,False,True,11566403.0
2015-2024,2015,2024,9,BEN,Benin,Global_South,Global South,1002.41886879614,1324.78312597434,0.511448213359745,0.487328666439324,0.2788328194894518,-0.048307560406751215,32.15863819137257,-4.71593140622738,3.1466343589684476,-0.5353127386255929,-0.17324919102135564,Absolute decoupling,True,True,False,False,True,12911702.5
2015-2024,2015,2024,9,BFA,Burkina Faso,Global_South,Global South,630.124750752312,763.833733522408,0.209618038878152,0.274990879570369,0.1924323223529667,0.27145091982432445,21.219446246232977,31.186648363892623,2.1611588497608913,3.062067033500848,1.4106305869261342,Coupled expansion,True,False,False,True,False,21163134.0
2015-2024,2015,2024,9,BGD,Bangladesh,Global_South,Global South,1224.38647668165,1941.27874360025,0.536099232905876,0.715539343541092,0.46090701894464825,0.2887173050098948,58.551142190130314,33.471435812839644,5.254589465206916,3.259980080450231,0.626411170025093,Relative decoupling,True,False,True,False,True,166472771.5
2015-2024,2015,2024,9,BGR,Bulgaria,Europe_NorthAmerica,Europe & North America,7268.65445473873,10126.8980075708,7.138544362474,5.30760215797104,0.3316238604259567,-0.29636872250366864,39.32287014921536,-25.64867725874034,3.753436514230035,-3.239357299531942,-0.8936893808635954,Absolute decoupling,True,True,False,False,True,6712823.0
2015-2024,2015,2024,9,BHR,Bahrain,Global_South,Global South,23734.0551143019,25812.4504577306,24.4242594076429,23.8999918170545,0.08394600999946533,-0.02169875983530023,8.757017430941506,-2.1465035309293445,0.9370969589317824,-0.24080692532111314,-0.25848470743801205,Absolute decoupling,True,True,False,False,True,1479496.0
2015-2024,2015,2024,9,BHS,"Bahamas, The",Global_South,Global South,30719.405417469,33968.2032187918,2.90751688093298,3.63633645083395,0.10053033440496151,0.22367729387726287,10.575718368153586,25.066735628620073,1.1232654951658372,2.516444375391025,2.2249731407063105,Coupled expansion,True,False,False,True,False,393314.5
2015-2024,2015,2024,9,BIH,Bosnia and Herzegovina,Europe_NorthAmerica,Europe & North America,4662.25869219448,6730.26828824205,5.92032322488213,6.44935787372249,0.3671149787801191,0.0855895251870662,44.35638887884568,8.935908205432375,4.16339158039678,0.9555310477913137,0.23314092350976892,Relative decoupling,True,False,True,False,True,3341397.0
2015-2024,2015,2024,9,BLR,Belarus,Europe_NorthAmerica,Europe & North America,5967.05595058777,6792.13183495565,6.25386583936119,5.93649429972465,0.12951119398419841,-0.05208103291745081,13.827185318860735,-5.0748056928090035,1.4494169057462702,-0.5770070265749605,-0.4021353777636023,Absolute decoupling,True,True,False,False,True,9296852.5
2015-2024,2015,2024,9,BLZ,Belize,Global_South,Global South,6154.62264230369,6290.49294452749,0.693733109198418,0.932452909809338,0.02183598857408775,0.29573133371601,2.207613855801571,34.410899154972086,0.2429166608520994,3.3404857206992045,13.543299526495785,Coupled expansion,True,False,False,True,False,386702.5
2015-2024,2015,2024,9,BMU,Bermuda,Europe_NorthAmerica,Europe & North America,104855.366822135,122117.603586776,3.63513172822387,4.1354663036079,0.1524026024923284,0.12895474285486785,16.46290246060811,13.763863672376297,1.707780900144873,1.4431446949129567,0.8461452806316686,Relative decoupling,True,False,True,False,True,64050.0
2015-2024,2015,2024,9,BOL,Bolivia,Global_South,Global South,2996.01289811344,3045.61476602385,1.81142391012742,2.29073378062186,0.016420403630979408,0.23475896778219374,1.6555959402458686,26.46039217074947,0.18261546855966593,2.6427503202231195,14.296784236124855,Coupled expansion,True,False,False,True,False,11714010.0
2015-2024,2015,2024,9,BRA,Brazil,Global_South,Global South,8936.1955889444,9566.74408628371,2.56818858918394,2.31826466114939,0.06818297742908541,-0.10238190637742761,7.056117909050608,-9.731525522974337,0.7604656014172484,-1.1311307990106156,-1.5015757633041362,Absolute decoupling,True,True,False,False,True,206837052.5
2015-2024,2015,2024,9,BRB,Barbados,Global_South,Global South,20424.2087530019,21581.2171257633,2.57894548191691,2.52348061897496,0.05510245802474145,-0.021741440889611052,5.664887128571761,-2.1506799321994063,0.6141276119508765,-0.24128001614796002,-0.39456390275455533,Absolute decoupling,True,True,False,False,True,280728.5
2015-2024,2015,2024,9,BRN,Brunei Darussalam,Global_South,Global South,30625.1287744656,29563.8682753082,17.4445539207791,20.2426516194424,-0.03526792440129789,0.1487643409982362,-3.465325834130839,16.039949839762578,-0.39109903447634986,1.6666737091998396,,"Economic contraction, emissions rising",False,False,False,False,False,442466.5
2015-2024,2015,2024,9,BWA,Botswana,Global_South,Global South,6141.20394726616,6937.33180990267,3.21839372606118,2.73749285541178,0.12189642960703218,-0.16183990701071882,12.96370987631692,-14.94226348862384,1.3636183844005556,-1.7821496697909334,-1.3276837355487425,Absolute decoupling,True,True,False,False,True,2362206.0
2015-2024,2015,2024,9,CAF,Central African Republic,Global_South,Global South,366.322853938121,389.938307964229,0.0504177719405874,0.0632938700243308,0.06247348275209319,0.22744475361181316,6.4466231828650855,25.53880821809551,0.696564612357653,2.559367422735326,3.6406607026273488,Coupled expansion,True,False,False,True,False,4980005.0
2015-2024,2015,2024,9,CAN,Canada,Europe_NorthAmerica,Europe & North America,43594.1941045394,44413.3983847404,16.0870291468599,13.9983582392805,0.018617210590111455,-0.13907325011752958,1.87915913352259,-12.983571351252854,0.2070719939913479,-1.5333804779283144,-7.470144329322806,Absolute decoupling,True,True,False,False,True,38496548.5
2015-2024,2015,2024,9,CHE,Switzerland,Europe_NorthAmerica,Europe & North America,83806.4476003837,90067.4645431168,4.85628796304837,3.74568795220564,0.07204905068362777,-0.2596690535100801,7.470805793591939,-22.869319515097065,0.803757937067906,-2.843986898478179,-3.6040593324442867,Absolute decoupling,True,True,False,False,True,8643989.0
2015-2024,2015,2024,9,CHL,Chile,Global_South,Global South,13433.9202987032,14579.4001071307,4.67539634716479,3.93744000373189,0.08182670679595816,-0.1717831724010097,8.526772401188554,-15.783824271505964,0.9133312779753711,-1.8906015442054058,-2.099353366735944,Absolute decoupling,True,True,False,False,True,18906198.0
2015-2024,2015,2024,9,CHN,China,China,China,8175.33285077393,13121.6769905565,7.79057049265868,9.31508933799393,0.47314416310445573,0.17872150359915118,60.5032752802759,19.568770307281792,5.397799646097234,2.005642545977837,0.37773160388685795,Relative decoupling,True,False,True,False,True,1394417500.0
2015-2024,2015,2024,9,CIV,Cote d'Ivoire,Global_South,Global South,1814.71855088017,2395.67689089222,0.44620325590139,0.589054440955677,0.2777354303019308,0.27774402991962743,32.013688278563855,32.014823550695226,3.134058236670212,3.1341567826586703,1.0000309633440978,Coupled expansion,True,False,False,True,False,28590286.0
2015-2024,2015,2024,9,CMR,Cameroon,Global_South,Global South,1415.00009710569,1480.73097431993,0.403515922523748,0.353419532873246,0.04540626769318212,-0.1325601183104519,4.645291357130543,-12.41497221154978,0.5057889007646255,-1.4620962351083344,-2.919423353757749,Absolute decoupling,True,True,False,False,True,25943579.0
2015-2024,2015,2024,9,COD,"Congo, Dem. Rep.",Global_South,Global South,495.826633014883,554.244129980766,0.0443348733039091,0.0568247825820182,0.11137892210396938,0.24820096850518159,11.781839271253736,28.17174911607978,1.2452328360456955,2.796167518488346,2.228437515973555,Coupled expansion,True,False,False,True,False,95155898.0
2015-2024,2015,2024,9,COG,"Congo, Rep.",Global_South,Global South,2439.35189403696,1679.58061097707,1.12810370252086,1.33536271579755,-0.37318826089698653,0.1686648684667993,-31.146440368737515,18.372336941501842,-4.061743444954724,1.8917247007838256,,"Economic contraction, emissions rising",False,False,False,False,False,5715271.0
2015-2024,2015,2024,9,COL,Colombia,Global_South,Global South,6248.51490534512,6863.59563194342,1.83556759919216,1.79780371737796,0.09388762865158284,-0.02078798914608604,9.843630621288103,-2.0573408372876134,1.0486561326101596,-0.2307111090498526,-0.2214135072388536,Absolute decoupling,True,True,False,False,True,49928151.5
2015-2024,2015,2024,9,COM,Comoros,Global_South,Global South,1329.37048235986,1401.88898411553,0.235591359081414,0.514984514693732,0.05311509288903782,0.7820380567758635,5.455100945745195,118.59227634735419,0.5919126192940105,9.078008809705217,14.723462094090863,Coupled expansion,True,False,False,True,False,796655.0
2015-2024,2015,2024,9,CPV,Cabo Verde,Global_South,Global South,3415.06266730931,4448.96609078891,1.54334359887118,1.28830183071462,0.26447588657726584,-0.18062629009868403,30.274800909999144,-16.5252746273157,2.982224493954355,-1.9869534178217019,-0.682959389743513,Absolute decoupling,True,True,False,False,True,518635.5
2015-2024,2015,2024,9,CRI,Costa Rica,Global_South,Global South,11714.7105980732,14866.5823676109,1.61015749564449,1.63283566378358,0.23827053188335512,0.013986176782968873,26.905246554328954,1.4084440932290665,2.682806644986613,0.15552277568069428,0.058698726495544064,Relative decoupling,True,False,True,False,True,4973974.0
2015-2024,2015,2024,9,CUB,Cuba,Global_South,Global South,7727.91997207998,7381.39774048869,2.61116898217438,1.9129886264601,-0.045876724867435215,-0.31113126190839646,-4.484029762772224,-26.738229524038292,-0.508444410683917,-3.397941957815498,,"Economic contraction, emissions falling",False,False,False,False,False,11127424.0
2015-2024,2015,2024,9,CYP,Cyprus,Europe_NorthAmerica,Europe & North America,23088.44140625,32617.216796875,5.62213100101517,5.40469504859816,0.34550815129244583,-0.03944274445106144,41.270760650156156,-3.867500639486132,3.9136203614084764,-0.43729379025796433,-0.11415865097109161,Absolute decoupling,True,True,False,False,True,1288892.0
2015-2024,2015,2024,9,CZE,Czechia,Europe_NorthAmerica,Europe & North America,17931.5987670768,20445.432830127,10.2684424579836,7.12966532502255,0.13119507325985325,-0.36481105870360464,14.019018023455466,-30.56721743150722,1.4683996337982341,-3.9724025195450263,-2.780676511998563,Absolute decoupling,True,True,False,False,True,10725543.5
2015-2024,2015,2024,9,DEU,Germany,Europe_NorthAmerica,Europe & North America,41929.7549110722,44027.7631554469,9.60884887243027,6.94395663386317,0.048824699766244706,-0.32481269924584044,5.003626300283193,-27.73373037652006,0.5439708418047751,-3.54468095217898,-6.652630754534654,Absolute decoupling,True,True,False,False,True,82601602.0
2015-2024,2015,2024,9,DJI,Djibouti,Global_South,Global South,2376.12554719873,3290.42482052598,0.800048612533605,0.765537056716653,0.32554544138679287,-0.04409486904975446,38.478575949201854,-4.313682353333559,3.6833871869699886,-0.4887447265110034,-0.13544919831134627,Absolute decoupling,True,True,False,False,True,1094517.5
2015-2024,2015,2024,9,DMA,Dominica,Global_South,Global South,8282.59874702141,9172.71049624795,1.02826303081949,1.27331772524734,0.1020760481174996,0.21375487535545848,10.746768935856398,23.831907506443173,1.1406344997772377,2.4034832043382526,2.0940747540442155,Coupled expansion,True,False,False,True,False,68307.5
2015-2024,2015,2024,9,DNK,Denmark,Europe_NorthAmerica,Europe & North America,53094.0133607574,60772.8624276041,5.99477468305967,4.2782054919933,0.13507916852410062,-0.33735455952903903,14.462739922618617,-28.634423841101754,1.5121994099784208,-3.6790016881216414,-2.4974580700713207,Absolute decoupling,True,True,False,False,True,5830237.5
2015-2024,2015,2024,9,DOM,Dominican Republic,Global_South,Global South,6800.95309395474,9168.45418897141,2.28789566173054,2.99473457012728,0.29870593619101626,0.26922313322135294,34.81131338960557,30.89471780640971,3.374646572840545,3.0365590470714743,0.9012982354967004,Relative decoupling,True,False,True,False,True,10931193.0
2015-2024,2015,2024,9,DZA,Algeria,Global_South,Global South,4685.05902729002,4765.72900168387,4.11245469680565,3.98080005796518,0.01707200149463972,-0.032537281372646776,1.7218560945327477,-3.201363870165741,0.1898689287103572,-0.3608726325115552,-1.9058855742756848,Absolute decoupling,True,True,False,False,True,43416918.5
2015-2024,2015,2024,9,ECU,Ecuador,Global_South,Global South,5976.1596805651,5999.39391066593,2.66047592480738,2.64474970000791,0.003880281454408774,-0.005928596434553346,0.38878194932421284,-0.5911056985267948,0.04312353390591994,-0.06585160202640106,-1.527877939837915,Absolute decoupling,True,True,False,False,True,17200851.5
2015-2024,2015,2024,9,EGY,"Egypt, Arab Rep.",Global_South,Global South,3306.98159414141,4137.60929232898,2.40381816615146,2.50251380967098,0.2240822871613677,0.04023737476995226,25.117397074694825,4.105786573596482,2.521057642685065,0.4480828442642082,0.17956517348904175,Relative decoupling,True,False,True,False,True,108067800.0
2015-2024,2015,2024,9,ESP,Spain,Europe_NorthAmerica,Europe & North America,25982.4416197775,29245.2192451729,5.84933711711804,4.50540688376633,0.1182951281374649,-0.26105013626720197,12.557625157567331,-22.97576984268369,1.3230663929554964,-2.858894698448089,-2.2067699691220466,Absolute decoupling,True,True,False,False,True,47635571.5
2015-2024,2015,2024,9,EST,Estonia,Europe_NorthAmerica,Europe & North America,17722.1557669523,20078.1397620993,15.9815175075091,7.75936884491537,0.12481605414783203,-0.722531902283226,13.294003427846768,-51.447859433439014,1.3965063527831445,-7.714331046411981,-5.788773785681927,Absolute decoupling,True,True,False,False,True,1343874.0
2015-2024,2015,2024,9,ETH,Ethiopia,Global_South,Global South,597.912113218663,883.458588619291,0.130068091316854,0.146636636122491,0.390400643408614,0.11989957087753722,47.75726550570833,12.738362374577306,4.4332420550556195,1.3411310095851725,0.3071192962969684,Relative decoupling,True,False,True,False,True,117963451.0
2015-2024,2015,2024,9,FIN,Finland,Europe_NorthAmerica,Europe & North America,42560.3456767103,45254.0358658917,8.39046261440988,5.53521221243539,0.061368889471593135,-0.41596575222210697,6.329107873424578,-34.029713654534966,0.6842066208883724,-4.516661234806174,-6.778120898124645,Absolute decoupling,True,True,False,False,True,5549721.0
2015-2024,2015,2024,9,FJI,Fiji,Global_South,Global South,5097.53106864695,5935.20896505673,1.76054728068819,1.62222863442953,0.1521459180543001,-0.08182381154927432,16.433012082300458,-7.856570952447917,1.7048801854451456,-0.9050331576576753,-0.5377982702110471,Absolute decoupling,True,True,False,False,True,923681.0
2015-2024,2015,2024,9,FRA,France,Europe_NorthAmerica,Europe & North America,36702.4323733379,39683.3953489029,4.99116340691761,4.00355772602595,0.07808981695768402,-0.2204856329510516,8.121976617905347,-19.78708369922064,0.8714397530003248,-2.420075337666483,-2.8234876395027313,Absolute decoupling,True,True,False,False,True,67549962.5
2015-2024,2015,2024,9,FRO,Faroe Islands,Europe_NorthAmerica,Europe & North America,52637.1903526574,59257.6449307094,0.0409006319147631,0.0384045646568278,0.11847188922516949,-0.06296918936750018,12.577522724325574,-6.102759642288902,1.3250564097669892,-0.6972157537482038,-0.5315116503951411,Absolute decoupling,True,True,False,False,True,51790.0
2015-2024,2015,2024,9,FSM,"Micronesia, Fed. Sts.",Global_South,Global South,2853.07643587028,2930.27926555574,0.0018396556164686,0.0017674089784376,0.026699867688781076,-0.040063769025964646,2.7059502758084886,-3.9271827500890533,0.29710568321872355,-0.4441636518245362,-1.5005231296632568,Absolute decoupling,True,True,False,False,True,110938.0
2015-2024,2015,2024,9,GAB,Gabon,Global_South,Global South,7047.12654634355,6618.98685865885,3.15596997338055,2.0474983378969,-0.06267763592304121,-0.4326771638276007,-6.075379587256691,-35.123009560711985,-0.6939988051098633,-4.693792441615674,,"Economic contraction, emissions falling",False,False,False,False,False,2289970.5
2015-2024,2015,2024,9,GBR,United Kingdom,Europe_NorthAmerica,Europe & North America,45255.3449216209,47960.9105761942,6.38957565142576,4.22412677317771,0.0580655331530906,-0.41385529941372723,5.978444445090636,-33.89033945884739,0.647258312036536,-4.494268267119761,-7.127383095279464,Absolute decoupling,True,True,False,False,True,67157000.0
2015-2024,2015,2024,9,GEO,Georgia,Global_South,Global South,4086.6223465965,6808.07398025981,2.8580432698141,3.6402736868225,0.5103904611381811,0.24192164822358597,66.59415534028568,27.36943926882116,5.8348898949889705,2.7244714149333493,0.47399327895763527,Relative decoupling,True,False,True,False,True,3712416.5
2015-2024,2015,2024,9,GHA,Ghana,Global_South,Global South,1722.77282833606,2167.72691406678,0.543997874552012,0.702085843566409,0.22974401122774601,0.25511034105752894,25.827786369284624,29.06040196289077,2.5855719261576926,2.875115265503858,1.1104112777270054,Coupled expansion,True,False,False,True,False,31561741.0
2015-2024,2015,2024,9,GIN,Guinea,Global_South,Global South,747.356966759448,1045.92207475817,0.243671534205201,0.352794025802477,0.3361112053920534,0.37006324322232986,39.94946475086814,44.7826176960751,3.8051802417175207,4.1975195281675814,1.1010142990938772,Coupled expansion,True,False,False,True,False,13260927.5
2015-2024,2015,2024,9,GMB,"Gambia, The",Global_South,Global South,619.536364296461,758.96588872906,0.228812481203886,0.178370340740612,0.20298543522396706,-0.2490408538634561,22.505462547131327,-22.04518748185199,2.28102002431938,-2.729186515729798,-1.226890262292332,Absolute decoupling,True,True,False,False,True,2492258.5
2015-2024,2015,2024,9,GNB,Guinea-Bissau,Global_South,Global South,645.066837207039,793.692157673779,0.202915603342258,0.155449923501557,0.20734174032555597,-0.26646650111753,23.040297825609258,-23.391833382394232,2.3305394889387765,-2.917338406912273,-1.2851560939883102,Absolute decoupling,True,True,False,False,True,1993904.5
2015-2024,2015,2024,9,GNQ,Equatorial Guinea,Global_South,Global South,9068.91003238645,5041.94038551173,3.71883517902943,2.55052004844345,-0.5870610789544575,-0.3771132163913624,-44.404119486176455,-31.41615786507903,-6.314710872195384,-4.103573588342979,,"Economic contraction, emissions falling",False,False,False,False,False,1673219.5
2015-2024,2015,2024,9,GRC,Greece,Europe_NorthAmerica,Europe & North America,17980.7298238137,21494.6856060599,6.41834866895798,5.04642227577271,0.17850510437775746,-0.24048133597508525,19.542898517902806,-21.37506801119301,2.00318991528341,-2.6366323696539906,-1.3471958508602195,Absolute decoupling,True,True,False,False,True,10613008.5
2015-2024,2015,2024,9,GRD,Grenada,Global_South,Global South,8694.12438005692,10196.0049872434,1.02113781436395,1.50076360626925,0.1593485367619678,0.38505653955975655,17.27466207674202,46.96974151369089,1.7863062603403757,4.371249118824827,2.4164422679007567,Coupled expansion,True,False,False,True,False,115941.5
2015-2024,2015,2024,9,GTM,Guatemala,Global_South,Global South,3893.50533299068,4563.09590652717,1.06172507283645,1.1066501528086,0.15869145427936715,0.04144255948451974,17.197628262195174,4.231328911931076,1.7788751984101125,0.4615346886919003,0.26115180349637795,Relative decoupling,True,False,True,False,True,17189051.0
2015-2024,2015,2024,9,GUY,Guyana,Global_South,Global South,5640.41560569466,33034.9576389333,2.73412223026143,4.55860818422139,1.76760857142434,0.5112069093914091,485.6830409018204,66.73022638733697,21.701477249214385,5.844491298372367,0.28920820913392514,Relative decoupling,True,False,True,False,True,794934.0
2015-2024,2015,2024,9,HKG,"Hong Kong SAR, China",DevelopedAsia_Oceania,Developed Asia & Oceania,42432.1619740441,44712.7654725532,6.06825943247432,4.60070971943488,0.05235243007276935,-0.2768612363427627,5.374704922893536,-24.18403051764465,0.5833887903026191,-3.0294012978084983,-5.288412323132439,Absolute decoupling,True,True,False,False,True,7407700.0
2015-2024,2015,2024,9,HND,Honduras,Global_South,Global South,2271.20265980349,2573.37159995648,1.17120740302502,1.13551979026212,0.12490744843096735,-0.03094467400572415,13.304358325255583,-3.047078824017435,1.397536031456914,-0.34323929369403094,-0.24774082246045043,Absolute decoupling,True,True,False,False,True,10031504.0
2015-2024,2015,2024,9,HRV,Croatia,Europe_NorthAmerica,Europe & North America,12283.7840620053,17854.2091012685,4.34144843408463,4.83151414825927,0.37395926079808284,0.10695187378393078,45.34779357195746,11.28806944537548,4.242635444533405,1.1954431340240212,0.2859987303314273,Relative decoupling,True,False,True,False,True,4008962.5
2015-2024,2015,2024,9,HTI,Haiti,Global_South,Global South,1411.12684746796,1154.87300909888,0.332026955191185,0.298473814991934,-0.20039817871829158,-0.10653394894083701,-18.15951831891558,-10.105547057145026,-2.2020396324221925,-1.1767322519275925,,"Economic contraction, emissions falling",False,False,False,False,False,11147899.5
2015-2024,2015,2024,9,HUN,Hungary,Europe_NorthAmerica,Europe & North America,12782.9412577973,16518.6369936397,4.85223400666785,4.45791782423566,0.2563776904131565,-0.08475741735966502,29.224070270711056,-8.126487343568511,2.8896028089722803,-0.9373285128815412,-0.3305959158266742,Absolute decoupling,True,True,False,False,True,9679910.0
2015-2024,2015,2024,9,IDN,Indonesia,Global_South,Global South,3288.22269725538,4367.86266621191,1.95721455259026,2.86503978188758,0.2839265918536231,0.3810599197277392,32.8335416532975,46.38353153954766,3.2050292686033766,4.324911385478658,1.3421071877768769,Coupled expansion,True,False,False,True,False,272643590.0
2015-2024,2015,2024,9,IND,India,India,India,1583.99815907985,2396.94999213544,1.71550269097521,2.17365173535787,0.41424496135153,0.23670242859924184,51.3227763804875,26.706401965607917,4.710291054065863,2.6649173983397834,0.5714068985340661,Relative decoupling,True,False,True,False,True,1389480144.5
2015-2024,2015,2024,9,IRL,Ireland,Europe_NorthAmerica,Europe & North America,64250.1385181257,94474.9879707069,8.00687883789665,6.03605774131313,0.385551242210612,-0.2825499199385033,47.042465821383985,-24.614099157534387,4.376986246900971,-3.0906747148312985,-0.7328466076738952,Absolute decoupling,True,True,False,False,True,5048873.5
2015-2024,2015,2024,9,IRN,"Iran, Islamic Rep.",Global_South,Global South,4952.73355532178,5834.44296939863,7.61916074830014,9.05329342087712,0.16383913994248722,0.1724623798057392,17.80248027131288,18.822711843911975,1.837105811613049,1.9347265479120912,1.0526323555304247,Coupled expansion,True,False,False,True,False,87093550.0
2015-2024,2015,2024,9,IRQ,Iraq,Global_South,Global South,4440.14189252367,4180.29619477317,3.67151586099612,5.18375227496016,-0.060304229689300826,0.34492455351032114,-5.852193556877793,41.18833940033024,-0.6678071870440339,3.906882384495125,,"Economic contraction, emissions rising",False,False,False,False,False,41801275.0
2015-2024,2015,2024,9,ISL,Iceland,Europe_NorthAmerica,Europe & North America,53505.6964079339,59307.1777759714,10.9704819914454,8.5199194837855,0.1029422172834682,-0.2528013200182184,10.842735928164204,-22.337783422558864,1.150368845861438,-2.7698206485067822,-2.45575942202691,Absolute decoupling,True,True,False,False,True,358660.5
2015-2024,2015,2024,9,ISR,Israel,DevelopedAsia_Oceania,Developed Asia & Oceania,36213.1041481958,41845.1660567523,8.11347119962769,5.78134023099134,0.14455523748222987,-0.338890261626148,15.552552152138865,-28.74393599552514,1.6191375421278131,-3.6954358814251687,-2.3443651543086266,Absolute decoupling,True,True,False,False,True,9177250.0
2015-2024,2015,2024,9,ITA,Italy,Europe_NorthAmerica,Europe & North America,30639.8829751432,34495.2545799636,5.87319309166979,5.07573834102673,0.11851924065382846,-0.14592645359718004,12.582853557071738,-13.577873878761537,1.3255895096338177,-1.6083310247360871,-1.2312469502180046,Absolute decoupling,True,True,False,False,True,59591154.5
2015-2024,2015,2024,9,JAM,Jamaica,Global_South,Global South,5339.30718256806,6096.4327030963,2.53581223278647,2.84378384565939,0.13260789388145433,0.11462151228214279,14.180220291503831,12.144890260053142,1.4843294004760699,1.2817168299734005,0.8643641711451161,Relative decoupling,True,False,True,False,True,2820854.5
2015-2024,2015,2024,9,JOR,Jordan,Global_South,Global South,4042.75678097555,4016.83429143296,2.68560794130457,2.0898692239058,-0.006432728087318651,-0.2508056319487523,-0.6412082385113038,-22.182639105147338,-0.07144921940621662,-2.748258134711845,,"Economic contraction, emissions falling",False,False,False,False,False,10548802.5
2015-2024,2015,2024,9,JPN,Japan,DevelopedAsia_Oceania,Developed Asia & Oceania,34960.6393843385,37152.5636003552,9.69456115651128,7.84242057238933,0.06080993587615602,-0.2120174895527529,6.269691443339687,-19.104945074052935,0.6779537262508795,-2.3282187086221984,-3.48655999217862,Absolute decoupling,True,True,False,False,True,125558185.5
2015-2024,2015,2024,9,KAZ,Kazakhstan,Global_South,Global South,10196.1226255982,11872.7842626298,11.2116791211142,12.5678187536661,0.15224123082537666,0.11418346593829432,16.444110164212876,12.095776358761224,1.705957277144332,1.2767873848528843,0.7500167025663681,Relative decoupling,True,False,True,False,True,19338370.0
2015-2024,2015,2024,9,KEN,Kenya,Global_South,Global South,1489.11959777284,1860.02287047776,0.361032749251909,0.38344092060836,0.2224037122607161,0.060216883399867194,24.907554319992254,6.206686624103419,2.5019383952290752,0.671319799294201,0.2707548484140276,Relative decoupling,True,False,True,False,True,51760735.0
2015-2024,2015,2024,9,KGZ,Kyrgyz Republic,Global_South,Global South,1105.65193844261,1391.68404329929,1.70796995249697,1.48784220370685,0.2300794052247035,-0.13797861810504214,25.869995331403906,-12.888268231434862,2.589394951280388,-1.5214036702776546,-0.5996999947487149,Absolute decoupling,True,True,False,False,True,6630952.0
2015-2024,2015,2024,9,KHM,Cambodia,Global_South,Global South,1547.32010444393,2182.71843902341,0.54531544042914,1.10207037315065,0.3440466206604986,0.7035814301499963,41.06443991483113,102.09777524057775,3.8967469604745952,8.13126442465637,2.045017703703251,Coupled expansion,True,False,False,True,False,16631026.0
2015-2024,2015,2024,9,KIR,Kiribati,Global_South,Global South,1639.85274740652,2041.87601786956,0.533321919274066,0.592485763986976,0.21926255223240965,0.10520162772480757,24.51581528273512,11.093458298777815,2.46616963847921,1.1757653890750674,0.47979751514202024,Relative decoupling,True,False,True,False,True,125666.5
2015-2024,2015,2024,9,KNA,St. Kitts and Nevis,Global_South,Global South,20328.8003530109,21692.2406392872,2.16407925754455,2.88410221377794,0.06491600518174678,0.2872186746690044,6.7069392320259436,33.27156127591908,0.7238965007487774,3.242787229791677,4.424466260129099,Coupled expansion,True,False,False,True,False,46965.0
2015-2024,2015,2024,9,KOR,"Korea, Rep.",DevelopedAsia_Oceania,Developed Asia & Oceania,30171.7906545222,37048.4264001496,12.6198190502874,11.3622569893006,0.20531847494458155,-0.10497144648658807,22.79160631984802,-9.964976961838145,2.307537425888362,-1.1595739182637455,-0.5112615730996511,Absolute decoupling,True,True,False,False,True,51383006.0
2015-2024,2015,2024,9,KWT,Kuwait,Global_South,Global South,29882.2126495698,23867.826500295,24.9282188842881,23.6726718577295,-0.22473202821458393,-0.051679153655630916,-20.126977275096046,-5.036649559226869,-2.46610480350693,-0.5725673675615273,,"Economic contraction, emissions falling",False,False,False,False,False,4365918.5
2015-2024,2015,2024,9,LAO,Lao PDR,Global_South,Global South,2121.01339097363,2721.07810663082,1.31255012574164,3.35435098295083,0.24913417542733285,0.9382863982099215,28.29141570774043,155.5598386046777,2.8068269705717075,10.988237833500492,3.7661890288656914,Coupled expansion,True,False,False,True,False,7285732.0
2015-2024,2015,2024,9,LBR,Liberia,Global_South,Global South,692.590082351257,665.101337624192,0.264624586135088,0.154485706553412,-0.04049889596828393,-0.5382105876455618,-3.9689775276226857,-41.62080371679875,-0.44897680510069815,-5.804820279000267,,"Economic contraction, emissions falling",False,False,False,False,False,5136124.0
2015-2024,2015,2024,9,LBY,Libya,Global_South,Global South,7458.48917756374,7696.0807819319,8.3409996510926,8.66457129316627,0.03135833933077592,0.03805937482685939,3.1855191944620165,3.8792909196595504,0.34903370152599145,0.4237773499343733,1.213692294907559,Coupled expansion,True,False,False,True,False,6956421.0
2015-2024,2015,2024,9,LCA,St. Lucia,Global_South,Global South,10334.9860823918,11854.9517233237,1.04285183385266,1.71076642335766,0.13721080076149406,0.4949823626366905,14.706992624997861,64.0469305248752,1.5362452215509803,5.653854416744841,3.6074591787937376,Coupled expansion,True,False,False,True,False,177324.5
2015-2024,2015,2024,9,LKA,Sri Lanka,Global_South,Global South,4057.7158346231,4186.4986638365,0.939966618979494,1.06473352801606,0.031244530518263147,0.12463547549099721,3.173776441281073,13.273546795951475,0.3477647535089501,1.3944719237568126,3.9890333899606816,Coupled expansion,True,False,False,True,False,21443000.0
2015-2024,2015,2024,9,LSO,Lesotho,Global_South,Global South,1121.19851342518,991.069661910744,0.283472812790582,0.428078272524913,-0.12336866699015037,0.4121898384691044,-11.606227617703635,51.01210881946534,-1.3614107918223484,4.686383504314806,,"Economic contraction, emissions rising",False,False,False,False,False,2221017.0
2015-2024,2015,2024,9,LTU,Lithuania,Europe_NorthAmerica,Europe & North America,14269.8039878287,19092.6451176955,4.69257592209704,4.49056496639174,0.2911574930883596,-0.044003147260894604,33.79752892177357,-4.304905430598216,3.2879809620657507,-0.4877305713048563,-0.1511317699371064,Absolute decoupling,True,True,False,False,True,2899693.5
2015-2024,2015,2024,9,LUX,Luxembourg,Europe_NorthAmerica,Europe & North America,105462.012584423,104147.1739928,16.3436352272807,10.5572722492364,-0.012545784457135056,-0.43702360363893433,-1.2467414184520131,-35.40438156858603,-0.13930049174756265,-4.739808295413495,,"Economic contraction, emissions falling",False,False,False,False,False,623308.0
2015-2024,2015,2024,9,LVA,Latvia,Europe_NorthAmerica,Europe & North America,13321.9753140616,16374.773539624,3.86745667695055,3.647774745944,0.20632700081558042,-0.05847977854808173,22.91550729973302,-5.680268697405733,2.319002490287403,-0.6476688423074028,-0.28343250431072875,Absolute decoupling,True,True,False,False,True,1921825.5
2015-2024,2015,2024,9,MAC,"Macao SAR, China",DevelopedAsia_Oceania,Developed Asia & Oceania,69902.9605741233,63377.2932129214,4.29149167833256,2.52532751091703,-0.09800235668924095,-0.5302636214597133,-9.335323293327813,-41.1550178771817,-1.083007855105489,-5.721609557239116,,"Economic contraction, emissions falling",False,False,False,False,False,664950.0
2015-2024,2015,2024,9,MAR,Morocco,Global_South,Global South,3146.24780273438,3516.15405273438,1.76683506518859,1.83925269318779,0.11115722454285937,0.040169496849655095,11.757060256935903,4.098720329136674,1.2427388866299793,0.44732526856976484,0.36137549326959645,Relative decoupling,True,False,True,False,True,36344380.5
2015-2024,2015,2024,9,MDA,Moldova,Europe_NorthAmerica,Europe & North America,2749.55137054338,3851.51202518347,2.92639787755758,3.41675873098598,0.3370280446280365,0.15492008882771224,40.07783474954005,16.756465591673518,3.8157555206038474,1.7362346515797489,0.4596652750327972,Relative decoupling,True,False,True,False,True,2619142.0
2015-2024,2015,2024,9,MDG,Madagascar,Global_South,Global South,445.320069480568,453.383067004772,0.134437411505432,0.146494805123461,0.017944109788424534,0.08589121915061693,1.8106072635821313,8.968778469482675,0.19957788973372637,0.9589152905473242,4.786596836697021,Coupled expansion,True,False,False,True,False,28695829.0
2015-2024,2015,2024,9,MDV,Maldives,Global_South,Global South,9644.90655028145,11798.791369146,3.7098800898742,3.56650922036609,0.20156714250019725,-0.03941224730559867,22.331837095940486,-3.8645688279637214,2.264903024667353,-0.43695641431591437,-0.19552912650711463,Absolute decoupling,True,True,False,False,True,477976.5
2015-2024,2015,2024,9,MEX,Mexico,Global_South,Global South,10021.2386118827,10316.4611902215,4.05069677949307,3.63738680384754,0.029034091345284452,-0.10762339784357078,2.945968954264111,-10.203429141819253,0.3231219320324774,-1.1886940724370465,-3.7067940774750765,Absolute decoupling,True,True,False,False,True,125966656.5
2015-2024,2015,2024,9,MHL,Marshall Islands,Global_South,Global South,3764.34426229508,5811.03355673487,0.0020491803278688,0.0026632576968147,0.43418476840625786,0.2621101983843648,54.37040695082291,29.96697560456063,4.942537456230833,2.955158736555452,0.6036835408724278,Relative decoupling,True,False,True,False,True,43174.0
2015-2024,2015,2024,9,MKD,North Macedonia,Europe_NorthAmerica,Europe & North America,5262.68671928674,6628.84686594032,4.14802110404041,3.99992545326879,0.23078918288625339,-0.03635565385379147,25.95936675551773,-3.5702723553495574,2.597485899302354,-0.4031369220537262,-0.1575275469982044,Absolute decoupling,True,True,False,False,True,1868394.5
2015-2024,2015,2024,9,MLI,Mali,Global_South,Global South,838.11986940103,909.755317910813,0.189920713265439,0.302799241541437,0.08201454944193554,0.46646333027899667,8.547160272071629,59.43455368042745,0.9154375029732043,5.319590335472779,5.687568040707731,Coupled expansion,True,False,False,True,False,21535808.5
2015-2024,2015,2024,9,MLT,Malta,Europe_NorthAmerica,Europe & North America,25529.6813337717,34670.0815997119,3.76435099725361,3.17888641409729,0.306035364160298,-0.16904451728846492,35.80303313010356,-15.55286910236221,3.458867198231297,-1.8607428008725058,-0.5523692261915236,Absolute decoupling,True,True,False,False,True,506533.5
2015-2024,2015,2024,9,MMR,Myanmar,Global_South,Global South,1166.73305547935,1158.47928099316,0.386395865290602,0.575463259318228,-0.007099402513559561,0.3983129831128923,-0.7074261286613481,48.93100858763886,-0.07885114628273238,4.525094790537465,,"Economic contraction, emissions rising",False,False,False,False,False,52794573.5
2015-2024,2015,2024,9,MNG,Mongolia,Global_South,Global South,3838.92126989984,4626.79609644243,5.95530555717072,7.84665630954259,0.18667323291715654,0.2758049807050764,20.523339009844953,31.759088332495633,2.095806955659718,3.111938931083613,1.4774747101930545,Coupled expansion,True,False,False,True,False,3275826.0
2015-2024,2015,2024,9,MOZ,Mozambique,Global_South,Global South,610.563774706589,605.604720848519,0.243268951299953,0.292006477521244,-0.008155253751369607,0.1826083585471059,-0.8122089883981554,20.03442114616474,-0.09057288854623646,2.049705519697742,,"Economic contraction, emissions rising",False,False,False,False,False,30589669.0
2015-2024,2015,2024,9,MRT,Mauritania,Global_South,Global South,1554.94897871782,1688.6139322919,0.695166036764374,0.969475151347498,0.08246530003494801,0.33260412512363924,8.596098997685298,39.459510401268446,0.9204918176850541,3.7647377775736235,4.033261565563755,Coupled expansion,True,False,False,True,False,4567677.0
2015-2024,2015,2024,9,MUS,Mauritius,Global_South,Global South,9630.5437837507,11934.770909957,3.16000186874594,3.53634151803811,0.21451637290277858,0.11252010429317494,23.92624111313586,11.90947552956738,2.412148015490123,1.258071345138867,0.5245292131811795,Relative decoupling,True,False,True,False,True,1254329.0
2015-2024,2015,2024,9,MWI,Malawi,Global_South,Global South,539.605363240686,551.95152347056,0.287318193984204,0.221419380007265,0.02262215904716136,-0.2605317411055392,2.287998057641083,-22.935830503153575,0.25167349011250284,-2.8532992618595765,-11.516661188810396,Absolute decoupling,True,True,False,False,True,19370436.5
2015-2024,2015,2024,9,MYS,Malaysia,Global_South,Global South,9648.6797937523,11883.79127749,8.09596053481984,8.32321620146515,0.2083542970707395,0.027683504931586,23.164946205230883,2.8070253760243524,2.3420529674847312,0.308068056540578,0.13286745375924272,Relative decoupling,True,False,True,False,True,33395235.5
2015-2024,2015,2024,9,NAM,Namibia,Global_South,Global South,4774.10650865775,4034.35053463284,1.50195847197069,1.20450237960009,-0.1683615070109692,-0.22070338580905013,-15.495171142147212,-19.80454838943142,-1.8532947270040512,-2.4224362321588977,,"Economic contraction, emissions falling",False,False,False,False,False,2702215.5
2015-2024,2015,2024,9,NER,Niger,Global_South,Global South,485.662574175279,595.151744559316,0.108819188928427,0.118901709547783,0.20330231495517825,0.08860949392536455,22.544288196380947,9.26538850237848,2.2846212857319914,0.9894125706170209,0.4358508851456027,Relative decoupling,True,False,True,False,True,23485955.0
2015-2024,2015,2024,9,NGA,Nigeria,Global_South,Global South,2585.73360671797,2324.64881202751,0.621244733321397,0.566917637661195,-0.10644028235990532,-0.09151106650411434,-10.097126556739566,-8.744878265566925,-1.175703753508217,-1.011637797962972,,"Economic contraction, emissions falling",False,False,False,False,False,211675678.0
2015-2024,2015,2024,9,NIC,Nicaragua,Global_South,Global South,2074.45620634731,2290.47162505995,0.893922139285724,0.829841501184187,0.0990586960629285,-0.07438395873287164,10.41311058057952,-7.168480931990306,1.10673163866426,-0.8230824046662644,-0.750907913078304,Absolute decoupling,True,True,False,False,True,6532778.5
2015-2024,2015,2024,9,NLD,Netherlands,Europe_NorthAmerica,Europe & North America,45793.8135434697,51178.5256968147,9.99734178248626,6.60188395966651,0.1111710175536782,-0.4149641791717611,11.758601733907902,-33.96360649355859,1.2428940469925376,-4.506034694762439,-3.7326651163501166,Absolute decoupling,True,True,False,False,True,17466704.0
2015-2024,2015,2024,9,NOR,Norway,Europe_NorthAmerica,Europe & North America,74809.9658049898,79667.5272314776,9.24221086700149,7.17830173255862,0.06291095648104061,-0.2527183007689904,6.4932009715793715,-22.331335696006217,0.7014594092773052,-2.768923758093267,-4.017079295959388,Absolute decoupling,True,True,False,False,True,5380443.0
2015-2024,2015,2024,9,NPL,Nepal,Global_South,Global South,875.543635474862,1179.81272768386,0.263161214520219,0.535964084109792,0.2982660083943527,0.7113003242208061,34.75201918908055,103.66378270708778,3.369593654059555,8.224043513615499,2.3847850717214807,Coupled expansion,True,False,False,True,False,28737341.5
2015-2024,2015,2024,9,NZL,New Zealand,DevelopedAsia_Oceania,Developed Asia & Oceania,38665.3723018158,42408.2378731636,7.67750683386124,6.01694562647754,0.09239820590264713,-0.24371510390039575,9.680148796011935,-21.628912136683265,1.0319348310205756,-2.671609478324033,-2.6376605640717696,Absolute decoupling,True,True,False,False,True,4948450.0
2015-2024,2015,2024,9,OMN,Oman,Global_South,Global South,18808.3077921839,17347.2911339051,18.9549319636454,18.6519911434889,-0.08086231247216702,-0.016111255483037823,-7.7679325244025215,-1.598216341464731,-0.8944459566725294,-0.1788538154089525,,"Economic contraction, emissions falling",False,False,False,False,False,4733216.5
2015-2024,2015,2024,9,PAK,Pakistan,Global_South,Global South,1380.47020838317,1634.56735260799,0.820485873767654,0.811831809174961,0.16895398134425754,-0.010603506618212383,18.40656485607348,-1.0547487616031415,1.8949978877699447,-0.11774736352945236,-0.0627597321699503,Absolute decoupling,True,True,False,False,True,234280023.5
2015-2024,2015,2024,9,PAN,Panama,Global_South,Global South,14082.6548434996,17122.720655567,2.68464798922232,2.73829900364892,0.19546238770319135,0.019787309379278084,21.587306128365903,1.9984375844425362,2.1955596389791943,0.22010086021038155,0.10123333502568797,Relative decoupling,True,False,True,False,True,4237806.0
2015-2024,2015,2024,9,PER,Peru,Global_South,Global South,6231.71150338894,6711.19403272527,1.80255174406388,2.02424185179617,0.0741258686819517,0.11599193968428456,7.694235027978702,12.298682046845787,0.8270218498801052,1.2971401419818784,1.5647970370771045,Coupled expansion,True,False,False,True,False,32337724.0
2015-2024,2015,2024,9,PHL,Philippines,Global_South,Global South,2909.85818010301,3925.3048697218,1.07477147738809,1.5030109111702,0.2993396773963841,0.33536231053116355,34.896775951563484,39.84469655101171,3.38192602614511,3.7965429159678044,1.120340321898184,Coupled expansion,True,False,False,True,False,110578331.0
2015-2024,2015,2024,9,PNG,Papua New Guinea,Global_South,Global South,2484.5963398603,2564.73748186493,0.683258826298608,0.516966762734976,0.03174591946751715,-0.27889515910662516,3.2255196032823674,-24.33807763076836,0.35335527148989687,-3.05131334487303,-8.785228583219787,Absolute decoupling,True,True,False,False,True,9659874.0
2015-2024,2015,2024,9,POL,Poland,Europe_NorthAmerica,Europe & North America,12637.5220324406,18000.5034591285,8.05009433373176,7.55108565871718,0.3537293996938722,-0.06399246105792589,42.436969944907624,-6.198792887725768,4.008585916248353,-0.708505526141312,-0.1809079514264487,Absolute decoupling,True,True,False,False,True,37272822.5
2015-2024,2015,2024,9,PRI,Puerto Rico (US),Global_South,Global South,29242.041465085,30971.2620550191,3.42193169375025,4.81694630060609,0.05745229405157559,0.34193496533814716,5.913474242209671,40.76687472761855,0.640400675197883,3.872372695734061,5.951632932728294,Coupled expansion,True,False,False,True,False,3369231.0
2015-2024,2015,2024,9,PRT,Portugal,Europe_NorthAmerica,Europe & North America,19215.7813014347,22647.3791895579,4.99335011637296,3.32476489948602,0.1643122519571314,-0.4067080858182255,17.858227226321375,-33.41614703554888,1.8424593254675825,-4.418393714428747,-2.4752146049604047,Absolute decoupling,True,True,False,False,True,10526378.5
2015-2024,2015,2024,9,PRY,Paraguay,Global_South,Global South,5879.33792308762,6640.83816613117,1.08148865183778,1.1581935050359,0.12179402790451554,0.06852299461317114,12.952142792357634,7.092525017971751,1.3624650790621695,0.7642723721906552,0.5626137487372699,Relative decoupling,True,False,True,False,True,6544128.0
2015-2024,2015,2024,9,PYF,French Polynesia,Global_South,Global South,19166.9594761931,20846.6514059991,3.61973037363333,3.45591131519089,0.08400539528050821,-0.046313351143184356,8.763476188762699,-4.525725441754547,0.9377629808924981,-0.513271029979756,-0.5513140077317207,Absolute decoupling,True,True,False,False,True,279836.5
2015-2024,2015,2024,9,QAT,Qatar,Global_South,Global South,68985.2433380102,62157.3751791848,48.6591283555913,47.3321641445828,-0.10422313873770861,-0.027649356782273316,-9.897577841931394,-2.72706120280517,-1.15135545918984,-0.3067436527299794,,"Economic contraction, emissions falling",False,False,False,False,False,2601189.5
2015-2024,2015,2024,9,ROU,Romania,Europe_NorthAmerica,Europe & North America,8977.01748158196,12459.9112061891,4.0525613738175,3.72055055783694,0.32784868887758023,-0.08547746244070487,38.7978939748415,-8.192616603553304,3.7099248604684387,-0.9452537057740851,-0.260722294584568,Absolute decoupling,True,True,False,False,True,19433710.0
2015-2024,2015,2024,9,RUS,Russian Federation,Europe_NorthAmerica,Europe & North America,9277.7138671875,11043.259765625,12.1481277789029,13.9977718566194,0.1742050999609539,0.14172309820868856,19.029967120259194,15.225754218100107,1.9544666482067097,1.5871648451904363,0.8135416141114937,Relative decoupling,True,False,True,False,True,144087283.5
2015-2024,2015,2024,9,RWA,Rwanda,Global_South,Global South,733.998629882494,1070.45003770926,0.0951200951338408,0.162128792997641,0.3773272730525443,0.5332507853489932,45.838152024974235,70.4464159434598,4.281652797308677,6.104056028978833,1.4132314927437961,Coupled expansion,True,False,False,True,False,12948294.5
2015-2024,2015,2024,9,SAU,Saudi Arabia,Global_South,Global South,23256.1549553531,24963.3322139095,20.5071259148746,18.4845842582552,0.07083821048918715,-0.10383532997399536,7.340754573719677,-9.862628556605157,0.7901969335598391,-1.147095992905689,-1.4658096140054941,Absolute decoupling,True,True,False,False,True,32558331.0
2015-2024,2015,2024,9,SDN,Sudan,Global_South,Global South,1292.37963867188,578.38916015625,0.538628519166206,0.433463815698253,-0.8039935495783368,-0.21721780691975612,-55.24618750952821,-19.524533092073813,-8.54586686670653,-2.3846384359715422,,"Economic contraction, emissions falling",False,False,False,False,False,45236697.0
2015-2024,2015,2024,9,SEN,Senegal,Global_South,Global South,1218.00613555438,1511.89280670234,0.631685802233911,0.767609570951958,0.21614717353004842,0.19488911056336827,24.12850498607686,21.51762288108463,2.430706785222725,2.1890502487269314,0.9016500534358138,Relative decoupling,True,False,True,False,True,16547657.5
2015-2024,2015,2024,9,SGP,Singapore,DevelopedAsia_Oceania,Developed Asia & Oceania,55645.6068614606,67706.8336149739,9.9683071478565,9.75144363129176,0.1961839821704121,-0.02199543616174182,21.675074518536384,-2.17553004083918,2.203753717509338,-0.24409533678007023,-0.11211637116549013,Absolute decoupling,True,True,False,False,True,5785931.0
2015-2024,2015,2024,9,SLB,Solomon Islands,Global_South,Global South,2045.47721526649,1806.38367324387,0.521726890986292,0.383912070097827,-0.12430424328129686,-0.30673071137626373,-11.688888061824231,-26.41512700791302,-1.3716640283812032,-3.3506968265104686,,"Economic contraction, emissions falling",False,False,False,False,False,729306.5
2015-2024,2015,2024,9,SLE,Sierra Leone,Global_South,Global South,964.575980888989,1137.29005673054,0.145275663555545,0.16915022896262,0.16471496154630216,0.1521541832995581,17.90569942270086,16.433974433678465,1.8470164201943806,1.7049735872412208,0.9237423356759661,Relative decoupling,True,False,True,False,True,7839838.5
2015-2024,2015,2024,9,SLV,El Salvador,Global_South,Global South,3790.34089108162,4585.22599757795,1.17485133438427,1.50569728627702,0.19038343520632317,0.24811448838230882,20.971335543107237,28.16066528673977,2.1379040874100363,2.7951797648786636,1.303235694394426,Coupled expansion,True,False,False,True,False,6260934.5
2015-2024,2015,2024,9,SOM,"Somalia, Fed. Rep.",Global_South,Global South,445.583080073396,467.269910194415,0.0595713916231977,0.0455149206821494,0.04752334008367054,-0.26913525322842613,4.867067689699245,-23.596009020501985,0.5294336850584891,-2.946121867823248,-5.663222592405779,Absolute decoupling,True,True,False,False,True,16408057.0
2015-2024,2015,2024,9,STP,Sao Tome and Principe,Global_South,Global South,1298.10946596396,1368.14347554019,0.702477894663265,0.627080361388493,0.05254574442295201,-0.1135392335374914,5.395077334577714,-10.733082684532603,0.5855492815547647,-1.2536228919276304,-2.1607693407783826,Absolute decoupling,True,True,False,False,True,217913.5
2015-2024,2015,2024,9,SUR,Suriname,Global_South,Global South,8813.61705392067,7246.2576795921,4.68702450195744,4.06111933370217,-0.19581276452349172,-0.14333931299663116,-17.78338410597662,-13.353998213448094,-2.152199808632571,-1.580043283403798,,"Economic contraction, emissions falling",False,False,False,False,False,608029.0
2015-2024,2015,2024,9,SVK,Slovak Republic,Europe_NorthAmerica,Europe & North America,16442.0760860018,19776.1758069498,6.36564652722325,5.51311685631444,0.18463430689172533,-0.1437856663351662,20.277851188065842,-13.392664315602376,2.0726800423301217,-1.5849242819510057,-0.7787592065405596,Absolute decoupling,True,True,False,False,True,5422935.0
2015-2024,2015,2024,9,SVN,Slovenia,Europe_NorthAmerica,Europe & North America,20697.2748530619,26134.627203987,6.92739774687175,6.26652251574692,0.23325910582508413,-0.10026265908317211,26.270861210120678,-9.540021452114056,2.6256461947665954,-1.1078472151874963,-0.4298338481943632,Absolute decoupling,True,True,False,False,True,2095465.5
2015-2024,2015,2024,9,SWE,Sweden,Europe_NorthAmerica,Europe & North America,51188.1652120493,54209.9474264877,4.37800649972355,3.57381645984766,0.05735606633527013,-0.202959422581654,5.9032829208090165,-18.368863543867985,0.6393246369587047,-2.229867275473374,-3.5385868583677187,Absolute decoupling,True,True,False,False,True,10184447.5
2015-2024,2015,2024,9,SWZ,Eswatini,Global_South,Global South,3419.82276559528,3864.20550510839,0.858320652635208,0.880335237065324,0.12216737268158084,0.025325035447646554,12.994320757899146,2.5648438450743383,1.3666699603796628,0.2817855539949621,0.20729786432957156,Relative decoupling,True,False,True,False,True,1192817.5
2015-2024,2015,2024,9,SYC,Seychelles,Global_South,Global South,15333.1051727105,16586.4074964781,10.5631616694677,7.23667946668425,0.07856930675874807,-0.3782101699913911,8.173832434138495,-31.49134990898118,0.876813988001901,-4.115261090534994,-4.813713975518569,Absolute decoupling,True,True,False,False,True,107386.5
2015-2024,2015,2024,9,TCA,Turks and Caicos Islands,Global_South,Global South,29457.0140691162,57179.29601876,2.18549378500205,4.92317610400774,0.6632598246787342,0.8121120802465005,94.11097093750868,125.26607660900399,7.647900657420381,9.443108982496607,1.2244252554266595,Coupled expansion,True,False,False,True,False,41570.0
2015-2024,2015,2024,9,TCD,Chad,Global_South,Global South,993.990730610869,849.707321000625,0.110147579596714,0.142508619707364,-0.1568359193166904,0.25758138774896344,-14.515568925031486,29.37971059294653,-1.7275254952275665,2.9033646115413037,,"Economic contraction, emissions rising",False,False,False,False,False,17473372.0
2015-2024,2015,2024,9,TGO,Togo,Global_South,Global South,751.051987587248,931.029965529857,0.201743528645689,0.276146592685668,0.21481658929800407,0.31393462710509445,23.96345138780447,36.88002511874815,2.4155642731245486,3.5497124814393377,1.4614077438385775,Coupled expansion,True,False,False,True,False,8589215.5
2015-2024,2015,2024,9,THA,Thailand,Global_South,Global South,5688.85335397884,6574.46109387985,3.99014074054595,3.96005269352319,0.14468390347785132,-0.007569171976360867,15.567420792831822,-0.7540597933556326,1.6205903222353157,-0.0840665551037234,-0.05231523199482643,Absolute decoupling,True,True,False,False,True,71104403.0
2015-2024,2015,2024,9,TJK,Tajikistan,Global_South,Global South,956.916310930656,1496.33813395037,0.589055327261958,0.922478268427306,0.44706022012665336,0.4485437049059611,56.37084631728102,56.60299223761574,5.092776294038837,5.110100336668966,1.0033183108505774,Coupled expansion,True,False,False,True,False,9617383.5
2015-2024,2015,2024,9,TKM,Turkmenistan,Global_South,Global South,5759.497903834,8231.49544263659,10.9255651351321,10.8623686336296,0.35711740302152783,-0.0058010713084981624,42.92036528317911,-0.5784277583892217,4.047746779536632,-0.06443557923077048,-0.016244157409904945,Absolute decoupling,True,True,False,False,True,6855134.0
2015-2024,2015,2024,9,TLS,Timor-Leste,Global_South,Global South,1319.59295003154,1149.21888298011,0.57686674726648,0.499343870436187,-0.13824083845262436,-0.14431632169595632,-12.911107705399427,-13.438610770622528,-1.5242728608973244,-1.590726831719913,,"Economic contraction, emissions falling",False,False,False,False,False,1302884.5
2015-2024,2015,2024,9,TTO,Trinidad and Tobago,Global_South,Global South,19887.2327716498,16312.4849555716,27.2353106358828,19.5810522730943,-0.19814719375431267,-0.32995193863083605,-17.975089129414613,-28.104171327878813,-2.1775763801606396,-3.599743782239495,,"Economic contraction, emissions falling",False,False,False,False,False,1359000.0
2015-2024,2015,2024,9,TUN,Tunisia,Global_South,Global South,4014.94773686432,4006.20588267443,2.69429825515354,2.62113010481539,-0.002179700842459553,-0.027532220266635377,-0.2177327019632691,-2.715666322323329,-0.024215965711138487,-0.30544611976607294,,"Economic contraction, emissions falling",False,False,False,False,False,11839686.5
2015-2024,2015,2024,9,TUR,Turkiye,Global_South,Global South,11064.6494504662,15395.0278894893,4.70276339686943,5.37926453268486,0.3302893009015584,0.13440136814905723,39.137059501154425,14.385183321486439,3.738052639642553,1.5045546970890555,0.4069201387456238,Relative decoupling,True,False,True,False,True,81868570.0
2015-2024,2015,2024,9,TZA,Tanzania,Global_South,Global South,939.127319335938,1120.77416992188,0.253809224058563,0.311205530057348,0.17682388828515272,0.20387066382527763,19.342089921778125,22.613955900019466,1.984137316603829,2.2910807506799635,1.152958832669194,Coupled expansion,True,False,False,True,False,60290559.5
2015-2024,2015,2024,9,UGA,Uganda,Global_South,Global South,862.934610355811,986.090145363924,0.149085649404502,0.165048181856788,0.13340885768474298,0.10171647351371438,14.271711150550793,10.70695436887834,1.4933614995415567,1.1365937356556888,0.7624416795028668,Relative decoupling,True,False,True,False,True,43773269.0
2015-2024,2015,2024,9,UKR,Ukraine,Europe_NorthAmerica,Europe & North America,2094.47387695313,2219.04248046875,4.93846267555134,3.12934781865114,0.05777339862117703,-0.4562294652932466,5.947489003626605,-36.63315844942022,0.6439914162025051,-4.9428753321663415,-7.896877735803034,Absolute decoupling,True,True,False,False,True,41822558.5
2015-2024,2015,2024,9,URY,Uruguay,Global_South,Global South,17125.9016800298,18958.6033293537,2.04722838394224,2.56756948291319,0.10166579443929002,0.22647285440270748,10.701343985064327,25.416856421703017,1.1360242362634443,2.5482927575954717,2.2276209579805752,Coupled expansion,True,False,False,True,False,3377302.5
2015-2024,2015,2024,9,USA,United States,Europe_NorthAmerica,Europe & North America,56572.9188996063,66356.1706750101,15.9501022949136,13.6195685039144,0.15950635230078447,-0.15795762352853693,17.293171301210396,-14.61140341239312,1.7880911049630743,-1.7397728040596805,-0.9902904884356764,Absolute decoupling,True,True,False,False,True,330963054.5
2015-2024,2015,2024,9,UZB,Uzbekistan,Global_South,Global South,2803.19018021751,3890.41593075015,3.49764512064744,4.08501666540206,0.327757956294386,0.1552358885849756,38.785301054681966,16.7933430778104,3.7088793246958573,1.739804522900501,0.4736296575072176,Relative decoupling,True,False,True,False,True,33555602.5
2015-2024,2015,2024,9,VCT,St. Vincent and the Grenadines,Global_South,Global South,7353.73556054184,9485.18771201686,0.889117427075542,1.31191858153773,0.25452296995455015,0.38901659508386177,28.98461787111055,47.55290376579986,2.8684014990410844,4.417183217241605,1.5284144890864977,Coupled expansion,True,False,False,True,False,103788.0
2015-2024,2015,2024,9,VEN,"Venezuela, RB",Global_South,Global South,4103.1384987005,1501.02277449885,5.75436845431794,3.39410515757435,-1.0056054429418788,-0.5279191478383953,-63.41769172612046,-41.01689552000279,-10.571783974294247,-5.697047113772036,,"Economic contraction, emissions falling",False,False,False,False,False,29489757.5
2015-2024,2015,2024,9,VNM,Viet Nam,Global_South,Global South,2577.56885340113,4017.74604111554,2.16344818077591,4.26605675468195,0.44387440929602917,0.6789865950931353,55.87347107387946,97.18784080846112,5.0555822435012665,7.836171083081789,1.5296817768115685,Coupled expansion,True,False,False,True,False,96905470.0
2015-2024,2015,2024,9,VUT,Vanuatu,Global_South,Global South,2854.89412272653,2697.09183254533,0.598269078282306,0.869798674098549,-0.056860664096011426,0.3742211593571716,-5.527430559508528,45.385864934860635,-0.6297935905485552,4.245668932672242,,"Economic contraction, emissions rising",False,False,False,False,False,296939.0
2015-2024,2015,2024,9,WSM,Samoa,Global_South,Global South,4084.36083819933,4880.54418032056,1.62948132142609,1.60444731881166,0.17809147549590953,-0.01548240883583013,19.493462347274804,-1.5363172492533161,1.998502082408904,-0.17187888361402948,-0.0869351483147532,Absolute decoupling,True,True,False,False,True,209900.5
2015-2024,2015,2024,9,ZAF,South Africa,Global_South,Global South,6112.27382485974,5715.47531469148,8.14948651738695,6.87684962627712,-0.06712138858529393,-0.16979427734814334,-6.491831379582735,-15.616160458633288,-0.7430190696941841,-1.868918115375806,,"Economic contraction, emissions falling",False,False,False,False,False,60365362.0
2015-2024,2015,2024,9,ZMB,Zambia,Global_South,Global South,1295.87788680068,1343.38966380353,0.356605174836236,0.542961477377669,0.036007649420627175,0.42040915643858945,3.6663776337868548,52.258440340080185,0.40088640198807646,4.782032804233793,11.675551256554831,Coupled expansion,True,False,False,True,False,18857022.5
2015-2024,2015,2024,9,ZWE,Zimbabwe,Global_South,Global South,1387.12632595026,1417.71894115853,0.881442359972868,0.772821434267465,0.021814984800142767,-0.13151159275994065,2.2054671327293995,-12.323088909494494,0.24268271895162563,-1.4506156208268783,-6.028498023939947,Absolute decoupling,True,True,False,False,True,15516693.0
1990-2024,1990,2024,34,ABW,Aruba,Global_South,Global South,24763.6538099384,33373.9174591266,3.20303411789078,5.14838649937497,0.2983976745230965,0.47458484206932017,34.76976263386731,60.73467561954098,0.8815027724618174,1.4056250714645335,1.5904441709467358,Coupled expansion,True,False,False,True,False,85374.0
1990-2024,1990,2024,34,AGO,Angola,Global_South,Global South,2675.05239370666,2845.47779302975,0.965977313621804,0.741712294740973,0.0617620282001603,-0.2641789240342307,6.370918181790852,-23.216385697504528,0.18181811317192764,-0.7739860180155378,-4.277368016122648,Absolute decoupling,True,True,False,False,True,24756104.5
1990-2024,1990,2024,34,ALB,Albania,Europe_NorthAmerica,Europe & North America,1682.8810874018,6549.23387415397,2.02191239302586,1.7852214941728,1.358840819454195,-0.12450129886353467,289.1679526962495,-11.70628854491781,4.077528986783463,-0.365510668339486,-0.09162316665872833,Absolute decoupling,True,True,False,False,True,2831835.0
1990-2024,1990,2024,34,ARE,United Arab Emirates,Global_South,Global South,66481.6137644725,41605.4168670844,29.9689182497287,18.2552064370494,-0.46869505274679213,-0.49571046267575847,-37.418160433827865,-39.08620162753233,-1.3690568547961135,-1.447395003384877,,"Economic contraction, emissions falling",False,False,False,False,False,6442310.0
1990-2024,1990,2024,34,ARG,Argentina,Global_South,Global South,8115.09386370753,12774.3506596628,3.05886258479045,4.01066531653131,0.4537135382168156,0.270913999354905,57.41469999247288,31.116230473166695,1.3433951262665556,0.7999888268628297,0.5971036271468797,Relative decoupling,True,False,True,False,True,39226030.0
1990-2024,1990,2024,34,ARM,Armenia,Global_South,Global South,1644.02214502158,5378.31799981682,5.85004256603366,2.47028185264546,1.1852299191015039,-0.8621166829497949,227.14389012966905,-57.77326703589585,3.5474425173869673,-2.503760019252299,-0.7273834967002404,Absolute decoupling,True,True,False,False,True,3292814.0
1990-2024,1990,2024,34,ATG,Antigua and Barbuda,Global_South,Global South,13166.5241173582,18350.185036972,2.60045032188501,3.79857526767052,0.3319621015578278,0.3789414361133635,39.370002845169026,46.07374867738352,0.9811410581919366,1.1207677004754224,1.14152017454725,Coupled expansion,True,False,False,True,False,78419.0
1990-2024,1990,2024,34,AUS,Australia,DevelopedAsia_Oceania,Developed Asia & Oceania,36975.4199007908,61480.670710531,16.2738304687782,14.0973544987552,0.5084694631453495,-0.14357116933644942,66.27443549117378,-13.374085309531935,1.50673695278436,-0.4213778467649587,-0.2823594723827272,Absolute decoupling,True,True,False,False,True,22130970.0
1990-2024,1990,2024,34,AUT,Austria,Europe_NorthAmerica,Europe & North America,31167.1857978698,45958.8250071261,8.01839056506704,6.32278424603578,0.3883800829955337,-0.23757806766150558,47.45901444289942,-21.146467053105987,1.1488434566878647,-0.696323378073016,-0.6117153738396973,Absolute decoupling,True,True,False,False,True,8427916.0
1990-2024,1990,2024,34,AZE,Azerbaijan,Global_South,Global South,2866.41060718579,5871.14373251952,7.8219979930873,3.81144251153847,0.7169888710334398,-0.7189322903249118,104.82563516200973,-51.272775639845,2.1311829142633743,-2.092307783992997,-1.0027105292285372,Absolute decoupling,True,True,False,False,True,8689015.0
1990-2024,1990,2024,34,BDI,Burundi,Global_South,Global South,373.245241687992,268.700857391724,0.0359402418305754,0.0689574855425617,-0.3286369815090433,0.6516325530774942,-28.00956921070683,91.86706051570748,-0.9619229936689067,1.9350503625076065,,"Economic contraction, emissions rising",False,False,False,False,False,9817419.0
1990-2024,1990,2024,34,BEL,Belgium,Europe_NorthAmerica,Europe & North America,29609.6207516724,45045.6601021398,11.6194738857627,7.30661519351762,0.41957731036314705,-0.46390234508216066,52.131837418402505,-37.11750406814557,1.241696739872733,-1.3551526608029496,-1.1056421155868748,Absolute decoupling,True,True,False,False,True,10912994.5
1990-2024,1990,2024,34,BEN,Benin,Global_South,Global South,749.459666582926,1324.78312597434,0.0754712837067041,0.487328666439324,0.5696515441842376,1.8651865395572038,76.76509958361535,545.714028574334,1.6895600256353838,5.639104830841912,3.274258726408301,Coupled expansion,True,False,False,True,False,9872101.5
1990-2024,1990,2024,34,BFA,Burkina Faso,Global_South,Global South,332.153276660935,763.833733522408,0.0357339533478118,0.274990879570369,0.8327536001367557,2.0406366209484235,129.96423253777988,669.5506760580921,2.479516433357154,6.185642871353658,2.450468686791997,Coupled expansion,True,False,False,True,False,16354068.5
1990-2024,1990,2024,34,BGD,Bangladesh,Global_South,Global South,473.444821021085,1941.27874360025,0.132280823364504,0.715539343541092,1.4110668095405208,1.688109472462752,310.0327339970616,440.924470638802,4.237521010266221,5.090350865875193,1.1963356100852824,Coupled expansion,True,False,False,True,False,142598040.5
1990-2024,1990,2024,34,BGR,Bulgaria,Europe_NorthAmerica,Europe & North America,4425.49968282931,10126.8980075708,9.18234070928367,5.30760215797104,0.8278118582045924,-0.5481419890941353,128.83061198405665,-42.1977214088248,2.4646225944777056,-1.5992562190196957,-0.6621576915834212,Absolute decoupling,True,True,False,False,True,7579855.0
1990-2024,1990,2024,34,BHR,Bahrain,Global_South,Global South,18345.8379968815,25812.4504577306,23.3043316103241,23.8999918170545,0.3414542147905433,0.025238867238984497,40.699217239998966,2.556006396967514,1.0093368887235554,0.07425952120756474,0.07391581695503938,Relative decoupling,True,False,True,False,True,1051733.5
1990-2024,1990,2024,34,BHS,"Bahamas, The",Global_South,Global South,30995.4830715942,33968.2032187918,3.93737882549059,3.63633645083395,0.09158340109615892,-0.07953852393267069,9.590817282412246,-7.645755920352181,0.26972605233241964,-0.23366341613280106,-0.8684818753254032,Absolute decoupling,True,True,False,False,True,338614.0
1990-2024,1990,2024,34,BIH,Bosnia and Herzegovina,Europe_NorthAmerica,Europe & North America,791.443970389452,6730.26828824205,5.52389802573903,6.44935787372249,2.1405111987000245,0.15489679623455355,750.3783641096202,16.7537460624944,6.498020456578701,0.45661815046154075,0.07236439422911008,Relative decoupling,True,False,True,False,True,3806452.5
1990-2024,1990,2024,34,BLR,Belarus,Europe_NorthAmerica,Europe & North America,2888.81296582486,6792.13183495565,10.3572083316813,5.93649429972465,0.854919179870544,-0.5565639605497528,135.1184349872321,-42.68248634561383,2.5463475653423773,-1.6236275608939699,-0.6510135386528939,Absolute decoupling,True,True,False,False,True,9660988.5
1990-2024,1990,2024,34,BLZ,Belize,Global_South,Global South,4112.59517532713,6290.49294452749,0.690969870436322,0.932452909809338,0.4249851784404495,0.29972243140363264,52.95677489158941,34.94841811561602,1.2578010129206563,0.8854335391839996,0.7052538455658892,Relative decoupling,True,False,True,False,True,300074.0
1990-2024,1990,2024,34,BMU,Bermuda,Europe_NorthAmerica,Europe & North America,89089.7346423608,122117.603586776,4.3868031063778,4.1354663036079,0.31534042805091467,-0.059000647988106,37.072586507302184,-5.7293841705476245,0.9317861951509299,-0.17338083907616486,-0.18710143939609225,Absolute decoupling,True,True,False,False,True,61097.5
1990-2024,1990,2024,34,BOL,Bolivia,Global_South,Global South,1679.40847934245,3045.61476602385,0.923445844416563,2.29073378062186,0.5952611386025275,0.9085153171927663,81.35044591511888,148.0636839152333,1.766183832046031,2.7081246918585045,1.5262466475228906,Coupled expansion,True,False,False,True,False,9771728.5
1990-2024,1990,2024,34,BRA,Brazil,Global_South,Global South,6149.86718171298,9566.74408628371,1.52128199616552,2.31826466114939,0.4418624415918302,0.42126551699899006,55.56017396165913,52.38888430893886,1.308076859334495,1.2467238324495256,0.9533861160078717,Relative decoupling,True,False,True,False,True,180570898.0
1990-2024,1990,2024,34,BRB,Barbados,Global_South,Global South,19382.8687219216,21581.2171257633,2.38144959819322,2.52348061897496,0.10743373850233695,0.05792976940903405,11.341708161885355,5.964057391325728,0.31648133186896743,0.17052690677910043,0.5392139398348679,Relative decoupling,True,False,True,False,True,270524.5
1990-2024,1990,2024,34,BRN,Brunei Darussalam,Global_South,Global South,44179.827869454,29563.8682753082,16.8438493959858,20.2426516194424,-0.40171535252992463,0.18380627555184326,-33.08288035284828,20.17829857981632,-1.1745632540049233,0.5420706075992987,,"Economic contraction, emissions rising",False,False,False,False,False,359006.5
1990-2024,1990,2024,34,BWA,Botswana,Global_South,Global South,4039.46544455099,6937.33180990267,2.16206528931696,2.73749285541178,0.540804867647676,0.23597856790893745,71.73885765654317,26.614717369456,1.6033199726983582,0.6964687524359192,0.4363469747144971,Relative decoupling,True,False,True,False,True,1913417.5
1990-2024,1990,2024,34,CAF,Central African Republic,Global_South,Global South,519.786735961912,389.938307964229,0.0554683120292767,0.0632938700243308,-0.2874300623977364,0.1319765811344693,-24.98109686415656,14.10815961178644,-0.8418192265688851,0.38892075664815895,,"Economic contraction, emissions rising",False,False,False,False,False,4101300.0
1990-2024,1990,2024,34,CAN,Canada,Europe_NorthAmerica,Europe & North America,31700.5462613508,44413.3983847404,15.9076488658574,13.9983582392805,0.3372072763842038,-0.12786000018337473,40.102943395928506,-12.002343292067586,0.9967206051534117,-0.3753526084124048,-0.3791733130862067,Absolute decoupling,True,True,False,False,True,34489868.5
1990-2024,1990,2024,34,CHE,Switzerland,Europe_NorthAmerica,Europe & North America,70063.8517086247,90067.4645431168,6.66475666288786,3.74568795220564,0.2511520020069362,-0.5762281443180095,28.550546889259554,-43.798578977936444,0.7414173471247842,-1.6805079067587325,-2.2943402390321994,Absolute decoupling,True,True,False,False,True,7860550.5
1990-2024,1990,2024,34,CHL,Chile,Global_South,Global South,5290.53694835535,14579.4001071307,2.47233496085785,3.93744000373189,1.0136898375746295,0.4653677345071765,175.57505503600964,59.259973509644446,3.026330653808995,1.3781386045496502,0.45908296330623455,Relative decoupling,True,False,True,False,True,16600973.5
1990-2024,1990,2024,34,CHN,China,China,China,917.270661782581,13121.6769905565,2.12676894074534,9.31508933799393,2.6606182849585025,1.4770316959826826,1330.513101231915,337.9925416218179,8.139673526222158,4.439953092093818,0.5551460366685858,Relative decoupling,True,False,True,False,True,1272080000.0
1990-2024,1990,2024,34,CIV,Cote d'Ivoire,Global_South,Global South,1866.0785698741,2395.67689089222,0.243819042479691,0.589054440955677,0.24982661002824713,0.8820922878779498,28.380279885741942,141.59492833901294,0.737490309947586,2.6283362939914623,3.530817985234697,Coupled expansion,True,False,False,True,False,22062004.0
1990-2024,1990,2024,34,CMR,Cameroon,Global_South,Global South,1360.47765296011,1480.73097431993,0.419747188029179,0.353419532873246,0.08470001391619952,-0.17199676713261258,8.839051571201772,-15.801810482009039,0.2494282439308826,-0.5045954627172278,-2.0306580740681186,Absolute decoupling,True,True,False,False,True,20227782.5
1990-2024,1990,2024,34,COD,"Congo, Dem. Rep.",Global_South,Global South,831.662947440969,554.244129980766,0.0918791356344579,0.0568247825820182,-0.40582198997559793,-0.4805014265943601,-33.357121212845,-38.15268048657293,-1.186499010790798,-1.4033001380758026,,"Economic contraction, emissions falling",False,False,False,False,False,72980164.0
1990-2024,1990,2024,34,COG,"Congo, Rep.",Global_South,Global South,2363.76701814587,1679.58061097707,1.00165507275599,1.33536271579755,-0.3417124146756061,0.28754924754340383,-28.94474801943353,33.31562452166139,-1.0000028991175802,0.8493195066312076,,"Economic contraction, emissions rising",False,False,False,False,False,4356760.5
1990-2024,1990,2024,34,COL,Colombia,Global_South,Global South,3714.1849928328,6863.59563194342,1.64000267693635,1.79780371737796,0.6140721777359186,0.09186788877919916,84.7941242880466,9.621998955294053,1.8225031652891577,0.2705650411966687,0.1496043822045735,Relative decoupling,True,False,True,False,True,42663216.0
1990-2024,1990,2024,34,COM,Comoros,Global_South,Global South,1253.76196294342,1401.88898411553,0.0883948573536424,0.514984514693732,0.1116719995587303,1.7623230384369775,11.814604809381567,482.59556054649994,0.32898703589283596,5.319987561945361,15.78124369045743,Coupled expansion,True,False,False,True,False,655612.0
1990-2024,1990,2024,34,CPV,Cabo Verde,Global_South,Global South,835.120723175504,4448.96609078891,0.143303110050396,1.28830183071462,1.672850715963138,2.1961181821559035,432.7332884127154,799.0047949842522,5.0431982687453525,6.672340428472201,1.312799857871057,Coupled expansion,True,False,False,True,False,450152.5
1990-2024,1990,2024,34,CRI,Costa Rica,Global_South,Global South,6037.05111668102,14866.5823676109,0.934232756063511,1.63283566378358,0.9012002329910782,0.5583478426818206,146.25569802668954,74.77825019363553,2.686029463529316,1.6557577498578002,0.6195602511427093,Relative decoupling,True,False,True,False,True,4125808.0
1990-2024,1990,2024,34,CUB,Cuba,Global_South,Global South,4961.45738860948,7381.39774048869,3.63673165754921,1.9129886264601,0.3972634904830237,-0.6424186369748082,48.77478858197837,-47.39813638740502,1.1752747445746836,-1.8717280564088612,-1.6171096825275988,Absolute decoupling,True,True,False,False,True,10805791.0
1990-2024,1990,2024,34,CYP,Cyprus,Europe_NorthAmerica,Europe & North America,17144.46875,32617.216796875,5.88468841924473,5.40469504859816,0.6431646718438309,-0.08508576514878818,90.2492125740262,-8.156648856324233,1.9096660560396606,-0.2499393805357797,-0.13229234887056757,Absolute decoupling,True,True,False,False,True,1073316.5
1990-2024,1990,2024,34,CZE,Czechia,Europe_NorthAmerica,Europe & North America,11900.5844581421,20445.432830127,16.0160567405262,7.12966532502255,0.5411720110150391,-0.8093274709692206,71.8019220151724,-55.48426531867852,1.604417125240576,-2.352267453619461,-1.4955087375106868,Absolute decoupling,True,True,False,False,True,10619191.5
1990-2024,1990,2024,34,DEU,Germany,Europe_NorthAmerica,Europe & North America,29763.3124657124,44027.7631554469,12.7491248004656,6.94395663386317,0.39154390599682287,-0.6075908939324957,47.926287459325145,-45.53385630353562,1.158256160432436,-1.7711593142734405,-1.551782276844901,Absolute decoupling,True,True,False,False,True,81474811.0
1990-2024,1990,2024,34,DMA,Dominica,Global_South,Global South,5536.87901663922,9172.71049624795,0.305915808522556,1.27331772524734,0.5048018379891346,1.4260712266497788,65.66572014093974,316.2314237361339,1.495787876812038,4.283531845594646,2.8250119538599496,Coupled expansion,True,False,False,True,False,67916.0
1990-2024,1990,2024,34,DNK,Denmark,Europe_NorthAmerica,Europe & North America,39306.7939232431,60772.8624276041,10.1987983129152,4.2782054919933,0.4357459703814861,-0.8687362567898691,54.61159856049098,-58.051866889301884,1.2898535592559712,-2.5227400409527645,-1.9936759392847843,Absolute decoupling,True,True,False,False,True,5558965.5
1990-2024,1990,2024,34,DOM,Dominican Republic,Global_South,Global South,2772.77065608381,9168.45418897141,1.12131364311778,2.99473457012728,1.19592164227811,0.9823547096654276,230.66038725037194,167.0737655345482,3.580009419741925,2.931423122901955,0.821420630697962,Relative decoupling,True,False,True,False,True,9289361.5
1990-2024,1990,2024,34,DZA,Algeria,Global_South,Global South,3605.68701212608,4765.72900168387,2.84364912883569,3.98080005796518,0.27893819171506884,0.33639468677450934,32.172564774937975,39.98914344242912,0.8237810019507519,0.9943068432394675,1.2059828907119734,Coupled expansion,True,False,False,True,False,36095059.0
1990-2024,1990,2024,34,ECU,Ecuador,Global_South,Global South,3919.71758067093,5999.39391066593,1.67628872889196,2.64474970000791,0.42563884377695516,0.45599416962422235,53.056790118001864,57.7741145915901,1.259747758533325,1.350193205140915,1.0713170949763553,Coupled expansion,True,False,False,True,False,14304575.5
1990-2024,1990,2024,34,EGY,"Egypt, Arab Rep.",Global_South,Global South,1972.13789303215,4137.60929232898,1.56708047716051,2.50251380967098,0.7409999762102517,0.46808143101371696,109.80324484143615,59.69274368125874,2.203334346341146,1.386230383365561,0.6316888610545695,Relative decoupling,True,False,True,False,True,87467438.0
1990-2024,1990,2024,34,ESP,Spain,Europe_NorthAmerica,Europe & North America,19174.77083233,29245.2192451729,5.90387472540557,4.50540688376633,0.42212071990580036,-0.270330663233467,52.51926346813711,-23.687288546644613,1.2492705260227943,-0.791937704518042,-0.6404107888705237,Absolute decoupling,True,True,False,False,True,43858081.0
1990-2024,1990,2024,34,EST,Estonia,Europe_NorthAmerica,Europe & North America,9341.22561480009,20078.1397620993,25.516673103174,7.75936884491537,0.7651941834291218,-1.1904310892135541,114.94117142709617,-69.59098541749084,2.276087541876426,-3.4406826667156887,-1.555724174324988,Absolute decoupling,True,True,False,False,True,1470757.5
1990-2024,1990,2024,34,ETH,Ethiopia,Global_South,Global South,267.078134508598,883.458588619291,0.0459464662231511,0.146636636122491,1.1963031644977393,1.1604807225526879,230.78656560365135,219.14671176301485,3.5811717225897155,3.472095943554865,0.9700557158016954,Relative decoupling,True,False,True,False,True,89834761.0
1990-2024,1990,2024,34,FIN,Finland,Europe_NorthAmerica,Europe & North America,31291.5222587198,45254.0358658917,11.2758403756113,5.53521221243539,0.368944650070711,-0.7115325115111129,44.620755397353776,-50.91086758901279,1.0910402274667552,-2.070996780697021,-1.9285616728003574,Absolute decoupling,True,True,False,False,True,5303171.0
1990-2024,1990,2024,34,FJI,Fiji,Global_South,Global South,3414.95053196369,5935.20896505673,1.30373611822334,1.62222863442953,0.5527392289793642,0.2185668244002104,73.80073033279977,24.429216292650867,1.6389900777148858,0.6449142753424564,0.39542484582430515,Relative decoupling,True,False,True,False,True,851050.0
1990-2024,1990,2024,34,FRA,France,Europe_NorthAmerica,Europe & North America,27992.9751471374,39683.3953489029,6.6078992929268,4.00355772602595,0.34897925592922974,-0.5010823986114694,41.761978283187105,-39.412549305776764,1.031695228020224,-1.4629648992377176,-1.4358515301353185,Absolute decoupling,True,True,False,False,True,63406332.5
1990-2024,1990,2024,34,FSM,"Micronesia, Fed. Sts.",Global_South,Global South,2384.9445815498,2930.27926555574,0.0009911981603362,0.0017674089784376,0.20592184314051654,0.5783554247801614,22.865717225662596,78.31035701661528,0.6074902627759782,1.715595528236391,2.808616200980216,Coupled expansion,True,False,False,True,False,107024.0
1990-2024,1990,2024,34,GAB,Gabon,Global_South,Global South,8354.26309000876,6618.98685865885,6.27334218396436,2.0474983378969,-0.23282964254020122,-1.1196905313491876,-20.77114657096696,-67.36192163834733,-0.6824537015582166,-3.239571759145743,,"Economic contraction, emissions falling",False,False,False,False,False,1761343.0
1990-2024,1990,2024,34,GBR,United Kingdom,Europe_NorthAmerica,Europe & North America,30071.2085616955,47960.9105761942,10.1769845806249,4.22412677317771,0.4668181283360511,-0.8793161985457472,59.49113078643076,-58.493336216508894,1.3824633505168604,-2.553067784825913,-1.8836376420942005,Absolute decoupling,True,True,False,False,True,63236793.0
1990-2024,1990,2024,34,GEO,Georgia,Global_South,Global South,3534.03227732782,6808.07398025981,7.18256976259892,3.6402736868225,0.6556697506523914,-0.6795983571720061,92.64323147064101,-49.31794876844587,1.947154961683073,-1.9789747514053935,-1.0364949069189264,Absolute decoupling,True,True,False,False,True,4250778.5
1990-2024,1990,2024,34,GHA,Ghana,Global_South,Global South,855.85250708181,2167.72691406678,0.20338886605267,0.702085843566409,0.9293363359947273,1.2389359378868623,153.28276731443515,245.19384329749658,2.7710406540846666,3.71113414528772,1.3331405325508456,Coupled expansion,True,False,False,True,False,24911031.0
1990-2024,1990,2024,34,GIN,Guinea,Global_South,Global South,548.371534819426,1045.92207475817,0.14717826473873,0.352794025802477,0.6457011030622528,0.8742398529554873,90.73237911639308,139.70524888899521,1.9172688942856064,2.6046366093370077,1.3539389181919994,Coupled expansion,True,False,False,True,False,10594579.5
1990-2024,1990,2024,34,GMB,"Gambia, The",Global_South,Global South,658.711165332156,758.96588872906,0.116242026138337,0.178370340740612,0.14167168793935225,0.4281875051141246,15.219830583310422,53.44737756750515,0.4175507592256045,1.267338537273477,3.0223929095658546,Coupled expansion,True,False,False,True,False,1907342.0
1990-2024,1990,2024,34,GNB,Guinea-Bissau,Global_South,Global South,569.169670374215,793.692157673779,0.173570279016791,0.155449923501557,0.332517095188841,-0.11025893935386932,39.447373777303696,-10.43978013855763,0.9827894213553012,-0.32376574278102366,-0.3315887843037116,Absolute decoupling,True,True,False,False,True,1587510.5
1990-2024,1990,2024,34,GNQ,Equatorial Guinea,Global_South,Global South,366.314404747023,5041.94038551173,0.149913341233127,2.55052004844345,2.622054290088122,2.833995155889167,1276.3969748865593,1601.3295997967198,8.017087242107435,8.692520671585036,1.0808300829628978,Coupled expansion,True,False,False,True,False,1183395.0
1990-2024,1990,2024,34,GRC,Greece,Europe_NorthAmerica,Europe & North America,15438.7937023583,21494.6856060599,7.64067757781075,5.04642227577271,0.3309223100069687,-0.41480675547329726,39.22516240874814,-33.95320998195241,0.9780528896115026,-1.212607800160037,-1.2534868243382022,Absolute decoupling,True,True,False,False,True,10300963.0
1990-2024,1990,2024,34,GRD,Grenada,Global_South,Global South,5102.69172981553,10196.0049872434,0.509218964154586,1.50076360626925,0.6922277849930492,1.0808512193768312,99.81620538954243,194.71871864804626,2.056831197169706,3.2300432799060808,1.5614097596323504,Coupled expansion,True,False,False,True,False,108582.0
1990-2024,1990,2024,34,GTM,Guatemala,Global_South,Global South,2741.53813375037,4563.09590652717,0.434282391368736,1.1066501528086,0.509482194452195,0.9353978571080712,66.44291211389944,154.8227086345246,1.5097604992955427,2.7893643119003775,1.8359775224604833,Coupled expansion,True,False,False,True,False,13715566.0
1990-2024,1990,2024,34,GUY,Guyana,Global_South,Global South,2377.21795364949,33034.9576389333,1.56515454184191,4.55860818422139,2.631635446255091,1.069032786280331,1289.6478271257483,191.25610681592593,8.047530607284958,3.1941666521117407,0.4062237373347445,Relative decoupling,True,False,True,False,True,790490.5
1990-2024,1990,2024,34,HKG,"Hong Kong SAR, China",DevelopedAsia_Oceania,Developed Asia & Oceania,21357.261954163,44712.7654725532,6.14327285476378,4.60070971943488,0.7388672216814953,-0.2891470599520489,109.35626284172497,-25.10979361974335,2.1969235290540734,-0.8468265811287123,-0.39133832367609345,Absolute decoupling,True,True,False,False,True,6614300.0
1990-2024,1990,2024,34,HND,Honduras,Global_South,Global South,457.981040092588,2573.37159995648,0.473929462333811,1.13551979026212,1.7261444386100155,0.8737872930907162,461.8947892332475,139.5967924573382,5.207978645428657,2.603270890765419,0.5062075186444633,Relative decoupling,True,False,True,False,True,7903095.5
1990-2024,1990,2024,34,HRV,Croatia,Europe_NorthAmerica,Europe & North America,9754.64902543885,17854.2091012685,5.0286266412803,4.83151414825927,0.6044952899332205,-0.03998700649877729,83.0328190661401,-3.91980767478185,1.7938265368853124,-0.11753971054859758,-0.06614940953997295,Absolute decoupling,True,True,False,False,True,4321784.0
1990-2024,1990,2024,34,HTI,Haiti,Global_South,Global South,1627.31264525633,1154.87300909888,0.166548957092198,0.298473814991934,-0.3429395812551146,0.5833929042247992,-29.031891169445966,79.21085799817118,-1.0035760548638084,1.7306669453455603,,"Economic contraction, emissions rising",False,False,False,False,False,9313499.0
1990-2024,1990,2024,34,HUN,Hungary,Europe_NorthAmerica,Europe & North America,8646.44754431988,16518.6369936397,6.97179329684977,4.45791782423566,0.6473407101804849,-0.44719067813791913,91.04536179706896,-36.057802714116804,1.9221838445447448,-1.306654865485235,-0.6908119188321062,Absolute decoupling,True,True,False,False,True,9968026.5
1990-2024,1990,2024,34,IDN,Indonesia,Global_South,Global South,1470.91822258528,4367.86266621191,0.881568022007149,2.86503978188758,1.088386950064777,1.1786353494651685,196.94802873099025,224.99361482786932,3.2529256334209222,3.527360617314579,1.0829194060026357,Coupled expansion,True,False,False,True,False,233494514.5
1990-2024,1990,2024,34,IND,India,India,India,537.870269533789,2396.94999213544,0.694451434874462,2.17365173535787,1.4943349751395818,1.141041627958157,345.63719690494327,213.00269913774565,4.493118197676282,3.412953914954242,0.7635782116734404,Relative decoupling,True,False,True,False,True,1157954006.0
1990-2024,1990,2024,34,IRL,Ireland,Europe_NorthAmerica,Europe & North America,23456.999356198,94474.9879707069,9.20302768318718,6.03605774131313,1.3931661915433171,-0.42178141889828713,302.7581982507236,-34.41226138719241,4.1826555708881274,-1.2328706867895445,-0.30275025439071807,Absolute decoupling,True,True,False,False,True,4454882.0
1990-2024,1990,2024,34,IRN,"Iran, Islamic Rep.",Global_South,Global South,3222.20102704479,5834.44296939863,3.57099300220356,9.05329342087712,0.5937141226817406,0.9302848964280688,81.07011078541034,153.52313530971878,1.7615535283701078,2.773907886517679,1.5668902943155123,Coupled expansion,True,False,False,True,False,74973915.0
1990-2024,1990,2024,34,IRQ,Iraq,Global_South,Global South,3526.57925126853,4180.29619477317,3.94992812210948,5.18375227496016,0.1700537535398503,0.2718317896289899,18.53685673643919,31.23662291332403,0.5014109771851016,0.8027098415107181,1.5985050842484874,Coupled expansion,True,False,False,True,False,31811610.5
1990-2024,1990,2024,34,ISL,Iceland,Europe_NorthAmerica,Europe & North America,37302.8060328139,59307.1777759714,9.18116675692433,8.5199194837855,0.463661787850036,-0.07474740372369304,58.98851610198213,-7.202213952165993,1.3730520940212543,-0.21960382227416142,-0.1612110501283511,Absolute decoupling,True,True,False,False,True,320666.0
1990-2024,1990,2024,34,ISR,Israel,DevelopedAsia_Oceania,Developed Asia & Oceania,22395.1118825784,41845.1660567523,7.55858369098712,5.78134023099134,0.6251335683344657,-0.26804830049900064,86.84955125990919,-23.512916343242583,1.8556349803265482,-0.7852778108591196,-0.42878564530322355,Absolute decoupling,True,True,False,False,True,7317200.0
1990-2024,1990,2024,34,ITA,Italy,Europe_NorthAmerica,Europe & North America,27625.1792306413,34495.2545799636,7.51169268135469,5.07573834102673,0.22209411836592707,-0.39198883044391764,24.868889689237395,-32.428833868222775,0.6553561169367894,-1.1462878040782498,-1.7649671829583005,Absolute decoupling,True,True,False,False,True,57835972.0
1990-2024,1990,2024,34,JAM,Jamaica,Global_South,Global South,4773.62848195303,6096.4327030963,3.23718410657357,2.84378384565939,0.24459709358012205,-0.12956834358931424,27.710665506212063,-12.152545173915941,0.7219971378716661,-0.3803581623477603,-0.5297215175080233,Absolute decoupling,True,True,False,False,True,2609526.0
1990-2024,1990,2024,34,JOR,Jordan,Global_South,Global South,3202.33686003165,4016.83429143296,2.78079951230125,2.0898692239058,0.22661329065566171,-0.28563698898306844,25.43447073189109,-24.846461794135998,0.6687357971734809,-0.8365897387401122,-1.2604600028384614,Absolute decoupling,True,True,False,False,True,7587392.0
1990-2024,1990,2024,34,JPN,Japan,DevelopedAsia_Oceania,Developed Asia & Oceania,28422.2131194472,37152.5636003552,9.41290189345471,7.84242057238933,0.26786178398312366,-0.18253375687011753,30.716645618755557,-16.684348130276593,0.7909403131522552,-0.535425451555771,-0.6814475516284094,Absolute decoupling,True,True,False,False,True,123726685.5
1990-2024,1990,2024,34,KAZ,Kazakhstan,Global_South,Global South,5557.08215736977,11872.7842626298,14.4939149661066,12.5678187536661,0.759175565429711,-0.14258942424153442,113.65140781451598,-13.28899898298419,2.2579844177032626,-0.4185024869036047,-0.1878214088210617,Absolute decoupling,True,True,False,False,True,18873312.5
1990-2024,1990,2024,34,KEN,Kenya,Global_South,Global South,1329.33312766232,1860.02287047776,0.28245745763564,0.38344092060836,0.3359113748912419,0.30565760896133465,39.92150137329959,35.75174251656157,0.9928712137774021,0.9030460458368639,0.9099352740296379,Relative decoupling,True,False,True,False,True,39662797.5
1990-2024,1990,2024,34,KGZ,Kyrgyz Republic,Global_South,Global South,1203.47208279448,1391.68404329929,5.38718483816402,1.48784220370685,0.1453037744688448,-1.286696070110392,15.639079891889086,-72.38182374648363,0.42827854496716444,-3.7136866160612736,-8.855214359116859,Absolute decoupling,True,True,False,False,True,5806552.0
1990-2024,1990,2024,34,KHM,Cambodia,Global_South,Global South,824.051655825487,2182.71843902341,0.0582799258876773,1.10207037315065,0.9740931522608989,2.939688137490703,164.87640957858275,1790.9948088723827,2.9064151654214276,9.03092982034741,3.0178716795899865,Coupled expansion,True,False,False,True,False,12506776.5
1990-2024,1990,2024,34,KIR,Kiribati,Global_South,Global South,1387.65292117411,2041.87601786956,0.223097989446263,0.592485763986976,0.38625522784634825,0.9767157561913843,47.14601805052973,165.57198720506014,1.1425222824233527,2.9143532000659,2.5286797065175786,Coupled expansion,True,False,False,True,False,104686.5
1990-2024,1990,2024,34,KNA,St. Kitts and Nevis,Global_South,Global South,10136.986550185,21692.2406392872,0.514444004748714,2.88410221377794,0.7607638527800091,1.723882224403803,113.99101727022929,460.6250995551425,2.2627614429012954,5.200978790539668,2.265988608823006,Coupled expansion,True,False,False,True,False,43637.5
1990-2024,1990,2024,34,KOR,"Korea, Rep.",DevelopedAsia_Oceania,Developed Asia & Oceania,9672.57845182894,37048.4264001496,6.07037444503096,11.3622569893006,1.342930960137851,0.6268767812118465,283.02533894821295,87.17555386721536,4.0288386489672146,1.8608573511013748,0.4667974749405569,Relative decoupling,True,False,True,False,True,47310174.0
1990-2024,1990,2024,34,KWT,Kuwait,Global_South,Global South,20140.7834697754,23867.826500295,19.2352412929816,23.6726718577295,0.16978459278450764,0.20757721605314572,18.504955560009016,23.069274240749937,0.5006153616375242,0.6123887030268227,1.2225915947308885,Coupled expansion,True,False,False,True,False,3291041.0
1990-2024,1990,2024,34,LAO,Lao PDR,Global_South,Global South,634.525297009385,2721.07810663082,0.0593466304727206,3.35435098295083,1.4559062879281903,4.0346182373816095,328.8368201324171,5552.133838487591,4.375080994136971,12.599292036304988,2.771207371542453,Coupled expansion,True,False,False,True,False,6040887.0
1990-2024,1990,2024,34,LBR,Liberia,Global_South,Global South,754.134009462384,665.101337624192,0.168730299995458,0.154485706553412,-0.12563066714720428,-0.08820000432955122,-11.80594837536404,-8.442226110206319,-0.3688201437333727,-0.2590755958495228,,"Economic contraction, emissions falling",False,False,False,False,False,3918242.0
1990-2024,1990,2024,34,LBY,Libya,Global_South,Global South,11085.9439949716,7696.0807819319,7.33872801889842,8.66457129316627,-0.3649667891939803,0.16607691307472772,-30.57802939088703,18.066390672247156,-1.0676910137588536,0.489656427051699,,"Economic contraction, emissions rising",False,False,False,False,False,5913131.0
1990-2024,1990,2024,34,LCA,St. Lucia,Global_South,Global South,8418.43121970586,11854.9517233237,0.518653387205583,1.71076642335766,0.3423221523003708,1.1934609372102907,40.82138837903258,229.8477298249185,1.0119154449393264,3.5725132247116376,3.486367823964508,Coupled expansion,True,False,False,True,False,158800.5
1990-2024,1990,2024,34,LKA,Sri Lanka,Global_South,Global South,1388.58951823335,4186.4986638365,0.259227083781533,1.06473352801606,1.103576246635777,1.412775389483228,201.49288964551744,310.7339065363162,3.2990635653193046,4.242759322403744,1.2801792298357602,Coupled expansion,True,False,False,True,False,19134229.0
1990-2024,1990,2024,34,LSO,Lesotho,Global_South,Global South,533.824964193999,991.069661910744,0.0601205948402384,0.428078272524913,0.6187168236016838,1.9629535995410738,85.65442390037354,612.0326631206291,1.836413805660686,5.943307421088795,3.1726203727810383,Coupled expansion,True,False,False,True,False,2073559.5
1990-2024,1990,2024,34,LTU,Lithuania,Europe_NorthAmerica,Europe & North America,8333.3507070025,19092.6451176955,9.49806346302894,4.49056496639174,0.8290375674829988,-0.7491094102874274,129.11126375195016,-52.72125750821532,2.468316538667703,-2.1791684127452027,-0.9035892216100201,Absolute decoupling,True,True,False,False,True,3293058.0
1990-2024,1990,2024,34,LUX,Luxembourg,Europe_NorthAmerica,Europe & North America,66027.0750081087,104147.1739928,31.3699096503863,10.5572722492364,0.4557401480265266,-1.0890342068914833,57.73404164883846,-66.34586338661516,1.3494359980282367,-3.1522877360448787,-2.3895946223023903,Absolute decoupling,True,True,False,False,True,529431.0
1990-2024,1990,2024,34,LVA,Latvia,Europe_NorthAmerica,Europe & North America,7622.69825875963,16374.773539624,7.36687480356916,3.647774745944,0.7646115425658095,-0.7028762503031099,114.81597439341016,-50.484094772769886,2.274334903130515,-2.046061282131706,-0.9192592724201699,Absolute decoupling,True,True,False,False,True,2264637.5
1990-2024,1990,2024,34,MAC,"Macao SAR, China",DevelopedAsia_Oceania,Developed Asia & Oceania,31378.8304183133,63377.2932129214,2.81743543812509,2.52532751091703,0.7029721710299466,-0.10945629046307703,101.9746828292654,-10.36786587033378,2.089087410980439,-0.3214126262156003,-0.15570501219516156,Absolute decoupling,True,True,False,False,True,510975.0
1990-2024,1990,2024,34,MAR,Morocco,Global_South,Global South,1695.63647460938,3516.15405273438,0.921460195915161,1.83925269318779,0.7293096220400255,0.6911550418033892,107.36485121578849,99.60196884696799,2.1681994112175973,2.0536112253016325,0.9476839752505797,Relative decoupling,True,False,True,False,True,31228362.0
1990-2024,1990,2024,34,MDA,Moldova,Europe_NorthAmerica,Europe & North America,3740.10149814887,3851.51202518347,10.6843654211407,3.41675873098598,0.029353055413167795,-1.1400891351077342,2.978810256613218,-68.0209484016207,0.08636979316429816,-3.2976066315228647,-38.84056085678528,Absolute decoupling,True,True,False,False,True,2690109.0
1990-2024,1990,2024,34,MDG,Madagascar,Global_South,Global South,538.536275056569,453.383067004772,0.0753091561550574,0.146494805123461,-0.17211746680536422,0.6653882448219033,-15.8119725626379,94.52456062824052,-0.50494866981875,1.9762995041795461,,"Economic contraction, emissions rising",False,False,False,False,False,22010297.5
1990-2024,1990,2024,34,MDV,Maldives,Global_South,Global South,4582.26127944099,11798.791369146,0.420889652165402,3.56650922036609,0.9458044944645696,2.1369718965298605,157.48840255100856,747.3739380422014,2.8208306460036248,6.4869348960785445,2.259422437762493,Coupled expansion,True,False,False,True,False,376280.5
1990-2024,1990,2024,34,MEX,Mexico,Global_South,Global South,8036.86114412537,10316.4611902215,3.49748738743231,3.63738680384754,0.24970219131929028,0.03922069141183182,28.364307970686163,3.9999977388892827,0.737121674490071,0.11542153418242496,0.15706987273363948,Relative decoupling,True,False,True,False,True,106840588.5
1990-2024,1990,2024,34,MHL,Marshall Islands,Global_South,Global South,3148.09977817114,5811.03355673487,0.0022406955118868,0.0026632576968147,0.612959421981218,0.17276375746236994,84.58860792877225,18.858527751148003,1.8191707616930008,0.5094218616729318,0.28185186697018205,Relative decoupling,True,False,True,False,True,41088.5
1990-2024,1990,2024,34,MKD,North Macedonia,Europe_NorthAmerica,Europe & North America,3534.32265095546,6628.84686594032,5.42242556896897,3.99992545326879,0.628909193553028,-0.3042675130300445,87.55635861791752,-26.233649454604823,1.8669464526097412,-0.8909120983349839,-0.4838019799187265,Absolute decoupling,True,True,False,False,True,1944024.0
1990-2024,1990,2024,34,MLI,Mali,Global_South,Global South,589.775405883669,909.755317910813,0.0347865686585327,0.302799241541437,0.43343388550558704,2.1638386625519432,54.254536359940865,770.448719773815,1.2829658305530511,6.571114020365365,4.992315402446888,Coupled expansion,True,False,False,True,False,16828712.5
1990-2024,1990,2024,34,MLT,Malta,Europe_NorthAmerica,Europe & North America,10067.7520087393,34670.0815997119,6.55589123867069,3.17888641409729,1.2365396679669693,-0.7238331199403125,244.36765595354893,-51.51099525040536,3.703824994885996,-2.106419382154412,-0.585369914683277,Absolute decoupling,True,True,False,False,True,461508.5
1990-2024,1990,2024,34,MMR,Myanmar,Global_South,Global South,170.233436728781,1158.47928099316,0.111323606946145,0.575463259318228,1.9176928070132426,1.6427340470672576,580.5239342250196,416.92832733727346,5.802369542582331,4.950193841583617,0.8566200181069531,Relative decoupling,True,False,True,False,True,47158671.0
1990-2024,1990,2024,34,MNG,Mongolia,Global_South,Global South,1823.45623781461,4626.79609644243,6.26475311024391,7.84665630954259,0.9311309087809168,0.2251483134345753,153.73770976744626,25.250846624937353,2.776465212323065,0.6643983198898695,0.2418009232765678,Relative decoupling,True,False,True,False,True,2811749.0
1990-2024,1990,2024,34,MOZ,Mozambique,Global_South,Global South,221.048981086396,605.604720848519,0.088731659622635,0.292006477521244,1.0078431865816695,1.191159230453462,173.9685647371616,229.08939014903157,3.008615735854203,3.5655018869352295,1.1818894509705926,Coupled expansion,True,False,False,True,False,23863151.5
1990-2024,1990,2024,34,MRT,Mauritania,Global_South,Global South,1437.75048235693,1688.6139322919,0.362266494114899,0.969475151347498,0.16082830690793593,0.9843747314026773,17.448330083236986,167.61380560908628,0.4741449587405189,2.937538707869636,6.120655936309581,Coupled expansion,True,False,False,True,False,3560636.5
1990-2024,1990,2024,34,MUS,Mauritius,Global_South,Global South,3859.6444147337,11934.770909957,1.12120138839697,3.53634151803811,1.1288810060997019,1.1486919446460013,209.21944167699849,215.40645192155617,3.3759732984608437,3.436225410862881,1.0175491822780742,Coupled expansion,True,False,False,True,False,1152277.0
1990-2024,1990,2024,34,MWI,Malawi,Global_South,Global South,353.771303717595,551.95152347056,0.160991391863188,0.221419380007265,0.44480955295362,0.31870765348502483,56.01930333817191,37.534918758531674,1.3168585982917813,0.9417825747785935,0.716503616814759,Relative decoupling,True,False,True,False,True,15600569.0
1990-2024,1990,2024,34,MYS,Malaysia,Global_South,Global South,4184.76072928976,11883.79127749,3.61260484744973,8.32321620146515,1.0437258652253387,0.8346196662802421,183.97779577488325,130.39376164655297,3.1173856238009723,2.4851411040622384,0.7996540989238099,Relative decoupling,True,False,True,False,True,26695422.0
1990-2024,1990,2024,34,NAM,Namibia,Global_South,Global South,2857.33777498196,4034.35053463284,0.911850773714802,1.20450237960009,0.34495498739174657,0.2783454462710486,41.19263637489667,32.09424330398387,1.0197377394364882,0.8220232867772959,0.8069036727825213,Relative decoupling,True,False,True,False,True,2199717.0
1990-2024,1990,2024,34,NER,Niger,Global_South,Global South,465.923889536505,595.151744559316,0.0748848155679316,0.118901709547783,0.24479411229164683,0.46234604105282884,27.735829375773235,58.77946503042606,0.7225807900950176,1.3691291914381454,1.888713893992644,Coupled expansion,True,False,False,True,False,17659235.5
1990-2024,1990,2024,34,NGA,Nigeria,Global_South,Global South,1577.19616627741,2324.64881202751,0.773377106941681,0.566917637661195,0.38792028673593126,-0.31055274487449075,47.39122892457204,-26.695834079822955,1.1474755877051157,-0.909231687221701,-0.8005581442712563,Absolute decoupling,True,True,False,False,True,164900201.5
1990-2024,1990,2024,34,NIC,Nicaragua,Global_South,Global South,1260.87382799969,2290.47162505995,0.471993309884617,0.829841501184187,0.5969527512902868,0.5642699086144725,81.65748024873058,75.81636938605108,1.771247162937728,1.6734655301997803,0.9452505368219314,Relative decoupling,True,False,True,False,True,5539349.5
1990-2024,1990,2024,34,NLD,Netherlands,Europe_NorthAmerica,Europe & North America,31308.9134208148,51178.5256968147,11.0235086623358,6.60188395966651,0.4914171932465248,-0.5126750867268479,63.46311674550218,-40.110865225486016,1.4558402972831619,-1.4965564991260227,-1.0432583429567936,Absolute decoupling,True,True,False,False,True,16472497.5
1990-2024,1990,2024,34,NOR,Norway,Europe_NorthAmerica,Europe & North America,49937.4557649197,79667.5272314776,8.56136535585633,7.17830173255862,0.467090727556581,-0.17619685403874064,59.53461387082275,-16.154708575211497,1.3832762002602639,-0.5168855667034955,-0.3772219049614875,Absolute decoupling,True,True,False,False,True,4906876.0
1990-2024,1990,2024,34,NPL,Nepal,Global_South,Global South,422.724738575869,1179.81272768386,0.05574513716638,0.535964084109792,1.026389768513721,2.263276970747177,179.09715709058554,861.4544180062271,3.0648209973780594,6.8832541102803235,2.2050852806381234,Coupled expansion,True,False,False,True,False,24587813.5
1990-2024,1990,2024,34,NZL,New Zealand,DevelopedAsia_Oceania,Developed Asia & Oceania,26395.6955991067,42408.2378731636,7.50300318337438,6.01694562647754,0.47414168145703606,-0.22072360529622514,60.663460123395076,-19.806169883943802,1.4043033454049336,-0.647084407653542,-0.465522467077651,Absolute decoupling,True,True,False,False,True,4308650.0
1990-2024,1990,2024,34,OMN,Oman,Global_South,Global South,16629.4556601528,17347.2911339051,9.30296368272642,18.6519911434889,0.04226080332555604,0.695619879162011,4.316650457010263,100.4951516485181,0.1243737604599282,2.0670136575124065,16.46016697324242,Coupled expansion,True,False,False,True,False,3522746.0
1990-2024,1990,2024,34,PAK,Pakistan,Global_South,Global South,950.884644833285,1634.56735260799,0.565108471417679,0.811831809174961,0.5417406757926511,0.36227548961927736,71.89964750083571,43.65946543649062,1.6061165174894088,1.0712129848259533,0.6687249191492071,Relative decoupling,True,False,True,False,True,183712370.0
1990-2024,1990,2024,34,PAN,Panama,Global_South,Global South,4828.75877741909,17122.720655567,1.10845367474852,2.73829900364892,1.2658168221466326,0.9043709677689649,254.59879950182315,147.0377487151342,3.7931620670427213,2.6956060913840396,0.7144564299874681,Relative decoupling,True,False,True,False,True,3485580.0
1990-2024,1990,2024,34,PER,Peru,Global_South,Global South,2706.92253156841,6711.19403272527,0.946823385080862,2.02424185179617,0.9079644909925682,0.7598379388566361,147.9270815643459,113.79297170858247,2.706460754570794,2.2599765833311025,0.8368586507452476,Relative decoupling,True,False,True,False,True,28116309.5
1990-2024,1990,2024,34,PHL,Philippines,Global_South,Global South,1704.07568899121,3925.3048697218,0.679411771912049,1.5030109111702,0.8344211761896618,0.7939982668206993,130.34803530619743,121.22238284749164,2.4845428033104078,2.362770400358527,0.9515557484368368,Relative decoupling,True,False,True,False,True,89349168.0
1990-2024,1990,2024,34,PNG,Papua New Guinea,Global_South,Global South,1892.30679279448,2564.73748186493,0.551754262371612,0.516966762734976,0.3040595170093514,-0.06512418656539354,35.53497200511717,-6.304890058684531,0.8983034412419322,-0.19135840109594238,-0.21418236536694438,Absolute decoupling,True,True,False,False,True,7236491.5
1990-2024,1990,2024,34,POL,Poland,Europe_NorthAmerica,Europe & North America,5111.3453296443,18000.5034591285,9.74855094812801,7.55108565871718,1.2589370839884815,-0.2554273044799049,252.16762512074604,-22.54145565944655,3.772162139448909,-0.748441897554375,-0.20289123875092865,Absolute decoupling,True,True,False,False,True,37335007.5
1990-2024,1990,2024,34,PRI,Puerto Rico (US),Global_South,Global South,18733.6452536405,30971.2620550191,5.37709923664122,4.81694630060609,0.5027386254002675,-0.11000887372656876,65.3242689059699,-10.417381405536908,1.4896290228800568,-0.32303263420133677,-0.21881921970682586,Absolute decoupling,True,True,False,False,True,3370147.5
1990-2024,1990,2024,34,PRT,Portugal,Europe_NorthAmerica,Europe & North America,14593.2706053569,22647.3791895579,4.39351319384191,3.32476489948602,0.4394836311460537,-0.2787302142995225,55.190565583321046,-24.325596560262564,1.3009890863597162,-0.8164435945751003,-0.6342220609506433,Absolute decoupling,True,True,False,False,True,10338949.5
1990-2024,1990,2024,34,PRY,Paraguay,Global_South,Global South,4059.77343113365,6640.83816613117,0.541163754814165,1.1581935050359,0.492111018444076,0.7608948248013859,63.576570928904715,114.01904594176347,1.4579106895384442,2.2631553719123065,1.5461853042980682,Coupled expansion,True,False,False,True,False,5482450.0
1990-2024,1990,2024,34,PYF,French Polynesia,Global_South,Global South,25307.7045477138,20846.6514059991,4.1545618718593,3.45591131519089,-0.19391554563420144,-0.18412078724620562,-17.6272531288014,-16.816467733954855,-0.5687164901047481,-0.5400680873534847,,"Economic contraction, emissions falling",False,False,False,False,False,242791.5
1990-2024,1990,2024,34,QAT,Qatar,Global_South,Global South,40125.3967011798,62157.3751791848,38.5798830010791,47.3321641445828,0.4376600102856507,0.20445909261574036,54.90781472412765,22.686126713393364,1.295555861572617,0.6031620129647752,0.4671642092278309,Relative decoupling,True,False,True,False,True,1648998.5
1990-2024,1990,2024,34,ROU,Romania,Europe_NorthAmerica,Europe & North America,5019.43702748333,12459.9112061891,8.09116606509787,3.72055055783694,0.9091986055296957,-0.7769012005314428,148.23324085881234,-54.01712771801901,2.7101888085908854,-2.2590950371472407,-0.8544900924906536,Absolute decoupling,True,True,False,False,True,21126819.5
1990-2024,1990,2024,34,RUS,Russian Federation,Europe_NorthAmerica,Europe & North America,7849.51904296875,11043.259765625,16.4646839225671,13.9977718566194,0.34136800438549386,-0.16231955486480576,40.6870880263303,-14.983051466699958,1.0090807697586301,-0.47627266313635674,-0.4754972720920396,Absolute decoupling,True,True,False,False,True,145751628.5
1990-2024,1990,2024,34,RWA,Rwanda,Global_South,Global South,368.219602425258,1070.45003770926,0.0749799296490302,0.162128792997641,1.067154929112398,0.7711705648323366,190.70968266186804,116.22958804648324,3.188467282870966,2.294066795742422,0.7226416181891739,Relative decoupling,True,False,True,False,True,10815937.0
1990-2024,1990,2024,34,SAU,Saudi Arabia,Global_South,Global South,25918.9650837526,24963.3322139095,16.3431491432276,18.4845842582552,-0.03756690661215423,0.12312830448687162,-3.687002419869445,13.10295278015612,-0.11042988307899959,0.3627985987023852,,"Economic contraction, emissions rising",False,False,False,False,False,22970485.5
1990-2024,1990,2024,34,SDN,Sudan,Global_South,Global South,764.450439453125,578.38916015625,0.251867710441455,0.433463815698253,-0.27891026628466875,0.5429043314990882,-24.339220660266726,72.09979593593391,-0.8169688342497983,1.6095940633898742,,"Economic contraction, emissions rising",False,False,False,False,False,36235222.0
1990-2024,1990,2024,34,SEN,Senegal,Global_South,Global South,990.777522619822,1511.89280670234,0.306352302816791,0.767609570951958,0.4226276479225266,0.9185454766362752,52.5965993560876,150.56432215266042,1.2507801282149122,2.7384285399627784,2.1734154903293432,Coupled expansion,True,False,False,True,False,13111253.5
1990-2024,1990,2024,34,SGP,Singapore,DevelopedAsia_Oceania,Developed Asia & Oceania,23272.7000932159,67706.8336149739,10.3862254736585,9.75144363129176,1.0679061106731655,-0.06306511577299734,190.92814045548087,-6.111766435040988,3.190747110229375,-0.18531371633420113,-0.059054925468348146,Absolute decoupling,True,True,False,False,True,4541996.0
1990-2024,1990,2024,34,SLB,Solomon Islands,Global_South,Global South,1805.73206812837,1806.38367324387,0.478525201019808,0.383912070097827,0.0003607886176544284,-0.22029533396761103,0.03608537096957409,-19.77181781029429,0.0010611486232381395,-0.6458329290315423,-610.5939134105804,Absolute decoupling,True,True,False,False,True,575316.5
1990-2024,1990,2024,34,SLE,Sierra Leone,Global_South,Global South,992.259351903398,1137.29005673054,0.150828196914432,0.16915022896262,0.13641905171368673,0.11464582854671934,14.616209416312099,12.147617238030438,0.40203852029361276,0.33776275055548144,0.8403945571131476,Relative decoupling,True,False,True,False,True,6419425.0
1990-2024,1990,2024,34,SLV,El Salvador,Global_South,Global South,2348.20460167761,4585.22599757795,0.480505862704885,1.50569728627702,0.6691883582585216,1.1421719534326815,95.26518235685957,213.356694089242,1.987697832503943,3.4163919219903693,1.706801888193393,Coupled expansion,True,False,False,True,False,5868959.5
1990-2024,1990,2024,34,SOM,"Somalia, Fed. Rep.",Global_South,Global South,259.400021870078,467.269910194415,0.0887641926348169,0.0455149206821494,0.5885357006732646,-0.6679431333014061,80.13487694632883,-48.72378226949973,1.7460557595349258,-1.9453673151346496,-1.1349237311131715,Absolute decoupling,True,True,False,False,True,13045981.0
1990-2024,1990,2024,34,STP,Sao Tome and Principe,Global_South,Global South,967.490807502814,1368.14347554019,0.313872174337291,0.627080361388493,0.34650404889411845,0.6920888855762148,41.411521942156604,99.78845296258234,1.0243403674235818,2.05641426759966,1.9973471819017534,Coupled expansion,True,False,False,True,False,179258.0
1990-2024,1990,2024,34,SUR,Suriname,Global_South,Global South,6474.95571162121,7246.2576795921,2.66089363940721,4.06111933370217,0.11254338581535173,0.4227966125343027,11.91208098283305,52.62238495962204,0.3315584012094641,1.2512833000168477,3.756743316999356,Coupled expansion,True,False,False,True,False,523462.0
1990-2024,1990,2024,34,SVK,Slovak Republic,Europe_NorthAmerica,Europe & North America,8597.46391527645,19776.1758069498,11.442283504998,5.51311685631444,0.8330107049530007,-0.730185437228347,130.02336505083062,-51.81803654920536,2.4802913767942636,-2.124707411479565,-0.8765618891650916,Absolute decoupling,True,True,False,False,True,5360628.0
1990-2024,1990,2024,34,SVN,Slovenia,Europe_NorthAmerica,Europe & North America,13615.5858551079,26134.627203987,7.34980814859263,6.26652251574692,0.6520459924975768,-0.1594526325548984,91.94640232232511,-14.738964758599082,1.936289898517729,-0.4678803447786928,-0.2445420022353576,Absolute decoupling,True,True,False,False,True,2062780.5
1990-2024,1990,2024,34,SWE,Sweden,Europe_NorthAmerica,Europe & North America,34903.3480401006,54209.9474264877,6.67642266733732,3.57381645984766,0.44028166647143685,-0.6249482541090718,55.31446256733228,-46.471087318488124,1.3033668133167309,-1.821293379949085,-1.4194282926146216,Absolute decoupling,True,True,False,False,True,9564272.0
1990-2024,1990,2024,34,SWZ,Eswatini,Global_South,Global South,2027.97481893357,3864.20550510839,1.26749714589628,0.880335237065324,0.6447184305354581,-0.36449669756508574,90.5450437072201,-30.54538703179357,1.9143233103776858,-1.0663231440002363,-0.5653579614008556,Absolute decoupling,True,True,False,False,True,1057625.0
1990-2024,1990,2024,34,SYC,Seychelles,Global_South,Global South,8779.85231337378,16586.4074964781,3.82551397700951,7.23667946668425,0.6361239477231049,0.6374696326674802,88.91442480431134,89.16881522783832,1.8885647749448786,1.8925974990916972,1.002115444559495,Coupled expansion,True,False,False,True,False,95430.5
1990-2024,1990,2024,34,TCD,Chad,Global_South,Global South,602.670685766624,849.707321000625,0.0393459085353043,0.142508619707364,0.3435210408329006,1.2870104938274325,40.99031877081576,262.1942535130275,1.0154773320633304,3.8578810065806435,3.7465259499300214,Coupled expansion,True,False,False,True,False,13140978.0
1990-2024,1990,2024,34,TGO,Togo,Global_South,Global South,703.623952029279,931.029965529857,0.188833491173891,0.276146592685668,0.2800474087549656,0.3800662299631441,32.31925417614478,46.23814396958481,0.8270703337212248,1.124113050445974,1.3571496042503735,Coupled expansion,True,False,False,True,False,6756998.5
1990-2024,1990,2024,34,THA,Thailand,Global_South,Global South,2631.51971095863,6574.46109387985,1.74257054869176,3.96005269352319,0.9156310956240432,0.8208959817360514,149.83514531551262,127.25350755504343,2.729622478401872,2.4437825766447263,0.8965357179974042,Relative decoupling,True,False,True,False,True,63203170.0
1990-2024,1990,2024,34,TJK,Tajikistan,Global_South,Global South,1312.94701318034,1496.33813395037,2.28246518464953,0.922478268427306,0.13074664041062167,-0.9059475408103654,13.96789961278051,-59.58412532943185,0.38528928051291267,-2.6293656234995244,-6.929031124357422,Absolute decoupling,True,True,False,False,True,7994847.5
1990-2024,1990,2024,34,TKM,Turkmenistan,Global_South,Global South,3495.74838854006,8231.49544263659,12.1509497782512,10.8623686336296,0.8564202204947513,-0.11210294082935413,135.47162231759887,-10.604777142014111,2.550874907442302,-0.32917157039333844,-0.13089712053341362,Absolute decoupling,True,True,False,False,True,5627530.0
1990-2024,1990,2024,34,TLS,Timor-Leste,Global_South,Global South,633.18248660316,1149.21888298011,0.0916689134537611,0.499343870436187,0.5960790893137471,1.6951116584258143,81.49884232353541,444.7254163081818,1.768632088625921,5.111996099965244,2.8437697091125265,Coupled expansion,True,False,False,True,False,1080491.5
1990-2024,1990,2024,34,TTO,Trinidad and Tobago,Global_South,Global South,6058.21521640153,16312.4849555716,10.117248891558,19.5810522730943,0.9905155248622393,0.6603205996585966,169.26222283104892,93.5412727607507,2.9561320976285943,1.9611012338772715,0.6666433620517295,Relative decoupling,True,False,True,False,True,1310270.5
1990-2024,1990,2024,34,TUN,Tunisia,Global_South,Global South,2114.47034536085,4006.20588267443,1.77469926454521,2.62113010481539,0.6390402760906468,0.3899745823419043,89.46616543779169,47.69432529669129,1.8973045765820817,1.153587149236568,0.6102503972481806,Relative decoupling,True,False,True,False,True,10300809.0
1990-2024,1990,2024,34,TUR,Turkiye,Global_South,Global South,5188.18244439241,15395.0278894893,2.77001803853739,5.37926453268486,1.0876611605191329,0.6636978285815285,196.73258514894485,94.1960109229177,3.250721542417212,1.9712295598377283,0.6102064251928885,Relative decoupling,True,False,True,False,True,70767144.5
1990-2024,1990,2024,34,TZA,Tanzania,Global_South,Global South,541.544799804688,1120.77416992188,0.0798040398530735,0.311205530057348,0.7273491528421365,1.360879434353903,106.95871704909648,289.9621255143296,2.162308474941299,4.083769585675889,1.8710126065813506,Coupled expansion,True,False,False,True,False,47335182.0
1990-2024,1990,2024,34,UGA,Uganda,Global_South,Global South,369.839286985576,986.090145363924,0.0472854223334377,0.165048181856788,0.9806792239635627,1.2500353904414938,166.6266619215017,249.04664844258946,2.9263508911827163,3.7449966373515498,1.274662866201333,Coupled expansion,True,False,False,True,False,33792494.5
1990-2024,1990,2024,34,UKR,Ukraine,Europe_NorthAmerica,Europe & North America,3102.310546875,2219.04248046875,15.0908385838331,3.12934781865114,-0.3350713838296029,-1.5732632251986858,-28.471297539699147,-79.26326094294305,-0.9806638918269162,-4.521820144864009,,"Economic contraction, emissions falling",False,False,False,False,False,44957156.5
1990-2024,1990,2024,34,URY,Uruguay,Global_South,Global South,8320.3559048693,18958.6033293537,1.26881078262068,2.56756948291319,0.8235527991041547,0.7048796547880409,127.85808138638144,102.36031393191456,2.4517880194437014,2.094815020942953,0.8559009884427518,Relative decoupling,True,False,True,False,True,3245495.5
1990-2024,1990,2024,34,USA,United States,Europe_NorthAmerica,Europe & North America,39009.3725082423,66356.1706750101,19.9645212981176,13.6195685039144,0.5312348203565005,-0.38244914401780905,70.10314806009657,-31.7811416535264,1.5747255095960533,-1.1185476356525892,-0.7199248418263613,Absolute decoupling,True,True,False,False,True,294866994.0
1990-2024,1990,2024,34,UZB,Uzbekistan,Global_South,Global South,1569.01079980159,3890.41593075015,6.24743097419804,4.08501666540206,0.908070718020558,-0.4248445271567707,147.95341952025532,-34.612856352103385,2.7067816433685943,-1.2417683568483162,-0.46785401040445457,Absolute decoupling,True,True,False,False,True,28413407.5
1990-2024,1990,2024,34,VCT,St. Vincent and the Grenadines,Global_South,Global South,3784.79942946706,9485.18771201686,0.262941365864129,1.31191858153773,0.9187384990072633,1.6073148469838827,150.6126913402248,398.93959332958076,2.739011800885116,4.84091983042374,1.7494802369995988,Coupled expansion,True,False,False,True,False,106214.0
1990-2024,1990,2024,34,VEN,"Venezuela, RB",Global_South,Global South,3762.27506756855,1501.02277449885,5.17374026643453,3.39410515757435,-0.9188771201617092,-0.4215557330354478,-60.10332185868279,-34.39745749135974,-2.666386858616987,-1.2322150862372205,,"Economic contraction, emissions falling",False,False,False,False,False,24116276.5
1990-2024,1990,2024,34,VNM,Viet Nam,Global_South,Global South,687.860316254161,4017.74604111554,0.314143053752967,4.26605675468195,1.7648905494601825,2.608596735538767,484.09330298260693,1257.9981170096642,5.327941104277856,7.974341412763786,1.4780501466998304,Coupled expansion,True,False,False,True,False,83246119.0
1990-2024,1990,2024,34,VUT,Vanuatu,Global_South,Global South,2637.26084848443,2697.09183254533,0.688220554763851,0.869798674098549,0.022433272334259513,0.23415241544207482,2.26867903852912,26.383710581995466,0.0660019844782811,0.6910604534187792,10.437728921272146,Coupled expansion,True,False,False,True,False,237920.0
1990-2024,1990,2024,34,WSM,Samoa,Global_South,Global South,2534.12204893501,4880.54418032056,0.726446681889708,1.60444731881166,0.6554094807334012,0.7923695366739025,92.59309875669386,120.86236454931645,1.9463745594417325,2.3578669492753113,1.2089686828869846,Coupled expansion,True,False,False,True,False,193530.5
1990-2024,1990,2024,34,ZAF,South Africa,Global_South,Global South,4544.23023212165,5715.47531469148,7.71150133307914,6.87684962627712,0.22931911604756827,-0.11455225013230552,25.774334105932574,-10.82346576563127,0.6767476460169952,-0.33635144963826136,-0.4995320586729614,Absolute decoupling,True,True,False,False,True,52376727.5
1990-2024,1990,2024,34,ZMB,Zambia,Global_South,Global South,878.589205998477,1343.38966380353,0.38898462132019,0.542961477377669,0.42463385273559684,0.33349856440572634,52.903046683441566,39.584304267580265,1.256754710434893,0.9857045075252646,0.7853791266458048,Relative decoupling,True,False,True,False,True,14550562.5
1990-2024,1990,2024,34,ZWE,Zimbabwe,Global_South,Global South,1653.56521361694,1417.71894115853,1.71780776324539,0.772821434267465,-0.1538844918696718,-0.7987561822501466,-14.2628951381076,-55.0111804823025,-0.45157874982318935,-2.321902075214033,,"Economic contraction, emissions falling",False,False,False,False,False,13385827.0
