Country Name,Country Code,Series Name,Series Code,1990 [YR1990],1991 [YR1991],1992 [YR1992],1993 [YR1993],1994 [YR1994],1995 [YR1995],1996 [YR1996],1997 [YR1997],1998 [YR1998],1999 [YR1999],2000 [YR2000],2001 [YR2001],2002 [YR2002],2003 [YR2003],2004 [YR2004],2005 [YR2005],2006 [YR2006],2007 [YR2007],2008 [YR2008],2009 [YR2009],2010 [YR2010],2011 [YR2011],2012 [YR2012],2013 [YR2013],2014 [YR2014],2015 [YR2015],2016 [YR2016],2017 [YR2017],2018 [YR2018],2019 [YR2019],2020 [YR2020],2021 [YR2021],2022 [YR2022],2023 [YR2023],2024 [YR2024],2025 [YR2025]
Afghanistan,AFG,Government Effectiveness - Governance score (0-100),GOV_WGI_GE_SC,..,..,..,..,..,..,5.8680866,..,5.6906113,..,5.7519961,..,10.5298896,10.3501355,28.8607414,24.2996488,19.7251611,20.3667652,18.9072348,21.0312529,20.5072949,20.1457819,22.1784637,22.155125,21.6960634,22.7349885,23.7741041,23.2985617,19.6224247,19.1785042,17.960381,18.1708567,13.1405332,10.6546599,13.7358099,..
Afghanistan,AFG,Regulatory Quality - Governance score (0-100),GOV_WGI_RQ_SC,..,..,..,..,..,..,15.5938597,..,16.0810152,..,16.2136276,..,21.2667545,23.9640933,29.536868,29.3697382,31.3320058,31.0526214,30.165613,30.9841892,32.3322182,32.194518,35.0839368,34.6366704,36.2007127,38.0317131,33.399475,32.5233931,34.3129099,34.7350241,34.3181413,32.6259609,32.4204451,32.3008157,30.5994864,..
Afghanistan,AFG,Rule of Law - Governance score (0-100),GOV_WGI_RL_SC,..,..,..,..,..,..,23.9701623,..,24.0885444,..,24.0051086,..,22.822007,22.8117202,26.9097642,26.6313036,25.3014687,25.3059418,23.4034827,25.1604511,25.1356401,23.8258196,24.547485,27.6685806,28.7803146,28.6914007,29.7699576,29.511933,28.27664,28.4439091,28.4695599,27.3576848,24.9753672,24.3193623,23.6535886,..
Albania,ALB,Government Effectiveness - Governance score (0-100),GOV_WGI_GE_SC,..,..,..,..,..,..,32.4784433,..,32.3625355,..,29.7698194,..,38.563708,38.4349672,42.591527,37.7696667,39.3747666,41.2841189,41.9592911,45.7016855,45.5763318,46.4976012,44.742022,44.410272,52.8982848,54.9095937,55.1796244,56.3191004,56.5605037,51.85865,51.704282,53.5111467,55.0925288,57.0459179,57.4136957,..
Albania,ALB,Regulatory Quality - Governance score (0-100),GOV_WGI_RQ_SC,..,..,..,..,..,..,42.4033948,..,40.1966702,..,43.2522347,..,48.0407771,48.2980674,50.3227992,49.2536577,52.7909571,54.7537972,55.4656418,56.8762329,56.5557829,55.7116728,53.5446213,53.854301,55.7544291,55.5631739,55.8766261,56.6059076,56.6600998,56.309621,54.5543139,54.7847817,55.1084617,55.8603547,57.0035209,..
Albania,ALB,Rule of Law - Governance score (0-100),GOV_WGI_RL_SC,..,..,..,..,..,..,50.1733565,..,41.9594692,..,40.2803672,..,43.9830125,43.9254203,48.1099326,45.5331633,46.4330869,47.9213721,48.8299751,49.9817067,51.4950783,51.8141424,50.0421215,48.6825327,52.2072847,53.0614416,53.4166241,53.4236323,53.9639778,51.9490278,52.5460654,53.4957451,54.7107003,54.3312817,54.925199,..
Algeria,DZA,Government Effectiveness - Governance score (0-100),GOV_WGI_GE_SC,..,..,..,..,..,..,36.7835535,..,36.1246015,..,30.3157122,..,37.3724856,34.5850843,38.1033202,38.0264522,37.0497518,36.7240995,37.2559537,37.761123,39.6206596,37.2941554,38.5167643,40.6276868,45.2110876,44.4268928,43.0877306,41.1681878,45.716986,45.1981709,46.1037431,42.3162152,46.1462983,44.4269433,46.4563079,..
Algeria,DZA,Regulatory Quality - Governance score (0-100),GOV_WGI_RQ_SC,..,..,..,..,..,..,40.6874311,..,39.5489711,..,41.8220965,..,43.8663676,43.6823971,45.2558833,45.015273,46.7686338,47.9190864,45.9314506,42.6888102,39.5704313,36.9654784,37.7034704,42.2604584,38.6433809,40.4991062,40.280713,39.9443843,38.4567671,37.0539655,37.8133673,39.5329048,41.0115322,42.4720793,42.9924826,..
Algeria,DZA,Rule of Law - Governance score (0-100),GOV_WGI_RL_SC,..,..,..,..,..,..,40.6857636,..,38.0153612,..,35.7892668,..,46.0446723,46.0472143,46.1178298,44.1696849,43.6743936,44.3086872,43.9828748,43.2082159,43.7110076,42.6235821,42.8471043,44.6601039,42.5745539,41.863492,42.1532807,42.0323238,42.2739483,42.4090971,43.6316749,43.9649172,43.223943,44.3500497,44.9726847,..
American Samoa,ASM,Government Effectiveness - Governance score (0-100),GOV_WGI_GE_SC,..,..,..,..,..,..,..,..,..,..,..,..,..,..,50.0871189,45.5295067,45.4722208,55.597945,55.6655169,55.9014565,55.9462322,55.9198894,55.9265237,55.9339338,66.2726692,66.2174152,66.236622,66.2428596,66.2771005,66.3104743,66.2151577,66.2717223,66.2632058,66.2931807,66.2614695,..
American Samoa,ASM,Regulatory Quality - Governance score (0-100),GOV_WGI_RQ_SC,..,..,..,..,..,..,..,..,..,..,..,..,..,..,56.4006331,64.0077334,63.9479992,64.0520006,64.0058755,63.9440847,63.9464709,63.9634,63.7784327,63.7510173,57.1544045,57.3289815,57.3698043,53.6784118,53.6961704,53.744319,61.1315136,61.0985387,61.0106572,61.0200207,61.0412254,..
American Samoa,ASM,Rule of Law - Governance score (0-100),GOV_WGI_RL_SC,..,..,..,..,..,..,..,..,..,..,..,..,..,..,66.3475883,74.9283458,74.8830559,74.9723381,74.8898059,74.7901749,74.760748,75.0109727,74.9156409,74.7025552,79.6888264,79.7837313,79.7993741,79.7610924,79.7988389,80.5861133,77.6519861,77.5397482,77.4707384,77.451965,75.6655388,..
Andorra,AND,Government Effectiveness - Governance score (0-100),GOV_WGI_GE_SC,..,..,..,..,..,..,..,..,..,..,..,..,..,..,..,..,..,..,..,..,..,..,..,..,..,..,..,..,..,..,..,..,..,..,..,..
Andorra,AND,Regulatory Quality - Governance score (0-100),GOV_WGI_RQ_SC,..,..,..,..,..,..,..,..,..,..,..,..,..,..,..,..,..,..,..,..,..,..,..,..,..,..,..,..,..,..,..,..,..,..,..,..
Andorra,AND,Rule of Law - Governance score (0-100),GOV_WGI_RL_SC,..,..,..,..,..,..,..,..,..,..,..,..,..,..,..,..,..,..,..,..,..,..,..,..,..,..,..,..,..,..,..,..,..,..,..,..
Angola,AGO,Government Effectiveness - Governance score (0-100),GOV_WGI_GE_SC,..,..,..,..,..,..,40.2507295,..,29.6492198,..,29.6774797,..,27.4225159,22.987123,21.5583861,21.373211,22.32086,23.8657146,25.6001193,30.0018643,32.8394682,31.706399,31.523145,31.3397218,33.062878,33.1054157,32.8806234,32.5164175,32.3152788,33.6134335,31.5783465,33.1661374,35.1519358,35.2271686,36.0732109,..
Angola,AGO,Regulatory Quality - Governance score (0-100),GOV_WGI_RQ_SC,..,..,..,..,..,..,28.7646677,..,28.9262601,..,26.3701434,..,29.5268042,28.9378584,32.3237569,32.6379535,37.5560739,37.9478013,37.7987156,37.9485552,37.7498069,37.3717328,38.501282,37.5461789,38.6632529,37.6641444,36.2458363,36.2526969,38.1066148,39.15311,38.47815,41.4788741,41.2696867,40.6000338,42.6711683,..
Angola,AGO,Rule of Law - Governance score (0-100),GOV_WGI_RL_SC,..,..,..,..,..,..,29.9402231,..,31.7912377,..,31.780228,..,31.2146843,28.1348152,31.9419501,33.571296,34.1374145,34.0577307,35.3923966,35.799459,35.654526,34.4471624,33.8355285,33.5138518,34.501297,34.4422729,34.095534,34.0451221,37.851326,38.8595978,40.6575036,38.0671258,36.9565122,36.4075028,36.8326485,..
Antigua and Barbuda,ATG,Government Effectiveness - Governance score (0-100),GOV_WGI_GE_SC,..,..,..,..,..,..,66.1026449,..,65.9251677,..,65.9865524,..,65.9914368,65.7415403,61.2605298,62.5957623,62.5515349,62.6184185,62.6705848,62.8527383,65.9853236,65.9589828,65.9656171,65.9730272,52.8872095,59.5246902,59.543897,46.1646729,46.1989138,46.2322895,39.444246,39.5008106,49.5362212,59.7249052,59.7008199,..
Antigua and Barbuda,ATG,Regulatory Quality - Governance score (0-100),GOV_WGI_RQ_SC,..,..,..,..,..,..,63.2098573,..,63.6970128,..,63.8296268,..,64.0289113,64.0302061,58.6141978,60.3479563,60.3048262,60.3799171,60.3466142,60.302,63.9464709,63.9634,63.7784327,63.7510173,60.8889965,58.1167608,58.1375886,58.3079325,62.5055435,63.9907886,63.9489596,63.7642889,62.1881673,64.6708822,64.8713859,..
Antigua and Barbuda,ATG,Rule of Law - Governance score (0-100),GOV_WGI_RL_SC,..,..,..,..,..,..,73.8184998,..,73.6637274,..,73.5619451,..,73.6898688,73.6354382,69.9170709,70.4472707,72.8122399,72.8608309,72.8159144,72.7616921,74.6010395,74.7450639,74.6901927,74.5675441,66.4860226,72.6159846,72.5767958,68.2494243,66.9759872,67.1106007,67.1187809,66.717966,67.6358473,67.6096233,67.3216504,..
Argentina,ARG,Government Effectiveness - Governance score (0-100),GOV_WGI_GE_SC,..,..,..,..,..,..,55.2187322,..,52.6190687,..,51.5501317,..,46.9605983,48.6985184,50.8770497,51.6000173,52.3494326,51.3571012,49.9591637,50.2033942,51.4811813,52.7352059,51.3675738,51.0243674,54.804979,53.6485129,58.0051769,57.0891516,56.3521358,56.4534275,54.2362181,53.5291966,53.451823,52.5357627,54.9132764,..
Argentina,ARG,Regulatory Quality - Governance score (0-100),GOV_WGI_RQ_SC,..,..,..,..,..,..,58.5718042,..,60.3101507,..,53.239285,..,39.801541,41.5139577,44.2792775,45.4244546,44.7357088,44.6555821,44.4005771,42.562172,42.9114711,43.713093,41.598513,41.6864639,38.8903487,42.2878376,50.8772845,52.9645137,51.8641165,47.779716,46.2329181,45.651899,45.7273179,46.8743591,51.156098,..
Argentina,ARG,Rule of Law - Governance score (0-100),GOV_WGI_RL_SC,..,..,..,..,..,..,59.1912023,..,57.552511,..,54.2014803,..,43.1122576,43.4863271,45.5973455,49.8602405,49.307727,48.970392,45.2921687,46.1129127,48.0659438,48.9013186,48.0993618,47.0542246,44.4013496,48.9217959,52.8928335,53.9957849,53.4845358,51.145331,51.9641457,51.7343949,51.9503978,52.8724561,52.6382821,..
Armenia,ARM,Government Effectiveness - Governance score (0-100),GOV_WGI_GE_SC,..,..,..,..,..,..,46.0244582,..,38.9189677,..,38.8002386,..,45.5903626,45.4616199,47.5367285,46.9984227,46.6745943,44.2327773,45.5087366,50.5537618,48.5546988,51.1194758,51.9498386,52.6967611,48.7616298,48.5715237,49.2870403,51.1345469,47.9754653,46.417589,44.7767568,44.4308943,44.9105336,48.1625284,44.2622836,..
Armenia,ARM,Regulatory Quality - Governance score (0-100),GOV_WGI_RQ_SC,..,..,..,..,..,..,42.7566052,..,42.4059435,..,43.4051103,..,53.9744745,57.6659868,57.7715765,56.7649246,58.3453487,58.7070504,61.0368078,61.3069817,60.9259947,60.714175,61.2996669,60.2906651,56.8089899,58.2205668,58.6871784,59.0556225,59.3615549,58.9376649,58.1448229,57.9730706,56.0981042,56.383805,57.0391218,..
Armenia,ARM,Rule of Law - Governance score (0-100),GOV_WGI_RL_SC,..,..,..,..,..,..,52.4348395,..,55.2619023,..,49.3195662,..,51.0312688,51.066654,52.7125996,51.233276,49.0585642,50.2424196,51.200987,49.5077653,49.3702535,50.3047396,50.8150232,51.7673172,49.8307482,50.1436904,51.6628534,51.4692278,53.2014077,52.6966642,55.6708338,55.194753,52.8574311,53.3368421,54.5140043,..
Aruba,ABW,Government Effectiveness - Governance score (0-100),GOV_WGI_GE_SC,..,..,..,..,..,..,..,..,..,..,..,..,..,..,68.7456317,75.6467849,75.5894989,75.6761298,75.7437017,78.5303953,70.8310747,70.8150237,70.8190661,70.823581,64.8884981,64.8548269,64.8665322,64.8703335,68.9696501,68.9899885,68.9319034,68.9663738,70.9492691,64.1272277,64.1110309,..
Aruba,ABW,Regulatory Quality - Governance score (0-100),GOV_WGI_RQ_SC,..,..,..,..,..,..,..,..,..,..,..,..,..,..,66.5858702,72.4105571,72.3508228,72.4548243,72.4086992,78.0211485,78.0222415,78.0299915,77.9453037,77.9327513,74.4849705,76.2748091,76.2934998,74.8303646,70.3897634,70.4118087,70.3742727,70.3591763,70.3189387,70.3232253,70.3329342,..
Aruba,ABW,Rule of Law - Governance score (0-100),GOV_WGI_RL_SC,..,..,..,..,..,..,..,..,..,..,..,..,..,..,67.4120272,70.5375288,70.4922389,70.5815211,70.4989889,81.3423103,81.3331748,80.1576373,80.1280418,80.0618924,74.3400737,79.2160346,79.2208914,79.2090057,79.2207245,79.2192254,79.2321662,77.9330971,77.9707954,77.9639129,77.9628011,..
Australia,AUS,Government Effectiveness - Governance score (0-100),GOV_WGI_GE_SC,..,..,..,..,..,..,82.473312,..,83.7092342,..,86.1317472,..,88.7195809,89.0516829,86.1267675,86.4053109,85.5303708,85.3140561,85.0644202,83.4351669,84.6485281,84.4677746,84.4838431,82.8811134,86.2376023,83.9328327,82.934005,83.3122495,84.8771645,83.7468389,82.5570088,84.4436776,85.7080678,85.9860939,86.5155896,..
Australia,AUS,Regulatory Quality - Governance score (0-100),GOV_WGI_RQ_SC,..,..,..,..,..,..,69.4978249,..,74.6269921,..,80.5507093,..,79.5688027,82.4177616,84.5128293,83.2876044,83.51855,83.6322225,84.0628643,82.741489,81.4290591,83.8768988,85.3016826,84.5216155,82.4143865,82.3013543,83.4731725,83.6562582,83.6957403,83.9863619,82.7534122,83.0307116,83.2556593,83.4581518,82.026233,..
Australia,AUS,Rule of Law - Governance score (0-100),GOV_WGI_RL_SC,..,..,..,..,..,..,86.05236,..,86.6977201,..,87.8791574,..,87.153444,88.2136767,86.7015821,86.5280879,86.8696636,86.7401135,86.5195084,86.1796314,84.4552308,84.0752684,85.1023997,85.1158602,86.779581,86.5290001,86.7190682,84.9097362,85.1195657,85.091495,83.678109,83.9886779,82.2979363,82.8355625,82.2713526,..
Austria,AUT,Government Effectiveness - Governance score (0-100),GOV_WGI_GE_SC,..,..,..,..,..,..,86.1008992,..,85.9133791,..,89.7383523,..,89.4993173,87.5499531,86.4791262,87.9259188,85.8292099,85.8374347,84.9775249,83.0126094,85.3867651,81.7606984,80.9035185,81.9429919,84.2574778,82.4687154,83.5831747,82.719903,82.5356457,85.421111,88.4396396,86.6567707,85.1211403,82.0436925,80.788653,..
Austria,AUT,Regulatory Quality - Governance score (0-100),GOV_WGI_RQ_SC,..,..,..,..,..,..,76.2414762,..,75.5095718,..,80.0015484,..,82.2728317,81.8723007,80.7169338,82.5203531,83.3648496,83.713857,81.4005728,79.8114492,80.5730385,79.3288421,78.9805335,77.2170032,75.6611857,75.0857528,76.8100422,77.262734,79.0042947,79.4483832,78.1052433,77.7026825,76.9614999,77.1335739,76.1709511,..
Austria,AUT,Rule of Law - Governance score (0-100),GOV_WGI_RL_SC,..,..,..,..,..,..,88.6506495,..,87.9937445,..,89.6627886,..,89.8621282,89.0738315,88.1478853,88.2737678,90.0017259,90.4489236,90.0080973,87.7527775,87.3213585,85.6806931,86.2674662,86.8649565,87.5290865,87.6278381,87.8449477,87.4945068,87.9258414,88.1128925,87.0508768,86.5103437,85.2240691,85.4952977,85.839794,..
Azerbaijan,AZE,Government Effectiveness - Governance score (0-100),GOV_WGI_GE_SC,..,..,..,..,..,..,24.8609548,..,25.0275512,..,24.4112555,..,28.309696,28.2129153,30.5540511,33.7592889,34.551275,35.6019929,35.3498798,37.2240986,34.6235951,35.8656752,35.6234046,39.5491523,43.0677538,44.4626386,48.8845413,48.7051372,48.3097216,50.2593949,50.2315219,50.2323191,50.2836338,52.6166207,54.5704861,..
Azerbaijan,AZE,Regulatory Quality - Governance score (0-100),GOV_WGI_RQ_SC,..,..,..,..,..,..,34.7555617,..,37.1944967,..,41.2495104,..,42.5334728,44.8391157,45.056419,46.3108652,47.161828,47.7714202,48.927112,49.6162459,47.5533298,47.8930494,47.1444037,48.7124189,50.4938481,50.7335643,51.4454594,51.9392436,51.7004974,53.2144403,53.1975112,53.9246857,53.9065375,55.5445036,56.9902493,..
Azerbaijan,AZE,Rule of Law - Governance score (0-100),GOV_WGI_RL_SC,..,..,..,..,..,..,35.9860988,..,39.6519321,..,38.0632035,..,42.3471076,42.4832425,44.1216688,44.5051835,43.86467,44.6425525,43.9926746,43.7580152,43.4121524,43.8740171,44.0289324,45.5105984,45.8142778,44.8247484,45.3777696,44.6973496,45.7200216,45.389645,46.3248918,46.4905311,47.5250716,48.0829806,48.6111324,..
"Bahamas, The",BHS,Government Effectiveness - Governance score (0-100),GOV_WGI_GE_SC,..,..,..,..,..,..,73.6278656,..,73.5119579,..,73.5520476,..,73.5552364,73.3920311,69.3273559,73.3046185,73.2672044,73.3237826,73.3679127,70.3370819,70.3576945,70.3455692,70.3486239,70.3520344,65.8683095,65.8428728,65.8517159,65.8545859,65.8703491,65.8857138,62.7607215,62.7867628,65.1327908,65.1448344,65.1320947,..
"Bahamas, The",BHS,Regulatory Quality - Governance score (0-100),GOV_WGI_RQ_SC,..,..,..,..,..,..,63.581372,..,70.270328,..,71.8728021,..,76.1114187,74.5820924,71.8362345,74.5698175,73.4457726,73.5025844,73.477388,66.7920153,64.9346372,64.0111669,63.9498129,61.7920617,60.4896673,57.7939845,58.3069374,55.9931706,57.0956828,54.8000153,54.6825419,54.5414492,53.8042378,53.3768433,53.1711824,..
"Bahamas, The",BHS,Rule of Law - Governance score (0-100),GOV_WGI_RL_SC,..,..,..,..,..,..,78.4620922,..,78.3926539,..,78.3469887,..,81.9194798,81.8950595,81.2615421,83.3432025,78.309953,80.8818241,79.6198648,72.7429152,72.0120885,70.5279648,68.2085592,68.170262,65.2027133,65.344786,64.6317775,63.4532161,63.5294406,63.4525432,62.372248,62.9625131,61.647106,61.7223546,61.2845195,..
Bahrain,BHR,Government Effectiveness - Governance score (0-100),GOV_WGI_GE_SC,..,..,..,..,..,..,60.5301346,..,60.4484289,..,60.4766888,..,58.7686542,58.6864137,58.6760131,56.5824852,56.7433553,58.116667,57.1781236,58.5058682,59.1084209,59.7662121,57.8638325,58.3192076,59.6177453,60.0496495,59.5585616,59.5605585,59.4713513,59.8219367,59.5184622,65.3073437,65.5298844,65.5836257,63.0118001,..
Bahrain,BHR,Regulatory Quality - Governance score (0-100),GOV_WGI_RQ_SC,..,..,..,..,..,..,59.0916949,..,63.1534429,..,63.8601729,..,67.509279,67.7060322,67.9425578,67.8679558,67.7495045,69.5994733,67.6029612,67.9439819,68.7670798,69.0600008,67.5311823,67.794789,64.7452019,66.4860355,63.28286,62.6880582,62.6920421,63.0678924,63.6219613,67.424547,68.5806994,69.2086259,69.8494802,..
Bahrain,BHR,Rule of Law - Governance score (0-100),GOV_WGI_RL_SC,..,..,..,..,..,..,59.1158538,..,62.2223066,..,62.1964028,..,63.2466274,61.1093438,64.599874,61.9216872,59.9911867,61.1457857,60.9878035,60.3480163,58.7033098,56.5276394,54.5957001,54.8428905,54.7085851,57.1693938,56.5684288,56.491077,55.979506,57.0917701,55.0650515,57.2928772,57.5304021,59.1319114,59.8550294,..
Bangladesh,BGD,Government Effectiveness - Governance score (0-100),GOV_WGI_GE_SC,..,..,..,..,..,..,35.5680728,..,40.746272,..,34.4032107,..,34.7292111,30.5957177,33.7230881,33.9449443,32.9859828,34.3692692,34.9122454,35.5014129,35.6476611,35.060823,35.8085681,36.2926406,38.018204,38.610465,40.9618614,40.1951079,39.2969731,39.7312669,37.3141497,40.3760073,39.2181042,40.5013434,39.305124,..
Bangladesh,BGD,Regulatory Quality - Governance score (0-100),GOV_WGI_RQ_SC,..,..,..,..,..,..,36.5772712,..,36.7134321,..,36.0890873,..,37.1644348,38.0392519,37.2411518,39.3810307,41.0777154,41.1853443,41.2477676,42.1620511,41.663854,41.818335,39.4260092,39.8878863,40.7237543,42.6114025,42.8886546,43.1432085,42.4744798,40.8335313,40.7595081,41.1231008,40.2892485,40.654144,39.8788257,..
Bangladesh,BGD,Rule of Law - Governance score (0-100),GOV_WGI_RL_SC,..,..,..,..,..,..,41.1264677,..,41.0756445,..,37.7262059,..,37.6220828,36.6971882,39.1175381,40.5844201,39.5658941,41.746127,42.6820072,42.8249593,42.3740888,44.9199804,39.9471869,40.1856326,42.3036437,42.2164095,41.3564922,41.0567713,41.3093968,40.7531366,41.5281449,40.1857393,40.2076588,41.4402154,40.4414129,..
Barbados,BRB,Government Effectiveness - Governance score (0-100),GOV_WGI_GE_SC,..,..,..,..,..,..,66.1026449,..,65.9251677,..,65.9865524,..,65.9914368,65.7415403,63.0358835,77.4415146,78.8169418,77.1456,81.0790533,76.9759334,75.124993,76.15042,76.4337875,74.8551722,73.9918285,73.9657327,70.3579881,70.3609339,70.3771055,66.4876637,63.2123108,64.223219,65.0933078,63.1085653,63.0957497,..
Barbados,BRB,Regulatory Quality - Governance score (0-100),GOV_WGI_RQ_SC,..,..,..,..,..,..,76.6008296,..,76.95313,..,77.0490312,..,74.3033594,74.3042946,68.7853967,74.7858955,71.0042195,72.8838022,72.2740081,66.9776765,64.7518969,66.8110199,65.649051,65.722019,60.6070272,64.0074133,63.3748484,61.9449799,61.5208185,60.5560445,61.1944022,62.371663,61.2337061,61.632753,61.8101531,..
Barbados,BRB,Rule of Law - Governance score (0-100),GOV_WGI_RL_SC,..,..,..,..,..,..,70.3327404,..,76.5123673,..,82.7181717,..,82.781366,82.7544777,80.7071389,82.9930353,80.6053841,81.9640125,82.6444497,77.1244763,77.5103282,77.8417737,77.0754981,76.4214535,75.1828388,75.6710909,75.0136834,73.4907581,71.1218064,70.4681921,69.0957538,69.0305476,69.3037055,69.6027794,69.4902317,..
Belarus,BLR,Government Effectiveness - Governance score (0-100),GOV_WGI_GE_SC,..,..,..,..,..,..,35.9853648,..,32.3625355,..,25.8861797,..,23.851921,23.7231802,26.8415363,26.3029681,32.0717424,32.1221122,30.9659532,30.9609114,30.823205,30.5863126,30.45526,31.842233,42.0231841,44.8438484,44.9504697,47.4233446,46.8691706,46.6988759,39.3477492,38.0691396,39.7338355,39.7439464,37.6995982,..
Belarus,BLR,Regulatory Quality - Governance score (0-100),GOV_WGI_RQ_SC,..,..,..,..,..,..,35.9588659,..,28.5660866,..,27.6744556,..,30.9999007,32.0395606,35.6915624,35.0729489,29.4471207,30.6447898,35.6372882,36.0089859,36.3941539,33.850831,38.6196465,38.5295412,40.7523794,39.0507961,40.4435324,40.9573889,42.4297946,46.856785,44.0894827,42.336188,37.8914926,36.3281553,35.4281591,..
Belarus,BLR,Rule of Law - Governance score (0-100),GOV_WGI_RL_SC,..,..,..,..,..,..,48.2311562,..,43.7244974,..,40.2973662,..,41.0078894,40.96773,43.9872584,40.995126,36.9731705,38.343256,39.8984978,40.4816808,40.4941172,39.7909533,44.261523,42.812602,44.1044546,44.3716577,44.7038845,43.8855276,44.3481599,43.2953313,42.1598706,38.5964857,37.0150252,36.0445721,35.7852241,..
Belgium,BEL,Government Effectiveness - Governance score (0-100),GOV_WGI_GE_SC,..,..,..,..,..,..,83.9666964,..,83.1285988,..,86.0266036,..,88.9900064,84.5421946,83.2374328,84.3748088,81.0520455,80.7495277,81.5168043,85.2630058,83.601141,86.262061,86.366277,86.6440446,81.4454661,81.0024536,77.6297152,73.7080936,75.2725459,73.128901,74.0821421,75.2230161,76.8196093,73.9850756,74.5710173,..
Belgium,BEL,Regulatory Quality - Governance score (0-100),GOV_WGI_RQ_SC,..,..,..,..,..,..,71.7106735,..,71.8630633,..,74.5068864,..,78.4345206,78.5240739,76.6997905,77.1429043,77.7903685,77.9660353,74.4578294,73.3354878,72.7047288,71.6444808,72.2228614,72.5424834,69.6027695,73.4163905,75.7427933,74.9044429,74.8669275,75.1924417,75.7413392,76.8702874,77.0684112,75.2301559,74.4753152,..
Belgium,BEL,Rule of Law - Governance score (0-100),GOV_WGI_RL_SC,..,..,..,..,..,..,81.0445186,..,77.5873203,..,79.9304543,..,79.3832968,79.5452461,78.3346538,79.1231742,77.9018855,80.3415509,79.6173899,78.0940034,78.1627189,78.8038761,79.5766143,79.9228351,80.3729449,81.4930554,81.7003652,80.6729877,81.4169961,81.9087179,81.977454,81.1494075,80.0237604,78.8566854,79.0425834,..
Belize,BLZ,Government Effectiveness - Governance score (0-100),GOV_WGI_GE_SC,..,..,..,..,..,..,46.0244582,..,45.8469829,..,45.9083676,..,45.913252,45.6633535,43.7151755,42.0754671,42.2112195,41.2414626,41.1571066,41.2555711,45.9600421,46.123053,46.125709,46.1286742,42.843992,43.6770108,43.3169037,43.3199875,43.6589881,44.0054261,43.9561997,43.9854124,48.5929432,50.0916047,48.8303528,..
Belize,BLZ,Regulatory Quality - Governance score (0-100),GOV_WGI_RQ_SC,..,..,..,..,..,..,59.5320282,..,59.884327,..,59.1160128,..,59.2601305,59.2610673,53.5487376,56.0113661,50.8117921,50.8470239,51.0364023,50.9744696,51.7293828,50.3489687,49.6909361,49.6826719,46.1329588,46.9180207,47.5300213,46.3533645,44.4053385,45.7954221,45.7744666,45.2938499,45.1243181,47.0872812,47.7644224,..
Belize,BLZ,Rule of Law - Governance score (0-100),GOV_WGI_RL_SC,..,..,..,..,..,..,63.5775996,..,56.4733913,..,63.4354168,..,60.0972494,61.9298245,58.1645614,62.5752843,59.1114737,58.6310662,57.5158367,55.0581878,55.4140071,51.6729372,51.2701275,51.2337045,45.9786366,46.4007377,46.9291631,47.6390719,46.797157,47.304396,48.0015344,47.883395,49.4412769,50.0681492,50.1294796,..
Benin,BEN,Government Effectiveness - Governance score (0-100),GOV_WGI_GE_SC,..,..,..,..,..,..,35.9853648,..,35.8078895,..,35.8692743,..,38.9798197,38.8000656,42.6625249,39.4135419,37.8629513,39.5939708,40.9814785,42.3719379,41.965764,42.6538004,41.5909397,41.2327711,42.6469716,40.8204781,41.7194491,42.2673155,44.2934018,45.2472224,47.6695739,47.4149409,47.1616961,47.1334148,47.7351469,..
Benin,BEN,Regulatory Quality - Governance score (0-100),GOV_WGI_RQ_SC,..,..,..,..,..,..,50.5655182,..,50.917817,..,51.0137199,..,46.0939609,46.094486,45.2739053,47.1870733,47.2911994,47.5015349,46.4133747,48.3486952,48.2460327,47.5724795,46.3197256,45.8641918,46.0716774,46.3710647,47.4753859,47.65019,47.7352989,47.1388853,47.9807811,48.8810138,50.352593,51.1412381,50.4899699,..
Benin,BEN,Rule of Law - Governance score (0-100),GOV_WGI_RL_SC,..,..,..,..,..,..,58.4715987,..,58.3120038,..,52.0702996,..,50.2359054,48.847592,50.3164102,50.0116035,51.9340511,52.5014346,50.9611954,49.9557444,50.1922728,49.2023682,49.6069557,48.5407458,48.7295248,49.8100954,50.3226577,50.253937,49.5306211,50.1605655,50.1930266,50.3349168,48.902081,50.236747,49.8656515,..
Bermuda,BMU,Government Effectiveness - Governance score (0-100),GOV_WGI_GE_SC,..,..,..,..,..,..,66.1026449,..,65.9251677,..,65.9865524,..,65.9914368,65.7415403,63.8781907,65.6076935,65.5504056,65.6370384,65.7046083,65.9405498,65.9853236,65.9589828,65.9656171,65.9730272,79.658129,79.6028749,79.6220817,79.6283194,79.6625603,79.695934,79.6006175,79.6571821,74.9510215,80.0567528,80.0326675,..
Bermuda,BMU,Regulatory Quality - Governance score (0-100),GOV_WGI_RQ_SC,..,..,..,..,..,..,77.2145681,..,77.7017236,..,77.834336,..,78.0336221,78.0349154,73.1496926,78.0124443,77.9527084,78.0567115,78.0105864,77.948794,77.9511817,77.9681092,77.7831436,77.7557281,64.6235806,64.7981576,68.5735707,68.6167623,68.634521,68.6826695,68.6006897,68.5677148,68.4798333,64.7546064,64.7758095,..
Bermuda,BMU,Rule of Law - Governance score (0-100),GOV_WGI_RL_SC,..,..,..,..,..,..,75.2479503,..,75.0457624,..,74.9127977,..,75.0799119,75.0088076,69.8957193,70.5375288,70.4922389,70.5815211,70.4989889,70.3993578,74.760748,75.0109727,74.9156409,74.7025552,56.271138,71.9778358,71.9934769,71.9551951,71.9929416,71.9881106,68.1268531,67.9791492,70.7560652,70.7380077,70.7350905,..
Bhutan,BTN,Government Effectiveness - Governance score (0-100),GOV_WGI_GE_SC,..,..,..,..,..,..,56.0635515,..,55.8860743,..,55.947461,..,55.9523434,55.7024469,56.5460141,58.2181901,55.0185696,55.3198605,56.395284,59.3753192,59.7610769,60.5021391,61.3969587,63.7814722,59.5033367,58.4359592,59.9085054,60.7370501,61.8106419,60.7638148,60.7464143,62.936546,61.7391132,61.7489169,62.6342595,..
Bhutan,BTN,Regulatory Quality - Governance score (0-100),GOV_WGI_RQ_SC,..,..,..,..,..,..,52.0060971,..,52.4932526,..,52.6258666,..,52.8251511,58.4283253,44.5602769,52.3826745,47.1823308,47.4167951,46.0758947,41.5870724,41.1853522,41.2230475,41.618918,41.6055107,43.3883248,48.5293474,49.4322817,52.835177,54.1177752,53.7658375,54.3747784,54.1509693,53.138064,53.139843,53.4229511,..
Bhutan,BTN,Rule of Law - Governance score (0-100),GOV_WGI_RL_SC,..,..,..,..,..,..,52.9716362,..,53.4732335,..,53.727026,..,54.1997782,54.1858169,58.2770833,60.8053632,57.277644,60.2838272,63.1999864,60.1815096,59.8234323,60.4403568,60.1888482,61.3797101,62.9662083,65.8653839,65.8294927,67.6460928,68.4519547,68.3559345,68.1003555,68.6385205,68.7331053,69.3564374,70.5657526,..
Bolivia,BOL,Government Effectiveness - Governance score (0-100),GOV_WGI_GE_SC,..,..,..,..,..,..,45.5797598,..,50.7104203,..,41.8420825,..,41.8174158,41.5836987,40.5573014,42.2946246,41.9219449,42.6003099,41.8555164,44.3051712,45.3984074,46.1441847,46.5251981,48.176534,43.8181258,42.9388516,44.8708347,45.2529642,44.2577026,42.4377306,42.1659752,42.0373238,42.9101056,43.3803612,39.4715143,..
Bolivia,BOL,Regulatory Quality - Governance score (0-100),GOV_WGI_RQ_SC,..,..,..,..,..,..,55.5041162,..,58.4915387,..,56.6156575,..,52.3558457,53.0500516,52.3558867,49.7803491,44.4107292,42.6891509,42.1167587,40.9756176,41.6246525,42.2459282,41.1562555,41.3522312,41.5779297,41.9086485,41.6249128,41.7842577,41.4800081,39.4764951,38.2868348,37.2460993,36.925143,36.5763233,35.0786424,..
Bolivia,BOL,Rule of Law - Governance score (0-100),GOV_WGI_RL_SC,..,..,..,..,..,..,51.721091,..,52.623505,..,49.0699904,..,50.3706377,50.62743,47.4023059,46.57507,41.7945339,41.9377906,39.6748964,36.8504737,38.3679844,39.5047531,38.0857289,36.4204642,37.3530279,35.664491,35.4306681,35.3385702,34.8524194,35.5390215,36.2750114,37.8575493,36.6979317,36.2633408,35.1463232,..
Bosnia and Herzegovina,BIH,Government Effectiveness - Governance score (0-100),GOV_WGI_GE_SC,..,..,..,..,..,..,24.8609548,..,24.7528033,..,24.0197326,..,25.1427181,25.0208702,36.1002245,37.3188687,38.097697,36.3248457,37.9542604,38.1093245,37.5624712,37.1032657,39.8385143,40.8764808,46.7141784,42.3437382,43.2921786,42.188083,38.3790948,35.9073884,37.6300761,35.000461,36.8357723,38.7918855,38.9873757,..
Bosnia and Herzegovina,BIH,Regulatory Quality - Governance score (0-100),GOV_WGI_RQ_SC,..,..,..,..,..,..,33.9259234,..,36.1920637,..,40.6687798,..,43.4201641,47.1437981,48.6633587,48.8017529,50.0889406,50.5408927,51.5828442,51.5728262,51.0560977,50.57955,51.6261809,51.6867968,51.9304952,50.905386,51.0160225,52.2061797,49.8822151,48.9215763,48.961795,48.8734072,48.8771892,49.379531,49.3451777,..
Bosnia and Herzegovina,BIH,Rule of Law - Governance score (0-100),GOV_WGI_RL_SC,..,..,..,..,..,..,51.6698582,..,45.7070327,..,46.3136549,..,48.4834427,46.5797255,48.9827528,48.3238995,49.5026812,49.821093,48.9468117,50.3135945,50.5765173,49.7825548,54.6947838,54.8127684,55.4246777,52.9927485,53.3595052,51.2952156,51.4383622,50.2438808,51.7568806,51.6732556,51.978064,50.8569691,51.4721898,..
Botswana,BWA,Government Effectiveness - Governance score (0-100),GOV_WGI_GE_SC,..,..,..,..,..,..,55.9084641,..,55.8267603,..,55.8550203,..,59.9794761,63.4701268,61.2414921,62.8751048,58.3854845,62.3612343,61.5045386,62.2843721,61.6696456,61.9017624,62.0834707,61.9897019,61.4141667,62.4125588,61.7655901,59.4217418,58.0832291,59.1830198,57.3754551,59.1679235,60.2725227,61.8596214,59.4464824,..
Botswana,BWA,Regulatory Quality - Governance score (0-100),GOV_WGI_RQ_SC,..,..,..,..,..,..,61.6760756,..,68.3379284,..,68.3819164,..,69.1478839,68.8437983,66.2332102,67.5537875,64.7766091,65.1559717,66.8296427,67.2354067,67.4895284,67.3218704,68.6756465,67.1693907,66.2711026,64.4348708,64.7668766,63.3587978,63.6453172,61.6395915,61.0005604,62.1175665,62.5104152,61.9054882,61.2018557,..
Botswana,BWA,Rule of Law - Governance score (0-100),GOV_WGI_RL_SC,..,..,..,..,..,..,67.1648419,..,67.1275395,..,67.125543,..,67.9787619,70.3686453,68.5612582,69.893253,68.7492318,69.6316021,70.3253966,69.2907338,69.6001496,69.8153092,69.0723799,67.1878595,66.8667612,64.2844001,63.7015975,63.9133752,63.9036925,64.7424819,62.727026,63.3669767,62.8760173,62.683297,62.335899,..
Brazil,BRA,Government Effectiveness - Governance score (0-100),GOV_WGI_GE_SC,..,..,..,..,..,..,51.6820575,..,47.8322212,..,48.1913056,..,50.2973516,49.0505329,47.1185129,44.6336974,43.9751032,43.8153647,49.0298834,50.8491962,51.1910415,50.6454423,51.2325195,54.0327461,50.9451174,49.360564,49.3855865,49.2990606,47.3268322,52.1733223,49.6410809,50.0063582,46.7668678,46.1562672,46.9849597,..
Brazil,BRA,Regulatory Quality - Governance score (0-100),GOV_WGI_RQ_SC,..,..,..,..,..,..,53.1748982,..,55.9547972,..,56.2147575,..,56.3144455,57.8332286,55.4374457,56.3583563,54.8757907,54.1806369,57.3207284,57.2240984,57.8598696,57.8358419,57.8500598,56.9133194,54.2871366,53.3435278,53.3451223,53.1856369,51.00996,53.2947815,52.4673449,52.480175,51.7253658,51.1409432,50.2174997,..
Brazil,BRA,Rule of Law - Governance score (0-100),GOV_WGI_RL_SC,..,..,..,..,..,..,51.0983647,..,50.6001957,..,50.6570737,..,51.7923588,50.2984869,51.9366464,50.9104789,51.6745154,51.5878371,52.7089113,53.4309812,56.2524024,55.6775357,56.195583,54.6493028,54.5209402,53.0887791,54.4077541,52.1316368,50.0545424,50.3183068,50.2151562,49.923063,49.3948665,48.6517238,49.2849848,..
British Virgin Islands,VGB,Government Effectiveness - Governance score (0-100),GOV_WGI_GE_SC,..,..,..,..,..,..,..,..,..,..,..,..,..,..,..,..,..,..,..,..,..,..,..,..,..,..,..,..,..,..,..,..,..,..,..,..
British Virgin Islands,VGB,Regulatory Quality - Governance score (0-100),GOV_WGI_RQ_SC,..,..,..,..,..,..,..,..,..,..,..,..,..,..,..,..,..,..,..,..,..,..,..,..,..,..,..,..,..,..,..,..,..,..,..,..
British Virgin Islands,VGB,Rule of Law - Governance score (0-100),GOV_WGI_RL_SC,..,..,..,..,..,..,..,..,..,..,..,..,..,..,..,..,..,..,..,..,..,..,..,..,..,..,..,..,..,..,..,..,..,..,..,..
Brunei Darussalam,BRN,Government Effectiveness - Governance score (0-100),GOV_WGI_GE_SC,..,..,..,..,..,..,64.2459257,..,60.3990936,..,60.4391832,..,60.4423721,60.2791667,59.2609126,60.1917542,63.8852644,63.9418426,64.5232597,66.5032831,65.8004304,65.7777081,65.8823655,67.044453,73.4752106,73.4543492,70.3112194,71.0459331,71.1784033,72.2837064,72.2477155,72.2690747,70.4919322,70.502043,67.5801007,..
Brunei Darussalam,BRN,Regulatory Quality - Governance score (0-100),GOV_WGI_RQ_SC,..,..,..,..,..,..,74.1509822,..,63.6595241,..,66.4580996,..,75.2967523,73.3630988,67.3509607,73.3475782,73.3063201,73.3781527,69.8317784,71.0011157,70.6896427,70.9194923,70.4741421,71.8700484,70.8585578,69.8175163,67.1702581,68.474788,68.5877855,67.5006252,67.6373934,68.5386639,68.5126647,67.6044091,68.85143,..
Brunei Darussalam,BRN,Rule of Law - Governance score (0-100),GOV_WGI_RL_SC,..,..,..,..,..,..,75.0779326,..,70.3974647,..,70.3260144,..,70.4158147,70.377607,67.6538755,59.7469514,59.7271918,63.4782181,64.6064623,68.3133741,67.9983511,68.5109651,67.873787,65.0365199,64.7787552,63.4116557,61.5373567,62.0185628,62.8251115,61.9307848,66.6615752,66.6308506,67.955197,67.9504228,67.0778539,..
Bulgaria,BGR,Government Effectiveness - Governance score (0-100),GOV_WGI_GE_SC,..,..,..,..,..,..,39.612497,..,45.3679406,..,45.1313574,..,50.5238647,50.4177275,51.0484216,50.1479904,48.1042197,48.2758754,46.4819779,50.198574,45.5887877,45.8854626,47.4089366,48.3607447,48.3403771,49.2069931,50.0007097,50.3792401,50.8647631,52.0393472,50.217808,51.0525709,49.9067134,53.4045993,52.1730773,..
Bulgaria,BGR,Regulatory Quality - Governance score (0-100),GOV_WGI_RQ_SC,..,..,..,..,..,..,46.6871366,..,56.4864833,..,57.0431513,..,60.9460985,63.1347695,63.4121368,64.8837302,63.571283,64.2819385,64.7879046,62.7622817,62.4752261,60.0577307,60.0907434,59.5366066,59.7245042,61.4525377,63.6382374,63.3471443,62.4588537,62.0869905,59.7158504,59.9558394,58.7677262,60.4109253,59.4055004,..
Bulgaria,BGR,Rule of Law - Governance score (0-100),GOV_WGI_RL_SC,..,..,..,..,..,..,53.6063755,..,54.3686204,..,55.4027547,..,56.7079009,53.4945559,55.3446755,54.9665976,55.7609077,56.3934355,54.4355906,54.5661356,51.8045095,51.1694983,53.2210692,52.9835993,53.2654435,53.3831888,53.5548931,52.9488922,54.5437289,54.5451867,54.373904,56.3150803,55.2470323,56.5070158,56.3908659,..
Burkina Faso,BFA,Government Effectiveness - Governance score (0-100),GOV_WGI_GE_SC,..,..,..,..,..,..,32.4784433,..,32.3625355,..,32.4026252,..,30.2897913,30.1597303,36.1047764,36.9069277,35.1200398,37.176733,39.9058431,40.6308678,41.2608152,41.0743898,39.3018866,39.1840753,40.398786,38.6413732,41.133628,41.4057995,41.9626977,39.1372366,39.0734329,36.8265306,34.3967942,34.5353814,34.3295393,..
Burkina Faso,BFA,Regulatory Quality - Governance score (0-100),GOV_WGI_RQ_SC,..,..,..,..,..,..,44.5681832,..,49.1161909,..,50.760546,..,51.8327156,50.4590012,44.8921218,44.6782503,46.8305793,48.3306385,51.702778,52.1794849,52.368589,51.819742,50.974796,50.6912842,49.2997245,48.2506585,48.1551278,48.3034391,48.1794332,47.4892395,46.9913642,47.623265,47.0137659,47.2564533,46.5739404,..
Burkina Faso,BFA,Rule of Law - Governance score (0-100),GOV_WGI_RL_SC,..,..,..,..,..,..,47.1824753,..,47.1192725,..,45.5599896,..,43.1554926,44.3017564,47.9302322,48.0604191,50.0523791,50.7338128,50.9380969,52.6728412,53.0886449,49.8051129,50.7353118,48.1539662,47.4998958,47.9267453,48.5912867,49.3951212,49.9735678,49.9337491,49.7548697,50.0617623,46.1796214,44.6675131,41.7528823,..
Burundi,BDI,Government Effectiveness - Governance score (0-100),GOV_WGI_GE_SC,..,..,..,..,..,..,15.90718,..,15.7297047,..,15.7910895,..,13.5314785,13.3517244,21.6256177,24.7133553,25.292301,24.9266212,27.010501,30.1262963,27.9955953,28.7632802,28.2619278,33.8934702,34.3112483,33.341087,30.4939438,33.4177917,31.3256171,32.3510733,30.0796307,29.4808443,28.3771978,29.7912739,31.7781047,..
Burundi,BDI,Regulatory Quality - Governance score (0-100),GOV_WGI_RQ_SC,..,..,..,..,..,..,26.5557809,..,26.9080797,..,33.0807015,..,32.418368,32.2673725,35.6300759,35.9916799,37.4260464,37.5232694,37.5387711,38.3728726,38.6982323,39.4934194,40.2652191,39.4826444,41.3054989,41.0247897,40.7826274,41.3901126,39.4725223,40.2556522,38.8207368,39.0907215,40.3473772,40.9409173,42.0271013,..
Burundi,BDI,Rule of Law - Governance score (0-100),GOV_WGI_RL_SC,..,..,..,..,..,..,35.4885821,..,35.5968736,..,35.5465925,..,34.7895264,30.1999068,35.2559863,37.0370394,39.5942074,38.7747628,38.4893302,36.1392155,35.2912958,35.2879363,37.0746775,36.8349702,37.9703087,34.2345535,32.8130974,34.118975,33.1410129,34.0729983,34.2257226,34.3794073,34.217088,34.4555905,34.5421294,..
Cabo Verde,CPV,Government Effectiveness - Governance score (0-100),GOV_WGI_GE_SC,..,..,..,..,..,..,..,..,..,..,..,..,45.4675406,45.2266739,44.454721,47.0192065,54.0316456,56.9949259,54.864468,54.8576976,53.4369716,53.8897665,53.5134878,52.782447,55.0804735,57.626596,56.9759272,57.5511532,58.0567541,58.8059906,59.0207517,56.7353988,58.340561,58.3728361,59.4135423,..
Cabo Verde,CPV,Regulatory Quality - Governance score (0-100),GOV_WGI_RQ_SC,..,..,..,..,..,..,46.8563371,..,47.6692498,..,54.5585974,..,51.1578376,51.1587744,47.7005545,49.056179,50.1245603,51.7142801,52.6795951,53.8849338,52.977757,54.739819,54.3282685,51.9857993,51.7768627,51.4960983,51.9956943,52.6682492,51.5976394,54.0093057,54.8975316,55.9002501,56.3856045,56.3875681,55.5747674,..
Cabo Verde,CPV,Rule of Law - Governance score (0-100),GOV_WGI_RL_SC,..,..,..,..,..,..,75.6673665,..,70.9251517,..,70.8671981,..,63.7219767,63.6958199,61.0339282,67.3797348,70.2067907,70.2038993,69.5941706,68.7603602,66.7451297,67.0912094,67.4004221,67.2264373,68.4376784,68.6416993,68.7590694,69.0382597,69.7019113,70.1881997,68.4750584,65.335697,65.1825854,64.2359572,64.2655079,..
Cambodia,KHM,Government Effectiveness - Governance score (0-100),GOV_WGI_GE_SC,..,..,..,..,..,..,30.9786366,..,30.8704851,..,30.9078915,..,29.1964366,29.0734084,30.6118874,26.3221963,28.2257561,32.9191206,31.8271036,35.714426,35.5107518,36.7995151,37.7112141,35.5071527,39.7105804,39.871538,40.2121214,42.2538135,41.9076886,41.32227,39.8596888,38.8301377,42.3466179,43.2504809,45.6336334,..
Cambodia,KHM,Regulatory Quality - Governance score (0-100),GOV_WGI_RQ_SC,..,..,..,..,..,..,49.3793985,..,49.5691839,..,49.6208464,..,50.8823755,50.8827304,48.4279387,46.9036419,46.572614,47.7895715,47.7522075,48.0753639,48.3651274,44.4445494,46.7162238,47.1168211,45.207924,44.8845957,45.916045,45.336909,45.5449009,44.6235266,43.8788806,44.0035363,43.9068717,44.197569,44.9051569,..
Cambodia,KHM,Rule of Law - Governance score (0-100),GOV_WGI_RL_SC,..,..,..,..,..,..,35.4658881,..,35.3891903,..,36.3094535,..,35.0009684,34.7487903,35.7428582,34.2960697,34.2974138,35.8015071,35.5826696,35.8923366,35.7400236,37.1447354,38.3672908,37.0912221,36.3932885,35.2317864,35.7559521,36.5191039,35.9827479,37.5048848,37.2361621,37.2119036,37.7715096,38.0414044,38.7857123,..
Cameroon,CMR,Government Effectiveness - Governance score (0-100),GOV_WGI_GE_SC,..,..,..,..,..,..,35.629059,..,30.8647005,..,30.8929585,..,27.910063,26.3368512,30.9468514,30.3412733,30.2536644,32.7796098,33.9440888,35.215891,35.4148073,34.9653023,35.1510433,35.8814248,40.1575498,39.1544678,39.4310532,39.1860216,38.1570168,36.9914062,35.2575226,36.0242139,36.0896547,36.1993871,35.769927,..
Cameroon,CMR,Regulatory Quality - Governance score (0-100),GOV_WGI_RQ_SC,..,..,..,..,..,..,31.8678414,..,40.6783499,..,42.0478218,..,37.3689145,37.3131656,42.1337808,42.276356,42.2715205,43.63434,43.6859031,43.2317082,43.0300454,42.0101644,40.6163178,40.372602,42.1138993,42.8972295,43.608631,42.3892305,42.6462258,42.6681418,43.0934355,41.9819588,42.9562951,43.2015391,43.3706071,..
Cameroon,CMR,Rule of Law - Governance score (0-100),GOV_WGI_RL_SC,..,..,..,..,..,..,33.2573108,..,36.9349128,..,35.071639,..,34.6035854,35.7995382,39.946125,36.1845967,36.7442561,38.3106538,39.3231233,38.8683081,39.563118,38.8059761,37.937987,36.8357172,38.7841822,38.2038184,38.2306034,37.7178621,37.3033286,36.4970071,35.8427577,35.977058,36.1043707,35.6221974,35.3872816,..
Canada,CAN,Government Effectiveness - Governance score (0-100),GOV_WGI_GE_SC,..,..,..,..,..,..,85.8946487,..,86.483402,..,88.6820909,..,89.7683681,88.4414829,87.7108563,87.5326635,86.2985807,86.7389781,87.255246,86.1303355,86.3553689,87.4317529,88.9811361,87.3705121,88.5534493,87.8298556,87.6329908,89.2743247,87.0103408,87.3026719,84.157378,84.0612449,86.4805807,85.2754831,85.5449383,..
Canada,CAN,Regulatory Quality - Governance score (0-100),GOV_WGI_RQ_SC,..,..,..,..,..,..,73.5470488,..,78.2812271,..,80.4929307,..,82.5714226,81.3416177,81.5159486,82.7933722,81.954074,80.8460134,81.2383811,80.8083023,80.615074,80.0791186,82.1230095,82.5136629,81.3971141,81.0256924,82.7862861,83.9445913,80.7639121,81.400546,79.9847535,80.5966057,80.6051381,79.6626569,76.3468072,..
Canada,CAN,Rule of Law - Governance score (0-100),GOV_WGI_RL_SC,..,..,..,..,..,..,87.1594677,..,86.9963395,..,87.8616403,..,87.5383837,86.3142174,86.0946295,85.620941,87.9886622,86.7894101,86.1672483,85.0842648,84.5047684,84.099582,84.5256708,84.3252934,85.2456806,86.5750267,86.7161028,86.440747,86.271688,85.917657,83.7891422,83.6298227,82.8712609,81.6821735,82.1066204,..
Cayman Islands,CYM,Government Effectiveness - Governance score (0-100),GOV_WGI_GE_SC,..,..,..,..,..,..,86.1808297,..,86.0033525,..,86.0647392,..,86.0696216,75.7806317,68.7456317,75.6467849,75.5894989,75.6761298,75.7437017,70.8037909,70.8310747,70.8150237,70.8190661,70.823581,73.0454064,73.0117371,73.0234405,73.0272418,73.0481072,73.0684456,68.9319034,73.0448309,74.3679478,74.38326,74.3670612,..
Cayman Islands,CYM,Regulatory Quality - Governance score (0-100),GOV_WGI_RQ_SC,..,..,..,..,..,..,74.4136253,..,74.9007808,..,77.834336,..,80.8345586,78.0349154,72.9233538,78.0124443,77.9527084,78.0567115,75.209642,74.8548465,74.8559395,74.8636912,74.7790034,74.7664509,70.0362375,70.1161687,70.1348594,70.1546352,71.8726744,71.8947196,71.8571837,71.8420873,71.8018496,71.8061363,71.8158452,..
Cayman Islands,CYM,Rule of Law - Governance score (0-100),GOV_WGI_RL_SC,..,..,..,..,..,..,79.6387673,..,79.4365794,..,79.3036147,..,79.4707289,75.0088076,70.6053459,70.5375288,74.8830559,74.9723381,74.8898059,71.3165765,71.307441,71.3851198,71.355526,71.2893749,65.5675562,70.4435171,70.4483739,70.4364899,70.448207,70.4467079,70.4596487,71.6670122,71.2598844,71.2530001,71.25189,..
Central African Republic,CAF,Government Effectiveness - Governance score (0-100),GOV_WGI_GE_SC,..,..,..,..,..,..,25.9462734,..,25.7687961,..,25.8301809,..,17.7511478,17.5713937,19.1447727,17.204627,18.8662429,19.593632,19.5832062,21.6953517,23.9356081,24.037452,23.6371891,21.8104992,19.7449007,19.8810905,20.9741186,20.9503735,21.5152476,20.5863718,19.9905214,20.6664461,20.4182821,20.7985021,20.6860087,..
Central African Republic,CAF,Regulatory Quality - Governance score (0-100),GOV_WGI_RQ_SC,..,..,..,..,..,..,32.399507,..,32.8866625,..,33.0192749,..,32.5571502,30.2805709,36.4349861,33.9614359,33.7001981,34.4073145,34.4002079,36.3952027,37.4956552,37.2630598,36.8733906,32.5289352,30.9147381,30.9318801,32.2659246,32.5024124,33.291231,33.2972289,33.3324054,32.8807719,33.2641042,33.9129262,34.8637158,..
Central African Republic,CAF,Rule of Law - Governance score (0-100),GOV_WGI_RL_SC,..,..,..,..,..,..,36.0229176,..,35.8960421,..,35.8585916,..,41.1668819,31.7067383,34.2104292,32.8542396,31.2419254,31.5015247,32.0486547,33.724306,34.2764891,34.0120397,32.3815252,24.8509355,25.8249305,27.5777305,27.8975037,29.336704,30.2298104,29.7030372,30.0750242,30.3279906,28.2686938,27.2788236,27.4518394,..
Chad,TCD,Government Effectiveness - Governance score (0-100),GOV_WGI_GE_SC,..,..,..,..,..,..,35.9853648,..,35.8078895,..,35.8692743,..,27.9739949,20.0635668,26.6026082,24.575608,23.1770074,23.4350801,22.5195196,25.3601664,26.123387,27.3543374,25.7021537,26.9706388,27.0068202,27.3784654,28.2551905,29.9436956,28.4343341,26.7968754,27.4402352,27.220965,28.4854174,27.707048,29.9423228,..
Chad,TCD,Regulatory Quality - Governance score (0-100),GOV_WGI_RQ_SC,..,..,..,..,..,..,34.6580738,..,35.0103726,..,35.1062755,..,38.4298879,36.3161895,39.1352158,34.8081562,35.870762,35.8766305,35.4579167,36.2415355,35.8270578,35.9300389,35.687058,35.5527344,36.4737696,36.7254531,36.8461518,37.64593,37.1356993,36.7072687,36.7671449,37.6904732,38.4076691,37.7675024,37.7058267,..
Chad,TCD,Rule of Law - Governance score (0-100),GOV_WGI_RL_SC,..,..,..,..,..,..,38.2805385,..,38.20408,..,38.1537989,..,36.9879493,31.9477105,36.3921595,30.8872489,30.1887284,30.7522034,29.9891514,30.4873049,30.368212,30.4622168,30.175934,30.2671938,33.339855,33.5366095,32.8620222,34.2717165,33.601962,34.22622,34.0153975,33.8494949,33.1810243,31.9257703,32.1012472,..
Channel Islands,CHI,Government Effectiveness - Governance score (0-100),GOV_WGI_GE_SC,..,..,..,..,..,..,..,..,..,..,..,..,..,..,..,..,..,..,..,..,..,..,..,..,..,..,..,..,..,..,..,..,..,..,..,..
Channel Islands,CHI,Regulatory Quality - Governance score (0-100),GOV_WGI_RQ_SC,..,..,..,..,..,..,..,..,..,..,..,..,..,..,..,..,..,..,..,..,..,..,..,..,..,..,..,..,..,..,..,..,..,..,..,..
Channel Islands,CHI,Rule of Law - Governance score (0-100),GOV_WGI_RL_SC,..,..,..,..,..,..,..,..,..,..,..,..,..,..,..,..,..,..,..,..,..,..,..,..,..,..,..,..,..,..,..,..,..,..,..,..
Chile,CHL,Government Effectiveness - Governance score (0-100),GOV_WGI_GE_SC,..,..,..,..,..,..,70.8407695,..,68.7385443,..,69.6022224,..,72.8305422,73.8938734,73.6220208,76.7245708,76.1682677,76.3464332,74.6117875,76.1195896,73.8059826,75.4676122,76.3044361,75.1706397,72.7752143,71.7692468,70.2689929,70.0470996,71.4772443,71.6978367,68.3104978,68.2520802,68.3609589,70.7252118,70.0934775,..
Chile,CHL,Regulatory Quality - Governance score (0-100),GOV_WGI_RQ_SC,..,..,..,..,..,..,75.1987471,..,74.5708175,..,77.0601958,..,78.4506894,79.8637204,78.3454247,80.3841978,80.0522504,79.9823404,80.0542376,79.435009,78.0136176,78.341056,79.2671617,78.5432046,75.7418312,74.1517046,74.9892096,74.4226276,73.4003225,71.8526052,68.9035577,68.6421149,67.9183786,68.2289179,67.1756362,..
Chile,CHL,Rule of Law - Governance score (0-100),GOV_WGI_RL_SC,..,..,..,..,..,..,77.4607012,..,76.0832924,..,79.6217046,..,79.7940732,79.2252733,79.0810373,79.8383116,79.162616,79.2074327,78.4574177,78.5189494,78.1296606,75.9943578,76.5100387,75.435652,75.1671116,74.2328028,73.9904554,73.6148869,73.4538309,72.6995012,69.6875662,69.9843269,69.7653654,68.4060469,68.8582581,..
China,CHN,Government Effectiveness - Governance score (0-100),GOV_WGI_GE_SC,..,..,..,..,..,..,45.2578271,..,42.8207234,..,41.68822,..,41.2807764,41.5200643,44.4416002,42.2194482,43.6399135,46.5742262,48.6122958,48.4565415,48.8715196,49.3150533,48.7736773,48.5983195,60.8608268,61.716004,61.9022563,62.5939326,61.6672656,64.3807019,62.3749054,64.3085821,61.6310064,66.4607065,68.7581244,..
China,CHN,Regulatory Quality - Governance score (0-100),GOV_WGI_RQ_SC,..,..,..,..,..,..,49.6418508,..,48.6790576,..,50.5048266,..,45.1144232,45.8438797,49.8162385,50.5163681,52.3516552,52.5942008,53.7147334,52.6654213,52.8507261,53.2986802,50.9371607,50.7216584,52.1953952,52.0404678,52.5299811,53.7455019,53.434562,53.8861719,53.8120983,54.4733371,53.4303195,53.5713664,53.7384426,..
China,CHN,Rule of Law - Governance score (0-100),GOV_WGI_RL_SC,..,..,..,..,..,..,47.765037,..,48.4164673,..,46.4656685,..,45.7686901,44.0438678,44.5440504,42.5927818,42.3094144,44.4420305,45.0036124,44.899837,44.9097624,46.6885127,45.063528,43.2818347,45.0816784,45.5698342,46.2738931,47.7494062,48.0074945,47.4720196,48.1981013,47.69469,47.2602075,47.4599153,46.9942092,..
Colombia,COL,Government Effectiveness - Governance score (0-100),GOV_WGI_GE_SC,..,..,..,..,..,..,50.3130312,..,42.4782597,..,41.8909784,..,36.3929484,43.2109474,46.5019858,45.264862,47.3721387,47.6552903,47.8037707,46.498165,48.4497477,50.308668,49.2991597,50.389734,47.3102698,48.7347465,49.1031212,48.4448128,49.1252583,49.905261,49.7272276,50.7221373,51.3712487,50.521407,49.1802654,..
Colombia,COL,Regulatory Quality - Governance score (0-100),GOV_WGI_RQ_SC,..,..,..,..,..,..,50.1275979,..,49.505797,..,51.0457233,..,54.1923898,54.5834548,54.3524413,55.7457675,56.4043631,56.9682939,58.5796788,55.7432141,55.7508963,58.3024047,58.3625963,58.5861278,58.9045449,59.7437816,59.1675412,57.5180257,56.5795741,58.5270465,57.3994514,58.5939804,57.8029206,57.01675,55.0740059,..
Colombia,COL,Rule of Law - Governance score (0-100),GOV_WGI_RL_SC,..,..,..,..,..,..,41.9979317,..,43.2383312,..,38.8722855,..,43.0749396,43.8729139,47.8045975,47.3314856,47.4503858,49.4009901,49.9302984,48.9970118,50.7518616,50.2483332,49.2600929,48.6401238,49.8831049,50.0884527,50.9612969,50.6762137,49.701606,49.1724423,48.6606218,48.2391764,47.8491027,47.2427231,47.3311328,..
Comoros,COM,Government Effectiveness - Governance score (0-100),GOV_WGI_GE_SC,..,..,..,..,..,..,15.90718,..,15.7297047,..,25.8301809,..,35.8741586,25.5851688,23.2898664,20.2045398,20.3786221,20.4124956,18.8546018,19.4722897,19.6364633,18.3457187,20.4194254,21.6300548,25.6459333,23.9131853,25.0229682,26.1499223,25.801886,25.2242139,24.6076926,21.1626478,24.5701015,27.0562994,27.8404845,..
Comoros,COM,Regulatory Quality - Governance score (0-100),GOV_WGI_RQ_SC,..,..,..,..,..,..,29.5985642,..,30.0857197,..,33.0192749,..,38.8204403,33.2198543,30.9671781,30.8623896,32.5673559,33.2393588,31.2925709,30.7052195,31.5177537,31.7054367,32.3883456,32.8314184,35.1315271,35.2990354,35.57313,35.5806215,35.2889464,35.7221589,34.7145039,33.8788536,35.1591507,34.5985004,35.1704573,..
Comoros,COM,Rule of Law - Governance score (0-100),GOV_WGI_RL_SC,..,..,..,..,..,..,38.6823706,..,39.8890836,..,32.6120574,..,41.1329389,41.3489057,35.7562395,40.3177351,40.3557587,40.3819637,39.1583997,37.181,39.1032033,39.1588592,39.2508418,40.357299,43.0273572,43.8295051,44.2963609,42.7757247,41.2316613,40.071992,38.612015,37.9960336,36.6610836,37.4430915,37.5018196,..
"Congo, Dem. Rep.",COD,Government Effectiveness - Governance score (0-100),GOV_WGI_GE_SC,..,..,..,..,..,..,19.365579,..,11.7878244,..,11.827914,..,9.5500082,9.4199491,16.088933,17.6123972,20.2884758,19.6737433,19.3620363,19.2692455,18.7197886,19.4759277,20.7485057,24.7191457,24.1015706,22.7050622,24.4177362,22.9749957,21.8032194,20.6527595,18.6573441,18.1892974,17.6222884,19.1032577,18.413102,..
"Congo, Dem. Rep.",COD,Regulatory Quality - Governance score (0-100),GOV_WGI_RQ_SC,..,..,..,..,..,..,22.4585424,..,14.0771032,..,14.1495445,..,21.5545057,24.0575847,29.8672508,32.4157137,34.0232646,33.979756,33.2404328,32.4121856,31.897345,32.3028645,32.6459433,35.1915862,35.6331923,34.9116451,35.8173189,34.651322,34.4346669,33.3474892,33.2765131,33.9952104,34.2431387,35.0219567,34.5989483,..
"Congo, Dem. Rep.",COD,Rule of Law - Governance score (0-100),GOV_WGI_RL_SC,..,..,..,..,..,..,26.7847043,..,21.1307112,..,21.5407579,..,23.0263635,21.7483311,28.1760985,29.2539652,29.1329895,29.4839329,29.6857508,29.165547,29.1451781,28.7762908,28.182074,29.1456204,30.2713691,29.9433623,30.6799615,29.4345692,28.4473323,28.5802161,29.1811037,30.6112254,29.755029,29.3321758,28.9696892,..
"Congo, Rep.",COG,Government Effectiveness - Governance score (0-100),GOV_WGI_GE_SC,..,..,..,..,..,..,25.9220111,..,25.8061034,..,25.8461931,..,25.8493819,25.6861766,29.0716099,26.3433825,26.2882081,25.8366383,29.4228992,29.4570117,29.6078546,29.8896101,30.9720606,29.7639123,33.2695369,35.1011694,35.5456286,34.452266,32.3426501,33.0230392,28.522118,28.2100045,29.3419712,28.6504582,29.745211,..
"Congo, Rep.",COG,Regulatory Quality - Governance score (0-100),GOV_WGI_RQ_SC,..,..,..,..,..,..,31.3305359,..,29.4557004,..,33.8100366,..,40.4564334,37.3030656,39.5970188,35.9708064,37.3130458,37.7249637,36.8438381,36.7631594,37.02056,36.6235303,37.099649,37.7763691,38.4445395,39.3563343,38.0938935,36.1496859,36.3824626,35.6952545,34.0353566,36.5462503,35.6511607,36.1497395,36.7010169,..
"Congo, Rep.",COG,Rule of Law - Governance score (0-100),GOV_WGI_RL_SC,..,..,..,..,..,..,41.2667935,..,29.41904,..,35.1601434,..,37.4977269,37.4754993,39.2445961,32.1994411,35.5113742,36.5607556,36.8201897,36.0807404,36.0185582,36.0281566,36.3702899,36.6064792,37.5683355,38.4429835,37.2240302,36.5595783,36.227589,35.9262313,35.4696245,35.7384609,36.1958852,36.6058149,36.6808587,..
Costa Rica,CRI,Government Effectiveness - Governance score (0-100),GOV_WGI_GE_SC,..,..,..,..,..,..,50.8789494,..,50.8124431,..,53.458327,..,55.2388412,55.0984651,56.5155667,55.8359476,54.6014973,56.0930792,56.7144673,59.1647619,59.1700876,58.4202309,59.7703284,57.9180366,58.4756853,58.3338139,57.4755918,57.8331129,58.2016549,57.2585713,55.7310024,56.619285,53.6977704,57.8366245,56.9189193,..
Costa Rica,CRI,Regulatory Quality - Governance score (0-100),GOV_WGI_RQ_SC,..,..,..,..,..,..,58.0001328,..,62.7821947,..,66.5410999,..,59.9689218,61.1655042,64.0030745,65.4029805,63.5472016,64.495217,66.725411,66.3869973,64.7255617,63.8704353,65.6806112,66.4658166,63.1397123,64.5883882,65.1912997,63.470592,65.1359862,65.4136941,63.3658161,63.7041888,64.2055654,63.9239446,64.0390444,..
Costa Rica,CRI,Rule of Law - Governance score (0-100),GOV_WGI_RL_SC,..,..,..,..,..,..,65.9388547,..,64.7699468,..,65.3048916,..,67.3024742,66.5482031,66.4836079,67.6124235,66.2066705,66.0464956,66.4427462,67.7552551,68.1503268,64.9264179,64.6597621,64.8418686,66.3685302,65.935817,65.8170374,66.277594,65.8900262,66.9617832,67.8366858,67.4710513,68.4538686,68.0333663,67.5792602,..
Cote d'Ivoire,CIV,Government Effectiveness - Governance score (0-100),GOV_WGI_GE_SC,..,..,..,..,..,..,56.5466965,..,45.3679406,..,29.0392472,..,25.7958117,25.6982863,19.9016798,21.5027723,24.5400527,24.0884828,24.8852482,29.0066377,27.0081055,27.8419914,30.6005962,33.3779839,37.3050032,39.6748365,39.4727587,39.7545161,41.464396,41.8297433,41.8599477,41.6068526,44.4409236,45.1473715,45.2016572,..
Cote d'Ivoire,CIV,Regulatory Quality - Governance score (0-100),GOV_WGI_RQ_SC,..,..,..,..,..,..,42.7327525,..,48.0945545,..,36.88952,..,45.8889292,44.5202696,36.2463568,37.2667914,39.861149,39.6279639,40.1369675,40.7155232,39.8097374,40.0129316,42.27887,43.6630818,46.2093004,47.8317995,47.8671117,48.4719694,50.174469,49.8780562,49.7970195,50.3026275,51.4636422,51.8839317,52.2296396,..
Cote d'Ivoire,CIV,Rule of Law - Governance score (0-100),GOV_WGI_RL_SC,..,..,..,..,..,..,43.0869286,..,40.1155592,..,35.270803,..,33.2349162,33.2189671,32.0231399,30.4495257,32.323489,32.7996386,32.9774338,35.8770586,35.3073706,33.8635957,39.0775817,40.8276211,45.6122775,45.0609636,45.2619071,45.0161831,46.2409862,46.6400181,46.322799,45.730157,46.6008431,46.5987933,47.0144438,..
Croatia,HRV,Government Effectiveness - Governance score (0-100),GOV_WGI_GE_SC,..,..,..,..,..,..,44.8229208,..,45.3679406,..,54.9060976,..,55.3467225,54.5125059,58.5218182,58.2412196,57.2225473,58.6395128,59.036128,59.5324289,56.9187831,56.0184181,59.1426463,59.4215338,59.6165223,56.3326237,56.492053,59.1971848,60.9216088,59.489619,61.1725164,66.0362591,65.266939,65.8990155,65.1411148,..
Croatia,HRV,Regulatory Quality - Governance score (0-100),GOV_WGI_RQ_SC,..,..,..,..,..,..,50.0828323,..,49.5746061,..,50.4995053,..,56.9726973,59.5407009,60.804878,61.3323721,59.9232414,60.7519854,60.4382367,60.8111062,59.801177,59.1921825,58.1187954,58.4331277,56.7407549,57.1698447,57.707073,59.5254783,61.1018571,60.9313191,58.045127,60.0957508,59.5836638,61.8626341,59.3714688,..
Croatia,HRV,Rule of Law - Governance score (0-100),GOV_WGI_RL_SC,..,..,..,..,..,..,45.3489916,..,49.6700519,..,56.4773979,..,55.7794746,58.5414173,59.5851071,59.2694094,57.5469106,59.5804154,58.4383631,58.829583,60.6473982,61.0988762,61.5719296,61.467008,63.1451927,62.70522,62.2101094,62.8737248,61.3604135,62.3003726,62.9659811,64.0692267,64.4429262,64.2928024,63.4614669,..
Cuba,CUB,Government Effectiveness - Governance score (0-100),GOV_WGI_GE_SC,..,..,..,..,..,..,30.9464042,..,36.1246015,..,41.9900107,..,35.6887035,35.5911781,40.0540804,33.8608334,42.2879533,42.3173838,42.9716245,43.0517806,39.7525017,39.7425542,42.1090936,42.1116116,51.3083356,51.2895644,50.658147,50.0984373,47.2258128,49.2365733,49.2032171,49.4420441,51.7255071,51.3036807,46.0999593,..
Cuba,CUB,Regulatory Quality - Governance score (0-100),GOV_WGI_RQ_SC,..,..,..,..,..,..,33.8754423,..,33.8113109,..,35.1807828,..,32.9212997,30.8521051,28.7857698,31.9527515,31.7702888,31.7935185,32.4088374,31.9487629,29.2472574,29.2513942,33.0608232,33.6209578,37.5553342,39.3302814,36.872509,36.8821564,35.5424136,35.5531681,35.534856,36.3616506,36.4527605,35.4489206,32.1969231,..
Cuba,CUB,Rule of Law - Governance score (0-100),GOV_WGI_RL_SC,..,..,..,..,..,..,38.2158848,..,39.677163,..,37.7643155,..,35.9919349,35.9596735,37.4245814,36.0291204,41.9420193,43.5598564,42.232073,42.2355031,40.5670992,41.299807,41.8255063,41.8674883,42.414028,41.8095382,42.3881207,41.9221616,42.6291721,43.9178235,47.0690861,45.8007158,48.3973496,47.2236141,46.2326046,..
Curacao,CUW,Government Effectiveness - Governance score (0-100),GOV_WGI_GE_SC,..,..,..,..,..,..,..,..,..,..,..,..,..,..,..,..,..,..,..,..,..,..,..,..,..,..,..,..,..,..,..,..,..,..,..,..
Curacao,CUW,Regulatory Quality - Governance score (0-100),GOV_WGI_RQ_SC,..,..,..,..,..,..,..,..,..,..,..,..,..,..,..,..,..,..,..,..,..,..,..,..,..,..,..,..,..,..,..,..,..,..,..,..
Curacao,CUW,Rule of Law - Governance score (0-100),GOV_WGI_RL_SC,..,..,..,..,..,..,..,..,..,..,..,..,..,..,..,..,..,..,..,..,..,..,..,..,..,..,..,..,..,..,..,..,..,..,..,..
Cyprus,CYP,Government Effectiveness - Governance score (0-100),GOV_WGI_GE_SC,..,..,..,..,..,..,74.2571364,..,76.8053821,..,76.8336421,..,81.4575603,75.5053666,74.5812721,76.6016827,74.767013,75.3228709,78.3482398,77.0922184,80.0872935,80.4883167,80.215801,79.967882,73.0995288,72.2822422,71.7249844,73.013106,68.0766854,70.7350252,70.8350822,68.0623357,69.8303144,69.4521321,68.2497236,..
Cyprus,CYP,Regulatory Quality - Governance score (0-100),GOV_WGI_RQ_SC,..,..,..,..,..,..,69.0922801,..,69.4541664,..,67.1237734,..,73.464416,73.464845,73.4881788,76.6170946,78.6236909,78.7578268,78.3271141,77.0248631,77.6343749,74.0268375,71.2165864,67.7996482,70.4394307,70.5314254,70.3276161,70.1533498,69.7424712,71.2579706,69.0242564,68.244642,66.425314,67.0424339,66.527046,..
Cyprus,CYP,Rule of Law - Governance score (0-100),GOV_WGI_RL_SC,..,..,..,..,..,..,71.7586231,..,74.0692959,..,77.1780825,..,76.6544916,75.13147,74.1125619,76.0957323,78.9701952,79.2436784,80.4053458,77.2889676,77.4363411,73.4518465,73.5048864,71.8278411,71.1254568,71.3469551,71.3282643,72.8891184,71.6307148,71.732418,69.8256976,70.238085,70.1175877,70.0296272,68.8261756,..
Czechia,CZE,Government Effectiveness - Governance score (0-100),GOV_WGI_GE_SC,..,..,..,..,..,..,64.161665,..,61.9771722,..,61.3065129,..,68.5480337,67.0653378,65.6983201,69.6618961,67.0031441,63.289033,66.7378013,67.7742279,65.2210394,65.761941,65.507341,64.8149452,68.8746252,69.4313931,70.9387577,71.3371618,71.2863312,70.2287496,72.4487589,72.7485643,74.5789641,75.3620856,74.2324658,..
Czechia,CZE,Regulatory Quality - Governance score (0-100),GOV_WGI_RQ_SC,..,..,..,..,..,..,62.1194764,..,62.9663166,..,62.6889083,..,71.7586911,73.4046376,71.0324582,73.2572963,73.2037444,72.5334638,73.3746435,73.0533308,72.2537245,71.0490592,69.4632255,69.8125373,67.6778439,70.4541455,69.7011264,72.8485894,72.9466892,72.550776,72.0527635,74.4255721,75.8062102,74.222575,74.2917232,..
Czechia,CZE,Rule of Law - Governance score (0-100),GOV_WGI_RL_SC,..,..,..,..,..,..,70.7022198,..,69.5623686,..,66.8482889,..,71.659066,71.7902546,68.6777678,71.6495795,69.970295,69.4605983,69.5792558,69.6784204,69.5811954,71.4916059,71.26544,71.7450163,73.436467,74.9931407,75.6319934,76.42709,74.8691789,76.1786363,76.3197503,77.0493137,76.5724051,76.9392272,77.4132754,..
Denmark,DNK,Government Effectiveness - Governance score (0-100),GOV_WGI_GE_SC,..,..,..,..,..,..,85.9359109,..,87.1943804,..,89.2010479,..,93.9672108,93.031936,92.1610733,91.4238747,93.3933109,94.1967981,93.0783683,93.4702392,88.674883,91.0587374,89.5815207,89.431129,86.5250025,86.2304917,87.0248227,86.8339582,88.6832634,89.1490916,90.227523,93.9328863,92.1406221,89.37227,88.5349172,..
Denmark,DNK,Regulatory Quality - Governance score (0-100),GOV_WGI_RQ_SC,..,..,..,..,..,..,78.7777934,..,80.0862457,..,83.8096384,..,85.9830269,87.014052,85.8814069,86.5819908,88.9642607,88.8666088,86.9515703,86.8990783,85.4407408,86.2442852,83.6007853,83.6564411,81.0668511,82.691093,82.6034181,83.1152385,83.9270834,85.3573794,86.029193,86.3661936,86.7303352,86.2390996,85.3127667,..
Denmark,DNK,Rule of Law - Governance score (0-100),GOV_WGI_RL_SC,..,..,..,..,..,..,89.0483218,..,88.7847984,..,90.8597431,..,90.7890863,90.7831796,89.8694393,87.3465498,91.1267328,91.5714591,90.5838848,89.208075,88.6481368,89.585411,90.0551703,89.6258854,89.8467883,91.0728547,90.4809476,90.3096856,90.0924779,91.7336648,90.9532076,91.6166045,91.4261629,91.6330889,91.4603795,..
Djibouti,DJI,Government Effectiveness - Governance score (0-100),GOV_WGI_GE_SC,..,..,..,..,..,..,25.9462734,..,25.7687961,..,25.8301809,..,35.8741586,35.6242602,37.4144419,35.0068698,31.0590843,34.2829708,35.556768,37.0715194,37.1610864,37.2413182,36.3886921,37.3089426,37.9137352,36.7102806,37.479315,36.1890273,36.329487,38.6444045,38.2156211,38.7465615,40.4871979,40.9149061,41.7537153,..
Djibouti,DJI,Regulatory Quality - Governance score (0-100),GOV_WGI_RQ_SC,..,..,..,..,..,..,40.437656,..,40.7899548,..,42.911427,..,45.0811186,45.0820555,43.5210113,44.4284373,44.0482909,44.2950663,43.9096207,43.6750886,42.8263023,42.9802976,43.9840476,42.9839755,43.5001646,43.3592423,43.5748581,44.1184706,43.1939767,42.6729378,41.7572492,42.7397803,42.7288318,42.4294035,41.412989,..
Djibouti,DJI,Rule of Law - Governance score (0-100),GOV_WGI_RL_SC,..,..,..,..,..,..,45.2663802,..,45.3007706,..,45.2597266,..,40.7180061,40.6818808,41.2300589,39.8600336,40.6662294,41.5577938,43.82671,43.9027659,43.5046393,42.0838372,42.0713801,41.1744408,39.3212284,39.7062078,39.7081509,39.578167,39.9847596,39.6288457,38.9839796,39.2186888,39.3829391,39.0741189,39.5750381,..
Dominica,DMA,Government Effectiveness - Governance score (0-100),GOV_WGI_GE_SC,..,..,..,..,..,..,66.1026449,..,65.9251677,..,65.9865524,..,65.9914368,65.7415403,58.7553175,58.7757493,58.7412167,61.1408382,61.1815695,61.3237987,64.7178574,63.2706778,63.2755427,63.2809773,53.6844921,53.6439727,52.2301999,42.418553,42.443663,42.4681391,43.8260959,43.8675777,50.9083643,58.8922909,54.238458,..
Dominica,DMA,Regulatory Quality - Governance score (0-100),GOV_WGI_RQ_SC,..,..,..,..,..,..,66.0108016,..,66.4979572,..,69.4315124,..,69.6307985,69.6320933,61.2288785,60.4119441,62.6405721,63.9998698,61.9695139,62.2961116,64.0719909,62.3580602,63.087777,63.0767417,60.8237754,58.5372679,58.5491186,57.6105361,57.3751003,56.738468,57.2947229,57.2175833,57.1838056,57.2884884,55.8063108,..
Dominica,DMA,Rule of Law - Governance score (0-100),GOV_WGI_RL_SC,..,..,..,..,..,..,70.4573872,..,70.3026148,..,70.2008324,..,70.3287561,70.2743255,67.646573,71.170406,71.1543191,72.6057476,71.2740419,72.3180759,72.6241872,71.5923952,71.5670817,71.5104998,68.9481427,69.6026107,69.5378606,68.9960797,67.5302768,67.3354878,67.2646038,66.2048805,66.6737982,66.2508194,63.8053127,..
Dominican Republic,DOM,Government Effectiveness - Governance score (0-100),GOV_WGI_GE_SC,..,..,..,..,..,..,45.4496463,..,34.2708903,..,34.2991502,..,34.9267662,35.0427557,35.8335031,35.0773135,37.9807899,37.5637078,37.7601838,38.2950247,37.5182672,38.2440211,41.6009825,43.2203855,49.1620833,45.4478652,46.6104504,45.2306502,44.4024905,45.5172726,44.3335692,48.4209842,48.9863657,52.2308591,52.7919493,..
Dominican Republic,DOM,Regulatory Quality - Governance score (0-100),GOV_WGI_RQ_SC,..,..,..,..,..,..,46.0362201,..,53.7723984,..,54.8907152,..,50.0287552,48.5579094,48.2185857,49.9748675,52.2042855,52.2866265,52.7342305,52.6718167,53.8189588,51.9007992,51.9465411,52.1150619,52.511956,53.4453875,53.8370029,53.1728069,52.5809102,53.2577644,53.3266303,54.6996665,53.9191641,55.6277752,58.132649,..
Dominican Republic,DOM,Rule of Law - Governance score (0-100),GOV_WGI_RL_SC,..,..,..,..,..,..,46.6426702,..,45.4753044,..,44.6542196,..,44.7024061,43.3697194,46.0778597,47.322777,49.0826523,48.7548159,47.1851378,46.490686,45.6350077,46.5660671,46.8745346,47.6363216,49.8492033,47.7666927,47.7981194,47.3345164,47.5276274,48.7017175,50.4017581,51.3825289,52.190124,52.8141789,53.8278428,..
Ecuador,ECU,Government Effectiveness - Governance score (0-100),GOV_WGI_GE_SC,..,..,..,..,..,..,35.1782163,..,40.8808266,..,30.6050295,..,30.3650903,31.147331,33.6159515,33.3239023,33.7950893,35.0782779,36.5679135,42.0401626,41.9319742,45.486693,45.6624591,47.7255844,49.24823,47.5719747,48.3617013,48.5679071,47.1982412,47.5431334,44.6613118,49.1871136,51.3720731,48.1801661,47.0703248,..
Ecuador,ECU,Regulatory Quality - Governance score (0-100),GOV_WGI_RQ_SC,..,..,..,..,..,..,47.0554923,..,53.2658977,..,43.6074844,..,41.7787913,42.8618527,42.2847101,41.2824805,40.4085908,39.9660574,37.2007154,34.3826606,35.0531447,36.9336848,39.1197898,41.7770249,42.8702525,39.619769,41.1927585,40.0809175,41.8618752,43.3247833,43.2556587,46.1076615,47.3185439,45.4081438,44.6676535,..
Ecuador,ECU,Rule of Law - Governance score (0-100),GOV_WGI_RL_SC,..,..,..,..,..,..,49.9914635,..,47.6869365,..,42.7398128,..,43.5992999,45.0351269,45.3018876,43.5371641,39.5880959,40.5958032,37.8199577,37.3956571,38.3990291,38.1811777,38.4199487,39.8536536,39.5025208,38.6259246,40.3394051,41.7779892,43.7623713,45.8024781,47.1952973,49.5387927,46.9912765,42.1867434,40.3557466,..
"Egypt, Arab Rep.",EGY,Government Effectiveness - Governance score (0-100),GOV_WGI_GE_SC,..,..,..,..,..,..,52.7489081,..,47.015864,..,46.3983589,..,37.1694434,38.9186955,40.218153,39.0703355,39.3896549,40.0895249,41.2697556,44.8516649,41.966637,41.7477907,40.9901078,36.4689862,38.8182807,41.1970738,42.7666301,43.4288001,43.4484327,49.0336069,46.7836577,46.9635849,48.5516052,50.5676507,49.4532828,..
"Egypt, Arab Rep.",EGY,Regulatory Quality - Governance score (0-100),GOV_WGI_RQ_SC,..,..,..,..,..,..,49.6951329,..,50.1182549,..,49.9108039,..,46.2294642,45.6847225,45.4683733,46.9808273,48.9520199,52.0386951,53.1404171,54.5609253,53.5271134,51.3824857,46.7866905,43.2135348,43.1519585,43.2491735,42.7646518,43.692598,43.1497473,43.7779482,44.8386204,45.8709072,44.3195704,45.8231309,46.9854499,..
"Egypt, Arab Rep.",EGY,Rule of Law - Governance score (0-100),GOV_WGI_RL_SC,..,..,..,..,..,..,57.2364244,..,53.8192306,..,54.9366459,..,54.7724902,54.6877154,54.812758,53.2904799,52.0719656,52.2398904,53.2704071,53.3597513,52.060209,48.1726226,47.6764105,43.2771413,42.5128363,42.5396523,42.4291768,43.6330552,44.2329876,44.0672159,43.3703097,42.8773177,43.6640534,43.5801616,44.0301801,..
El Salvador,SLV,Government Effectiveness - Governance score (0-100),GOV_WGI_GE_SC,..,..,..,..,..,..,29.7872451,..,34.0022381,..,32.6343202,..,34.0586452,35.0857542,42.0933731,41.1632043,43.1190471,43.1643867,42.553932,44.824803,47.2970654,45.7816782,46.2276637,46.8970397,49.0592944,45.4063483,45.0266455,44.5116454,44.241356,44.6381812,48.5651694,46.5089234,43.813815,49.4975432,47.7787327,..
El Salvador,SLV,Regulatory Quality - Governance score (0-100),GOV_WGI_RQ_SC,..,..,..,..,..,..,48.976046,..,53.9821079,..,52.9511679,..,54.4872191,55.5800493,61.4384539,61.6352907,58.3765556,59.0629404,61.1106733,63.4001189,62.5286423,62.0424425,58.4976201,58.5649562,57.8661104,56.5082463,54.6737304,53.864114,54.4818521,53.9808099,53.6791988,50.2997981,48.7776873,49.8317655,52.083202,..
El Salvador,SLV,Rule of Law - Governance score (0-100),GOV_WGI_RL_SC,..,..,..,..,..,..,42.2914551,..,44.9258251,..,42.0473419,..,44.8278584,45.285145,48.9116433,48.3868735,45.6991141,45.1010249,45.4092015,45.0488318,43.1965315,45.2329914,43.0148003,45.2381082,46.4711587,43.7543201,44.1267632,42.1456598,42.6501709,44.0743893,45.071142,42.5917078,40.3615724,44.795442,44.6872968,..
Equatorial Guinea,GNQ,Government Effectiveness - Governance score (0-100),GOV_WGI_GE_SC,..,..,..,..,..,..,24.8609548,..,24.7528033,..,24.7902117,..,24.7931866,24.640903,24.621634,24.0484515,24.0188654,24.0636061,24.0985043,24.7621773,25.727322,25.6566489,25.6600749,25.0317997,32.3349173,31.9442558,32.4024852,31.795089,32.1944439,31.7102042,30.6835561,31.0877623,28.479032,28.9342709,28.3476973,..
Equatorial Guinea,GNQ,Regulatory Quality - Governance score (0-100),GOV_WGI_RQ_SC,..,..,..,..,..,..,28.3893615,..,27.7459348,..,27.7975989,..,30.988725,30.9892281,29.8652952,29.4711374,30.1277474,30.0347276,29.8908544,30.6607031,29.665394,29.9583008,29.2187963,29.0746029,30.5892539,31.0556211,32.8101033,32.8248985,31.2711044,32.0935604,31.2626399,31.2543883,34.6850902,34.6874323,32.7978063,..
Equatorial Guinea,GNQ,Rule of Law - Governance score (0-100),GOV_WGI_RL_SC,..,..,..,..,..,..,31.3602008,..,30.6548115,..,30.6425454,..,34.0870233,34.0724097,34.1521693,33.1987772,36.1870165,37.3210728,38.0529941,35.7251174,35.8146509,35.8480896,35.0640526,32.6776629,31.4327232,30.7629756,30.0284348,30.0174165,28.9572889,29.6261966,30.6678348,30.6526602,31.4245688,31.4801164,30.4540727,..
Eritrea,ERI,Government Effectiveness - Governance score (0-100),GOV_WGI_GE_SC,..,..,..,..,..,..,25.9462734,..,25.7687961,..,25.8301809,..,33.1941932,33.0144391,30.5631782,33.5625155,29.3084322,29.332572,29.1409103,28.9500517,28.182674,26.1843576,25.5503076,24.2759893,27.0537425,26.5645563,26.7053932,26.5704128,23.6565514,22.8977096,24.1661908,24.2228177,25.2176826,24.5029613,23.0265068,..
Eritrea,ERI,Regulatory Quality - Governance score (0-100),GOV_WGI_RQ_SC,..,..,..,..,..,..,32.399507,..,32.8866625,..,33.0192749,..,33.6151082,33.6157311,32.7463947,31.736191,28.0913353,27.6610184,27.6469171,26.6311162,25.310009,25.3122138,24.9713098,23.9956913,24.81252,25.1444564,24.512494,24.7467484,24.6876056,23.8772543,23.9974561,23.4965669,23.4856183,22.8726447,22.7621975,..
Eritrea,ERI,Rule of Law - Governance score (0-100),GOV_WGI_RL_SC,..,..,..,..,..,..,43.913168,..,43.5257069,..,40.334426,..,39.5159142,39.3362345,36.7563827,36.8222601,35.2500073,33.6656382,32.5669774,32.2296786,30.8319045,30.8606739,30.890679,29.9421335,28.1055965,28.5087349,28.5077109,28.8474639,28.0200921,27.9012143,29.0169498,28.5385025,26.5109492,26.0345534,25.940194,..
Estonia,EST,Government Effectiveness - Governance score (0-100),GOV_WGI_GE_SC,..,..,..,..,..,..,58.6672069,..,55.249514,..,62.6442596,..,63.7863391,68.3338929,68.3544588,69.1438821,71.4799625,70.6846243,71.6963959,69.2859557,71.5420317,71.8721426,71.9079021,72.0046205,73.9696507,71.4535945,72.0227229,72.1112768,75.9403274,74.5831698,77.0103901,77.9927973,77.7596927,75.9934621,76.5591936,..
Estonia,EST,Regulatory Quality - Governance score (0-100),GOV_WGI_RQ_SC,..,..,..,..,..,..,67.9821346,..,68.4354147,..,70.5715038,..,74.9492275,77.0991702,76.9922746,78.0624255,79.3129114,79.2903315,79.1265737,77.1609247,77.1776141,77.5941672,77.8688313,77.9687117,78.8200041,79.6169213,80.2045818,78.8227783,77.4345494,79.2005779,78.393671,79.4591062,79.1667514,77.7627432,76.9065617,..
Estonia,EST,Rule of Law - Governance score (0-100),GOV_WGI_RL_SC,..,..,..,..,..,..,68.5528645,..,68.1102345,..,68.6593024,..,69.9155168,70.2151069,70.5668782,73.4084049,75.4994985,76.2846405,76.425307,74.3793795,75.6598437,76.8854713,76.8230584,77.4631348,80.0857017,80.3951433,80.6134817,81.1706954,80.4083456,82.8867196,82.7612794,82.5887163,83.1610479,82.473124,82.5475225,..
Eswatini,SWZ,Government Effectiveness - Governance score (0-100),GOV_WGI_GE_SC,..,..,..,..,..,..,46.0244582,..,45.8469829,..,45.9083676,..,45.913252,35.6242602,29.3731089,30.2583465,40.4325116,39.858985,45.2204965,43.5921765,46.3681273,44.451888,47.7003071,47.3037114,46.0111935,45.7013588,46.5114453,45.7502683,42.5740624,41.6919027,39.2160684,37.2765527,39.0505843,37.3840626,36.1519495,..
Eswatini,SWZ,Regulatory Quality - Governance score (0-100),GOV_WGI_RQ_SC,..,..,..,..,..,..,47.3785904,..,47.7308908,..,47.8267921,..,49.1322635,49.1331988,43.0773092,44.8715827,48.0016388,46.0011618,48.3943314,48.6298208,48.5079518,47.8346399,48.3263203,50.2323343,48.8603248,48.7753689,48.2858855,48.7626493,46.9602724,46.6148767,46.5960835,46.6027011,45.0533389,45.0553103,44.8006019,..
Eswatini,SWZ,Rule of Law - Governance score (0-100),GOV_WGI_RL_SC,..,..,..,..,..,..,56.8694147,..,53.3354653,..,53.3221339,..,47.1292426,48.7627621,44.4113594,43.4194377,46.4972484,45.484161,48.0103652,47.1446015,46.6125997,45.0266403,46.4444718,46.5204192,46.9599771,47.7074104,47.7098147,48.9057039,48.954677,47.3764142,45.6126991,44.9567992,44.4531297,44.4450579,42.1656207,..
Ethiopia,ETH,Government Effectiveness - Governance score (0-100),GOV_WGI_GE_SC,..,..,..,..,..,..,25.109255,..,25.0275512,..,25.0558111,..,26.3368512,23.2933079,31.6625878,33.4842027,36.5843845,38.9233426,41.0238315,41.213611,42.0603455,41.2894135,43.1496229,41.2145793,42.5630007,41.038014,42.0637249,41.0715491,40.9791219,41.1258037,40.6134168,38.6928804,37.7281615,37.9556857,38.7798166,..
Ethiopia,ETH,Regulatory Quality - Governance score (0-100),GOV_WGI_RQ_SC,..,..,..,..,..,..,31.5904994,..,35.6522489,..,35.696237,..,32.8143064,33.5830228,40.2433095,40.1601058,41.9111546,42.8751574,43.5167483,42.5308831,43.4956225,41.2741721,40.3940748,38.0153866,40.599395,40.6230821,39.7007616,40.6914544,41.514773,41.8028238,41.9953724,42.7432106,42.5363368,41.6562884,41.7214465,..
Ethiopia,ETH,Rule of Law - Governance score (0-100),GOV_WGI_RL_SC,..,..,..,..,..,..,42.0782558,..,42.0409533,..,42.0164229,..,38.7165648,38.8445367,39.7462399,40.2745878,43.8585894,44.3397766,42.1935898,41.6230912,42.5599627,42.37845,44.0735305,42.4071385,43.998762,43.1068707,43.2208451,43.4972869,43.301479,43.5958009,42.9561135,40.6411603,41.1619717,39.0773855,38.9119872,..
Faroe Islands,FRO,Government Effectiveness - Governance score (0-100),GOV_WGI_GE_SC,..,..,..,..,..,..,..,..,..,..,..,..,..,..,..,..,..,..,..,..,..,..,..,..,..,..,..,..,..,..,..,..,..,..,..,..
Faroe Islands,FRO,Regulatory Quality - Governance score (0-100),GOV_WGI_RQ_SC,..,..,..,..,..,..,..,..,..,..,..,..,..,..,..,..,..,..,..,..,..,..,..,..,..,..,..,..,..,..,..,..,..,..,..,..
Faroe Islands,FRO,Rule of Law - Governance score (0-100),GOV_WGI_RL_SC,..,..,..,..,..,..,..,..,..,..,..,..,..,..,..,..,..,..,..,..,..,..,..,..,..,..,..,..,..,..,..,..,..,..,..,..
Fiji,FJI,Government Effectiveness - Governance score (0-100),GOV_WGI_GE_SC,..,..,..,..,..,..,56.0635515,..,55.8860743,..,55.947461,..,55.9523434,55.7024469,48.4646321,55.5686001,55.5113141,45.5588517,35.5873302,34.5108392,40.7602717,41.1238457,40.0909871,40.0967076,49.4107879,49.3681316,49.3829596,49.3877739,59.7482167,73.0032012,64.0830762,65.55242,61.1111102,61.1284251,63.1811265,..
Fiji,FJI,Regulatory Quality - Governance score (0-100),GOV_WGI_RQ_SC,..,..,..,..,..,..,50.5655182,..,50.917817,..,46.0983548,..,57.2345565,51.1587744,42.5673166,48.2527324,49.6544285,47.7040652,41.5939897,37.8638516,41.0929948,42.2933134,42.359842,43.4745313,50.9805337,51.0792864,51.6674768,51.6919083,51.7019547,57.2713401,52.4560226,53.7614152,53.285888,53.2894633,55.8892306,..
Fiji,FJI,Rule of Law - Governance score (0-100),GOV_WGI_RL_SC,..,..,..,..,..,..,62.1484606,..,62.2198007,..,50.1631798,..,55.4316222,55.404734,55.5508976,58.6877978,55.4066719,45.4271127,45.3843906,41.5672029,40.6976476,42.1971714,42.4893816,42.6145895,49.5373075,52.0850492,50.8851809,51.8724626,53.4387605,58.0490535,59.7978572,59.7806585,61.0453578,62.5689715,62.2273751,..
Finland,FIN,Government Effectiveness - Governance score (0-100),GOV_WGI_GE_SC,..,..,..,..,..,..,83.7406382,..,88.6751416,..,92.5248184,..,96.4931874,96.4205173,93.3552395,93.6407808,90.8351953,88.1509114,90.1834609,93.3166023,93.0859943,94.8579686,95.538659,94.7555239,91.5426504,88.7404502,89.0248715,92.3694646,93.3360502,93.1277483,92.8616841,93.2627909,88.2297958,86.1002615,86.6733953,..
Finland,FIN,Regulatory Quality - Governance score (0-100),GOV_WGI_RQ_SC,..,..,..,..,..,..,74.653507,..,81.7021997,..,82.5466204,..,87.847387,88.6741328,84.6945602,86.070451,85.058317,82.5328299,82.7248817,85.559998,85.7859251,85.0371233,86.4142475,85.488167,84.4959002,84.3348409,83.4832283,83.7625922,84.0796451,86.3071107,85.9602735,86.5791866,84.9743909,84.3065138,85.8302775,..
Finland,FIN,Rule of Law - Governance score (0-100),GOV_WGI_RL_SC,..,..,..,..,..,..,90.1637061,..,90.2374506,..,92.2166143,..,91.9582145,91.980733,90.9423063,89.3610454,90.4113045,90.3727439,90.5180057,89.9718464,90.4317904,89.7515253,91.2349451,89.9696159,91.6391763,92.5018456,92.4476921,92.9256523,92.2639833,93.2567225,93.2612748,92.6055607,91.2817565,91.7312587,91.7521973,..
France,FRA,Government Effectiveness - Governance score (0-100),GOV_WGI_GE_SC,..,..,..,..,..,..,81.0104081,..,79.7343126,..,83.7032532,..,81.4544454,83.1275741,81.550633,84.6762884,79.8013323,80.889408,83.0072895,81.4823864,79.3586094,79.8974363,80.7574861,80.0063772,79.6111153,79.7147617,78.9518133,78.5973333,80.8697481,80.1591081,80.3248197,81.2128456,79.8021859,77.6243079,74.6869309,..
France,FRA,Regulatory Quality - Governance score (0-100),GOV_WGI_RQ_SC,..,..,..,..,..,..,66.2149043,..,68.0751623,..,71.5816554,..,72.3402733,75.8620568,75.5232614,75.7876472,75.4014225,76.0557125,75.4625667,73.3997753,74.3271474,72.3521776,72.7880965,72.9057592,71.142262,72.4278378,72.2518067,74.3068827,74.8593461,77.844343,74.7166668,75.1194295,74.8750592,74.3046227,72.9392482,..
France,FRA,Rule of Law - Governance score (0-100),GOV_WGI_RL_SC,..,..,..,..,..,..,81.3652642,..,78.4747541,..,80.2680061,..,76.9691136,79.1531914,79.4059099,81.9088264,78.6055744,79.4110163,79.5153339,78.3430956,79.289927,77.2860883,79.1424175,78.300432,78.7018665,78.3487803,78.5863259,78.390549,78.0557733,77.3579292,76.3646169,75.561772,74.5113529,74.0827805,73.8081373,..
French Polynesia,PYF,Government Effectiveness - Governance score (0-100),GOV_WGI_GE_SC,..,..,..,..,..,..,..,..,..,..,..,..,..,..,..,..,..,..,..,..,..,..,..,..,..,..,..,..,..,..,..,..,..,..,..,..
French Polynesia,PYF,Regulatory Quality - Governance score (0-100),GOV_WGI_RQ_SC,..,..,..,..,..,..,..,..,..,..,..,..,..,..,..,..,..,..,..,..,..,..,..,..,..,..,..,..,..,..,..,..,..,..,..,..
French Polynesia,PYF,Rule of Law - Governance score (0-100),GOV_WGI_RL_SC,..,..,..,..,..,..,..,..,..,..,..,..,..,..,..,..,..,..,..,..,..,..,..,..,..,..,..,..,..,72.4164867,73.3591789,74.6908949,74.5240612,74.4786766,74.4713483,..
Gabon,GAB,Government Effectiveness - Governance score (0-100),GOV_WGI_GE_SC,..,..,..,..,..,..,44.8724,..,39.5307932,..,39.5590532,..,39.5613009,39.4462565,29.9744113,31.086304,36.2017009,36.236811,36.2641959,39.4214556,40.0367344,35.8753603,32.764772,35.0920871,38.0919377,37.6832127,38.4397523,35.2562918,36.1832563,36.0168291,35.5236452,39.8944703,39.783793,39.983277,40.3127112,..
Gabon,GAB,Regulatory Quality - Governance score (0-100),GOV_WGI_RQ_SC,..,..,..,..,..,..,47.9452512,..,54.607104,..,52.000126,..,52.2240313,50.4015885,45.0052755,48.2666491,46.2149718,47.1982205,48.1373108,47.5484454,48.3730116,46.679642,46.5511254,44.4784659,44.0198661,44.5053892,45.2426133,45.0495616,42.9317816,41.0364274,40.6752445,41.7331977,42.8753088,43.1843987,43.4528346,..
Gabon,GAB,Rule of Law - Governance score (0-100),GOV_WGI_RL_SC,..,..,..,..,..,..,45.3625674,..,47.5596152,..,51.2139346,..,51.6486098,50.0153451,49.1196794,49.8069252,44.6685406,46.0401803,46.587152,45.8920925,46.5626388,48.0342623,48.8907392,45.8015264,46.3607365,46.0413506,47.4719387,45.9702205,43.6594306,42.0629623,40.9325048,41.1903866,38.1411869,38.4087445,37.0742145,..
"Gambia, The",GMB,Government Effectiveness - Governance score (0-100),GOV_WGI_GE_SC,..,..,..,..,..,..,39.9402901,..,39.8243824,..,39.8644721,..,39.8676609,39.7650334,38.284278,36.029458,33.4761782,36.216632,36.3756102,38.6975198,38.9163914,39.1520957,40.125823,39.4821657,40.8210829,39.0213638,39.4588134,41.1892495,41.5729578,40.9155263,39.9186412,41.3619999,41.5699401,42.2339048,40.9219001,..
"Gambia, The",GMB,Regulatory Quality - Governance score (0-100),GOV_WGI_RQ_SC,..,..,..,..,..,..,35.9206359,..,44.7505371,..,49.1886322,..,47.7300139,51.9678293,44.9038195,44.8399831,47.0905396,47.8245305,47.2739849,47.289832,46.3587662,46.9043406,47.8235164,44.931686,45.1266902,43.9368532,44.8179015,46.0298579,43.6366805,43.8739725,43.7586077,42.9626951,44.2398726,44.9001432,44.390045,..
"Gambia, The",GMB,Rule of Law - Governance score (0-100),GOV_WGI_RL_SC,..,..,..,..,..,..,62.3058319,..,62.7313304,..,57.4189955,..,54.6753736,58.0281666,44.8182927,48.4511004,49.7389205,50.8210848,48.042847,46.0588797,45.4583312,45.0486183,44.3451808,43.1356814,41.5725657,41.2320898,40.3565865,47.2994479,49.0647515,49.339393,51.1676292,50.5597661,50.7004498,51.1051888,50.1803647,..
Georgia,GEO,Government Effectiveness - Governance score (0-100),GOV_WGI_GE_SC,..,..,..,..,..,..,25.9462734,..,25.7687961,..,34.2974003,..,27.8050322,27.6277864,37.1209986,39.4621967,43.8163408,47.010025,51.0404612,52.9775814,55.4596125,61.900975,63.2747144,62.0561499,61.6395054,60.4770505,62.9627954,63.6579094,61.1018024,61.2834309,57.3322836,60.1202955,59.943003,62.7658644,60.2121471,..
Georgia,GEO,Regulatory Quality - Governance score (0-100),GOV_WGI_RQ_SC,..,..,..,..,..,..,38.6637923,..,41.6059965,..,44.5938575,..,41.397727,44.959592,46.8845238,49.553903,57.0994711,61.2849853,63.9556546,63.9168301,65.0191136,66.1520694,65.7978212,66.3492169,67.7874869,67.6366159,69.7641332,69.7125954,67.4982579,68.7124365,67.5779462,68.1597933,67.0550368,67.6143372,65.1148903,..
Georgia,GEO,Rule of Law - Governance score (0-100),GOV_WGI_RL_SC,..,..,..,..,..,..,36.4552574,..,36.9339146,..,46.1007792,..,39.9869109,41.3648497,47.7428283,47.882371,51.2965098,53.0560977,53.0408972,53.9600951,54.980466,56.6424864,60.1734842,59.0613165,63.0366086,62.8259841,63.353215,60.8054905,61.5494473,60.6553237,61.3843467,60.8394369,60.0939605,59.792293,59.5285321,..
Germany,DEU,Government Effectiveness - Governance score (0-100),GOV_WGI_GE_SC,..,..,..,..,..,..,85.9133266,..,83.4987994,..,85.6005385,..,85.2926113,81.8993984,81.3822575,83.3938425,84.3496463,85.5563033,85.1272438,85.7953189,81.2566005,83.3429828,85.5302347,86.5440284,89.5580615,89.4963851,88.3965749,88.091681,86.3768371,88.0532013,85.9752286,86.8568108,85.9365,81.7001069,81.406755,..
Germany,DEU,Regulatory Quality - Governance score (0-100),GOV_WGI_RQ_SC,..,..,..,..,..,..,73.0815474,..,74.1288565,..,80.1554034,..,81.0464303,78.515991,77.5382371,78.6086954,78.6183081,78.962073,76.1848867,77.0189488,77.2860994,78.0864769,78.5731908,78.1669695,79.4162111,80.7471408,81.5087584,81.5900917,81.3517051,81.1243821,79.5011339,80.3006818,79.523299,78.1129713,78.4893499,..
Germany,DEU,Rule of Law - Governance score (0-100),GOV_WGI_RL_SC,..,..,..,..,..,..,86.1730036,..,85.8964155,..,86.0127616,..,86.161111,86.1694134,85.7201504,85.5904436,85.7163193,86.8900875,85.057614,84.6453471,84.7930718,84.363052,84.81126,84.9693834,86.8522205,86.9091312,85.9619349,86.2725572,86.4901366,86.3547779,84.9686433,85.1033429,84.1757238,84.2533906,84.9456033,..
Ghana,GHA,Government Effectiveness - Governance score (0-100),GOV_WGI_GE_SC,..,..,..,..,..,..,50.7095473,..,45.3679406,..,50.017871,..,46.9843044,42.8061229,43.6352567,46.142425,52.7786399,52.4317314,52.6759891,52.8751172,52.0582273,51.4601817,51.7715972,49.6173125,49.6272154,49.6710927,51.6859949,52.0523183,51.0707258,50.2772134,51.1389276,50.4750116,50.051445,50.9948047,52.4989455,..
Ghana,GHA,Regulatory Quality - Governance score (0-100),GOV_WGI_RQ_SC,..,..,..,..,..,..,44.7361677,..,50.0979681,..,52.9292125,..,43.1918349,43.8778428,47.0763122,50.1389943,53.5144616,53.8373436,54.4073968,54.9501498,54.7472646,54.451765,54.6026407,54.3124513,52.6822289,52.8728818,51.0591652,52.283734,52.2002528,51.8104794,52.3373789,51.8964447,52.305874,52.3487328,53.4456524,..
Ghana,GHA,Rule of Law - Governance score (0-100),GOV_WGI_RL_SC,..,..,..,..,..,..,51.9912749,..,48.4058173,..,54.1885585,..,55.804752,54.183996,53.7090236,56.0792627,60.6156083,60.4000494,58.6258358,57.6571228,57.296118,60.0144866,59.8168199,60.4374775,59.4348989,60.4271752,60.4758591,61.7841927,60.4056893,58.9906253,58.8751793,57.6793315,57.0014518,56.9132228,57.8935634,..
Gibraltar,GIB,Government Effectiveness - Governance score (0-100),GOV_WGI_GE_SC,..,..,..,..,..,..,..,..,..,..,..,..,..,..,..,..,..,..,..,..,..,..,..,..,..,..,..,..,..,..,..,..,..,..,..,..
Gibraltar,GIB,Regulatory Quality - Governance score (0-100),GOV_WGI_RQ_SC,..,..,..,..,..,..,..,..,..,..,..,..,..,..,..,..,..,..,..,..,..,..,..,..,..,..,..,..,..,..,..,..,..,..,..,..
Gibraltar,GIB,Rule of Law - Governance score (0-100),GOV_WGI_RL_SC,..,..,..,..,..,..,..,..,..,..,..,..,..,..,..,..,..,..,..,..,..,..,..,..,..,..,..,..,..,..,..,..,..,..,..,..
Greece,GRC,Government Effectiveness - Governance score (0-100),GOV_WGI_GE_SC,..,..,..,..,..,..,61.2174263,..,56.8245613,..,57.5247171,..,59.8090706,61.4047733,64.3124359,61.021903,61.9642886,60.9811989,60.247963,60.9675764,57.259701,56.315898,55.7531725,59.0507519,56.0998457,54.8741394,52.9718104,56.4412613,57.9494834,60.2647801,62.7489676,62.4764927,62.2992157,56.3540919,55.0595965,..
Greece,GRC,Regulatory Quality - Governance score (0-100),GOV_WGI_RQ_SC,..,..,..,..,..,..,60.6372278,..,65.1705256,..,67.6221677,..,69.4369377,69.6593163,66.8032067,68.0860398,67.8171655,67.9684497,66.9230679,65.0717981,61.7213411,59.1797609,57.1437336,59.1958272,57.2868182,58.5905075,57.2358955,57.3356875,59.3859975,61.4658678,61.8347455,61.1128813,61.5062946,62.9784621,62.4275979,..
Greece,GRC,Rule of Law - Governance score (0-100),GOV_WGI_RL_SC,..,..,..,..,..,..,74.0627507,..,69.3878143,..,70.9802053,..,70.77562,72.0545284,72.7364354,70.8323292,70.9378377,70.8932121,69.0260263,67.6893467,65.211625,65.2048079,62.917471,63.7583206,63.1757641,62.8102173,61.5190101,61.7475115,61.7795957,63.5706981,65.1052509,64.605187,65.3854549,63.7866683,62.0986924,..
Greenland,GRL,Government Effectiveness - Governance score (0-100),GOV_WGI_GE_SC,..,..,..,..,..,..,..,..,..,..,..,..,..,..,..,..,..,..,..,60.3429412,60.3977228,60.3654943,60.3736122,60.382677,60.7492784,60.6816793,60.7051774,60.7128073,60.7547014,60.7955338,60.6789163,60.7481215,66.4662364,66.4926686,77.6453074,..
Greenland,GRL,Regulatory Quality - Governance score (0-100),GOV_WGI_RQ_SC,..,..,..,..,..,..,..,..,..,..,..,..,..,..,..,..,..,..,..,78.6477802,78.6494835,78.6615707,78.5295055,78.5099316,78.4663173,78.5909636,78.6201108,78.6509502,78.6636289,78.6980074,78.6394734,78.6159298,76.2406892,76.2473747,78.5750077,..
Greenland,GRL,Rule of Law - Governance score (0-100),GOV_WGI_RL_SC,..,..,..,..,..,..,..,..,..,..,..,..,..,..,..,..,..,..,..,84.9325783,84.9205669,85.0227142,84.9837973,84.8968093,84.940731,84.979474,84.9858592,84.9702319,84.9856406,84.9836682,85.0006862,84.9403902,84.073074,84.0643069,84.0628905,..
Grenada,GRD,Government Effectiveness - Governance score (0-100),GOV_WGI_GE_SC,..,..,..,..,..,..,66.1026449,..,65.9251677,..,65.9865524,..,65.9914368,65.7415403,60.6342262,59.9494487,60.7666478,60.8188705,60.8596038,61.801198,62.2611813,62.2453013,62.249301,61.0800679,56.0525307,51.9847503,51.9963292,52.0000877,48.3347558,49.5285739,49.4711149,49.5052139,50.4871096,52.9097782,51.7321666,..
Grenada,GRD,Regulatory Quality - Governance score (0-100),GOV_WGI_RQ_SC,..,..,..,..,..,..,60.4089208,..,60.8960763,..,61.0286903,..,61.2279748,61.2292696,56.6531825,57.0329693,58.1352718,58.1770928,58.1585456,58.2918725,59.7806489,58.579488,58.5051084,58.4940842,55.841429,56.0540546,56.0658973,54.0950754,52.5309164,52.7992497,52.9084321,54.0859185,54.2194599,55.7069098,55.6495397,..
Grenada,GRD,Rule of Law - Governance score (0-100),GOV_WGI_RL_SC,..,..,..,..,..,..,63.7351601,..,63.5803894,..,63.4786053,..,63.606529,63.5521002,62.3487502,67.3412293,62.4520265,63.1935978,63.1642828,63.5006195,63.5397309,63.6286121,63.59475,63.5190591,60.4379577,67.9415507,70.7435891,66.5871492,64.221791,63.6860872,64.3250552,63.9256396,65.0733835,66.4312547,66.2736735,..
Guam,GUM,Government Effectiveness - Governance score (0-100),GOV_WGI_GE_SC,..,..,..,..,..,..,..,..,..,..,..,..,..,..,56.5770312,45.5295067,45.4722208,45.5588517,45.6264235,45.8623631,45.9071388,45.880798,45.8874323,45.8948404,66.2726692,66.2174152,66.236622,66.2428596,66.2771005,66.3104743,66.2151577,66.2717223,69.868063,69.890828,76.0226009,..
Guam,GUM,Regulatory Quality - Governance score (0-100),GOV_WGI_RQ_SC,..,..,..,..,..,..,..,..,..,..,..,..,..,..,60.9274094,66.8086778,66.748942,66.852945,66.8068183,63.9440847,63.9464709,63.9634,63.7784327,63.7510173,57.1544045,57.3289815,53.6352186,53.6784118,53.6961704,53.744319,61.1315136,61.0985387,61.0106572,61.0200207,61.0412254,..
Guam,GUM,Rule of Law - Governance score (0-100),GOV_WGI_RL_SC,..,..,..,..,..,..,..,..,..,..,..,..,..,..,68.4764662,74.9283458,74.8830559,74.9723381,74.8898059,74.7901749,74.760748,75.0109727,74.9156409,74.7025552,79.6888264,79.7837313,75.8964289,79.7610924,81.3040491,81.472017,76.8851271,76.7728892,77.106813,74.7745372,74.772169,..
Guatemala,GTM,Government Effectiveness - Governance score (0-100),GOV_WGI_GE_SC,..,..,..,..,..,..,32.9658951,..,37.1808862,..,30.9821151,..,33.3344585,32.9427665,34.0418125,33.8593265,37.7140296,38.2627787,38.7209284,40.0319726,39.5303208,38.0920971,37.8801126,38.794034,40.2148786,38.6489233,38.2011062,37.764584,36.4630344,36.2144095,36.2431283,36.8656986,34.1479496,34.5626109,33.6586778,..
Guatemala,GTM,Regulatory Quality - Governance score (0-100),GOV_WGI_RQ_SC,..,..,..,..,..,..,46.643546,..,46.9889842,..,48.9393869,..,50.9581824,50.4085295,49.1243242,47.7205826,49.39975,48.8052636,49.3311364,48.8169061,49.1246854,48.6797089,47.5254586,46.887328,47.4057693,48.4801863,49.245045,47.7408016,48.700401,48.1891499,48.9157582,48.7751371,48.8428122,48.4234013,49.9827169,..
Guatemala,GTM,Rule of Law - Governance score (0-100),GOV_WGI_RL_SC,..,..,..,..,..,..,38.443634,..,36.9000284,..,39.7765583,..,39.2414173,38.6392974,41.5842466,41.1657718,41.0857386,41.0928415,40.6894949,41.2801954,41.4796434,39.1893325,40.422741,39.1168875,40.4388382,40.6171135,40.3721002,40.596175,40.0835439,39.6565997,40.3404859,40.1745041,39.1149668,39.5678527,40.4032981,..
Guinea,GIN,Government Effectiveness - Governance score (0-100),GOV_WGI_GE_SC,..,..,..,..,..,..,25.9220111,..,33.2679502,..,33.3080399,..,31.8926591,31.7626,34.6425394,34.7797519,26.5495844,27.4684096,28.714886,28.2624975,29.6862509,28.7471183,27.595659,29.7487693,31.8794936,32.9616311,34.2602136,34.0741304,35.0462731,38.1864104,35.5546292,35.6181606,33.3576455,34.3558976,34.0710252,..
Guinea,GIN,Regulatory Quality - Governance score (0-100),GOV_WGI_RQ_SC,..,..,..,..,..,..,40.0199657,..,42.3851441,..,42.4575854,..,31.2191423,28.9188191,37.3759296,39.5236454,37.0654566,36.6748868,35.888743,36.5708348,37.3087086,38.0379886,38.3799272,37.4637543,37.7248044,41.2066878,41.7927207,42.4451339,42.2011216,42.3596149,41.8239907,40.4668079,39.7137478,39.7259233,40.7989887,..
Guinea,GIN,Rule of Law - Governance score (0-100),GOV_WGI_RL_SC,..,..,..,..,..,..,36.026284,..,35.9478084,..,35.8451569,..,37.0641153,33.628778,35.1358866,33.4674122,33.3408395,32.5548215,30.450832,28.9197282,31.2659928,32.1249205,32.1064225,31.4838666,31.003552,36.4942293,37.3318364,37.3161591,37.9630097,38.3218373,38.0979794,39.701807,38.8007372,37.9145581,37.2080174,..
Guinea-Bissau,GNB,Government Effectiveness - Governance score (0-100),GOV_WGI_GE_SC,..,..,..,..,..,..,25.9220111,..,25.8061034,..,32.4026252,..,32.405814,25.6861766,21.5344291,23.8192162,30.3548258,30.9924632,32.08239,32.8511657,32.6688858,31.6698229,27.7527609,23.8681179,23.0964586,24.2100157,23.3249881,21.3461643,27.3204445,26.4437564,26.4291034,24.4306703,21.6265568,23.1129238,24.7485606,..
Guinea-Bissau,GNB,Regulatory Quality - Governance score (0-100),GOV_WGI_RQ_SC,..,..,..,..,..,..,33.532376,..,29.4138209,..,32.5463263,..,40.1521507,40.1528588,31.8437663,37.0298305,38.5197629,37.7059781,37.1840592,37.2668749,37.8203935,36.9627136,33.9119957,33.1940081,34.788393,34.4338342,34.9621972,35.4647835,35.1106773,35.1172824,34.4941993,34.1790295,34.1669754,35.1880787,36.0897781,..
Guinea-Bissau,GNB,Rule of Law - Governance score (0-100),GOV_WGI_RL_SC,..,..,..,..,..,..,24.6606385,..,25.8342604,..,29.8569009,..,35.3437471,33.6664367,35.3674962,37.136858,36.9430087,36.1642296,34.8200736,34.3076748,34.3150531,34.1451094,30.0251872,29.4138269,32.7123321,34.5493475,33.428411,34.1181265,37.4490481,37.2769205,37.4565658,36.2835238,35.4239662,36.1902057,35.7124503,..
Guyana,GUY,Government Effectiveness - Governance score (0-100),GOV_WGI_GE_SC,..,..,..,..,..,..,46.4967223,..,53.8426614,..,53.8827511,..,53.8859399,53.7227346,50.9954774,44.5724565,49.1874986,51.6948477,48.433687,49.67028,50.5116383,50.4644282,50.9595021,50.8820235,49.4977085,49.0374607,49.0431209,48.2036428,49.6879293,49.6980188,46.1830086,48.5670204,48.828877,49.4414102,49.4302941,..
Guyana,GUY,Regulatory Quality - Governance score (0-100),GOV_WGI_RQ_SC,..,..,..,..,..,..,45.4873021,..,52.1762565,..,50.107748,..,47.6360036,49.8195379,48.1187889,46.1703986,46.958558,46.311944,46.4045222,45.6307416,46.063593,44.7893001,45.0077973,45.7568436,45.7338425,46.4120673,48.7366816,49.0149005,47.5344956,46.29337,45.5929123,45.8203661,44.6483572,44.365328,47.8053366,..
Guyana,GUY,Rule of Law - Governance score (0-100),GOV_WGI_RL_SC,..,..,..,..,..,..,56.4684363,..,53.6616873,..,53.5513994,..,50.0002702,49.4067075,49.2314113,47.9644058,48.3357801,50.0946709,49.3318943,48.993093,49.7614579,46.7498843,47.0717434,46.7168862,46.5221712,47.5558065,48.475815,49.8261271,49.9038885,49.3874005,50.2993922,50.4431618,50.7636991,50.5634474,51.212513,..
Haiti,HTI,Government Effectiveness - Governance score (0-100),GOV_WGI_GE_SC,..,..,..,..,..,..,25.0165964,..,24.9006887,..,24.9407784,..,15.6110942,15.6478959,14.4282056,19.1480529,19.0776266,19.1005239,23.4094899,23.2998859,20.8564123,19.8613548,20.2365991,21.7108836,13.8166815,14.9918469,14.7204045,14.5822061,17.2801048,14.6193481,14.0795218,11.2813601,12.1957638,12.2417295,12.147424,..
Haiti,HTI,Regulatory Quality - Governance score (0-100),GOV_WGI_RQ_SC,..,..,..,..,..,..,32.2496533,..,32.515766,..,32.5882057,..,32.7300129,32.6502962,30.8461814,32.6558005,40.1724154,39.8537933,41.1870035,41.09713,37.2480943,35.887967,35.5313894,35.9002672,34.1265012,33.8188986,33.832074,34.3584468,35.2778701,34.8037071,34.2387511,32.5292727,32.511749,30.5018739,31.7826473,..
Haiti,HTI,Rule of Law - Governance score (0-100),GOV_WGI_RL_SC,..,..,..,..,..,..,32.962309,..,29.7759865,..,29.6351548,..,25.2437457,27.416227,28.380985,27.1303279,31.2436809,32.8932597,36.353339,35.9725299,34.0917821,32.751187,33.2761927,33.6346193,35.4863705,35.8606723,36.1928682,36.2120357,36.802862,36.6340886,36.1195024,33.0046405,30.0662313,28.7128263,29.3691461,..
Honduras,HND,Government Effectiveness - Governance score (0-100),GOV_WGI_GE_SC,..,..,..,..,..,..,28.3933558,..,32.6083488,..,30.3860042,..,31.414764,30.4659678,36.8495679,37.7799273,37.4096509,39.4171702,37.9876653,38.769834,39.1786348,39.5962185,37.9599323,35.6870041,39.6550483,40.5381315,42.9545002,43.1871557,41.0906042,41.3748835,40.0142766,38.366425,37.9968603,38.5482305,39.2915482,..
Honduras,HND,Regulatory Quality - Governance score (0-100),GOV_WGI_RQ_SC,..,..,..,..,..,..,39.231811,..,42.854388,..,45.9019296,..,45.3104572,44.672437,45.9841303,48.3147977,48.8194768,51.0631097,49.8224903,49.1998551,49.2247093,50.4719369,48.8616133,47.874201,45.6458396,46.5023918,45.4794133,47.7656936,47.3012994,46.6755083,46.0942116,45.2897872,45.092053,44.1118119,44.9578114,..
Honduras,HND,Rule of Law - Governance score (0-100),GOV_WGI_RL_SC,..,..,..,..,..,..,40.8861254,..,39.2032422,..,35.9375044,..,41.5566406,39.888118,42.8684267,44.7406001,41.9251493,42.2492751,40.2762108,40.3345774,39.8686011,39.3458484,36.4162734,35.6509943,36.7478307,37.0515566,36.6842303,38.1934627,38.14234,38.4368702,37.8437257,37.3143589,38.1748769,37.0610655,36.7110928,..
"Hong Kong SAR, China",HKG,Government Effectiveness - Governance score (0-100),GOV_WGI_GE_SC,..,..,..,..,..,..,82.37553,..,79.5712006,..,80.7662146,..,75.6546442,81.9538689,80.7624735,82.5307185,85.4928692,84.1227891,84.1140198,83.2065285,82.5654922,82.8937948,87.9288685,84.9973636,87.2393135,87.1331142,88.4228788,88.8012828,89.0713485,88.0664602,82.2846467,82.9288776,83.2935774,81.2341077,83.1791513,..
"Hong Kong SAR, China",HKG,Regulatory Quality - Governance score (0-100),GOV_WGI_RQ_SC,..,..,..,..,..,..,76.4809226,..,76.6760387,..,78.691702,..,85.4713358,88.3120525,87.6334572,88.3485413,89.5504276,88.5924163,87.6766078,86.0402598,86.6297308,83.4444701,86.3935838,85.8972146,86.2433831,89.1608309,90.056348,89.4302178,89.7837169,86.9540701,84.0679348,82.4021463,82.0461664,82.1612962,82.3038683,..
"Hong Kong SAR, China",HKG,Rule of Law - Governance score (0-100),GOV_WGI_RL_SC,..,..,..,..,..,..,74.3669688,..,74.8917404,..,73.9042539,..,78.4292077,81.7252174,81.6423857,82.4488208,82.1717078,82.1413137,82.4938457,81.1191167,81.7609503,82.4556293,81.7140408,80.495282,83.7127921,84.0872195,84.4719854,82.706866,82.4414821,79.9523997,77.1939508,74.7261011,72.1820236,72.0396343,72.8154308,..
Hungary,HUN,Government Effectiveness - Governance score (0-100),GOV_WGI_GE_SC,..,..,..,..,..,..,67.1599252,..,67.7603079,..,70.5168419,..,70.1875419,67.8685255,66.8232636,65.9781954,65.3244097,60.9440375,60.9722274,61.8764035,60.0989829,60.4591445,59.7453351,62.4481433,64.2948896,62.6125464,62.1375212,63.1557792,63.5105529,61.5257209,65.3557593,66.5888485,64.1294133,61.9606214,61.0995877,..
Hungary,HUN,Regulatory Quality - Governance score (0-100),GOV_WGI_RQ_SC,..,..,..,..,..,..,61.862847,..,66.3405379,..,67.7217926,..,74.7058871,74.0159174,74.0330924,74.6073425,74.9987718,75.2297884,73.7318615,72.6480589,69.5378275,68.9774579,66.9704547,65.8951766,61.726746,63.0707549,62.6879447,62.9871411,61.8347171,62.1150399,61.7730351,61.1759102,59.4086263,58.6087913,60.146918,..
Hungary,HUN,Rule of Law - Governance score (0-100),GOV_WGI_RL_SC,..,..,..,..,..,..,71.8662295,..,71.6582743,..,71.7931081,..,71.6012553,71.7179266,71.4069103,72.7337918,73.5295098,72.343966,70.331928,67.5048015,66.9835788,67.8349269,66.7079804,65.5474506,63.0056191,63.0792998,64.0195945,63.8659993,62.8108111,62.2675157,62.6303362,62.078697,61.1404022,60.2244262,60.2749551,..
Iceland,ISL,Government Effectiveness - Governance score (0-100),GOV_WGI_GE_SC,..,..,..,..,..,..,76.5657424,..,81.7745795,..,89.4980923,..,90.7794279,91.7953449,89.4625486,90.8538733,82.0896601,80.5478077,82.7552172,83.1533258,79.0750865,79.0201357,79.9801881,81.0625648,78.5234168,78.4585166,78.2310332,79.8959488,82.1325789,82.0552286,81.745221,86.3507296,83.0927402,83.2339776,83.3448105,..
Iceland,ISL,Regulatory Quality - Governance score (0-100),GOV_WGI_RQ_SC,..,..,..,..,..,..,66.1377616,..,71.881366,..,77.7807069,..,80.980818,82.8127805,83.1028879,83.348758,83.1037364,81.9331784,77.2595214,77.980403,70.243004,72.9778614,73.5464085,72.9570999,73.7579506,75.3070116,75.110987,77.3623226,77.578298,78.7787271,78.0059701,80.5668088,77.337869,76.8631966,75.8432588,..
Iceland,ISL,Rule of Law - Governance score (0-100),GOV_WGI_RL_SC,..,..,..,..,..,..,84.1153556,..,85.3024363,..,89.2819209,..,89.3912192,89.9571657,88.4221723,89.2198901,88.9438425,88.1516149,86.4749189,85.9208909,85.0364569,85.9217032,86.0691989,85.1977642,84.866231,85.2272186,84.8526914,85.6348214,86.9248531,87.0266527,85.9929039,86.3539965,84.4478199,84.3343755,84.9818181,..
India,IND,Government Effectiveness - Governance score (0-100),GOV_WGI_GE_SC,..,..,..,..,..,..,46.5810646,..,42.6201505,..,40.6845217,..,41.9714689,43.0285663,47.5436428,47.8216184,48.8916228,51.0283962,48.3171978,49.5237323,49.1209884,49.9282691,49.6146448,50.199062,51.0781048,59.0568048,58.6538119,58.1999807,61.0922301,61.1691545,58.1320686,56.0073078,57.9369129,59.5575797,59.2076282,..
India,IND,Regulatory Quality - Governance score (0-100),GOV_WGI_RQ_SC,..,..,..,..,..,..,44.7906248,..,45.6154907,..,48.9547625,..,48.7179657,47.9015707,51.6335131,52.0637795,51.8256752,51.568866,50.6625866,51.0176549,50.4821063,49.5071439,48.9627586,48.9919988,48.8554278,49.6531841,50.8635602,51.4588982,52.4093503,53.3152922,52.5183166,52.1829925,53.4803007,52.8571419,53.3476378,..
India,IND,Rule of Law - Governance score (0-100),GOV_WGI_RL_SC,..,..,..,..,..,..,60.7249582,..,60.326453,..,61.4466391,..,56.2176695,57.4389117,57.9545737,59.8781176,60.8696056,60.3073887,59.7503522,59.5513586,58.0505268,56.7360937,54.7121529,54.9689314,54.1139949,54.5995656,55.5475105,56.2764251,57.3146728,56.6186668,55.1924812,53.7961752,55.0631273,55.4517708,56.2895569,..
Indonesia,IDN,Government Effectiveness - Governance score (0-100),GOV_WGI_GE_SC,..,..,..,..,..,..,46.363558,..,36.9068364,..,40.6512316,..,36.3993999,33.6750711,36.5108219,37.073248,41.2810836,42.4519248,42.5385381,44.9194662,46.4184115,44.9745977,46.3417399,48.1635493,57.5456059,50.1223884,53.7163997,54.3846673,56.2687851,57.4126224,55.4967156,54.2003128,55.8672272,56.6528103,54.8365911,..
Indonesia,IDN,Regulatory Quality - Governance score (0-100),GOV_WGI_RQ_SC,..,..,..,..,..,..,53.8127039,..,46.0462712,..,47.5664864,..,45.8403438,45.5800822,46.9476063,48.5062927,52.0436836,51.2622727,52.4715149,53.0023115,52.5578823,52.4776452,52.0354682,54.0968292,54.9072168,52.6644356,55.4045544,56.443186,56.0213415,56.6131467,58.407906,60.2592563,59.296523,60.2378198,56.8298066,..
Indonesia,IDN,Rule of Law - Governance score (0-100),GOV_WGI_RL_SC,..,..,..,..,..,..,47.9494566,..,41.2333617,..,40.6113737,..,37.4199121,40.8655621,43.7127993,43.7941164,45.7663374,46.1829448,47.0291624,47.4461915,45.7462387,52.0556791,50.3345898,49.7362494,51.1401265,50.4036099,51.4261426,51.5158034,53.183197,53.6607218,54.417917,54.4919144,54.7424954,55.5576115,53.4090118,..
"Iran, Islamic Rep.",IRN,Government Effectiveness - Governance score (0-100),GOV_WGI_GE_SC,..,..,..,..,..,..,46.0878787,..,40.746272,..,40.7745319,..,37.3724856,37.2749603,38.3297906,36.9062103,37.0562345,37.170367,36.7574557,36.8376118,39.0124079,40.9003892,40.9877064,40.2826079,46.3342811,47.6110494,47.3901809,47.5024565,46.0373048,43.2270684,37.5907798,38.5725219,37.5806922,36.947486,37.6106029,..
"Iran, Islamic Rep.",IRN,Regulatory Quality - Governance score (0-100),GOV_WGI_RQ_SC,..,..,..,..,..,..,28.4233237,..,28.3591908,..,28.4031788,..,32.8563514,33.5411544,35.3940235,34.9159491,34.9026065,33.6745948,32.9764618,31.2267079,32.4436197,35.9748234,35.1684023,33.1834523,34.32944,37.6597221,38.2101857,37.7844457,34.4704144,33.404801,32.8938543,32.8834183,32.8202522,31.7039605,31.0266001,..
"Iran, Islamic Rep.",IRN,Rule of Law - Governance score (0-100),GOV_WGI_RL_SC,..,..,..,..,..,..,40.2832173,..,42.822777,..,45.0686499,..,38.9508231,38.2649818,40.47533,38.7478676,38.6336953,38.0026975,37.9399387,37.2848408,37.9909013,39.5308583,40.0291598,36.2124626,35.3689075,40.1996627,40.2087225,40.986679,40.287143,38.8293982,39.2881443,38.5664651,37.5891123,36.3038979,35.7129133,..
Iraq,IRQ,Government Effectiveness - Governance score (0-100),GOV_WGI_GE_SC,..,..,..,..,..,..,15.8659159,..,10.5243092,..,10.5525691,..,8.4958779,12.3162117,20.4960932,13.7296248,15.6614659,19.6131324,27.4389869,30.2556418,28.4161034,28.306791,29.624732,30.515692,32.6557553,30.3543883,30.1091758,30.1111727,30.4485245,29.8230474,27.6607343,27.4041568,27.5438368,25.2876422,29.9154103,..
Iraq,IRQ,Regulatory Quality - Governance score (0-100),GOV_WGI_RQ_SC,..,..,..,..,..,..,22.91357,..,21.77511,..,21.8190981,..,23.5818634,30.4591554,29.9496439,32.2594047,32.9984267,33.8996356,36.3886749,37.1786055,39.675573,40.3638189,38.8694626,38.8627661,37.974619,38.8083168,39.570425,37.9988565,36.5493163,36.5610771,35.1307953,36.5329992,35.5993847,34.6591746,38.6096174,..
Iraq,IRQ,Rule of Law - Governance score (0-100),GOV_WGI_RL_SC,..,..,..,..,..,..,29.1245734,..,29.087271,..,30.5478005,..,27.0272737,28.2471924,26.7331325,27.3069717,28.8737533,27.5061718,29.7456802,30.3554933,29.930265,32.4578857,31.9528014,31.5952835,31.9065546,31.3402656,30.5154685,30.3140998,32.3181279,33.3158272,30.9345026,32.2243657,31.9224297,31.1439621,33.5897975,..
Ireland,IRL,Government Effectiveness - Governance score (0-100),GOV_WGI_GE_SC,..,..,..,..,..,..,79.7981474,..,79.9546212,..,78.7977642,..,78.9289316,75.9612939,77.2149276,82.4518944,79.7197879,78.102586,76.9383423,73.5733621,71.4472344,75.5249817,78.0174096,77.3952281,79.8861704,78.8130589,78.873907,78.1121019,79.6806257,76.6868572,80.5133684,82.8094272,84.5079207,83.6350611,82.6755532,..
Ireland,IRL,Regulatory Quality - Governance score (0-100),GOV_WGI_RQ_SC,..,..,..,..,..,..,75.9953032,..,80.1088493,..,82.0690145,..,85.9750765,84.7175297,82.316875,84.5854645,86.1783591,85.0942837,83.6299451,80.4614998,79.4493043,77.6043445,78.8655172,79.742353,80.9737193,82.0573547,81.7674145,80.0638929,80.8634503,79.8331901,77.9790467,80.4298103,82.7232745,83.2088955,83.1635984,..
Ireland,IRL,Rule of Law - Governance score (0-100),GOV_WGI_RL_SC,..,..,..,..,..,..,82.9984893,..,84.5284297,..,85.6229891,..,85.0529998,83.6564872,82.8328432,84.7591305,84.8465575,85.4102768,85.4226083,83.5091619,82.9307394,83.0391238,83.2563797,82.7845637,83.3388172,84.5629853,83.9168852,83.3311516,83.264658,83.4862527,83.1491123,83.5614153,82.8500677,84.4681784,84.3524795,..
Isle of Man,IMN,Government Effectiveness - Governance score (0-100),GOV_WGI_GE_SC,..,..,..,..,..,..,..,..,..,..,..,..,..,..,..,..,..,..,..,..,..,..,..,..,..,..,..,..,..,..,..,..,..,..,..,..
Isle of Man,IMN,Regulatory Quality - Governance score (0-100),GOV_WGI_RQ_SC,..,..,..,..,..,..,..,..,..,..,..,..,..,..,..,..,..,..,..,..,..,..,..,..,..,..,..,..,..,..,..,..,..,..,..,..
Isle of Man,IMN,Rule of Law - Governance score (0-100),GOV_WGI_RL_SC,..,..,..,..,..,..,..,..,..,..,..,..,..,..,..,..,..,..,..,..,..,..,..,..,..,..,..,..,..,..,..,..,..,..,..,..
Israel,ISR,Government Effectiveness - Governance score (0-100),GOV_WGI_GE_SC,..,..,..,..,..,..,77.8228585,..,78.1232239,..,79.5018672,..,80.3790724,79.3595116,78.1354736,78.9068218,76.0730114,74.2937008,76.1685069,75.2506791,76.678016,77.4570971,76.6177279,76.5869577,76.6398455,79.7939299,81.0271611,81.3967141,78.5109493,81.8544555,74.0068471,82.2501258,80.9687007,77.7243629,74.1410108,..
Israel,ISR,Regulatory Quality - Governance score (0-100),GOV_WGI_RQ_SC,..,..,..,..,..,..,65.9521367,..,68.6396356,..,69.3551724,..,70.5470502,69.6342098,68.6888567,69.3145925,69.3301557,70.9307736,71.4027065,69.7665289,71.4950624,73.7653773,72.3139966,71.9683501,71.2524995,72.2093705,74.4365979,74.0285377,73.2135495,74.4454315,73.032022,73.3996144,72.5639326,71.4874085,72.4302177,..
Israel,ISR,Rule of Law - Governance score (0-100),GOV_WGI_RL_SC,..,..,..,..,..,..,77.2902016,..,73.100039,..,73.9741982,..,74.180064,73.5123128,72.1334412,71.5197901,71.1901965,70.4238969,70.6919811,70.6756843,70.9738649,72.3147164,71.9609418,72.34288,72.9526707,74.8784554,74.2596136,74.0769444,73.0600534,73.2999655,72.2368138,72.1237722,70.7509398,68.3967101,67.2862738,..
Italy,ITA,Government Effectiveness - Governance score (0-100),GOV_WGI_GE_SC,..,..,..,..,..,..,65.4922018,..,62.545307,..,65.9123618,..,66.4563394,62.1517134,58.4035324,59.9348423,57.3505532,55.2276609,56.426062,58.3200378,57.8767278,56.6892562,59.2562888,60.4696676,58.3178271,58.5385497,59.7770308,58.8834672,59.8004841,60.2576967,61.9905283,62.5163957,65.2987922,67.9329688,66.7457636,..
Italy,ITA,Regulatory Quality - Governance score (0-100),GOV_WGI_RQ_SC,..,..,..,..,..,..,63.2248338,..,65.9164333,..,67.4656079,..,69.115461,71.0663573,70.6363196,69.1562017,69.6051794,69.2850511,68.8781973,67.4064162,66.6314985,62.5219473,62.4679176,62.5605715,60.8298032,64.1201032,64.8578067,64.8883338,63.6990094,65.9203005,62.3028255,63.9087126,64.3443586,65.8357262,64.9588526,..
Italy,ITA,Rule of Law - Governance score (0-100),GOV_WGI_RL_SC,..,..,..,..,..,..,72.9118916,..,70.3682116,..,72.0695533,..,70.3354579,69.6731557,68.7093563,67.1913774,65.0623738,65.629525,64.0118635,63.454562,64.7733734,65.9317174,66.36478,66.1374628,66.5052142,64.9124893,64.8988136,64.520185,64.1711434,66.0800324,66.5103998,67.0932093,66.8431119,68.1612229,67.6216519,..
Jamaica,JAM,Government Effectiveness - Governance score (0-100),GOV_WGI_GE_SC,..,..,..,..,..,..,50.7095473,..,50.6278435,..,49.9157024,..,48.8556708,48.8940319,50.0391233,45.5423301,53.5818315,52.9757264,53.7414825,55.2044642,54.8124747,54.564122,54.3319818,55.2927692,60.131785,59.7844428,60.577018,60.2784843,61.0608922,61.0939956,58.8600916,57.9444571,56.2887658,54.5486815,54.6705042,..
Jamaica,JAM,Regulatory Quality - Governance score (0-100),GOV_WGI_RQ_SC,..,..,..,..,..,..,55.9169931,..,58.6532588,..,55.795531,..,56.498785,56.9174689,57.8960682,58.4161955,59.4162802,59.6845993,59.3369767,58.8584955,58.8635723,57.9385249,54.8286736,55.5214632,55.7324643,56.8719005,57.1420697,56.8258306,57.1862171,57.0000228,56.416455,57.7302175,57.55474,57.2057484,56.2960749,..
Jamaica,JAM,Rule of Law - Governance score (0-100),GOV_WGI_RL_SC,..,..,..,..,..,..,54.1061761,..,54.0688736,..,48.5357512,..,51.9123535,51.7128729,53.1957815,53.5262098,52.721205,54.2453607,54.1338526,51.6355607,50.1006775,51.9846746,50.8374797,52.2092657,53.8267276,54.5653748,55.0179182,55.4158951,54.5386122,54.0303251,55.1748747,55.6860963,55.7816656,55.6419164,55.6279602,..
Japan,JPN,Government Effectiveness - Governance score (0-100),GOV_WGI_GE_SC,..,..,..,..,..,..,73.2135466,..,74.2614121,..,78.5685289,..,76.8147775,76.5796545,76.9455404,78.6613216,79.670859,76.5166287,76.4223096,77.1254987,77.2459058,77.2299151,76.899252,79.5585854,85.8180198,84.5129644,86.6068501,84.6386214,86.8238668,87.0499696,86.4392038,83.4821825,90.8264358,90.0027288,91.9378443,..
Japan,JPN,Regulatory Quality - Governance score (0-100),GOV_WGI_RQ_SC,..,..,..,..,..,..,60.7316703,..,61.0977865,..,67.0587841,..,63.5109668,70.060792,71.1776215,74.1667679,75.4677192,74.6250349,74.6165877,74.1720418,73.7471124,75.89553,77.4084383,76.3028916,75.3576946,77.1186037,78.9740104,76.9203885,76.3835577,76.7638524,76.425199,76.8730443,77.1114908,76.9093801,75.8330279,..
Japan,JPN,Rule of Law - Governance score (0-100),GOV_WGI_RL_SC,..,..,..,..,..,..,80.8315,..,79.4228883,..,79.5138813,..,76.6842093,76.8070025,76.9052894,77.7379036,78.9206249,78.5908764,78.0628125,79.5066442,80.0132412,80.851979,80.1716864,80.6025753,82.0354593,81.6796297,81.6394617,82.5949156,82.559088,82.987206,83.0196947,83.3298195,82.9264987,82.926836,82.9799844,..
Jordan,JOR,Government Effectiveness - Governance score (0-100),GOV_WGI_GE_SC,..,..,..,..,..,..,55.2475463,..,52.608355,..,48.0042269,..,48.3643301,53.1804039,52.3081627,49.8039343,53.2633015,55.0588129,55.0052194,55.6678093,52.8175571,53.9652559,55.6249975,56.0296684,58.7454147,58.7699258,58.3898205,56.7296726,53.0879709,51.5567544,53.554851,53.7294447,54.118084,58.9409204,55.5444973,..
Jordan,JOR,Regulatory Quality - Governance score (0-100),GOV_WGI_RQ_SC,..,..,..,..,..,..,49.219776,..,57.6247903,..,57.9280211,..,55.2398408,58.2618216,60.5834694,59.9278136,57.2698876,57.3332177,59.7281805,58.3777936,56.5556157,57.8731176,57.7324192,56.4334598,56.5123405,57.5169737,56.7208624,56.9697969,56.2049697,57.3816928,57.9074299,57.8870075,58.2017136,59.8167875,59.215868,..
Jordan,JOR,Rule of Law - Governance score (0-100),GOV_WGI_RL_SC,..,..,..,..,..,..,60.9236678,..,61.0048214,..,61.3836617,..,54.9727143,57.4446394,58.8274455,59.7406213,59.5170095,61.6271002,61.729738,58.8960456,57.9464468,59.5556992,60.0323823,59.1974291,58.8906741,59.3319067,59.8755515,60.2929902,59.4753441,59.314202,58.8265505,57.7152382,58.2811037,59.0855303,59.8652904,..
Kazakhstan,KAZ,Government Effectiveness - Governance score (0-100),GOV_WGI_GE_SC,..,..,..,..,..,..,24.8609548,..,30.2874522,..,30.0294379,..,29.3753041,29.2935925,33.3414778,32.9256907,33.5050603,33.3247851,35.1157504,36.5455237,35.9134978,36.7616051,39.2857733,39.8770465,51.2114091,51.1184861,49.2500947,51.5791733,49.3256814,52.4896065,52.3568797,51.6869126,54.4581171,54.2964071,54.1941626,..
Kazakhstan,KAZ,Regulatory Quality - Governance score (0-100),GOV_WGI_RQ_SC,..,..,..,..,..,..,44.3282935,..,43.7370656,..,42.7782342,..,38.8032558,41.2912384,41.6348267,45.7371388,48.1278117,48.1172117,50.4142655,48.5875029,49.1977102,49.9577744,49.5739106,49.5435144,52.5249358,53.7365784,52.7280623,56.1767073,55.7345603,56.6406253,55.7125355,55.0715534,53.8525157,54.9494054,55.6049145,..
Kazakhstan,KAZ,Rule of Law - Governance score (0-100),GOV_WGI_RL_SC,..,..,..,..,..,..,32.5212073,..,37.3746308,..,36.2402613,..,39.6597423,39.6218048,40.3586122,42.54153,40.9867323,42.7844763,43.3542625,44.3129881,43.6199424,46.8710046,45.8971783,45.2645576,46.6774307,48.4982078,48.1711132,49.0224906,50.5881586,49.5474101,49.8146201,48.951777,49.3810257,50.4626994,50.3980061,..
Kenya,KEN,Government Effectiveness - Governance score (0-100),GOV_WGI_GE_SC,..,..,..,..,..,..,46.0878787,..,34.9091227,..,34.9373827,..,32.11883,29.8688166,37.3109064,37.283224,38.3677025,41.1529826,39.3043482,39.6220576,41.5896233,41.0169483,42.2287774,43.199384,43.2603488,44.1934926,45.1848965,45.4430061,44.6331802,45.6736783,44.030085,44.5971582,44.8757346,45.2523381,45.5482916,..
Kenya,KEN,Regulatory Quality - Governance score (0-100),GOV_WGI_RQ_SC,..,..,..,..,..,..,44.0582363,..,46.819932,..,44.4641091,..,51.359166,50.7674066,48.5824198,49.0258238,49.5885938,49.8378012,49.1477921,48.6522982,49.3011565,46.6165343,46.7845851,46.8802939,49.7209476,50.2964925,51.2815533,51.7319567,50.1415335,49.4435078,47.605713,48.1628795,48.6976063,48.5754393,49.6019443,..
Kenya,KEN,Rule of Law - Governance score (0-100),GOV_WGI_RL_SC,..,..,..,..,..,..,41.8843996,..,38.1020102,..,40.5822326,..,40.4030055,41.2663236,44.4093853,44.2625453,43.6579866,42.1203635,41.261083,40.5150506,41.8724071,42.0478789,43.429425,44.2177716,47.4839243,45.9092551,46.4237862,47.5983445,48.1747412,47.3437741,47.0094475,49.2953078,49.6576378,49.606121,48.969788,..
Kiribati,KIR,Government Effectiveness - Governance score (0-100),GOV_WGI_GE_SC,..,..,..,..,..,..,..,..,..,..,..,..,..,..,46.842155,42.55589,41.9109707,41.2000974,40.8618084,39.1353194,38.3573719,39.0536584,38.0226781,38.0270122,43.3302617,43.2979438,43.3091785,43.3128262,43.3328536,46.0218663,46.3405363,46.3805287,46.3745069,43.4079036,42.8957403,..
Kiribati,KIR,Regulatory Quality - Governance score (0-100),GOV_WGI_RQ_SC,..,..,..,..,..,..,..,..,..,..,..,..,..,..,47.5734274,39.7124119,39.6856983,39.0496337,37.8916014,37.3574139,36.3912031,36.4169862,36.2540879,36.244961,44.3432133,44.401331,44.1608704,44.1752493,44.1811604,46.8991928,46.1996341,46.1870422,46.444886,45.4038713,46.9544291,..
Kiribati,KIR,Rule of Law - Governance score (0-100),GOV_WGI_RL_SC,..,..,..,..,..,..,72.5207113,..,72.1425904,..,71.8939267,..,72.2064542,72.0734774,66.5640283,72.1722255,72.6588943,71.6850869,64.0878057,62.9317903,63.0786492,63.1425354,63.1122583,63.4130842,62.5447681,62.568999,62.5729919,63.5596849,61.8794178,67.0075241,76.913628,75.3726952,70.2521289,69.6085536,70.4924953,..
"Korea, Dem. People's Rep.",PRK,Government Effectiveness - Governance score (0-100),GOV_WGI_GE_SC,..,..,..,..,..,..,12.8091468,..,5.2313922,..,5.2714819,..,3.6011881,3.471127,14.7712273,14.1147369,14.0946901,14.1250053,13.7105832,17.4373602,23.2825962,23.1444795,16.2472345,16.2498284,22.9426739,22.9233388,22.9300606,22.9322422,22.5258797,26.9744984,26.9411442,22.5239975,25.3819029,26.6321106,26.6210975,..
"Korea, Dem. People's Rep.",PRK,Regulatory Quality - Governance score (0-100),GOV_WGI_RQ_SC,..,..,..,..,..,..,17.1737696,..,23.862724,..,25.465195,..,21.3263563,20.3635962,20.342013,22.3000901,23.3815222,22.7791328,22.7688293,19.0720304,25.9329958,25.8827087,16.5951194,16.5889969,22.3494121,21.6649829,21.6741003,21.6837477,22.8970005,22.9077551,24.179124,24.1717587,24.1521296,25.2994453,25.3046262,..
"Korea, Dem. People's Rep.",PRK,Rule of Law - Governance score (0-100),GOV_WGI_RL_SC,..,..,..,..,..,..,39.6685714,..,39.6053686,..,39.563803,..,32.3604455,33.5067111,33.0266116,33.3248112,31.9231233,31.9368161,31.2898985,31.156815,34.3819149,34.3774918,30.7766254,30.1248698,26.8311216,26.845675,26.8480741,26.4498012,27.4642724,27.4713563,28.0814121,28.0480784,31.391717,30.7076587,30.7069238,..
"Korea, Rep.",KOR,Government Effectiveness - Governance score (0-100),GOV_WGI_GE_SC,..,..,..,..,..,..,64.8696413,..,57.4999882,..,64.152293,..,71.1569896,70.0326022,68.1376522,71.1935093,69.3855966,73.6257171,69.5969492,71.281196,76.0784285,77.0671142,77.2653285,75.1378455,74.408685,74.6415719,74.4078722,74.3374479,78.2996628,82.9882538,82.2854536,82.9600367,80.2050057,80.420774,80.2483639,..
"Korea, Rep.",KOR,Regulatory Quality - Governance score (0-100),GOV_WGI_RQ_SC,..,..,..,..,..,..,58.1774635,..,56.7105147,..,62.1256194,..,65.7323667,64.1658593,67.5726359,68.6734811,67.2510062,70.3475591,65.6543801,66.7142164,67.51989,69.5499605,69.5122447,70.9195396,70.5357957,70.5731613,70.2540535,69.9923819,69.9547702,69.246572,69.1882871,70.4449476,70.9067427,70.6287777,70.8498709,..
"Korea, Rep.",KOR,Rule of Law - Governance score (0-100),GOV_WGI_RL_SC,..,..,..,..,..,..,70.4775289,..,68.7931191,..,70.9205599,..,70.6160871,70.4690319,72.0320839,72.7234499,71.4799284,74.6619086,72.3526161,72.9196588,72.4554569,72.6297944,74.5012278,74.0544465,75.3908353,74.357169,74.6586661,74.3794466,76.0698578,76.0778177,76.7221314,77.0695225,77.0360701,77.3500467,76.19689,..
Kosovo,XKX,Government Effectiveness - Governance score (0-100),GOV_WGI_GE_SC,..,..,..,..,..,..,..,..,..,..,..,..,..,..,..,..,42.2575487,42.5879785,44.1529848,44.3930135,37.4951755,39.2356777,41.6120598,40.6814728,45.6998655,44.7340616,44.5699599,44.6529198,44.9839775,44.9902521,44.1150398,48.2693811,50.8782494,51.5204679,50.1486573,..
Kosovo,XKX,Regulatory Quality - Governance score (0-100),GOV_WGI_RQ_SC,..,..,..,..,..,..,..,..,..,..,..,..,..,..,..,..,..,..,49.0241268,51.9321228,49.4820389,48.5719822,51.3994179,52.0510393,51.4976722,49.6345265,50.8514541,51.5487086,49.1326089,48.9468074,48.712709,48.9650155,47.4717238,48.7121618,51.3465962,..
Kosovo,XKX,Rule of Law - Governance score (0-100),GOV_WGI_RL_SC,..,..,..,..,..,..,..,..,..,..,47.6058019,..,58.2107687,68.5419547,67.1259389,55.7901763,57.8832714,57.9489526,56.0734145,52.0499583,51.8259644,52.4894938,51.047989,49.7359689,51.3299055,52.1124297,52.798975,52.1649602,52.6543465,50.8934145,52.1719305,54.8309704,54.3964501,56.2116888,57.8620111,..
Kuwait,KWT,Government Effectiveness - Governance score (0-100),GOV_WGI_GE_SC,..,..,..,..,..,..,51.2867936,..,45.3679406,..,45.3962005,..,50.7142158,54.4104326,53.8217338,53.1057564,50.6809704,49.7692539,49.4146533,53.4075431,53.848201,51.9908868,51.8888854,51.6614604,54.0802401,55.9637415,51.2857028,51.1983719,53.8322783,49.1573876,49.1596372,51.9172115,57.8274003,57.3510373,57.7161007,..
Kuwait,KWT,Regulatory Quality - Governance score (0-100),GOV_WGI_RQ_SC,..,..,..,..,..,..,53.0305912,..,46.9176501,..,48.2616906,..,57.2104325,58.0394462,59.7492953,61.3387154,59.3721943,59.9967725,60.7490772,60.9049682,61.9364018,59.3690826,57.2397468,56.7460541,53.8367206,54.4608698,54.0923611,54.3801596,55.1557034,56.5339237,57.0016031,57.4519876,58.7492469,59.9489567,61.2267699,..
Kuwait,KWT,Rule of Law - Governance score (0-100),GOV_WGI_RL_SC,..,..,..,..,..,..,70.5085098,..,68.5828903,..,68.5538524,..,67.2653043,65.2349955,65.6078705,65.3105229,62.8735235,64.247256,63.7226651,62.4327384,62.7839091,62.2490142,62.5974414,61.9901101,57.2360337,56.9659255,55.7792612,56.0331346,56.6589588,58.1044823,59.4927045,59.0213653,60.8141699,60.2529478,60.9374037,..
Kyrgyz Republic,KGZ,Government Effectiveness - Governance score (0-100),GOV_WGI_GE_SC,..,..,..,..,..,..,46.0244582,..,45.8469829,..,44.4693177,..,39.6164325,39.4391866,40.5248824,36.0929622,34.3432259,36.9023117,32.6478299,31.8621009,36.3737824,34.4286377,33.9830877,34.5690935,34.6294555,33.9397431,33.9067407,37.4590582,40.8044874,38.3049139,39.9413965,34.9636982,31.9268067,31.8166933,34.0644026,..
Kyrgyz Republic,KGZ,Regulatory Quality - Governance score (0-100),GOV_WGI_RQ_SC,..,..,..,..,..,..,44.1928281,..,46.2808837,..,46.0815377,..,52.230414,55.1739825,50.2288883,46.546853,45.7721592,47.2741978,47.1145405,45.8686945,47.4095544,48.3133988,46.9893202,47.9693121,46.3233025,46.035769,48.7018205,50.2306373,49.3391089,48.2200351,47.2196823,46.7840457,46.5666966,46.4365303,46.712967,..
Kyrgyz Republic,KGZ,Rule of Law - Governance score (0-100),GOV_WGI_RL_SC,..,..,..,..,..,..,42.394098,..,42.9032009,..,41.3015849,..,45.0085191,44.9287837,46.0945438,39.0458193,36.6253026,38.2873712,36.0088255,35.9953254,36.8718769,39.8347907,40.8796043,40.6705046,42.8637385,42.5423166,43.1825444,44.6846395,45.0519262,44.2554734,44.4091426,41.831993,41.0186736,40.203215,40.8538794,..
Lao PDR,LAO,Government Effectiveness - Governance score (0-100),GOV_WGI_GE_SC,..,..,..,..,..,..,35.9853648,..,35.8078895,..,35.8692743,..,28.9745239,21.5735097,31.6481953,25.8630044,33.4094813,34.3579606,34.3185476,34.076242,34.6136495,34.9637488,35.0534401,37.6172139,45.970466,44.4577174,46.2407632,46.802184,38.7184124,36.6184038,36.4473703,36.8903673,37.5273689,36.6901055,40.025976,..
Lao PDR,LAO,Regulatory Quality - Governance score (0-100),GOV_WGI_RQ_SC,..,..,..,..,..,..,32.9296349,..,33.2819353,..,31.3522626,..,33.0711534,31.9331272,34.1123085,35.5215417,36.1490093,36.3136992,38.7087787,38.7499389,39.9046119,40.2369962,41.499112,42.1066886,43.1023069,43.8329116,44.3694664,44.0489139,42.3607158,43.4969157,42.6288804,43.1593285,41.9482001,42.7186671,44.8317236,..
Lao PDR,LAO,Rule of Law - Governance score (0-100),GOV_WGI_RL_SC,..,..,..,..,..,..,35.9087504,..,35.8322919,..,34.13084,..,30.5066394,29.1259279,32.7017269,36.943525,38.054099,38.9045091,39.3087662,39.2317001,40.6756953,40.4811283,41.5181369,42.2727987,43.5441826,43.6883842,44.0281854,42.8142112,42.1980216,40.7135795,41.9018788,43.9264409,42.5113063,42.4266073,44.1871968,..
Latvia,LVA,Government Effectiveness - Governance score (0-100),GOV_WGI_GE_SC,..,..,..,..,..,..,43.2139981,..,49.9896111,..,50.7053746,..,58.1569375,59.9126586,59.4994343,59.1580498,59.6438178,57.3152623,57.9579416,59.6535379,62.2370357,62.4202431,63.1971542,65.060776,68.3450712,66.1498453,64.7237353,64.3896637,66.8588792,67.4626841,66.8280255,68.4428785,65.4871192,63.7345266,65.7908892,..
Latvia,LVA,Regulatory Quality - Governance score (0-100),GOV_WGI_RQ_SC,..,..,..,..,..,..,63.8814564,..,62.705943,..,61.8270033,..,68.5902948,72.0626506,69.4643248,70.1817368,71.5337655,71.083176,70.894523,70.5513905,70.6324824,71.0675481,69.5293835,69.841656,70.9172906,70.727338,70.4109065,70.5790204,70.9122043,70.6816435,70.3285876,72.2555429,69.9885637,70.594866,72.2084716,..
Latvia,LVA,Rule of Law - Governance score (0-100),GOV_WGI_RL_SC,..,..,..,..,..,..,58.047675,..,59.9805901,..,59.5421457,..,60.7387182,64.5803846,63.0098271,65.6857816,66.7540397,68.1201547,68.1081451,66.8111362,67.969148,66.4800401,66.8158571,66.6760528,68.571607,68.3681902,68.0757804,67.8476422,67.5535044,71.2277193,72.8492154,73.899724,74.3265529,75.4267729,75.748188,..
Lebanon,LBN,Government Effectiveness - Governance score (0-100),GOV_WGI_GE_SC,..,..,..,..,..,..,46.0268926,..,51.2050898,..,51.2333497,..,45.7469551,45.6647166,48.2847886,48.1343929,47.3714077,46.1490418,45.5161487,45.0903616,46.604833,46.2950042,46.2831045,45.0070557,46.1564695,45.8438018,46.5587818,47.0247091,41.624502,39.2409451,32.8837928,30.7937803,31.0782366,28.6719925,29.3664046,..
Lebanon,LBN,Regulatory Quality - Governance score (0-100),GOV_WGI_RQ_SC,..,..,..,..,..,..,47.7326682,..,45.5198811,..,46.86392,..,48.1535191,49.4105392,50.942247,51.1064953,51.1879105,50.741983,51.6372193,52.7390975,55.053645,50.4381545,49.1526166,50.3070136,47.8945903,49.1455683,48.306893,49.2262754,47.442952,46.0123721,43.5775187,41.902832,39.9852449,40.4704085,39.7399015,..
Lebanon,LBN,Rule of Law - Governance score (0-100),GOV_WGI_RL_SC,..,..,..,..,..,..,52.9708101,..,50.5630688,..,54.5079582,..,49.967606,48.1728395,52.2572681,50.9688748,48.5636274,46.7277978,48.3805554,45.8678719,45.7097796,48.7154568,48.0219687,46.3513378,45.0070958,43.0507104,42.3086727,42.8291536,43.6825773,42.1558502,41.1579805,39.7051648,39.1975541,38.6094179,38.2850305,..
Lesotho,LSO,Government Effectiveness - Governance score (0-100),GOV_WGI_GE_SC,..,..,..,..,..,..,56.0635515,..,55.8860743,..,55.947461,..,56.5645287,56.323662,43.4494322,46.535482,42.0259102,41.2288045,41.9305761,44.85841,44.4932591,44.0414812,42.7256752,42.547078,41.6414591,40.2583593,39.2668932,39.031953,39.0551361,38.2270795,37.5628193,37.4651208,36.7977885,36.7512861,38.7584729,..
Lesotho,LSO,Regulatory Quality - Governance score (0-100),GOV_WGI_RQ_SC,..,..,..,..,..,..,45.6501531,..,46.0024519,..,48.9881459,..,49.1322635,46.2434077,43.3044681,44.9170848,44.739139,44.0147656,46.5161082,46.5350055,45.7217616,45.4394926,46.7516275,48.6655525,47.8737546,48.0087233,47.8989132,48.2880273,46.7109104,46.1748162,43.6446308,44.5698376,45.7363817,45.9612585,47.215987,..
Lesotho,LSO,Rule of Law - Governance score (0-100),GOV_WGI_RL_SC,..,..,..,..,..,..,58.6724958,..,58.5036622,..,60.158091,..,60.3447325,60.3455345,52.8363239,55.9825403,54.5104761,53.7773071,53.8528569,53.883368,52.5213612,52.60247,53.5318101,53.5484632,54.3833527,54.7299814,53.7445844,52.6675317,51.1611184,51.0859937,50.6100626,50.0504256,48.961057,49.3532166,49.9670708,..
Liberia,LBR,Government Effectiveness - Governance score (0-100),GOV_WGI_GE_SC,..,..,..,..,..,..,11.9037321,..,11.7878244,..,11.827914,..,19.275874,19.1458129,19.0424874,19.0301054,25.926703,25.5469088,27.7054322,29.8616126,31.4440409,31.938409,34.1994413,29.5010874,29.6599879,27.955667,28.8306674,28.8259308,28.051983,26.3310919,24.5966387,25.5339571,25.4488817,27.7099257,27.1075325,..
Liberia,LBR,Regulatory Quality - Governance score (0-100),GOV_WGI_RQ_SC,..,..,..,..,..,..,16.9007995,..,19.9442483,..,20.0358409,..,22.7272606,21.6185581,26.606486,28.5645962,33.9033798,33.9224506,35.3162325,37.093219,38.1813082,36.2952261,38.151005,38.2649236,41.8272159,42.4035793,41.2178445,41.2966227,41.2373742,40.113916,39.7193435,39.9473682,39.6123296,40.5889165,41.5860693,..
Liberia,LBR,Rule of Law - Governance score (0-100),GOV_WGI_RL_SC,..,..,..,..,..,..,19.8472832,..,23.9491566,..,23.8986312,..,24.42316,26.0739746,30.9826169,35.5469126,42.6810968,40.459966,41.357413,40.5434397,41.5722938,41.5245427,42.6182364,42.3555804,43.6556632,43.3253106,43.0545295,43.3378435,42.6621031,41.9799431,42.243389,42.4569635,42.1850809,41.4794541,42.0257511,..
Libya,LBY,Government Effectiveness - Governance score (0-100),GOV_WGI_GE_SC,..,..,..,..,..,..,30.3691579,..,25.0275512,..,25.0558111,..,22.9618243,22.864299,27.4925085,25.1598153,25.5038694,23.7545123,26.0345259,26.1990223,26.4111877,26.4027567,24.1596226,24.6470959,20.8851563,19.2556541,18.9329553,21.616129,21.172047,21.1293557,19.5931557,22.9726916,20.9355533,23.190418,23.7399254,..
Libya,LBY,Regulatory Quality - Governance score (0-100),GOV_WGI_RQ_SC,..,..,..,..,..,..,27.6394825,..,26.5010209,..,30.6708899,..,28.1932928,28.1936098,33.0821587,33.5132658,34.696452,36.8274895,39.4766229,36.6101057,35.1597674,32.0070084,33.6144442,30.0227807,24.1701832,22.9864024,21.6812779,23.6671553,22.3305226,22.6625726,23.4844244,24.8684407,24.8486681,26.1306575,27.4345991,..
Libya,LBY,Rule of Law - Governance score (0-100),GOV_WGI_RL_SC,..,..,..,..,..,..,35.1803969,..,35.1430944,..,36.6081315,..,33.2114838,35.8845298,37.5221558,36.8386396,37.3178423,38.5510305,39.5108388,36.6684997,36.4181201,36.4769205,39.1000916,32.9585588,29.5074101,26.7675143,27.7742303,29.260199,29.9700424,29.0596443,28.8515893,30.0679248,26.9631879,28.2491183,27.7407193,..
Liechtenstein,LIE,Government Effectiveness - Governance score (0-100),GOV_WGI_GE_SC,..,..,..,..,..,..,76.1417363,..,75.964261,..,76.0256458,..,76.0305301,75.7806317,77.6692702,75.6467849,85.6285923,85.7152232,85.7827951,84.6480751,84.6753609,84.6593079,84.6633523,84.6678672,84.850464,84.8167947,84.8284981,84.8322994,84.8531648,84.8735032,84.8154181,80.7714353,80.8446109,84.2785979,84.262401,..
Liechtenstein,LIE,Regulatory Quality - Governance score (0-100),GOV_WGI_RQ_SC,..,..,..,..,..,..,80.0155046,..,80.5026601,..,80.6352741,..,83.6355014,83.6367962,75.4130839,83.6143235,80.7536449,80.857648,80.8115229,81.8684399,81.8695313,81.8772829,82.3360105,82.7145151,79.4171605,79.4851732,79.5010755,80.9728188,80.9797361,80.9984931,80.9665559,79.498795,79.0753718,79.0790197,79.0872808,..
Liechtenstein,LIE,Rule of Law - Governance score (0-100),GOV_WGI_RL_SC,..,..,..,..,..,..,80.5407252,..,80.3859545,..,80.2841704,..,80.4120941,76.9965526,68.1994599,75.7785236,78.2797327,83.2281455,83.1806405,85.8186696,85.8112363,85.3696183,84.3257564,84.2719282,85.4082838,85.4322583,84.9313839,84.9217132,85.0525747,85.0512512,85.0993483,85.0589066,86.7040863,86.6979421,86.696949,..
Lithuania,LTU,Government Effectiveness - Governance score (0-100),GOV_WGI_GE_SC,..,..,..,..,..,..,50.9406025,..,49.9896111,..,49.9965642,..,61.6884363,65.8862407,62.809071,64.0806321,62.0345145,60.3695406,57.0876642,61.7728797,62.5650427,62.6075784,65.0568113,65.1204866,66.7899366,68.4405239,67.7749803,66.0837298,68.0850852,67.8873629,69.9897592,70.3703584,69.679071,69.7124583,74.7023169,..
Lithuania,LTU,Regulatory Quality - Governance score (0-100),GOV_WGI_RQ_SC,..,..,..,..,..,..,64.5128069,..,63.6270902,..,60.6642743,..,69.6264582,73.4104257,71.2523118,71.8561002,72.5408511,71.8637383,70.8532097,69.7595784,69.6708973,69.2748438,70.6802729,70.8791332,70.7978978,73.6232894,71.8786754,71.8329698,71.6369926,70.2497084,68.9997445,73.3293086,73.5563003,73.9915679,75.2330168,..
Lithuania,LTU,Rule of Law - Governance score (0-100),GOV_WGI_RL_SC,..,..,..,..,..,..,63.9396611,..,64.170319,..,59.8862944,..,61.2326206,63.4252642,63.187846,65.8780872,67.1292244,67.407179,65.8358383,66.0745663,67.2609844,66.3733338,67.0314142,67.0668425,69.7114959,71.5790173,72.487276,71.7506562,69.856873,75.1713472,76.586258,77.8021959,78.1051508,79.8357352,80.616275,..
Luxembourg,LUX,Government Effectiveness - Governance score (0-100),GOV_WGI_GE_SC,..,..,..,..,..,..,86.6218784,..,87.1449284,..,89.7701997,..,94.4504375,90.7774719,88.5276762,85.2171257,87.2127822,86.5902799,86.9453938,88.3429036,87.3191993,89.2339083,88.3510448,87.024776,86.9661503,88.275779,88.1416813,89.1473708,89.1039445,89.8818589,89.8868696,89.2797243,89.5582268,93.0595368,91.0007125,..
Luxembourg,LUX,Regulatory Quality - Governance score (0-100),GOV_WGI_RQ_SC,..,..,..,..,..,..,76.2166409,..,75.5825651,..,84.8645619,..,90.503504,87.9821475,85.3398762,84.5985453,82.522692,82.9252512,81.6350055,81.7570668,82.0021453,83.8666016,82.4953744,82.855264,79.8651414,81.2300601,81.9918812,80.7165679,82.2170892,82.2048932,83.2642169,84.1266802,84.3104046,83.8412822,83.8609523,..
Luxembourg,LUX,Rule of Law - Governance score (0-100),GOV_WGI_RL_SC,..,..,..,..,..,..,86.3222066,..,86.3496267,..,89.3010954,..,88.0796242,87.0604408,85.9065406,83.7581009,85.1883724,86.5992903,86.1949507,86.1754131,86.8832549,87.2281729,87.5697089,87.3277781,87.0968449,88.1868624,87.9331491,87.9275418,89.0013555,88.6868729,87.8896077,86.7966523,87.0446706,86.7160753,87.2859802,..
"Macao SAR, China",MAC,Government Effectiveness - Governance score (0-100),GOV_WGI_GE_SC,..,..,..,..,..,..,56.0635515,..,55.8860743,..,55.947461,..,65.9914368,75.7806317,76.8580307,75.6467849,65.5504056,65.6370384,65.7046083,72.4127136,72.4399994,72.4239464,64.7013844,64.7059012,77.1238596,77.0901903,73.0234405,77.105695,73.0481072,73.0684456,73.0103605,73.0448309,73.0396413,73.057907,73.0385835,..
"Macao SAR, China",MAC,Regulatory Quality - Governance score (0-100),GOV_WGI_RQ_SC,..,..,..,..,..,..,60.4089208,..,60.8960763,..,63.8296268,..,66.8298541,75.2339726,71.1126464,75.2114999,75.1517656,72.4548243,73.1253415,77.0868448,77.4769604,77.483556,77.4114963,77.4008159,81.7417638,81.8097749,80.3707621,80.3875887,78.939594,78.9583526,77.4714987,77.4586529,77.4244163,77.4280642,76.4915715,..
"Macao SAR, China",MAC,Rule of Law - Governance score (0-100),GOV_WGI_RL_SC,..,..,..,..,..,..,57.6846823,..,57.4824944,..,57.3495297,..,66.2982779,75.0088076,73.7986714,70.5375288,66.1014218,61.7998854,64.8262791,69.2543866,69.2474988,69.3060703,67.3938424,67.3439623,71.5631645,72.5303355,72.5339979,72.5250363,73.4788294,72.5641029,71.712865,70.4137959,70.3856048,70.377934,71.6299128,..
Madagascar,MDG,Government Effectiveness - Governance score (0-100),GOV_WGI_GE_SC,..,..,..,..,..,..,32.4784433,..,32.3625355,..,32.4026252,..,41.4635074,34.2666476,38.2021347,40.3254587,39.9797498,42.5569769,41.2979513,40.8610773,38.5761288,36.9150359,33.6671671,33.2273375,32.0469688,31.9055311,35.093734,35.3968099,34.0798431,34.4679496,33.7064168,32.9487125,33.4865068,32.7748557,34.5565404,..
Madagascar,MDG,Regulatory Quality - Governance score (0-100),GOV_WGI_RQ_SC,..,..,..,..,..,..,35.3097221,..,41.9986749,..,46.43677,..,49.4361693,48.8369579,46.260127,47.685171,48.1928089,48.9467427,48.0369967,45.8604949,43.1448046,43.1472397,42.9812439,41.0577378,40.7715701,41.0146834,42.2488365,42.3403233,40.8233981,41.4643155,41.1240676,41.157451,41.7518806,41.4563036,43.0564862,..
Madagascar,MDG,Rule of Law - Governance score (0-100),GOV_WGI_RL_SC,..,..,..,..,..,..,51.6765187,..,50.5900948,..,52.0203507,..,51.2858461,48.2468093,51.0812986,51.9958461,51.6658343,51.6835217,50.9001783,44.7311979,42.3199526,42.1501862,42.7245659,39.4195618,41.2195329,43.4140576,44.1577717,43.3691101,43.3272331,42.5157673,42.187005,41.5929019,40.3232666,40.5214048,41.7727107,..
Malawi,MWI,Government Effectiveness - Governance score (0-100),GOV_WGI_GE_SC,..,..,..,..,..,..,34.352594,..,39.5307932,..,39.5590532,..,31.8862834,29.3079169,32.3202156,33.0169474,34.586144,35.6990594,38.6006458,40.609423,40.7885433,39.9852505,40.1363072,40.2491487,40.7874505,39.9559445,39.499992,40.0975086,39.0186183,38.0011614,36.788255,38.1231395,36.1458285,36.3969461,37.2287788,..
Malawi,MWI,Regulatory Quality - Governance score (0-100),GOV_WGI_RQ_SC,..,..,..,..,..,..,45.8104932,..,52.472346,..,52.5163341,..,42.8217775,43.8048764,43.6590854,45.8339532,46.0326132,46.8034477,46.5338573,45.9264904,48.6839499,47.2734124,43.3885661,42.8198786,43.4664169,43.0381235,43.1684601,44.0624962,44.2673055,44.4046146,43.2955825,43.9038089,44.2995044,43.7205008,45.6372095,..
Malawi,MWI,Rule of Law - Governance score (0-100),GOV_WGI_RL_SC,..,..,..,..,..,..,51.4063864,..,49.8705032,..,49.8459711,..,49.0102142,50.6123792,52.0062723,53.996401,53.1641654,54.139601,55.2373719,54.8599481,54.6803355,53.6817377,51.8215309,52.8966457,51.6359995,51.4563043,51.0530283,52.4832188,51.9282838,51.718876,52.4438046,52.7402813,53.2566127,54.652356,54.4467828,..
Malaysia,MYS,Government Effectiveness - Governance score (0-100),GOV_WGI_GE_SC,..,..,..,..,..,..,66.3728662,..,65.5531569,..,68.3473792,..,69.2235073,69.5250763,67.7049022,66.4832558,67.3957364,68.6942469,66.5275006,65.070113,70.0195183,68.8710281,68.3782913,68.2768986,69.2141509,67.6059224,66.4538797,66.1388399,68.0473561,67.2315239,68.2086053,66.9664999,66.618172,65.8744129,69.1273333,..
Malaysia,MYS,Regulatory Quality - Governance score (0-100),GOV_WGI_RQ_SC,..,..,..,..,..,..,62.1235833,..,61.0412128,..,61.3250463,..,63.8142339,66.1639122,63.9360397,63.6923176,65.5696971,66.2372004,64.529277,62.8397541,65.1696881,63.1404583,66.7689843,68.1848005,68.7857468,66.8868094,66.36164,66.9472518,66.6588099,66.7821061,64.9178769,66.3694753,65.2051438,64.1428062,65.5948635,..
Malaysia,MYS,Rule of Law - Governance score (0-100),GOV_WGI_RL_SC,..,..,..,..,..,..,65.6450456,..,60.4395204,..,56.5092911,..,60.8068897,62.8336841,63.3520929,61.7360922,63.5650771,62.1031535,60.7427592,60.6074177,60.8464795,59.3503583,61.0822438,60.2651312,61.1309466,58.9296701,58.663424,59.2131717,61.8937766,62.7978859,62.9879505,62.1560402,62.0469295,62.1569094,62.9047385,..
Maldives,MDV,Government Effectiveness - Governance score (0-100),GOV_WGI_GE_SC,..,..,..,..,..,..,66.1026449,..,65.9251677,..,65.9865524,..,65.9914368,65.7415403,55.0028627,51.0200061,50.9865001,51.0371693,48.9276331,48.2904487,51.2285024,49.4525575,50.5952398,49.4607726,47.9981584,46.8270354,50.0486178,45.3213157,45.3455235,51.477378,49.4290244,54.2007347,47.038773,47.0560879,47.0377697,..
Maldives,MDV,Regulatory Quality - Governance score (0-100),GOV_WGI_RQ_SC,..,..,..,..,..,..,68.8117444,..,69.2988999,..,69.4315124,..,69.6307985,66.8311489,51.1984994,56.5740021,56.5512123,55.2311097,50.5183837,50.4006406,52.1334087,50.9979816,50.8578841,50.5161852,50.7148893,50.0148811,51.2605521,51.2770443,51.283826,51.3022107,49.3515888,50.7650566,49.30544,49.3090154,51.1509754,..
Maldives,MDV,Rule of Law - Governance score (0-100),GOV_WGI_RL_SC,..,..,..,..,..,..,55.5934424,..,50.1277378,..,55.3831311,..,50.0265389,50.0279054,44.3065548,54.5837989,55.3271602,53.962983,53.0963088,54.5050152,53.4622978,48.6715919,47.8249268,43.6379809,47.3046903,45.7666403,46.2312381,45.2351755,46.1911096,48.6393597,51.6038913,54.6364034,58.78831,58.627075,57.7279913,..
Mali,MLI,Government Effectiveness - Governance score (0-100),GOV_WGI_GE_SC,..,..,..,..,..,..,25.0165964,..,24.9006887,..,24.9407784,..,35.5754654,30.4245578,31.8921847,34.082258,33.514271,34.5407888,35.1261024,35.6915559,33.3657731,35.3537589,33.6446198,34.75555,30.9247572,33.0954079,33.2650453,34.3855283,32.304991,30.0408787,29.5164054,28.3756073,27.8906754,27.5043888,26.3132851,..
Mali,MLI,Regulatory Quality - Governance score (0-100),GOV_WGI_RQ_SC,..,..,..,..,..,..,40.9390831,..,47.6280359,..,49.2305116,..,46.6789276,46.8716307,47.1379359,48.4700689,48.3816717,49.7077106,49.3185966,48.6844798,46.7005502,47.4398056,46.5682579,44.914675,44.6400283,46.8026875,46.0076297,45.9465801,45.1636568,44.5173834,43.35893,44.300427,43.6526916,43.1271705,42.8404382,..
Mali,MLI,Rule of Law - Governance score (0-100),GOV_WGI_RL_SC,..,..,..,..,..,..,52.5775644,..,52.4074573,..,52.4040736,..,51.4196989,53.8883574,50.7028679,52.841864,52.353204,54.6394514,50.623129,51.6374779,49.7615268,49.0115153,44.061316,42.8154642,44.8517382,44.0189725,43.9114228,43.9786117,44.029953,43.0466435,42.6178956,41.7730257,39.3858925,39.1233759,38.1301841,..
Malta,MLT,Government Effectiveness - Governance score (0-100),GOV_WGI_GE_SC,..,..,..,..,..,..,70.8023579,..,66.9555257,..,66.9956154,..,66.9988042,65.1732752,64.6752166,67.3443361,69.4564,71.1183174,73.5107582,70.5809955,70.5465212,70.556636,72.1816272,74.4396885,72.0387467,70.9586197,72.9304475,71.0115775,71.0561918,70.662952,72.2978247,71.2261967,69.0907066,66.1378522,63.4443032,..
Malta,MLT,Regulatory Quality - Governance score (0-100),GOV_WGI_RQ_SC,..,..,..,..,..,..,62.0513423,..,68.7402967,..,69.7318554,..,72.3985582,74.2345108,72.4840551,72.8209263,75.2568474,75.6906719,76.2761764,75.6822358,75.9553526,74.0436483,74.3025314,73.9212873,68.6348396,70.5022862,71.6693303,74.6820596,74.5172246,67.9086729,72.0560912,66.2346186,63.7587752,63.200202,62.6165553,..
Malta,MLT,Rule of Law - Governance score (0-100),GOV_WGI_RL_SC,..,..,..,..,..,..,73.5977468,..,78.706047,..,80.6365079,..,82.2884876,82.5134659,78.6903027,83.1528435,82.922542,83.8683906,84.1672235,81.0539363,81.2235185,77.9703514,78.5183402,77.806595,74.6806236,75.7564164,74.8938728,76.1093925,75.1838749,74.4951369,73.2081911,71.8802442,71.668871,70.6304873,69.4799896,..
Marshall Islands,MHL,Government Effectiveness - Governance score (0-100),GOV_WGI_GE_SC,..,..,..,..,..,..,..,..,..,..,..,..,..,..,..,39.4668224,34.4075215,32.3852753,32.6827008,32.5367831,36.2885787,27.3344306,27.3419185,27.9665498,28.3047183,45.1816241,45.1952038,45.1996137,44.8377585,44.8613558,47.1609864,47.2009789,48.1121995,48.1295144,45.6833556,..
Marshall Islands,MHL,Regulatory Quality - Governance score (0-100),GOV_WGI_RQ_SC,..,..,..,..,..,..,..,..,..,..,..,..,..,..,..,45.4134177,40.8916,41.1881217,41.0566133,37.5400675,38.2012906,38.2447945,38.144135,37.7139174,37.6806744,42.0173199,42.3768641,42.396181,42.267789,42.2893233,40.7874298,40.772682,40.3920908,40.3962797,44.0188015,..
Marshall Islands,MHL,Rule of Law - Governance score (0-100),GOV_WGI_RL_SC,..,..,..,..,..,..,56.6096037,..,56.2314828,..,71.8939267,..,72.2064542,72.0734774,71.9668881,77.7692719,76.3558807,77.8125516,77.731355,72.4531094,74.5095784,67.7869108,67.7413919,68.3039943,68.3553665,68.7863088,68.7919642,68.7781234,66.9616025,71.5566641,70.4896779,70.4364624,71.3572471,71.3493869,71.3481185,..
Mauritania,MRT,Government Effectiveness - Governance score (0-100),GOV_WGI_GE_SC,..,..,..,..,..,..,46.0244582,..,45.8469829,..,45.9083676,..,45.913252,45.6633535,40.0786499,38.1680766,34.781638,36.42003,33.1662774,36.4988833,41.3195206,41.5159207,38.6936523,35.186725,34.8978977,33.2308783,33.9295544,35.3834265,35.117094,35.3171652,33.8252956,34.8463049,34.2890452,35.4205374,36.9276512,..
Mauritania,MRT,Regulatory Quality - Governance score (0-100),GOV_WGI_RQ_SC,..,..,..,..,..,..,44.785936,..,45.1382348,..,48.1239288,..,58.9629938,56.9383566,48.5749898,49.6075779,45.8412349,47.3598807,44.1553063,44.6392303,46.8567204,47.2590556,44.1563157,41.6326423,41.7288433,41.9011855,44.0638415,43.7032974,42.8482419,42.853978,41.0897774,39.5660863,39.5934434,41.2773469,42.590242,..
Mauritania,MRT,Rule of Law - Governance score (0-100),GOV_WGI_RL_SC,..,..,..,..,..,..,47.3473969,..,47.2709384,..,47.3130306,..,47.3762266,45.7074045,41.644293,43.3341793,44.1685404,46.6398064,38.4102935,40.841906,41.4838772,40.5472845,39.9386401,38.5510822,39.9317334,40.1977816,41.2077177,43.0773595,42.7837982,43.5035102,44.8109041,41.9211203,42.357255,42.2667439,42.1030977,..
Mauritius,MUS,Government Effectiveness - Governance score (0-100),GOV_WGI_GE_SC,..,..,..,..,..,..,60.5412585,..,60.3241233,..,59.3953446,..,62.5866547,62.7796716,62.4553026,63.1583711,63.2096878,63.2214864,67.4865633,66.822305,65.5996417,65.8607943,70.5816974,69.3503873,71.8078568,71.9363001,72.739377,71.3453769,69.4936139,68.0541381,67.5162388,65.7050011,65.5727176,67.3580344,66.2220234,..
Mauritius,MUS,Regulatory Quality - Governance score (0-100),GOV_WGI_RQ_SC,..,..,..,..,..,..,57.3111109,..,59.1398781,..,60.7412072,..,59.0743778,62.293697,62.3680387,62.1002763,63.9235882,65.3789591,68.5746779,68.1105818,67.6203618,66.7624959,70.1416474,70.0292161,72.7993746,70.832035,71.6273546,71.6858871,71.2777086,70.0043067,70.5906282,69.6623397,69.0073274,69.7560661,69.6879982,..
Mauritius,MUS,Rule of Law - Governance score (0-100),GOV_WGI_RL_SC,..,..,..,..,..,..,70.8260508,..,74.0946714,..,73.3783017,..,73.4815625,72.5051907,71.8590527,73.1210103,71.88011,72.2240538,73.1882077,72.6347012,71.3781925,72.1761891,74.6718943,73.0221124,73.4862696,72.1727487,73.5216755,72.9064754,72.9145748,72.333803,73.3963746,69.3785187,68.734045,68.3812721,67.9557065,..
Mexico,MEX,Government Effectiveness - Governance score (0-100),GOV_WGI_GE_SC,..,..,..,..,..,..,43.2983677,..,52.07261,..,51.6959152,..,45.2130767,46.0847346,46.6085662,48.807541,49.685491,48.2335983,51.4690774,53.3610427,49.9711645,53.2634999,55.1941472,55.6731428,53.8959477,53.2847969,53.8304719,51.5346523,50.8168666,51.171928,50.4408854,50.4510527,49.640729,49.8847981,47.0640988,..
Mexico,MEX,Regulatory Quality - Governance score (0-100),GOV_WGI_RQ_SC,..,..,..,..,..,..,57.5339106,..,59.1037158,..,59.051697,..,63.4267474,63.0013843,60.9369984,60.1097653,60.9441586,60.5352041,60.3029084,60.2519746,56.6929012,57.5867828,59.3810799,59.3770062,58.1486191,57.7420193,57.4026104,57.4505902,54.8126908,54.2041143,52.9751437,51.8459998,52.3971353,52.086238,51.7749322,..
Mexico,MEX,Rule of Law - Governance score (0-100),GOV_WGI_RL_SC,..,..,..,..,..,..,45.1438142,..,45.5701181,..,47.6124142,..,52.0110328,52.8408279,53.8341781,53.3740362,53.3738383,51.9211602,47.648684,48.7299688,48.2053625,46.3288675,46.7263573,45.8198954,46.9289858,45.2102836,45.4749739,44.4008161,43.088259,41.8879329,39.9835084,39.3268581,38.3383975,38.4166425,37.1058908,..
"Micronesia, Fed. Sts.",FSM,Government Effectiveness - Governance score (0-100),GOV_WGI_GE_SC,..,..,..,..,..,..,..,..,..,..,..,..,..,..,48.4646321,44.5443366,44.4898214,42.4936847,42.0383427,42.2628706,42.8251216,37.9025024,37.9071923,38.2984915,47.9737698,47.9347067,47.9482845,52.6844083,52.7086162,51.3556701,54.0413676,54.0813601,49.6826094,49.6999263,47.7476106,..
"Micronesia, Fed. Sts.",FSM,Regulatory Quality - Governance score (0-100),GOV_WGI_RQ_SC,..,..,..,..,..,..,..,..,..,..,..,..,..,..,57.3059868,62.4472633,62.3945994,52.3869028,47.5255501,46.1677979,46.1693703,42.5562341,42.4856049,42.8566039,42.1202505,42.5683796,42.674034,44.1165859,42.6973078,41.4646357,41.433331,42.8467988,42.8132404,42.8168158,42.8249128,..
"Micronesia, Fed. Sts.",FSM,Rule of Law - Governance score (0-100),GOV_WGI_RL_SC,..,..,..,..,..,..,72.5207113,..,72.1425904,..,71.8939267,..,72.2064542,72.0734774,71.4529214,79.6861415,79.6608125,78.9326208,66.0360074,66.0009113,65.5004447,61.3959984,61.3710222,61.3151907,59.5538387,59.578703,59.5828026,59.5727722,57.4966485,60.7820409,68.4945478,72.1865947,73.7876755,73.7798171,73.7785486,..
Moldova,MDA,Government Effectiveness - Governance score (0-100),GOV_WGI_GE_SC,..,..,..,..,..,..,37.0963164,..,39.5307932,..,38.325927,..,37.2204587,37.123678,35.2711101,33.8112142,34.9557126,36.6284077,37.1967797,36.8304505,39.5938113,40.0762894,40.4034039,41.5935899,42.3200321,39.1125524,39.6467127,43.5127419,47.1483109,46.0297022,46.0479252,47.2544422,48.7390436,50.6857886,56.349995,..
Moldova,MDA,Regulatory Quality - Governance score (0-100),GOV_WGI_RQ_SC,..,..,..,..,..,..,51.2186048,..,48.4451816,..,45.8281209,..,45.4712452,45.0290856,46.0096563,45.5874932,47.0282677,48.9680562,50.2423381,50.9627277,51.6917648,51.7466241,50.3367064,51.2556188,52.71254,51.7200335,51.2102318,52.9342436,51.9299653,53.0763189,52.4677786,53.5023002,54.1757478,54.002893,54.1256767,..
Moldova,MDA,Rule of Law - Governance score (0-100),GOV_WGI_RL_SC,..,..,..,..,..,..,55.6714689,..,57.9872361,..,53.0223045,..,47.697423,47.6863565,52.9450474,51.5490993,51.3662562,52.2548827,51.8965111,51.0901242,51.1988425,52.174908,50.7599593,49.6463768,50.6843819,49.7479906,49.6620042,49.5089511,50.0202122,50.5150974,50.4624791,52.6286785,53.6120069,53.6281453,54.1880698,..
Monaco,MCO,Government Effectiveness - Governance score (0-100),GOV_WGI_GE_SC,..,..,..,..,..,..,..,..,..,..,..,..,..,..,..,..,..,..,..,..,..,..,..,..,..,86.2956019,86.3148087,86.3210444,86.3552853,86.388661,86.2933425,86.3499091,85.1169463,85.1397113,85.1156279,..
Monaco,MCO,Regulatory Quality - Governance score (0-100),GOV_WGI_RQ_SC,..,..,..,..,..,..,..,..,..,..,..,..,..,..,..,..,..,..,..,..,..,..,..,..,..,76.0019256,76.0427468,76.0859384,76.103697,76.1518456,76.0698658,76.0368909,75.9490094,75.9583728,72.2449856,..
Monaco,MCO,Rule of Law - Governance score (0-100),GOV_WGI_RL_SC,..,..,..,..,..,..,72.5207113,..,72.1425904,..,71.8939267,..,72.2064542,72.0734774,71.9668881,78.8199457,78.7730483,78.865499,78.7800375,78.6768714,78.6464016,78.9055053,78.8067899,78.5861418,78.6975501,84.5664361,84.5754407,84.5534058,83.4120367,83.4086617,80.7103866,80.6071706,80.1353099,80.1215774,80.1193607,..
Mongolia,MNG,Government Effectiveness - Governance score (0-100),GOV_WGI_GE_SC,..,..,..,..,..,..,39.9402901,..,39.8243824,..,39.8644721,..,42.751561,42.3905089,43.1962263,39.7588191,40.2133095,38.2836557,37.9990439,39.1572133,40.8907936,40.7519827,40.7114186,41.6177432,45.4144662,44.866662,44.3627936,42.6445022,45.5577939,44.7572467,45.2804191,44.4962243,45.5327286,44.2647549,43.7724984,..
Mongolia,MNG,Regulatory Quality - Governance score (0-100),GOV_WGI_RQ_SC,..,..,..,..,..,..,47.0173365,..,49.4243944,..,49.4968357,..,56.3308556,53.4416859,49.2798888,52.4871175,52.1170459,51.9790034,50.7578333,50.1869379,50.4810954,49.9876391,48.8168919,47.4393861,49.980102,50.0615109,54.4257295,54.2972082,55.278976,53.8159244,52.7452878,52.8374907,51.7932697,54.215834,53.7469717,..
Mongolia,MNG,Rule of Law - Governance score (0-100),GOV_WGI_RL_SC,..,..,..,..,..,..,61.0461736,..,61.0058799,..,58.0145977,..,59.4611849,59.469816,59.2428068,53.7575027,53.1697847,52.9451541,51.0449874,52.6301362,51.4188349,52.8966853,52.9423143,52.5608821,52.7294265,53.2572616,54.4838426,54.0495649,53.8685513,53.4566149,53.9661876,53.9843518,54.381821,54.2531778,55.2475985,..
Montenegro,MNE,Government Effectiveness - Governance score (0-100),GOV_WGI_GE_SC,..,..,..,..,..,..,..,..,..,..,..,..,..,..,..,..,53.7516576,44.8845758,46.0373379,48.5767288,44.7938695,44.8981458,49.5291436,51.1741933,57.41865,57.4437911,56.1982403,56.9180812,55.0439421,55.2321136,53.0983988,50.8616715,51.7162109,56.7205669,58.4666107,..
Montenegro,MNE,Regulatory Quality - Governance score (0-100),GOV_WGI_RQ_SC,..,..,..,..,..,..,..,..,..,..,..,..,..,..,..,..,49.1556589,52.6063101,54.2846479,55.5320695,54.1122899,53.9991126,55.2207511,55.8367276,58.4871369,58.9818375,59.130461,60.2614201,59.477049,59.50513,58.7502941,58.3479115,58.9512661,57.9733103,56.8707823,..
Montenegro,MNE,Rule of Law - Governance score (0-100),GOV_WGI_RL_SC,..,..,..,..,..,..,..,..,52.2697648,..,60.5871521,..,61.0060245,59.6706202,59.610412,59.5856217,57.8637734,56.488325,56.1943679,56.2897858,55.1531238,54.1751738,55.6777886,56.0360139,56.1494256,56.742799,56.3354957,55.5485397,58.0838863,58.3152102,58.9170358,57.2712537,56.024827,59.1616188,60.0864445,..
Morocco,MAR,Government Effectiveness - Governance score (0-100),GOV_WGI_GE_SC,..,..,..,..,..,..,51.2867936,..,51.2050898,..,51.2333497,..,46.1375329,45.5378132,44.0065714,41.584352,45.0071082,45.9655136,45.4284873,45.9436313,49.0676398,48.1264617,47.4286781,47.0830645,46.0979352,46.7442758,48.6246078,46.224121,45.1923591,48.7485362,50.2181269,48.9260271,49.0068481,50.9743068,54.7695462,..
Morocco,MAR,Regulatory Quality - Governance score (0-100),GOV_WGI_RQ_SC,..,..,..,..,..,..,49.1393891,..,54.501191,..,54.5451791,..,51.0927457,51.0983225,49.9127501,47.0424257,52.5381775,53.5081514,54.210508,55.324833,55.2356472,53.6693701,54.7754734,55.1742285,55.6529669,55.7858174,55.0823048,54.9333658,53.0365229,55.2917619,55.88522,53.6781453,53.5824427,54.1161129,54.4419236,..
Morocco,MAR,Rule of Law - Governance score (0-100),GOV_WGI_RL_SC,..,..,..,..,..,..,64.4739623,..,61.3078486,..,60.6512017,..,54.2440441,51.062785,53.3176815,49.4272932,50.4544882,50.3650373,48.9237683,49.8394913,50.3406222,50.3907776,51.2553986,49.5062576,50.5538404,50.6179176,51.9129404,50.5729013,51.3742901,51.4596208,51.5491406,49.3094859,49.2337674,50.1940163,50.6345517,..
Mozambique,MOZ,Government Effectiveness - Governance score (0-100),GOV_WGI_GE_SC,..,..,..,..,..,..,50.0713148,..,39.4698071,..,39.498067,..,35.9983942,31.630826,35.8015216,36.8159511,38.3014431,39.7278798,40.0904174,42.6380857,38.7396608,37.6799209,40.4963872,40.767919,40.2254309,40.0610803,38.0728145,37.926121,37.9801015,38.7009555,35.3508131,35.4238973,36.3553301,36.2136298,37.4225793,..
Mozambique,MOZ,Regulatory Quality - Governance score (0-100),GOV_WGI_RQ_SC,..,..,..,..,..,..,41.7789916,..,47.1662235,..,51.1357986,..,50.9459706,49.2521784,46.5649649,45.6361086,46.1895136,46.9438401,48.1797864,48.4845392,46.4542085,46.0307001,46.8947358,46.0035354,45.7141157,44.7627773,43.9067676,44.1039167,43.3276142,43.4251747,42.63799,41.9511351,42.4629934,43.002182,42.8211624,..
Mozambique,MOZ,Rule of Law - Governance score (0-100),GOV_WGI_RL_SC,..,..,..,..,..,..,44.6676646,..,44.6078281,..,44.7815926,..,45.593282,43.8324928,45.8092591,47.2732859,48.4386054,47.4460814,46.9539361,47.035434,46.0138634,43.4740077,45.3356533,40.7004288,41.395428,42.2878511,39.5488348,39.9004736,40.0830551,40.346014,39.0544333,38.9147048,38.5004121,38.0038145,36.3987667,..
Myanmar,MMR,Government Effectiveness - Governance score (0-100),GOV_WGI_GE_SC,..,..,..,..,..,..,25.109255,..,25.0275512,..,25.0558111,..,20.7904951,20.6929697,19.4227872,17.8237479,20.4050874,20.4345178,20.0417175,18.9080126,25.7402737,25.8502082,21.0906738,21.2302838,26.0569487,26.8902786,28.9339112,27.0022334,25.6752646,25.7175242,25.707738,21.3650756,19.363269,20.5926852,21.0407163,..
Myanmar,MMR,Regulatory Quality - Governance score (0-100),GOV_WGI_RQ_SC,..,..,..,..,..,..,25.9126539,..,24.7741923,..,22.5636132,..,20.5737346,19.821501,16.9775558,18.3810009,21.3555508,21.3787805,21.368477,20.9084042,28.4452065,29.7002283,27.0559383,31.8617284,33.8613821,37.3547328,40.9491673,41.5672335,41.9833546,41.4523781,43.3709289,36.9317165,34.9853355,32.07131,32.4717779,..
Myanmar,MMR,Rule of Law - Governance score (0-100),GOV_WGI_RL_SC,..,..,..,..,..,..,31.0736081,..,31.0363057,..,32.5013427,..,25.507276,25.4954058,25.689379,25.2179658,28.4451018,28.4549859,27.8281497,27.7172732,31.6544005,33.2065375,32.2639933,35.198062,35.421376,35.4835153,38.9785616,38.1836405,36.7673046,36.5408084,36.945876,30.0331488,28.416322,27.289255,25.7857658,..
Namibia,NAM,Government Effectiveness - Governance score (0-100),GOV_WGI_GE_SC,..,..,..,..,..,..,68.4199871,..,60.4484289,..,60.4766888,..,54.0576442,54.614589,53.3799346,52.2021286,56.7168337,57.0967465,58.5900919,60.5432807,56.0309459,55.0228901,59.0771238,57.8626989,57.4938848,57.0330518,55.908958,56.5592477,57.438306,56.9167337,54.2548707,54.4441369,54.5564222,54.3336618,53.2721077,..
Namibia,NAM,Regulatory Quality - Governance score (0-100),GOV_WGI_RQ_SC,..,..,..,..,..,..,54.842666,..,58.904414,..,57.6229182,..,65.3616531,62.8660072,57.4965119,56.3903391,57.7174159,56.7269817,59.4542782,59.9746989,57.399393,54.9752973,57.6854472,58.3605365,57.6707214,58.7083673,57.1900858,56.3726184,55.8603153,56.7701954,56.0742657,57.2165928,56.1534208,56.2293949,56.9904385,..
Namibia,NAM,Rule of Law - Governance score (0-100),GOV_WGI_RL_SC,..,..,..,..,..,..,65.4283525,..,63.1566998,..,64.6262426,..,63.1399021,62.6301796,57.2796972,58.0320476,61.6198631,61.7510569,63.3236161,63.3352832,62.0766352,59.894318,61.3830284,61.315022,60.4981659,61.6656797,62.326168,60.7592471,60.1183824,60.1644108,60.7284055,61.8853348,62.4508062,62.2795201,62.6073548,..
Naoero,NRU,Government Effectiveness - Governance score (0-100),GOV_WGI_GE_SC,..,..,..,..,..,..,..,..,..,..,..,..,..,..,..,..,..,41.9995557,44.7005576,45.739088,45.9361706,45.820226,45.8494289,45.8820424,47.2009633,51.4935243,50.472513,50.4784473,56.8800001,50.5427934,50.4520871,50.5059159,50.4978097,50.526336,51.5354476,..
Naoero,NRU,Regulatory Quality - Governance score (0-100),GOV_WGI_RQ_SC,..,..,..,..,..,..,..,..,..,..,..,..,..,..,..,..,..,43.3638743,43.2323659,43.0561928,43.0629982,43.1112635,42.583905,40.3299876,40.1558302,45.9372134,45.9732038,46.0112839,49.319475,49.3619238,49.2896465,49.2605751,49.1830964,45.8988179,46.590308,..
Naoero,NRU,Rule of Law - Governance score (0-100),GOV_WGI_RL_SC,..,..,..,..,..,..,72.5207113,..,72.1425904,..,71.8939267,..,72.2064542,72.0734774,71.9668881,78.8199457,78.7730483,75.0748846,74.993688,74.8956713,74.8667212,75.1128945,77.5644284,75.4726756,71.7940289,63.2095297,61.0326925,63.5527008,60.3993782,60.6385174,60.6617071,60.579545,62.9487377,62.9373304,61.2985462,..
Nepal,NPL,Government Effectiveness - Governance score (0-100),GOV_WGI_GE_SC,..,..,..,..,..,..,35.9853648,..,35.8078895,..,35.8692743,..,30.9755839,30.7958278,37.3913074,33.4250618,31.2547592,32.9333497,31.5758422,36.0338815,37.8746994,35.8569059,29.7673402,30.889301,33.9323368,28.7198131,32.24893,33.3015495,33.5608919,29.725032,31.3834164,32.9449151,32.7808542,34.9287923,34.1416692,..
Nepal,NPL,Regulatory Quality - Governance score (0-100),GOV_WGI_RQ_SC,..,..,..,..,..,..,44.785936,..,45.1382348,..,43.2085637,..,45.1224224,43.9843977,45.3142944,47.0745016,46.7496845,46.9182352,44.7318479,43.3724729,41.685005,42.1368767,42.3608482,42.0297777,43.5580615,43.8333911,44.6377745,44.5023864,45.5328342,45.8191549,44.3913571,44.8080633,45.4525577,45.2850005,46.1517079,..
Nepal,NPL,Rule of Law - Governance score (0-100),GOV_WGI_RL_SC,..,..,..,..,..,..,57.224549,..,57.2312267,..,50.9248602,..,45.407773,44.8083552,42.3775413,41.7061053,44.7700975,44.9430806,44.091316,43.0296686,40.6502045,41.8545287,46.7278357,46.6198575,47.0487379,46.6546575,47.2142997,49.3242183,50.6451484,49.8603954,50.5531709,50.83749,51.21516,51.1725841,51.7386218,..
Netherlands,NLD,Government Effectiveness - Governance score (0-100),GOV_WGI_GE_SC,..,..,..,..,..,..,88.8672486,..,90.1135947,..,92.1463153,..,91.8725785,89.3183051,87.3496797,89.2052342,85.4723168,85.5128129,85.7285404,85.8905927,85.099748,87.3846556,88.6857153,88.0978759,88.612248,88.8292083,89.4892666,90.3198724,90.8032877,91.4720745,91.0015797,87.3814124,85.6594208,85.3894503,85.406351,..
Netherlands,NLD,Regulatory Quality - Governance score (0-100),GOV_WGI_RQ_SC,..,..,..,..,..,..,79.4886382,..,82.9474164,..,89.1892069,..,87.3349389,86.1997246,85.2582544,86.0575358,83.147857,84.1262465,82.3897547,81.174264,80.8269189,83.1360032,82.6381357,82.6172748,81.094418,83.0257199,85.7251642,85.9075606,85.4072786,84.2436994,82.6951793,83.6353658,82.0427251,81.9596634,82.0184513,..
Netherlands,NLD,Rule of Law - Governance score (0-100),GOV_WGI_RL_SC,..,..,..,..,..,..,86.6886448,..,87.3126103,..,88.5079539,..,86.9000405,86.3573509,86.3865574,86.2633167,87.4130623,87.7234728,86.7782937,85.7286576,86.0566678,86.4143665,87.4121226,86.8160316,88.3939984,89.3889268,89.5170088,89.0677475,88.2921127,88.6893891,88.4942869,87.5440788,86.7204829,86.5237577,86.3420351,..
New Caledonia,NCL,Government Effectiveness - Governance score (0-100),GOV_WGI_GE_SC,..,..,..,..,..,..,..,..,..,..,..,..,..,..,..,..,..,..,..,..,..,..,..,..,..,..,..,..,..,..,..,..,..,..,..,..
New Caledonia,NCL,Regulatory Quality - Governance score (0-100),GOV_WGI_RQ_SC,..,..,..,..,..,..,..,..,..,..,..,..,..,..,..,..,..,..,..,..,..,..,..,..,..,..,..,..,..,..,..,..,..,..,..,..
New Caledonia,NCL,Rule of Law - Governance score (0-100),GOV_WGI_RL_SC,..,..,..,..,..,..,..,..,..,..,..,..,..,..,..,..,..,..,..,..,..,..,..,..,..,..,..,..,74.0675473,75.1335232,74.9680423,75.9721905,75.6933031,75.6479167,75.6405884,..
New Zealand,NZL,Government Effectiveness - Governance score (0-100),GOV_WGI_GE_SC,..,..,..,..,..,..,89.9255632,..,88.1304544,..,85.9508867,..,90.9465182,90.2727673,86.3015654,88.5181312,87.2268499,86.6856334,86.6780697,89.5863681,86.5023949,89.5047285,89.6998415,88.9729832,90.8814351,89.258822,86.779933,86.0992134,84.4641774,84.0805878,84.2310864,82.5086321,83.5496532,84.9223349,87.2960648,..
New Zealand,NZL,Regulatory Quality - Governance score (0-100),GOV_WGI_RQ_SC,..,..,..,..,..,..,81.2242184,..,81.9406919,..,80.4006458,..,82.5844482,84.217399,84.7748036,84.2386888,83.1593512,83.1807435,83.5319399,83.7019858,81.9619045,85.9458836,86.2923455,85.2465867,86.5998945,86.6090293,87.3392224,87.6607559,85.9425905,85.9457228,85.3488391,84.0948346,84.205121,84.4623276,83.9530858,..
New Zealand,NZL,Rule of Law - Governance score (0-100),GOV_WGI_RL_SC,..,..,..,..,..,..,88.4772792,..,88.352925,..,88.6418858,..,88.5165472,88.4745427,87.5880332,87.8401132,88.1042321,88.0671946,88.4508247,88.4713226,87.8634216,89.435449,88.4971163,87.5105437,88.1732263,88.9144707,89.0720484,88.2745767,87.9658735,87.6651647,87.3697343,86.7460357,86.6018582,86.3529225,85.6627596,..
Nicaragua,NIC,Government Effectiveness - Governance score (0-100),GOV_WGI_GE_SC,..,..,..,..,..,..,27.8344705,..,27.7679642,..,25.4661402,..,25.3333726,25.6663709,30.5668103,32.0706711,34.1402323,34.3341183,33.6979392,35.0483672,35.4785214,35.7622252,36.6817835,37.0573739,36.5433032,36.6623686,36.056526,41.6630439,36.3551589,36.8803361,35.8205845,36.6591506,33.4313286,33.1258883,30.8663765,..
Nicaragua,NIC,Regulatory Quality - Governance score (0-100),GOV_WGI_RQ_SC,..,..,..,..,..,..,42.7820004,..,45.0437751,..,48.4182913,..,45.8995954,47.9810965,51.0171581,51.8373319,50.4812405,49.8044052,48.8870558,47.6882559,47.819042,47.7423472,48.4960365,48.9722719,48.5194508,50.0120344,48.5726273,47.0200035,46.1258522,44.584658,44.1213299,40.8782085,39.0651008,38.8923501,39.2327668,..
Nicaragua,NIC,Rule of Law - Governance score (0-100),GOV_WGI_RL_SC,..,..,..,..,..,..,46.5401099,..,44.9947557,..,41.6351696,..,46.1935501,48.6352463,47.3846099,47.6396381,46.3233394,45.562215,44.3220203,43.2645052,42.5282916,43.591364,42.6398118,42.6323922,41.3797112,39.6740565,40.2307418,41.2427467,34.496984,34.0156849,33.947145,31.5897313,31.2389514,29.496211,29.0885119,..
Niger,NER,Government Effectiveness - Governance score (0-100),GOV_WGI_GE_SC,..,..,..,..,..,..,25.9220111,..,25.8061034,..,25.8461931,..,31.0137175,30.8836564,35.0959059,36.8706569,35.6642176,35.4352604,36.8520723,38.0651866,37.0491102,37.8143043,39.8709936,38.945293,39.8920029,39.8518529,40.3343135,38.6065315,39.4263789,38.4169834,38.558355,38.9059363,38.7999217,39.4498983,36.3750735,..
Niger,NER,Regulatory Quality - Governance score (0-100),GOV_WGI_RQ_SC,..,..,..,..,..,..,30.108705,..,41.0795544,..,41.1519957,..,40.7474477,40.7478924,40.4787106,43.4385725,44.8830501,45.5352078,45.8014152,46.6050385,46.8668819,46.4655923,43.4406969,43.4410975,43.0827551,43.5327989,44.5521278,44.7740033,44.3917814,44.6864988,43.0387654,43.9100702,44.2324538,43.3796331,42.8377492,..
Niger,NER,Rule of Law - Governance score (0-100),GOV_WGI_RL_SC,..,..,..,..,..,..,45.082878,..,45.0349462,..,41.5552449,..,43.1520574,43.1331893,45.3102262,45.8060666,46.2160152,46.0726948,45.3307982,45.9078231,46.302246,48.0463408,45.08521,44.6442976,45.0819968,46.9666721,47.1475307,47.326374,47.0778876,47.6855287,48.0281749,46.6559259,45.511452,43.1258455,40.6881335,..
Nigeria,NGA,Government Effectiveness - Governance score (0-100),GOV_WGI_GE_SC,..,..,..,..,..,..,30.3691579,..,25.6047975,..,26.6990311,..,21.6606014,24.6492911,30.1132377,30.1507958,31.0124497,32.7538387,31.5697756,29.5565418,29.2210274,29.5352331,32.4814474,32.2468183,30.8288399,33.5709036,33.4681925,34.6017808,34.8939836,32.5216168,32.2041115,30.9230481,30.7911243,34.4678426,31.7683438,..
Nigeria,NGA,Regulatory Quality - Governance score (0-100),GOV_WGI_RQ_SC,..,..,..,..,..,..,37.9420857,..,38.1036766,..,35.8994439,..,36.637753,36.753173,35.3358806,38.7923199,40.6803087,41.5929031,42.8657608,43.0178005,40.4907662,41.0548122,42.9894119,43.1766928,42.3399905,43.1887847,42.0092749,42.5913838,41.7722226,41.2266686,40.86723,41.0997371,39.1494195,41.8131115,44.8748237,..
Nigeria,NGA,Rule of Law - Governance score (0-100),GOV_WGI_RL_SC,..,..,..,..,..,..,37.4259376,..,37.4607428,..,35.8696907,..,30.6984888,32.4330076,35.6412479,35.1711651,37.9155787,39.0582696,39.7700027,39.6779581,37.7634498,38.7006948,38.2827467,36.5552671,37.4818397,40.4273328,41.8286386,43.3029229,42.9582287,42.5472027,42.4852923,41.0219609,39.7570843,40.875305,39.6344736,..
North Macedonia,MKD,Government Effectiveness - Governance score (0-100),GOV_WGI_GE_SC,..,..,..,..,..,..,38.705241,..,30.8704851,..,30.890246,..,39.1565367,36.8338552,47.3549288,43.0753078,44.6618757,44.6860563,45.8778911,46.7777662,41.1732977,44.4563271,49.474154,49.7245968,54.0746013,49.9349423,48.971073,49.4017192,51.9896735,49.0421098,49.5459238,49.8085522,51.5563966,51.7750718,50.7116064,..
North Macedonia,MKD,Regulatory Quality - Governance score (0-100),GOV_WGI_RQ_SC,..,..,..,..,..,..,45.7867699,..,45.9574403,..,46.6466845,..,49.9236261,50.573243,52.8824109,51.9247639,56.0005469,56.8662575,57.4036371,57.9597059,53.0986497,53.4840259,58.1657248,57.1554486,59.2820953,59.1290211,59.1857383,60.2667493,61.1530795,57.903711,59.6470523,58.3934483,58.3733697,58.0409902,59.0627717,..
North Macedonia,MKD,Rule of Law - Governance score (0-100),GOV_WGI_RL_SC,..,..,..,..,..,..,49.2851689,..,48.987052,..,46.2005204,..,46.2300385,44.6200529,51.5543606,50.4777726,48.0578788,50.373517,51.620701,51.9360458,49.7944095,50.3036536,53.6997987,53.5045036,53.6579164,52.1765912,51.4670662,51.5553657,53.0621576,52.0384426,53.9876356,54.9494919,53.8628993,52.2510326,53.0935121,..
Northern Mariana Islands,MNP,Government Effectiveness - Governance score (0-100),GOV_WGI_GE_SC,..,..,..,..,..,..,..,..,..,..,..,..,..,..,..,..,..,..,..,..,..,..,..,..,..,..,..,..,..,..,..,..,..,..,..,..
Northern Mariana Islands,MNP,Regulatory Quality - Governance score (0-100),GOV_WGI_RQ_SC,..,..,..,..,..,..,..,..,..,..,..,..,..,..,..,..,..,..,..,..,..,..,..,..,..,..,..,..,..,..,..,..,..,..,..,..
Northern Mariana Islands,MNP,Rule of Law - Governance score (0-100),GOV_WGI_RL_SC,..,..,..,..,..,..,..,..,..,..,..,..,..,..,..,..,..,..,..,..,..,..,..,..,..,..,..,..,..,..,..,..,..,..,..,..
Norway,NOR,Government Effectiveness - Governance score (0-100),GOV_WGI_GE_SC,..,..,..,..,..,..,88.2250398,..,86.4949478,..,88.4828869,..,88.2539044,87.5349113,88.1996945,88.2159789,89.0345585,88.5597394,84.7214452,86.0844943,85.9512775,86.591153,89.2646824,88.9471751,89.3339128,88.8100598,89.458967,91.4668285,89.0113774,89.1522784,89.2537957,90.0666199,86.7536233,86.087267,87.1769157,..
Norway,NOR,Regulatory Quality - Governance score (0-100),GOV_WGI_RQ_SC,..,..,..,..,..,..,76.2672293,..,76.0086553,..,74.4274773,..,77.364723,77.2442152,79.7202825,80.7641534,78.1748867,79.373551,80.4142786,80.1156105,80.6831403,83.1780624,83.5938428,85.0546533,82.7090093,82.9577214,83.3326302,83.8456288,83.5176715,82.72406,81.6357342,80.8736149,79.6713091,80.6505724,81.2082198,..
Norway,NOR,Rule of Law - Governance score (0-100),GOV_WGI_RL_SC,..,..,..,..,..,..,90.1612846,..,90.2479026,..,89.8821063,..,89.39346,89.2923368,88.7390971,89.3088867,89.8574314,89.2068977,89.884657,89.1637712,89.725606,90.7997569,91.1407354,91.273127,90.5627965,91.0427101,91.4833953,92.0547115,91.8838488,91.9420038,92.4047721,92.3888625,90.3692278,91.1445579,90.5162003,..
Oman,OMN,Government Effectiveness - Governance score (0-100),GOV_WGI_GE_SC,..,..,..,..,..,..,56.5466965,..,51.2050898,..,51.2333497,..,53.3941851,57.0904019,54.9701598,57.039863,54.5680264,53.6674241,56.0810434,56.4808066,57.5486916,52.9131147,52.3337316,51.050924,54.0383946,52.9066438,54.4782689,53.4953095,53.5065773,55.3079939,53.3201442,53.3387599,60.0293791,60.5179762,62.3751465,..
Oman,OMN,Regulatory Quality - Governance score (0-100),GOV_WGI_RQ_SC,..,..,..,..,..,..,52.3534201,..,53.7896319,..,55.3848275,..,66.1711859,66.0420306,65.856278,66.9935504,65.9672772,66.4304476,67.9667543,68.122833,68.2430175,66.5407229,67.9646867,67.7610066,67.105488,65.1066008,65.8723617,66.0290239,63.1898654,62.764843,62.3059751,61.571981,62.2431133,62.2782221,65.7058833,..
Oman,OMN,Rule of Law - Governance score (0-100),GOV_WGI_RL_SC,..,..,..,..,..,..,65.9140317,..,65.0743938,..,63.8242014,..,65.8718947,65.8600848,65.6443572,62.2493515,62.2619635,61.9717411,63.2070583,63.8559517,64.0606713,61.1614991,62.3840924,61.3192042,60.4843939,60.6069857,60.7788914,60.0780302,60.1277158,61.451403,61.3750254,60.8459253,63.0303164,62.8904984,64.6984828,..
Pakistan,PAK,Government Effectiveness - Governance score (0-100),GOV_WGI_GE_SC,..,..,..,..,..,..,40.8279758,..,40.746272,..,40.7745319,..,39.5438168,35.9104625,38.5567664,38.8299938,40.9037472,41.0735907,35.9210693,36.200124,36.22957,35.2850418,38.7006114,38.5071064,38.0755445,39.4682574,41.026367,43.1480596,41.4757961,41.6806369,39.3830517,41.2872377,38.0780236,38.5358563,39.6677025,..
Pakistan,PAK,Regulatory Quality - Governance score (0-100),GOV_WGI_RQ_SC,..,..,..,..,..,..,44.8001697,..,42.1359336,..,39.699626,..,40.3709634,40.1054483,38.8518522,45.6546259,47.4390249,46.6146653,44.8542751,44.308748,44.0161188,42.9065725,42.1119137,42.1529336,43.0580475,44.043468,44.4594518,44.3870689,44.4173043,45.0803111,43.8130901,44.5428148,42.7921461,41.8989333,42.3591418,..
Pakistan,PAK,Rule of Law - Governance score (0-100),GOV_WGI_RL_SC,..,..,..,..,..,..,49.1056579,..,42.3273893,..,38.6612376,..,40.8090731,39.6075474,39.73106,41.1276708,43.4918156,43.1919655,40.2288246,41.6020098,42.9611597,37.1639666,38.6539299,38.9139045,40.2583667,41.2198719,41.2520559,42.0691874,42.5142321,42.9850137,42.972992,42.7982259,41.2878353,39.6801955,39.4597729,..
Palau,PLW,Government Effectiveness - Governance score (0-100),GOV_WGI_GE_SC,..,..,..,..,..,..,..,..,..,..,..,..,..,..,..,..,..,..,42.2969831,43.3355116,41.1290275,45.820226,45.8494289,45.8820424,47.2009633,45.1245636,45.142841,45.1487753,51.5503203,51.5820821,50.9717305,51.0255593,50.4978097,50.526336,51.5354476,..
Palau,PLW,Regulatory Quality - Governance score (0-100),GOV_WGI_RQ_SC,..,..,..,..,..,..,..,..,..,..,..,..,..,..,..,..,..,..,43.2323659,43.0561928,43.0629982,47.4627751,46.9354182,46.8572535,46.6830944,61.125735,61.1617238,61.1998039,57.9229317,61.257909,61.1856333,61.1565618,61.0790815,61.0873379,62.4516257,..
Palau,PLW,Rule of Law - Governance score (0-100),GOV_WGI_RL_SC,..,..,..,..,..,..,72.5207113,..,72.1425904,..,71.8939267,..,72.2064542,72.0734774,71.9668881,78.8199457,78.7730483,78.865499,77.731355,77.6333383,77.6043882,79.2193941,79.1256061,78.9159694,79.0218169,80.2187973,80.2275455,80.2061371,79.5537172,76.916423,76.9445573,76.8448747,77.1345532,77.1211977,77.1190412,..
Panama,PAN,Government Effectiveness - Governance score (0-100),GOV_WGI_GE_SC,..,..,..,..,..,..,44.3373511,..,54.6796292,..,50.2691888,..,47.4666561,46.6477265,48.7060491,49.0768679,50.5244713,52.5227488,51.9128541,53.2349249,53.721251,53.7761823,55.8430758,55.5098189,55.7389103,57.5817581,59.066869,58.0172633,57.6756338,61.0079753,55.8409117,55.4272518,52.1167285,51.9467897,56.1071256,..
Panama,PAN,Regulatory Quality - Governance score (0-100),GOV_WGI_RQ_SC,..,..,..,..,..,..,57.6553522,..,64.317205,..,63.0774562,..,61.8090255,59.0954532,58.6831315,59.7974722,59.8746875,61.2478263,63.4309868,61.4395847,62.755388,63.4250725,62.3124681,61.4955511,60.9488065,61.5070485,61.4623018,60.2394521,59.8100405,59.8941526,59.1166389,58.1970926,55.484077,55.2263121,53.6988437,..
Panama,PAN,Rule of Law - Governance score (0-100),GOV_WGI_RL_SC,..,..,..,..,..,..,53.2666879,..,53.2666621,..,51.8636903,..,55.4063328,55.4660436,56.7476249,55.6340459,55.9072744,56.5515657,55.5747344,55.0315577,54.817713,56.3915733,52.2018806,51.8266046,54.5146583,54.0341183,54.6320009,54.2168564,52.6321447,52.1697757,52.8383789,52.9991922,53.2703159,53.0416321,52.4309378,..
Papua New Guinea,PNG,Government Effectiveness - Governance score (0-100),GOV_WGI_GE_SC,..,..,..,..,..,..,46.0878787,..,40.746272,..,40.7745319,..,37.3724856,37.2749603,41.0247084,33.1365028,37.0440295,37.3536133,38.7190151,38.3311691,38.0060321,38.0542669,38.5512871,38.3866682,37.072968,37.0560828,35.447969,37.4952571,37.7947475,37.2099103,34.1121999,33.6827767,30.2527252,30.2610764,33.8321749,..
Papua New Guinea,PNG,Regulatory Quality - Governance score (0-100),GOV_WGI_RQ_SC,..,..,..,..,..,..,42.5620805,..,45.5495015,..,47.9933004,..,42.3093893,40.9407312,43.6301464,41.4024222,46.93894,49.0218794,47.8028716,47.9215925,48.0279329,48.1115104,46.9615294,47.5236417,50.7814021,48.6681658,47.6208946,46.6177944,47.4962436,46.8509796,45.6029066,43.0106418,43.082039,43.6505893,45.3936104,..
Papua New Guinea,PNG,Rule of Law - Governance score (0-100),GOV_WGI_RL_SC,..,..,..,..,..,..,48.7204806,..,47.9383953,..,45.2154727,..,47.5688832,46.0909054,49.3899683,44.8029304,45.1603382,45.6374567,45.2326472,44.9483694,44.8609167,45.5853995,44.5261375,43.1242122,46.9169744,46.3948086,46.3230417,46.2953204,45.4589353,44.6747778,45.5995381,45.7885736,47.5695148,48.1740425,47.1316693,..
Paraguay,PRY,Government Effectiveness - Governance score (0-100),GOV_WGI_GE_SC,..,..,..,..,..,..,35.3686491,..,30.0760782,..,27.2747919,..,24.7057507,24.6647783,29.9102693,32.4593843,33.8718193,33.9392647,34.9621719,36.1948566,36.420242,36.7122348,36.4824628,36.5389885,36.9819642,36.0687116,38.1443957,38.8443202,41.6272611,42.2719023,39.5287497,40.1212829,41.7004406,44.7713941,44.447377,..
Paraguay,PRY,Regulatory Quality - Governance score (0-100),GOV_WGI_RQ_SC,..,..,..,..,..,..,44.7443625,..,42.3058501,..,37.3549804,..,43.3654578,43.139048,43.0486683,42.8851518,44.5597171,45.8643479,46.8156816,46.5228867,46.9206309,47.9160615,47.9075354,48.0608084,50.2136326,51.9341873,52.413271,52.3707166,52.9432586,52.3287693,52.1358502,51.9292524,51.665723,51.7540935,52.6360518,..
Paraguay,PRY,Rule of Law - Governance score (0-100),GOV_WGI_RL_SC,..,..,..,..,..,..,48.4396019,..,43.0688591,..,39.2958306,..,37.6901116,37.8905973,43.0108969,42.7340008,43.5391364,43.6033237,44.0100195,44.3225332,44.7360892,44.7768906,43.9071838,43.7891219,46.6880635,47.5063033,48.5190448,48.4754243,49.1499892,49.572808,50.5499697,47.8774177,47.6644112,46.9805232,46.9208038,..
Peru,PER,Government Effectiveness - Governance score (0-100),GOV_WGI_GE_SC,..,..,..,..,..,..,42.5024423,..,46.8565261,..,41.9095844,..,38.7623033,34.2594786,36.4495499,37.226743,38.3484354,38.7163319,39.4415413,43.5436404,47.4948266,48.1723049,49.204691,49.2958115,47.4749568,46.5035997,48.0215612,49.9120761,48.2135515,52.2664708,49.2735889,50.2448974,49.6189517,47.5089547,47.443648,..
Peru,PER,Regulatory Quality - Governance score (0-100),GOV_WGI_RQ_SC,..,..,..,..,..,..,60.2605874,..,63.0925778,..,58.1341693,..,52.3560097,53.6921172,55.95413,54.9134118,57.2693719,58.4647399,58.467186,59.3406751,59.7507321,60.255632,58.853794,58.5461772,58.9693623,59.8718518,59.9439998,59.1346609,59.559748,60.3036245,58.4128361,56.2007209,55.992677,56.9019498,56.1688958,..
Peru,PER,Rule of Law - Governance score (0-100),GOV_WGI_RL_SC,..,..,..,..,..,..,46.1578086,..,46.2969761,..,43.8886083,..,47.751802,48.006412,50.4393118,48.7645761,48.1091013,47.5983479,46.9981986,48.294113,48.5156767,49.3348511,48.5666599,47.4119267,47.4351095,49.1850818,51.1261135,50.5174914,49.0319289,49.1090845,49.5281582,48.001037,48.5787659,48.7248383,48.2599686,..
Philippines,PHL,Government Effectiveness - Governance score (0-100),GOV_WGI_GE_SC,..,..,..,..,..,..,48.0771556,..,50.7348323,..,45.2630245,..,43.7317302,43.1967241,46.2801684,48.481109,50.2983996,52.0082814,50.9115979,50.7727229,51.2799648,52.8918663,55.6852603,56.0614632,60.1755923,59.274047,56.2005872,54.7710745,55.5875464,54.875588,54.8698093,54.3791841,52.0364364,53.3201947,54.1505555,..
Philippines,PHL,Regulatory Quality - Governance score (0-100),GOV_WGI_RQ_SC,..,..,..,..,..,..,54.6689643,..,57.7276925,..,54.2581929,..,52.2213281,53.2527727,53.7635806,57.6120044,57.353667,57.3648962,56.0512788,55.1268402,54.380669,55.0481266,56.9486553,55.3616356,55.8035335,56.2476709,56.8522856,57.0205367,54.7822362,55.7876579,55.0858329,55.0969912,54.9385089,55.8622915,56.113404,..
Philippines,PHL,Rule of Law - Governance score (0-100),GOV_WGI_RL_SC,..,..,..,..,..,..,56.6222122,..,57.0570252,..,48.7586763,..,50.2310348,47.250227,48.0125906,50.9847328,49.8282888,49.223231,47.4947687,46.0799129,45.7575668,47.9718029,48.561359,48.8760395,50.7512541,49.5647499,48.8248033,46.7882711,45.9532714,45.8276987,46.0680376,45.3703225,46.0841106,46.6183464,47.0863157,..
Poland,POL,Government Effectiveness - Governance score (0-100),GOV_WGI_GE_SC,..,..,..,..,..,..,64.8619823,..,58.9956786,..,59.1681802,..,57.0512339,60.3584342,56.8832803,60.3110102,57.3147645,55.7849285,59.3020561,60.4228425,61.9844209,62.5902655,63.0116543,64.0632258,69.011587,68.2915982,65.9236394,63.461552,64.7981864,64.234619,64.4958416,62.7886528,61.3624514,63.6700055,64.4341341,..
Poland,POL,Regulatory Quality - Governance score (0-100),GOV_WGI_RQ_SC,..,..,..,..,..,..,59.795045,..,63.6645221,..,63.9122359,..,64.9012538,66.1269597,64.9893419,67.1648596,65.7547337,67.0609085,67.2703309,68.575621,69.3796607,68.1654994,68.3264878,69.0928873,68.5171406,67.6749278,67.6559059,66.2486473,66.8854215,67.9175001,65.6740881,65.4865691,65.6980685,66.3020619,65.6793889,..
Poland,POL,Rule of Law - Governance score (0-100),GOV_WGI_RL_SC,..,..,..,..,..,..,68.2744091,..,68.6314899,..,68.1601593,..,66.3780787,64.264699,61.5591455,66.7697341,62.973614,65.1095157,66.4626625,66.1968638,68.0805994,71.4463848,71.9472954,71.1138154,72.1271593,71.3493887,69.9512118,67.6201563,66.3848598,66.0240098,64.8828903,64.0186411,63.0667016,63.0992023,66.8937579,..
Portugal,PRT,Government Effectiveness - Governance score (0-100),GOV_WGI_GE_SC,..,..,..,..,..,..,65.3840853,..,64.9400656,..,67.9709508,..,72.6460301,68.3321604,64.685555,65.5595306,67.4823984,67.0800588,68.7035976,70.9220767,65.6166708,68.0243655,69.0760206,69.1208449,69.4932212,72.9656451,72.6031483,75.2574904,71.9545074,71.0506386,72.704298,74.0464254,71.2121173,70.1204736,69.76339,..
Portugal,PRT,Regulatory Quality - Governance score (0-100),GOV_WGI_RQ_SC,..,..,..,..,..,..,69.6202868,..,72.938007,..,70.926621,..,75.0358914,74.0779148,73.1272057,74.633441,72.0413986,73.3337104,73.4855056,73.354934,69.7608054,66.6460287,66.0360028,66.4369612,64.2949546,68.2696066,68.1083627,69.4430444,69.6061698,70.6329587,67.530389,66.7000979,67.6155815,67.1715892,66.5361271,..
Portugal,PRT,Rule of Law - Governance score (0-100),GOV_WGI_RL_SC,..,..,..,..,..,..,78.6012459,..,76.4992132,..,75.8044584,..,78.2561885,78.5821712,77.4017511,76.6911349,74.8098295,76.8489106,75.8460687,74.6524755,72.1277531,71.8876517,72.2493966,72.4650071,74.4884282,76.3661314,76.1665458,77.1402723,76.4186568,76.1813298,77.3258828,77.0853719,76.338565,75.5940661,75.4172468,..
Puerto Rico (US),PRI,Government Effectiveness - Governance score (0-100),GOV_WGI_GE_SC,..,..,..,..,..,..,76.1417363,..,75.964261,..,76.0256458,..,76.0305301,75.7806317,67.1231546,75.6467849,61.6571197,60.6990895,60.9793965,55.5079445,55.3349316,55.3515912,56.1920571,55.418957,58.3470086,57.5577584,57.5664771,41.847206,44.9006424,46.9040804,43.698022,43.7247381,40.6780488,45.3536609,46.3781293,..
Puerto Rico (US),PRI,Regulatory Quality - Governance score (0-100),GOV_WGI_RQ_SC,..,..,..,..,..,..,71.6126809,..,72.0998364,..,72.2324504,..,72.4317349,72.4330298,65.0015017,72.4105571,72.3508228,70.9202887,70.8464107,69.6545061,69.4176004,69.4263709,72.4942686,70.7682049,69.5505503,70.9684862,70.9844973,70.1170881,68.6592632,67.2133551,67.1812003,67.1682662,67.1261186,64.6482849,65.158503,..
Puerto Rico (US),PRI,Rule of Law - Governance score (0-100),GOV_WGI_RL_SC,..,..,..,..,..,..,70.8571333,..,70.6549454,..,70.5219807,..,70.6890949,66.2271736,65.6379548,71.1444453,70.5199705,70.5861439,69.7500101,70.6536598,70.0354169,68.6661918,70.3003533,68.0609121,68.6916413,69.4242941,68.518913,67.053845,66.1536116,65.8227702,65.8336784,65.79503,64.2870678,66.2016054,66.3623912,..
Qatar,QAT,Government Effectiveness - Governance score (0-100),GOV_WGI_GE_SC,..,..,..,..,..,..,55.9084641,..,55.8267603,..,55.8550203,..,56.7227291,56.6283731,56.0396743,55.4015099,58.981154,63.8304381,65.2511368,71.2981921,70.0924275,70.9408518,70.2942915,73.5009934,70.454238,71.4469466,71.3532322,70.2034412,67.0161522,69.663893,70.089857,73.268826,74.4612461,73.631595,73.395251,..
Qatar,QAT,Regulatory Quality - Governance score (0-100),GOV_WGI_RQ_SC,..,..,..,..,..,..,48.9510893,..,53.6436358,..,53.6876239,..,58.4023434,58.4027267,56.9722273,57.566272,59.6428287,61.6751687,65.9789859,68.9447022,68.4410183,68.2737292,69.868193,69.7748783,65.9261217,66.9662264,66.935551,63.708272,65.5413763,67.311917,68.1661792,68.1491839,68.8041552,69.7069997,70.1032913,..
Qatar,QAT,Rule of Law - Governance score (0-100),GOV_WGI_RL_SC,..,..,..,..,..,..,56.752721,..,60.3252706,..,64.7964805,..,66.4125053,66.4230606,64.7646992,63.7132474,65.649961,66.3897975,65.7993017,70.0115646,69.1275471,68.0101095,69.4905604,70.0939797,67.1802421,66.186725,66.9790558,65.0562881,64.9488555,65.4644262,65.2023123,65.5758121,67.252336,66.8240976,67.1120206,..
Romania,ROU,Government Effectiveness - Governance score (0-100),GOV_WGI_GE_SC,..,..,..,..,..,..,34.352594,..,34.2708903,..,38.9046997,..,42.1031515,39.8812892,45.078003,41.3105724,42.5316841,41.9983483,41.5058701,41.6206754,46.9432834,47.8694759,47.638551,50.4486805,50.3717113,51.1153654,49.0223916,49.0059945,49.355108,48.5141794,46.4798604,49.8294468,55.2104413,53.9057495,59.4705016,..
Romania,ROU,Regulatory Quality - Governance score (0-100),GOV_WGI_RQ_SC,..,..,..,..,..,..,48.2069969,..,54.5439868,..,48.5731162,..,52.515842,52.2073436,53.0443455,54.7086625,59.9612474,61.0659124,61.1510939,60.2086032,61.521932,60.7753019,59.7154009,61.0062002,60.9773922,62.0032978,61.9207644,61.4735595,60.9392095,60.4963512,59.6370643,59.8243483,61.0724244,60.301724,60.9104172,..
Romania,ROU,Rule of Law - Governance score (0-100),GOV_WGI_RL_SC,..,..,..,..,..,..,56.3347969,..,54.2304769,..,51.9312939,..,52.5858841,52.1184827,54.3819208,55.3960116,57.3076423,57.7380045,58.5579585,59.0129028,58.7492572,59.5823293,59.4913483,60.4950077,63.2525014,63.6014536,63.3368063,63.7768049,62.2491966,63.2771988,64.8708497,64.9084499,64.4553816,64.0528645,63.3515938,..
Russian Federation,RUS,Government Effectiveness - Governance score (0-100),GOV_WGI_GE_SC,..,..,..,..,..,..,37.0586144,..,34.4794624,..,31.340309,..,36.1242184,35.8922727,38.1292566,34.7679436,35.3555263,37.2876864,36.5122958,35.7070412,35.6283415,35.6187517,35.1716326,36.98092,47.4684664,45.0710518,44.9980608,47.1232942,48.1709302,52.1461979,50.4999408,49.0645229,47.2828965,47.2868281,45.088178,..
Russian Federation,RUS,Regulatory Quality - Governance score (0-100),GOV_WGI_RQ_SC,..,..,..,..,..,..,44.7957174,..,42.1926066,..,42.5116199,..,49.0194332,49.908066,52.4370748,51.1741026,49.9044654,52.3613468,50.1746866,49.4903899,49.1532411,48.8536298,48.0511263,48.4637966,47.7630882,46.732052,48.1709261,48.6086729,49.2220487,49.2760437,47.8440917,48.9957382,40.795601,40.8431771,38.0144371,..
Russian Federation,RUS,Rule of Law - Governance score (0-100),GOV_WGI_RL_SC,..,..,..,..,..,..,42.039783,..,40.8690386,..,39.1162266,..,40.8422708,40.3293729,43.3394836,41.1411003,40.7238474,41.2345286,40.1764558,40.2130923,40.9579027,45.1689676,40.3548465,41.2144368,42.2901522,41.3230363,42.0417656,42.5565429,42.637509,42.0461647,42.7588393,41.4273487,38.8098571,38.4906606,37.0602119,..
Rwanda,RWA,Government Effectiveness - Governance score (0-100),GOV_WGI_GE_SC,..,..,..,..,..,..,25.9462734,..,25.7687961,..,25.8301809,..,23.7543257,23.5745696,37.7135143,37.1275649,44.1572178,44.0967372,46.583954,46.762872,48.7558083,49.0139879,49.5913373,51.1605222,50.5563848,50.3756701,53.6784936,57.4987691,56.7310978,55.7922219,56.4078546,55.4292332,58.5045849,59.2865923,58.1246449,..
Rwanda,RWA,Regulatory Quality - Governance score (0-100),GOV_WGI_RQ_SC,..,..,..,..,..,..,29.7427087,..,30.0950075,..,30.1909104,..,41.0539779,42.1930593,43.2523861,42.8919966,45.9917936,45.5165786,48.2073643,48.5960021,50.4032082,51.9363401,52.4088203,53.7275209,56.7437483,57.5611337,57.2971611,57.6085268,56.7957183,56.5891947,56.77857,57.4184528,57.3046415,58.4144685,59.1148394,..
Rwanda,RWA,Rule of Law - Governance score (0-100),GOV_WGI_RL_SC,..,..,..,..,..,..,30.7451057,..,30.8349215,..,33.2814402,..,38.1264838,39.4705468,41.9912952,42.484363,43.94919,45.1782356,47.2992173,46.2222455,49.0412967,49.7930654,51.4076256,51.9923747,53.1968847,54.24112,54.8422606,54.5787045,54.4964563,54.5454018,56.4227918,57.29228,57.0811012,58.1948661,58.6905257,..
Samoa,WSM,Government Effectiveness - Governance score (0-100),GOV_WGI_GE_SC,..,..,..,..,..,..,46.0244582,..,45.8469829,..,45.9083676,..,45.913252,45.6633535,46.0309155,52.9131517,51.4961104,51.1712961,51.2190701,50.9830683,50.169023,50.5198728,50.5237519,51.6668892,63.5856826,63.5533667,67.3852444,67.3896543,67.4138621,62.7057435,61.261815,61.3018055,55.5821312,59.4983921,59.7887088,..
Samoa,WSM,Regulatory Quality - Governance score (0-100),GOV_WGI_RQ_SC,..,..,..,..,..,..,56.6422371,..,56.9945359,..,57.0904388,..,57.2345565,57.2354917,53.8049238,58.6212602,55.8766718,55.9231833,52.5901617,54.5270183,54.4595293,53.3442438,53.2826674,54.9363971,54.2944293,55.5958144,56.1317951,56.1482888,56.155069,54.9223968,53.6400336,52.201382,51.7863571,52.1857005,53.2582407,..
Samoa,WSM,Rule of Law - Governance score (0-100),GOV_WGI_RL_SC,..,..,..,..,..,..,69.4822373,..,69.3964626,..,69.3400545,..,69.4109489,69.3807837,66.1579607,75.4915575,73.8876903,73.9199707,72.2092096,70.0282331,71.1538544,71.366176,71.3418366,71.2874319,72.6850425,72.7092717,73.7824245,73.7723941,72.8202911,76.9153921,77.0054557,75.1149511,74.9843254,75.0882074,75.0869803,..
San Marino,SMR,Government Effectiveness - Governance score (0-100),GOV_WGI_GE_SC,..,..,..,..,..,..,..,..,..,..,..,..,..,..,..,..,..,..,..,..,..,..,..,..,..,79.6028749,79.6220817,79.6283194,79.6625603,79.695934,79.6006175,79.6571821,73.8781316,68.8179323,68.793847,..
San Marino,SMR,Regulatory Quality - Governance score (0-100),GOV_WGI_RQ_SC,..,..,..,..,..,..,..,..,..,..,..,..,..,..,..,..,..,..,..,..,..,..,..,..,..,68.5327496,68.5735707,68.6167623,68.634521,68.6826695,68.6006897,68.5677148,68.4798333,68.4891968,68.5104015,..
San Marino,SMR,Rule of Law - Governance score (0-100),GOV_WGI_RL_SC,..,..,..,..,..,..,72.5207113,..,72.1425904,..,71.8939267,..,72.2064542,72.0734774,71.9668881,80.8892815,80.8423841,80.9348331,80.8493733,80.7462072,80.7157357,80.9748394,80.8761257,80.6554776,80.7668842,85.716691,85.7256957,85.7036608,84.8085442,84.8051674,82.0412851,81.9380691,78.3564925,81.2323803,76.8913264,..
Sao Tome and Principe,STP,Government Effectiveness - Governance score (0-100),GOV_WGI_GE_SC,..,..,..,..,..,..,35.9853648,..,35.8078895,..,35.8692743,..,35.8741586,35.6242602,35.2952304,33.5700909,31.5273604,34.1452741,36.1484885,36.2222552,35.4588946,36.8454691,36.081041,34.9352711,37.0540723,38.5418684,39.741267,40.7292235,43.9278328,42.4090624,41.8378146,39.8252788,38.6919666,38.1821735,37.3665708,..
Sao Tome and Principe,STP,Regulatory Quality - Governance score (0-100),GOV_WGI_RQ_SC,..,..,..,..,..,..,43.6032734,..,44.090429,..,44.223043,..,50.0242068,47.2245588,39.6449749,42.3878883,43.236069,42.4700953,42.9673193,42.6127541,42.3477185,43.6822883,43.240586,41.4135316,42.3016329,43.0185275,43.3392141,42.7356198,41.7971603,41.398585,41.7600912,41.8956308,41.9543257,40.9661815,40.8123471,..
Sao Tome and Principe,STP,Rule of Law - Governance score (0-100),GOV_WGI_RL_SC,..,..,..,..,..,..,59.7245568,..,59.5976829,..,59.2383303,..,53.9092667,54.0792482,49.0274008,49.802268,49.7512589,50.6878619,49.995792,47.3308127,48.5750347,48.5620802,47.0118588,45.4944995,46.0064267,46.926115,48.2600891,48.3736505,48.4455172,48.5757248,50.8225907,50.1874332,51.8981977,50.8870276,50.8864648,..
Saudi Arabia,SAU,Government Effectiveness - Governance score (0-100),GOV_WGI_GE_SC,..,..,..,..,..,..,45.4496463,..,45.3679406,..,45.3962005,..,40.6328803,40.5506399,41.1105265,42.2803838,47.579204,48.6124747,49.9245436,50.4049334,53.073876,51.5118931,51.2044443,49.8606797,52.8043993,52.9975543,56.8213355,54.7809656,56.5030836,56.4333535,53.4389277,58.8939981,61.3410999,65.4540371,66.5710105,..
Saudi Arabia,SAU,Regulatory Quality - Governance score (0-100),GOV_WGI_RQ_SC,..,..,..,..,..,..,49.1532884,..,50.6149316,..,53.9369559,..,50.9889998,52.1743876,53.3878944,54.6136097,53.425383,55.7363346,59.1483095,59.0172049,60.3517431,61.082138,58.6352084,59.1553247,57.9327825,58.6054982,57.8279089,56.4465642,56.1327398,57.6909104,57.5945518,60.9762692,63.6030924,64.4850665,66.0645617,..
Saudi Arabia,SAU,Rule of Law - Governance score (0-100),GOV_WGI_RL_SC,..,..,..,..,..,..,60.5540714,..,57.4645712,..,52.9072905,..,54.4491699,55.1046395,55.5422027,52.9324818,54.7330398,54.2546442,53.6758482,51.7252129,53.8738625,54.2514241,53.7610533,53.4764502,49.4849731,52.3558045,53.5228864,51.2380399,52.9607246,54.0463,53.8782065,54.1098832,57.6414938,58.9708502,60.5850662,..
Senegal,SEN,Government Effectiveness - Governance score (0-100),GOV_WGI_GE_SC,..,..,..,..,..,..,45.4496463,..,40.1080395,..,40.1362995,..,40.8356036,36.6895358,39.1925645,40.843286,41.1530001,42.7186189,46.1249118,44.7084538,45.788363,46.4693043,46.6746915,47.8301601,48.9253115,48.1766856,47.7480792,50.7623495,49.6678242,53.7598532,52.997811,53.8862413,53.6808016,54.28861,55.8984038,..
Senegal,SEN,Regulatory Quality - Governance score (0-100),GOV_WGI_RQ_SC,..,..,..,..,..,..,51.1173712,..,52.5790145,..,52.6230025,..,53.300915,50.8037471,48.7958165,49.8581716,48.461158,48.200988,49.8902885,49.1144087,48.9005025,49.7209697,50.9807671,51.2493039,50.6713145,52.3890682,52.2751323,51.9114907,51.3527707,51.6037477,51.0489422,51.0670241,50.899161,50.6656509,51.0517148,..
Senegal,SEN,Rule of Law - Governance score (0-100),GOV_WGI_RL_SC,..,..,..,..,..,..,55.4952037,..,56.1476495,..,56.181706,..,57.5005622,53.8341678,54.6070987,56.4876228,53.108475,53.9133026,53.2114432,51.9672109,51.0798253,51.0220215,53.4890846,53.3757951,54.625435,54.6010027,55.8181884,54.7344924,54.5950702,55.0407431,55.2541678,54.4086473,54.6305122,54.0331287,53.4421286,..
Serbia,SRB,Government Effectiveness - Governance score (0-100),GOV_WGI_GE_SC,..,..,..,..,..,..,40.8279758,..,34.9091227,..,34.8636684,..,42.3284494,39.364226,45.8533372,43.2901234,44.758528,44.5485559,45.0068457,46.8141732,46.8152212,45.7020802,45.6508238,46.5369286,53.3985172,50.5063767,52.4828166,53.5512889,54.1095364,52.6343108,52.2674644,52.5624827,54.8176118,53.3537882,53.3227691,..
Serbia,SRB,Regulatory Quality - Governance score (0-100),GOV_WGI_RQ_SC,..,..,..,..,..,..,32.3274931,..,26.5406624,..,25.2183108,..,40.424337,40.386514,44.4559175,43.5528191,45.6874493,48.2301004,48.5492146,49.3518837,50.4168773,50.4784379,50.4953306,50.9473049,54.8908413,56.0846496,54.7222701,55.1398973,56.2769537,55.8765472,55.8925158,55.7399573,56.2704953,56.2043515,56.0984827,..
Serbia,SRB,Rule of Law - Governance score (0-100),GOV_WGI_RL_SC,..,..,..,..,..,..,36.5981475,..,34.9435845,..,32.7175762,..,41.6311974,41.8674987,44.1405472,41.8687309,49.5102006,52.4110818,50.3917139,49.8786955,49.8112674,52.9772348,53.2932801,53.4589418,55.7491029,56.2968645,55.7730878,55.242332,55.2452441,55.8408842,54.6437868,53.6493317,54.2806083,53.7972921,53.5212307,..
Seychelles,SYC,Government Effectiveness - Governance score (0-100),GOV_WGI_GE_SC,..,..,..,..,..,..,66.1026449,..,65.9251677,..,65.9865524,..,65.9914368,65.7415403,56.7421342,57.912532,57.882946,57.9276867,57.9625848,62.9735071,62.9966319,62.9830269,65.153802,63.7929812,62.4827984,64.1264286,67.1504773,63.3720998,63.9890235,62.2651148,60.9952394,62.2528806,59.3334232,61.6339366,63.5273525,..
Seychelles,SYC,Regulatory Quality - Governance score (0-100),GOV_WGI_RQ_SC,..,..,..,..,..,..,57.607978,..,58.0951335,..,58.2277459,..,61.2279748,64.0302061,48.3600333,52.0337901,52.0105383,54.4019226,52.9959619,56.4203521,58.2771183,57.1856635,57.708412,56.7425859,53.4671095,59.3315025,58.8420191,56.9076654,58.8493418,59.1892222,59.166882,59.157897,60.0165231,61.6153209,61.008506,..
Seychelles,SYC,Rule of Law - Governance score (0-100),GOV_WGI_RL_SC,..,..,..,..,..,..,64.863382,..,64.7365081,..,64.974971,..,65.2484508,66.3228203,64.8374093,64.0455293,62.1829388,63.713571,62.5752,60.3418875,58.8142621,58.8923126,59.3522445,59.6881063,59.3773928,61.9891394,62.7700871,61.3002621,64.445451,64.4171755,66.1375161,66.4674143,67.2621254,66.5105358,67.2377568,..
Sierra Leone,SLE,Government Effectiveness - Governance score (0-100),GOV_WGI_GE_SC,..,..,..,..,..,..,19.365579,..,11.7878244,..,11.827914,..,10.9978624,10.8678033,24.3187156,25.2855733,28.0732217,29.1651764,28.5210661,28.2811444,29.1135234,29.3026709,29.9020484,29.7841088,30.9604681,28.950985,31.0381897,31.5694665,32.3906127,31.0425355,32.7329169,31.6595778,32.7063428,32.7813461,32.5361337,..
Sierra Leone,SLE,Regulatory Quality - Governance score (0-100),GOV_WGI_RQ_SC,..,..,..,..,..,..,25.5604859,..,23.6856504,..,25.8990384,..,32.9549512,32.9553959,35.7326375,36.6760113,36.8779706,37.1222857,37.3520737,39.2467923,39.7734552,40.0458387,39.9158759,40.1520655,40.8361682,40.2811609,40.4544273,40.3730515,40.3917044,40.8066709,40.5946053,40.4559666,39.0056536,39.1025137,38.1620198,..
Sierra Leone,SLE,Rule of Law - Governance score (0-100),GOV_WGI_RL_SC,..,..,..,..,..,..,35.6543453,..,37.9888446,..,38.2374481,..,31.3690006,36.9143753,39.2651078,40.4390499,41.9588341,42.2149001,42.0940569,42.549101,42.5656801,43.4781967,44.2013733,42.1297915,41.5713214,43.3799443,43.1532845,43.9263755,44.2858469,43.5069352,45.3519897,43.8997041,43.5295173,42.7332607,42.5322345,..
Singapore,SGP,Government Effectiveness - Governance score (0-100),GOV_WGI_GE_SC,..,..,..,..,..,..,94.7718375,..,96.2460578,..,96.9403201,..,91.5412621,91.8302256,93.275029,93.6196879,94.0903284,95.6676507,95.925595,93.3599333,93.6769719,92.7010182,94.9863419,93.6220464,93.3818933,93.8738309,95.0042168,94.4261072,94.4482054,94.9771682,94.4177755,94.4686196,94.1426523,95.3284225,95.6655857,..
Singapore,SGP,Regulatory Quality - Governance score (0-100),GOV_WGI_RQ_SC,..,..,..,..,..,..,84.2606379,..,84.5604558,..,88.0869628,..,87.0307129,87.5060667,84.6635788,85.5184986,85.9851119,87.4421009,87.7977165,85.8155486,86.4798046,85.5341928,88.3833661,87.7924378,88.9478347,90.0384427,89.5352634,88.7548541,88.5630657,89.2601751,88.3329386,88.5386295,87.1812874,88.4485778,88.4893485,..
Singapore,SGP,Rule of Law - Governance score (0-100),GOV_WGI_RL_SC,..,..,..,..,..,..,81.4286391,..,80.4460439,..,82.1930439,..,81.6381485,82.3933369,82.8043061,83.1230088,81.7186928,81.4018782,81.3751139,80.6871487,80.937647,81.4140703,83.6966209,82.4969849,83.4581304,83.5736762,83.5961362,82.6575367,83.3609829,83.234615,82.2710686,81.6232905,81.5399907,81.48039,81.596249,..
Sint Maarten (Dutch part),SXM,Government Effectiveness - Governance score (0-100),GOV_WGI_GE_SC,..,..,..,..,..,..,..,..,..,..,..,..,..,..,..,..,..,..,..,..,..,..,..,..,..,..,..,..,..,..,..,..,..,..,..,..
Sint Maarten (Dutch part),SXM,Regulatory Quality - Governance score (0-100),GOV_WGI_RQ_SC,..,..,..,..,..,..,..,..,..,..,..,..,..,..,..,..,..,..,..,..,..,..,..,..,..,..,..,..,..,..,..,..,..,..,..,..
Sint Maarten (Dutch part),SXM,Rule of Law - Governance score (0-100),GOV_WGI_RL_SC,..,..,..,..,..,..,..,..,..,..,..,..,..,..,..,..,..,..,..,..,..,..,..,..,..,..,..,..,..,..,..,..,..,..,..,..
Slovak Republic,SVK,Government Effectiveness - Governance score (0-100),GOV_WGI_GE_SC,..,..,..,..,..,..,61.0084011,..,58.2638174,..,61.2088864,..,58.8428759,61.5621551,65.4029324,68.274575,64.9890003,62.9013989,63.7645112,64.1709165,60.3353716,60.6032227,61.430173,60.4719231,65.2069308,63.8746246,65.5394255,62.4352091,61.6389123,59.8649255,64.9044752,65.6644156,66.8181382,62.7084734,64.126485,..
Slovak Republic,SVK,Regulatory Quality - Governance score (0-100),GOV_WGI_RQ_SC,..,..,..,..,..,..,56.1334937,..,58.7287472,..,60.3084505,..,67.6775427,71.047154,72.6410343,73.8741765,72.9878715,71.6034925,71.939389,71.1287633,70.6100964,70.1388637,70.2370487,68.302602,66.3341836,66.026849,68.0983558,66.5592118,65.6685855,66.3324661,64.477053,66.552818,66.3156805,63.3366469,61.245571,..
Slovak Republic,SVK,Rule of Law - Governance score (0-100),GOV_WGI_RL_SC,..,..,..,..,..,..,61.3053771,..,60.4981573,..,61.0005067,..,61.2705289,62.5838226,62.1431528,63.899302,64.3707325,63.8004059,65.0556376,63.4602622,61.6229542,62.5090937,62.7294974,62.3770084,60.752874,61.1753692,61.6864479,61.4165135,62.2253529,63.2840624,66.0276585,69.1341509,67.1566049,66.4899363,66.6189425,..
Slovenia,SVN,Government Effectiveness - Governance score (0-100),GOV_WGI_GE_SC,..,..,..,..,..,..,66.3938113,..,61.0866613,..,60.5322132,..,64.0204509,67.2458911,66.4847685,65.96013,66.6016329,66.0814587,70.4420524,70.9491602,66.7615716,67.4058609,68.0873096,67.4943545,71.3685561,71.2158233,74.67346,75.4494767,76.6205375,76.0758989,77.9872169,77.47504,75.802794,73.9433915,72.521532,..
Slovenia,SVN,Regulatory Quality - Governance score (0-100),GOV_WGI_RQ_SC,..,..,..,..,..,..,65.8089101,..,67.6645739,..,64.6316587,..,67.7407057,68.9040104,67.0758094,67.1987476,68.3219771,69.1388074,69.3526079,70.5077778,67.7420115,66.5993989,65.0103337,64.6034515,63.3789979,63.9180477,65.0040219,64.4348235,65.1364703,68.8169159,67.8206368,67.9447815,66.4897497,67.4059809,67.4509563,..
Slovenia,SVN,Rule of Law - Governance score (0-100),GOV_WGI_RL_SC,..,..,..,..,..,..,75.1451404,..,78.2254381,..,73.5290709,..,71.1214157,71.1148636,69.503052,70.1604182,70.535942,71.8389265,71.9377297,71.7969978,71.2311976,70.3779684,70.702471,69.6825269,70.9090511,70.8631553,71.0108421,69.4542372,70.0199031,72.7366471,73.0811279,72.9026581,72.8190416,73.6727149,73.8081992,..
Solomon Islands,SLB,Government Effectiveness - Governance score (0-100),GOV_WGI_GE_SC,..,..,..,..,..,..,..,..,..,..,..,..,..,..,30.6173589,36.6636636,35.2466204,32.9768713,32.8332655,34.3608811,33.597643,34.591771,35.6728741,34.5384069,34.1642807,34.1319647,34.1431975,30.2323343,29.9329761,32.4288124,32.3614233,29.5707573,33.6434745,33.6582675,34.4510294,..
Solomon Islands,SLB,Regulatory Quality - Governance score (0-100),GOV_WGI_RQ_SC,..,..,..,..,..,..,..,..,..,..,..,..,..,..,39.1988897,36.4406607,35.161302,36.0732591,35.4980376,34.94045,36.0399105,38.1996457,38.26117,38.3305642,39.3016752,40.4504923,40.464081,40.4784598,40.4843725,43.0236864,40.4902631,38.1800039,38.1507479,38.1538659,40.8504209,..
Solomon Islands,SLB,Rule of Law - Governance score (0-100),GOV_WGI_RL_SC,..,..,..,..,..,..,70.9557954,..,70.3234655,..,63.9504591,..,69.4437284,70.0407539,51.7137489,47.8398657,47.3689826,46.8852224,49.1175883,47.1365124,48.7579001,49.7954697,50.1876741,50.1427972,52.9686191,52.9795738,53.4354096,53.5076515,54.1718194,55.5425693,60.5984199,57.2289463,59.5015181,59.5844582,59.6040836,..
"Somalia, Fed. Rep.",SOM,Government Effectiveness - Governance score (0-100),GOV_WGI_GE_SC,..,..,..,..,..,..,11.9037321,..,11.7878244,..,11.827914,..,14.050978,8.696023,13.9353872,11.9190326,11.9006425,11.9284513,12.0506025,14.1449704,10.8098893,10.6819243,11.1874825,10.6955099,8.4537913,11.4613962,12.9063358,12.43294,11.8103814,12.2348482,13.6404214,13.161278,13.508484,15.0705194,13.4236225,..
"Somalia, Fed. Rep.",SOM,Regulatory Quality - Governance score (0-100),GOV_WGI_RQ_SC,..,..,..,..,..,..,8.3901671,..,14.1405974,..,19.6461543,..,19.4838948,18.3751891,24.9090868,24.6083511,22.3050896,22.3241604,21.8021043,22.4310071,20.7066987,20.1909544,21.5888385,19.8878545,22.0434292,22.7373922,21.9091576,21.9264273,23.6696629,23.7353761,25.3921244,26.6632126,26.6518083,28.0555751,27.6160004,..
"Somalia, Fed. Rep.",SOM,Rule of Law - Governance score (0-100),GOV_WGI_RL_SC,..,..,..,..,..,..,17.2309345,..,17.1211577,..,17.0357049,..,13.8290927,13.7996056,14.188836,16.5999884,14.1098664,14.1604538,14.5073269,16.0536725,15.9177819,15.9946656,16.4370736,16.3872555,18.6118783,19.1801396,18.4495039,17.0912197,17.2978239,17.7778166,19.3865751,19.6488886,19.0121046,20.2994773,19.0073717,..
South Africa,ZAF,Government Effectiveness - Governance score (0-100),GOV_WGI_GE_SC,..,..,..,..,..,..,63.3121811,..,57.29324,..,60.5355109,..,59.6843275,60.2338991,60.482382,60.9310606,58.7777773,57.7990956,57.2731757,58.6564816,56.6288359,57.2747409,57.4905229,57.8248395,57.784499,56.0942459,55.2548767,55.6720559,54.2202351,55.0228162,53.1939817,52.1589454,51.3101517,47.7497513,46.9478119,..
South Africa,ZAF,Regulatory Quality - Governance score (0-100),GOV_WGI_RQ_SC,..,..,..,..,..,..,57.6558206,..,61.4045784,..,62.4703306,..,67.677732,68.1431513,64.9081175,64.8663863,65.9726648,64.9410041,65.0450418,65.5475209,65.9566631,65.1912729,64.9902582,64.7152677,61.1976038,59.510035,58.9811893,58.4851513,55.9437729,56.7364366,56.2807483,55.1425627,53.8802608,53.8835444,53.9146724,..
South Africa,ZAF,Rule of Law - Governance score (0-100),GOV_WGI_RL_SC,..,..,..,..,..,..,56.7649423,..,56.8239251,..,56.7517847,..,58.2238799,58.5767716,59.2475174,60.0339037,62.2419199,59.6965963,58.2929946,57.5409351,58.0836126,57.1498614,57.1425296,57.3896237,58.1773817,57.7229004,58.1714096,57.2114826,55.7886824,55.6753499,55.9083277,59.0484877,57.5516367,57.6449634,57.2693915,..
South Sudan,SSD,Government Effectiveness - Governance score (0-100),GOV_WGI_GE_SC,..,..,..,..,..,..,..,..,..,..,..,..,..,..,..,..,..,..,..,..,..,20.6906617,22.2859444,19.1508295,15.7557228,12.8069807,11.4218237,9.7648452,10.9648523,10.6087176,9.2813794,7.7355934,8.235468,8.4465115,9.0916193,..
South Sudan,SSD,Regulatory Quality - Governance score (0-100),GOV_WGI_RQ_SC,..,..,..,..,..,..,..,..,..,..,..,..,..,..,..,..,..,..,..,..,..,29.993121,32.4232635,30.0941906,28.544087,28.4674316,27.1286746,26.5572334,25.1220594,25.2004591,24.0730391,24.3631591,24.3495563,23.2975773,24.4315487,..
South Sudan,SSD,Rule of Law - Governance score (0-100),GOV_WGI_RL_SC,..,..,..,..,..,..,..,..,..,..,..,..,..,..,..,..,..,..,..,..,..,33.8079242,37.0869057,33.7003453,28.065623,27.825587,26.7323683,26.787656,24.7667786,24.7413532,24.1341269,22.9250905,23.7501028,22.5403676,23.0160749,..
Spain,ESP,Government Effectiveness - Governance score (0-100),GOV_WGI_GE_SC,..,..,..,..,..,..,77.9048112,..,76.709142,..,81.8658575,..,86.2093832,86.0152639,74.5430276,76.6901432,71.1230909,73.211155,71.7543779,69.5244385,66.8234911,68.373687,68.890859,71.2501964,71.1855431,72.1152492,71.8350998,71.1731923,72.1501162,73.0905204,71.7138819,73.1230736,73.5436342,72.3009649,72.9391098,..
Spain,ESP,Regulatory Quality - Governance score (0-100),GOV_WGI_RQ_SC,..,..,..,..,..,..,68.8943031,..,74.8257057,..,77.1711162,..,77.9907428,77.4506079,76.5805475,77.5153512,74.0739499,74.4759571,73.8607171,72.3578916,72.2345733,70.0173765,68.6282739,68.6496773,65.8536441,67.5496507,70.0438804,68.8481133,68.7999285,69.7613795,68.0649345,69.3909435,68.0777898,65.819898,64.6542875,..
Spain,ESP,Rule of Law - Governance score (0-100),GOV_WGI_RL_SC,..,..,..,..,..,..,79.5395287,..,75.9065093,..,78.0475225,..,77.3218624,77.1516623,74.9635142,75.0136679,76.235034,77.1659008,76.5408837,73.8487115,73.4242267,74.5500735,75.6138206,73.4253368,72.5061923,73.3826078,74.2855433,74.608077,74.0378141,75.8206692,73.8338432,72.8117494,73.4979264,72.9785917,73.0011894,..
Sri Lanka,LKA,Government Effectiveness - Governance score (0-100),GOV_WGI_GE_SC,..,..,..,..,..,..,45.4496463,..,39.5307932,..,41.8152575,..,49.1211731,43.7740306,42.3733184,44.4181741,45.7225878,47.0295098,46.9117938,49.4814008,47.7331656,48.1592055,47.9577187,48.5462523,54.0569792,53.0872671,50.6200095,49.9814465,49.4433819,49.9535152,49.1348325,46.7645248,41.5449098,45.8075951,46.002677,..
Sri Lanka,LKA,Regulatory Quality - Governance score (0-100),GOV_WGI_RQ_SC,..,..,..,..,..,..,50.439443,..,53.4268624,..,52.4083188,..,56.5105615,54.8933632,54.0492074,51.8417258,52.0087215,53.0160942,51.9288818,52.53646,53.6739375,55.1947692,54.9761742,53.6578916,54.7627017,55.3461181,54.1602129,53.0174742,51.869403,51.9292761,53.092032,52.2929256,47.6567352,48.8697814,50.1437699,..
Sri Lanka,LKA,Rule of Law - Governance score (0-100),GOV_WGI_RL_SC,..,..,..,..,..,..,59.0367121,..,55.6215251,..,58.5166029,..,61.0703237,59.8295369,59.6001802,58.6139536,58.1159171,57.2158094,53.7741609,54.3482842,52.9963387,52.0342277,54.4925787,50.8354953,50.759992,55.0627005,55.128929,55.042965,55.9734754,55.6205441,53.678349,52.9797493,51.2865827,51.5342172,52.5287187,..
St. Kitts and Nevis,KNA,Government Effectiveness - Governance score (0-100),GOV_WGI_GE_SC,..,..,..,..,..,..,..,..,..,..,..,..,..,..,55.6237959,70.3462712,70.3020438,70.3689254,70.4210937,70.6032472,76.0244169,75.9980761,76.0047104,76.0121205,59.5799423,66.2174152,66.236622,66.2428596,66.2771005,66.3104743,66.2151577,59.5789973,64.7851045,64.8078696,64.7837862,..
St. Kitts and Nevis,KNA,Regulatory Quality - Governance score (0-100),GOV_WGI_RQ_SC,..,..,..,..,..,..,..,..,..,..,..,..,..,..,55.78448,72.6440467,72.6009165,70.6537123,70.6204094,70.5757952,75.1502389,75.1671664,74.9822008,74.9547853,57.1544045,63.6710041,63.6918334,62.5606173,62.5007726,62.401941,62.3601136,62.5899363,63.2881529,62.6831675,62.4326905,..
St. Kitts and Nevis,KNA,Rule of Law - Governance score (0-100),GOV_WGI_RL_SC,..,..,..,..,..,..,72.5207113,..,72.1425904,..,71.8939267,..,72.2064542,72.0734774,69.4125116,72.8368891,72.8122399,72.8608309,72.8159144,72.7616921,73.4507846,73.5948089,73.5399377,74.5675441,59.7466158,70.7916035,70.8281574,71.6330865,69.7384789,67.8629752,67.8711572,67.1177655,66.8022279,66.6592259,67.1267598,..
St. Lucia,LCA,Government Effectiveness - Governance score (0-100),GOV_WGI_GE_SC,..,..,..,..,..,..,..,..,..,..,..,..,..,..,54.3711907,67.1748504,65.9666184,67.1925406,67.2332738,68.5492043,72.0800264,72.0607087,67.4873897,67.491856,56.4126106,54.0319062,55.2171825,55.220943,55.2415828,57.1924772,53.6423161,48.7756878,54.8914077,58.8922909,56.5559402,..
St. Lucia,LCA,Regulatory Quality - Governance score (0-100),GOV_WGI_RQ_SC,..,..,..,..,..,..,..,..,..,..,..,..,..,..,56.6015689,65.0076525,64.9836311,65.2166018,62.3276765,64.4922709,65.3906583,66.2016342,63.8654973,63.855943,61.5571401,59.9269903,59.9376502,59.4324648,59.5005216,60.3250058,59.3500292,58.0111523,58.0212097,58.2468924,57.7308058,..
St. Lucia,LCA,Rule of Law - Governance score (0-100),GOV_WGI_RL_SC,..,..,..,..,..,..,72.5207113,..,72.1425904,..,71.8939267,..,72.2064542,72.0734774,68.6556795,72.0202085,72.0041217,72.0358341,72.9986456,72.9728743,73.2963873,72.1969143,71.3462615,71.2911442,68.7951224,70.7282234,70.6543499,69.6235768,68.4277031,68.4412101,67.1996523,67.7258334,66.1178822,65.7777797,65.6263169,..
St. Martin (French part),MAF,Government Effectiveness - Governance score (0-100),GOV_WGI_GE_SC,..,..,..,..,..,..,..,..,..,..,..,..,..,..,..,..,..,..,..,..,..,..,..,..,..,..,..,..,..,..,..,..,..,..,..,..
St. Martin (French part),MAF,Regulatory Quality - Governance score (0-100),GOV_WGI_RQ_SC,..,..,..,..,..,..,..,..,..,..,..,..,..,..,..,..,..,..,..,..,..,..,..,..,..,..,..,..,..,..,..,..,..,..,..,..
St. Martin (French part),MAF,Rule of Law - Governance score (0-100),GOV_WGI_RL_SC,..,..,..,..,..,..,..,..,..,..,..,..,..,..,..,..,..,..,..,..,..,..,..,..,..,..,..,..,..,..,..,..,..,..,..,..
St. Vincent and the Grenadines,VCT,Government Effectiveness - Governance score (0-100),GOV_WGI_GE_SC,..,..,..,..,..,..,..,..,..,..,..,..,..,..,55.6237959,66.001151,65.9666184,67.1925406,67.2332738,67.375501,70.6521645,70.6328469,70.6377117,70.6431464,57.1647519,57.1242325,62.0464279,62.0510011,62.0761111,62.1005873,57.1225759,57.1640578,61.698763,57.7335517,56.5559402,..
St. Vincent and the Grenadines,VCT,Regulatory Quality - Governance score (0-100),GOV_WGI_RQ_SC,..,..,..,..,..,..,..,..,..,..,..,..,..,..,55.672678,63.790919,62.6405721,63.9998698,61.2732514,62.2961116,63.6699096,63.6767228,63.602277,63.5912417,61.7403567,58.2942083,58.886116,57.9161657,58.6370237,58.548953,57.5739764,57.0909466,56.2294076,56.3732224,56.5377262,..
St. Vincent and the Grenadines,VCT,Rule of Law - Governance score (0-100),GOV_WGI_RL_SC,..,..,..,..,..,..,72.5207113,..,72.1425904,..,71.8939267,..,72.2064542,72.0734774,69.4125116,72.7300657,72.7139789,69.7235899,74.6512914,74.6255201,74.9929548,75.0593984,75.0340832,74.4468506,69.0469442,67.6832989,67.7938037,67.6123839,67.5173567,68.7276736,68.1783114,68.1077338,67.5671611,66.4323045,65.6008313,..
Sudan,SDN,Government Effectiveness - Governance score (0-100),GOV_WGI_GE_SC,..,..,..,..,..,..,29.7309255,..,29.6492198,..,29.6774797,..,25.2511866,21.235802,26.3067713,23.1902877,28.5979594,28.4706672,25.8668562,27.4996056,25.7057645,25.6491299,25.7528404,25.8422537,25.8815909,26.1909997,26.5963122,27.1943753,22.3317137,23.7455895,23.5485827,23.2904788,21.4739485,16.8737656,16.4591471,..
Sudan,SDN,Regulatory Quality - Governance score (0-100),GOV_WGI_RQ_SC,..,..,..,..,..,..,30.9133234,..,33.6750206,..,30.747938,..,33.1873336,31.6718736,36.2362347,36.4766668,36.714943,35.7657795,34.4802605,35.4317834,33.919137,34.1519878,32.7933604,31.5652004,32.2862556,31.8408659,32.5946168,32.3639503,31.1206277,30.7397038,31.1921338,31.387641,30.4201038,29.5639854,28.6395041,..
Sudan,SDN,Rule of Law - Governance score (0-100),GOV_WGI_RL_SC,..,..,..,..,..,..,28.39775,..,28.3604492,..,29.0558563,..,34.5555227,29.9718805,30.529564,28.7740396,33.3335249,32.8033286,32.4164939,32.9834782,33.1594335,32.3334557,32.4568014,31.6175834,32.23568,31.3178917,31.4756433,33.1752484,33.4209519,32.485736,33.8185002,33.8937574,32.4736249,28.4717405,26.4447602,..
Suriname,SUR,Government Effectiveness - Governance score (0-100),GOV_WGI_GE_SC,..,..,..,..,..,..,39.0348755,..,46.3808146,..,52.9773364,..,52.9805252,52.8173199,51.0695903,50.9616273,46.128017,45.9498515,48.3633016,49.9966031,50.0118122,49.2552668,51.3128816,51.1241716,50.0904536,50.072217,50.6703112,48.86759,48.8805183,48.6264355,48.5825543,45.5274846,44.1239744,44.136018,42.5072216,..
Suriname,SUR,Regulatory Quality - Governance score (0-100),GOV_WGI_RQ_SC,..,..,..,..,..,..,38.1034621,..,40.5105231,..,39.9720489,..,42.5093724,42.5100806,41.3616215,44.5533785,46.3008882,47.2631073,47.5324564,47.7087887,47.4438935,48.2874358,48.7659786,49.3147184,44.6337954,45.1233261,44.7438468,44.337012,43.430537,45.3650405,43.8917138,44.9491339,43.533242,43.3391857,40.3728954,..
Suriname,SUR,Rule of Law - Governance score (0-100),GOV_WGI_RL_SC,..,..,..,..,..,..,55.2635046,..,55.2003018,..,55.1587379,..,54.5330101,54.5107825,54.5316763,56.7210826,53.3960556,53.6929746,54.0587503,54.6782547,55.5696486,55.659683,55.8021497,55.7911538,54.7294101,53.5838897,53.3546466,52.8102583,52.4780246,52.6862672,53.7793259,53.5712984,53.1846565,53.7366726,53.3749759,..
Sweden,SWE,Government Effectiveness - Governance score (0-100),GOV_WGI_GE_SC,..,..,..,..,..,..,85.5207947,..,85.9036571,..,89.3536524,..,90.7449206,89.8772137,87.2003458,86.8969802,86.7097829,89.7790914,89.7862352,91.4146193,89.1761479,89.9131035,90.2247989,89.1206664,88.6060706,86.9421622,86.5662432,87.8289379,88.642499,88.1363537,89.8547462,89.5832785,88.5743205,84.2596283,85.8476797,..
Sweden,SWE,Regulatory Quality - Governance score (0-100),GOV_WGI_RQ_SC,..,..,..,..,..,..,73.7626394,..,72.9201285,..,77.8582597,..,82.9124701,83.7091807,83.1273857,81.7112682,81.2955588,82.771942,83.0373671,82.6242143,82.433022,87.4426451,86.7436005,85.9518547,82.0803778,83.0277119,83.3458545,82.3920542,82.6107707,82.901326,81.9153993,81.3707932,80.476847,81.237255,81.2293598,..
Sweden,SWE,Rule of Law - Governance score (0-100),GOV_WGI_RL_SC,..,..,..,..,..,..,86.7243209,..,85.839424,..,89.4183347,..,89.667229,89.9962546,89.0382053,87.3418547,88.9308759,89.6576099,90.0980594,89.2583715,89.2438233,89.8197003,90.3309494,89.7310532,89.330092,90.4975318,90.4468153,89.227912,88.6126758,89.0964326,88.2963879,87.7428486,86.879293,86.1321936,86.6824542,..
Switzerland,CHE,Government Effectiveness - Governance score (0-100),GOV_WGI_GE_SC,..,..,..,..,..,..,87.0413929,..,87.9810407,..,91.5832515,..,91.6315252,90.8187943,89.9794757,89.8278531,87.3153202,87.812603,87.671873,86.8540031,86.2603227,87.1610319,89.0475918,88.0028763,92.1264669,90.9279414,91.9981422,92.0825467,92.4115084,91.3100572,89.4428946,91.7851193,90.7446251,91.0245042,87.1231822,..
Switzerland,CHE,Regulatory Quality - Governance score (0-100),GOV_WGI_RQ_SC,..,..,..,..,..,..,74.6972128,..,78.3205563,..,84.7939943,..,87.07137,84.8809106,84.3962737,82.3750589,83.1004181,84.8944393,82.9020972,82.2650848,82.3116231,82.3955839,84.0283691,83.2053643,85.0513129,83.1926194,85.1322833,84.9467689,83.3279776,82.7328005,80.7781016,82.6188425,82.6520571,83.3372875,82.7948642,..
Switzerland,CHE,Rule of Law - Governance score (0-100),GOV_WGI_RL_SC,..,..,..,..,..,..,90.7250694,..,90.3367236,..,91.4537671,..,89.763991,89.696217,88.5915979,89.4406776,87.7701379,88.408667,88.4713777,87.6789005,87.9172309,88.0617526,89.1280452,87.8912634,89.3343258,89.4186118,89.6140582,89.4848403,89.896047,89.9081065,88.0766158,87.7615326,87.5885942,87.80785,87.3183948,..
Syrian Arab Republic,SYR,Government Effectiveness - Governance score (0-100),GOV_WGI_GE_SC,..,..,..,..,..,..,30.3691579,..,25.0275512,..,29.6774797,..,26.8796836,22.864299,27.3579228,26.4984622,31.4629424,32.6819813,36.2838694,37.442941,37.8431962,37.9439512,33.2996984,29.2645568,31.5785352,27.1159673,22.7390037,22.7411231,22.7527564,20.4407322,22.6938196,21.6579239,19.9404842,19.9499281,18.8174812,..
Syrian Arab Republic,SYR,Regulatory Quality - Governance score (0-100),GOV_WGI_RQ_SC,..,..,..,..,..,..,38.1981868,..,33.8367424,..,33.8807304,..,39.9974236,39.8907362,37.2891852,37.2589955,34.2458041,37.1387511,40.5092582,41.5997889,43.1098235,41.651762,32.40427,30.7936736,29.04585,30.4195487,29.0585255,29.0097903,30.4497683,29.6814099,28.8698836,27.1837909,25.0212658,25.0233571,23.3597703,..
Syrian Arab Republic,SYR,Rule of Law - Governance score (0-100),GOV_WGI_RL_SC,..,..,..,..,..,..,47.3694163,..,47.3411271,..,47.5058782,..,44.2406154,43.5384617,44.2281721,43.5336118,40.5930908,41.4693962,43.1398619,43.2288429,43.8349385,40.067741,34.1414831,29.6304046,28.2933085,28.6062077,25.1896198,25.8597374,26.383812,25.454539,25.1000037,24.4584471,24.6884269,24.9224185,25.7521361,..
Tajikistan,TJK,Government Effectiveness - Governance score (0-100),GOV_WGI_GE_SC,..,..,..,..,..,..,25.9462734,..,25.7687961,..,25.8301809,..,23.524021,23.3467751,28.1021952,26.5688456,25.9786107,27.4868211,27.3750725,27.9737947,31.2450663,30.5650798,31.9722727,31.7987912,37.6333349,37.0338583,36.1671178,37.7511074,37.9433582,36.2561403,36.4857236,35.2353234,35.8259238,36.4005316,39.6559136,..
Tajikistan,TJK,Regulatory Quality - Governance score (0-100),GOV_WGI_RQ_SC,..,..,..,..,..,..,25.8046449,..,26.5358237,..,32.926509,..,31.0962924,34.0730724,38.4640425,39.5099195,37.9046885,38.3274919,38.1594206,37.9009223,39.1321041,39.1961203,39.8474689,39.6899313,40.0204435,40.3201967,39.8043593,42.3924274,42.7259298,42.2317402,42.116377,41.5942531,41.5786457,41.5803096,42.8953543,..
Tajikistan,TJK,Rule of Law - Governance score (0-100),GOV_WGI_RL_SC,..,..,..,..,..,..,25.6984198,..,32.5518664,..,34.5919372,..,41.5546046,41.5618951,41.0767443,38.7414515,37.1468334,36.9256001,36.6861872,35.9858509,36.0664762,35.8358752,35.8343727,35.2246112,37.3304406,38.1895645,38.0168533,36.9271731,38.0306133,35.513381,35.6316357,35.2935401,36.3235335,36.1623329,36.5918157,..
Tanzania,TZA,Government Effectiveness - Governance score (0-100),GOV_WGI_GE_SC,..,..,..,..,..,..,29.7309255,..,35.486369,..,35.514629,..,38.1114828,36.2351738,37.4620876,40.9042002,43.0774642,43.3780959,41.2982177,42.385049,42.533823,41.7713471,39.6484529,40.2125686,41.9613677,43.8155825,44.5046552,44.388308,42.2802282,41.426521,41.8444761,41.8743343,43.0330171,43.4631091,45.6540613,..
Tanzania,TZA,Regulatory Quality - Governance score (0-100),GOV_WGI_RQ_SC,..,..,..,..,..,..,44.1780503,..,46.9397459,..,46.8384902,..,42.322325,43.7678324,46.5618611,47.8004853,48.560671,48.607378,47.6903094,48.2540951,48.2416278,48.0155728,47.2154571,47.995969,48.1954553,48.0023958,48.3436152,46.1058383,44.6664643,43.9393435,43.4386482,44.2117333,45.2244399,45.5476846,46.4192385,..
Tanzania,TZA,Rule of Law - Governance score (0-100),GOV_WGI_RL_SC,..,..,..,..,..,..,53.4614511,..,53.4241486,..,50.3519279,..,49.0892061,49.3221737,48.2387255,50.8073248,49.7249076,50.5833947,50.1873213,50.6956411,50.3901821,50.3884146,49.4698639,48.4714503,48.9707001,50.0401233,49.425653,48.5865366,47.4631509,47.1058361,47.2373878,47.239651,47.5060194,48.4544616,48.0250787,..
Thailand,THA,Government Effectiveness - Governance score (0-100),GOV_WGI_GE_SC,..,..,..,..,..,..,59.2285558,..,53.1377787,..,56.7787454,..,53.3914376,55.0018108,54.5948805,56.1364744,54.6647876,54.2776202,53.3669421,55.9956569,54.0252135,53.713907,54.8456403,54.254093,53.8461108,52.6510813,53.1751287,54.3886359,54.7516616,54.0667732,53.6186352,55.3968725,55.7638453,57.278445,56.27225,..
Thailand,THA,Regulatory Quality - Governance score (0-100),GOV_WGI_RQ_SC,..,..,..,..,..,..,53.9558421,..,52.9045271,..,60.0575288,..,56.4379877,57.5124978,59.7023091,59.8729101,58.5360519,56.5033429,56.6941282,58.9363338,57.6009739,57.7530656,56.1360565,56.9411828,57.3820397,58.1254903,57.5485891,58.1795579,57.1515751,56.2924522,56.2170223,56.490505,56.6541981,56.7392613,56.5410603,..
Thailand,THA,Rule of Law - Governance score (0-100),GOV_WGI_RL_SC,..,..,..,..,..,..,67.4427449,..,65.8843501,..,67.6182717,..,63.2052426,56.9132487,56.2123497,56.0471699,53.8860908,53.268686,53.0846554,52.075628,52.5273952,54.7719807,54.9783525,53.1203728,50.1167436,50.4986354,51.3201195,51.474009,51.8246908,53.518212,53.4591397,52.532598,52.3485261,53.597765,53.2556386,..
Timor-Leste,TLS,Government Effectiveness - Governance score (0-100),GOV_WGI_GE_SC,..,..,..,..,..,..,..,..,..,..,..,..,45.913252,35.6242602,41.9493474,28.7927515,27.8726197,27.9486536,28.7574217,28.202225,25.6604677,26.6497794,26.8889797,25.4567391,32.1105002,32.090957,32.0977508,32.0999557,32.3196926,37.3865145,37.347539,37.1147338,36.5587787,34.7149314,33.8688152,..
Timor-Leste,TLS,Regulatory Quality - Governance score (0-100),GOV_WGI_RQ_SC,..,..,..,..,..,..,..,..,..,..,..,..,33.2185594,33.2198543,37.2424576,37.6561451,33.0986415,32.3613796,35.018558,37.266968,38.2909716,38.9227353,38.4572008,38.850272,40.4701782,39.6883447,39.9167039,40.0268389,40.0786842,42.5777668,41.2182798,41.2115233,41.9587669,42.141605,43.2827099,..
Timor-Leste,TLS,Rule of Law - Governance score (0-100),GOV_WGI_RL_SC,..,..,..,..,..,..,..,..,..,..,54.1048371,..,44.8769777,56.6101389,52.0553917,50.5742971,36.9866619,37.7322382,40.3477574,38.4131418,39.1286149,37.7704098,37.9083915,36.4281729,38.8709741,38.8462371,38.8554173,38.8708295,41.048918,43.5398489,44.0757024,45.948282,45.547295,45.8964623,46.1963829,..
Togo,TGO,Government Effectiveness - Governance score (0-100),GOV_WGI_GE_SC,..,..,..,..,..,..,32.4784433,..,24.9006887,..,24.9407784,..,19.275874,19.1458129,21.1697196,18.076946,20.6076396,21.136725,22.1588505,23.200593,24.9789334,25.015037,27.5056274,26.8797516,30.1819081,30.1761041,32.7136809,32.2214828,33.052911,35.1629664,34.1733493,34.287828,32.5101273,33.4969833,35.7568956,..
Togo,TGO,Regulatory Quality - Governance score (0-100),GOV_WGI_RQ_SC,..,..,..,..,..,..,41.2705794,..,39.8577298,..,37.7473434,..,38.8299599,38.8304047,35.5897042,36.4910456,39.7395325,38.5560593,39.3998239,40.4708233,41.2386817,38.8907588,40.9709334,38.794878,41.7751939,42.2395219,42.4801023,42.6030799,44.0957976,45.0661579,47.134974,47.2652648,48.225645,48.4869254,48.4262622,..
Togo,TGO,Rule of Law - Governance score (0-100),GOV_WGI_RL_SC,..,..,..,..,..,..,41.6628909,..,42.4306948,..,42.5953014,..,38.8137881,36.4646544,39.0071331,37.0343373,40.0548502,39.8884158,42.123532,41.7634582,42.5360312,43.3710739,41.2308988,39.976939,41.3616468,42.9361302,43.2062246,43.0745231,45.0064693,44.8662899,46.3616797,46.0737756,45.3413466,46.1171793,46.0727275,..
Tonga,TON,Government Effectiveness - Governance score (0-100),GOV_WGI_GE_SC,..,..,..,..,..,..,..,..,..,..,..,..,..,..,37.9185184,38.812325,38.7718231,41.7538611,43.7825918,45.6569215,46.247205,45.2222601,45.2261411,45.2304733,49.0008574,48.9254515,48.9366863,52.8548488,55.3405159,55.3600358,52.7072979,52.7403819,46.5865692,48.5443896,50.6156521,..
Tonga,TON,Regulatory Quality - Governance score (0-100),GOV_WGI_RQ_SC,..,..,..,..,..,..,..,..,..,..,..,..,..,..,46.441727,41.5351229,41.5084077,43.7027249,42.4473576,47.2143578,49.5248426,48.2009501,48.1393737,48.4628188,50.3291393,50.5887164,50.602305,50.6166854,50.9058655,51.0744619,49.119823,50.199544,50.4243387,51.1968655,51.7954824,..
Tonga,TON,Rule of Law - Governance score (0-100),GOV_WGI_RL_SC,..,..,..,..,..,..,72.5207113,..,72.1425904,..,71.8939267,..,72.2064542,56.1623715,55.4340214,67.33271,66.5938097,65.6200023,57.8898408,57.0989935,60.6717806,58.5991179,57.5188296,57.4644266,55.9971969,56.8161304,56.820125,58.3170345,59.6433722,61.0438811,69.9498384,69.8702647,70.5919508,70.7315726,68.9135234,..
Trinidad and Tobago,TTO,Government Effectiveness - Governance score (0-100),GOV_WGI_GE_SC,..,..,..,..,..,..,51.2867936,..,56.4649928,..,62.8984415,..,60.6283016,59.6320561,57.162617,52.4949458,52.8173043,53.8682711,53.4371641,56.1723642,56.1182631,56.9835726,57.79999,57.0339306,57.7974837,57.4099527,57.4444133,57.7224862,58.5127067,56.9038346,58.0585352,57.7989848,54.2714195,54.2803521,53.5044657,..
Trinidad and Tobago,TTO,Regulatory Quality - Governance score (0-100),GOV_WGI_RQ_SC,..,..,..,..,..,..,59.2458905,..,63.3076385,..,63.795417,..,65.8935979,66.5971515,64.7826291,65.2382938,63.4582508,64.5889387,64.1673102,63.2051479,63.3650875,63.0835471,61.5937582,61.2572513,56.9807028,55.5877189,55.0893121,55.0494198,53.8432531,53.1878954,52.8339153,53.9983792,53.6275127,52.2587568,51.604828,..
Trinidad and Tobago,TTO,Rule of Law - Governance score (0-100),GOV_WGI_RL_SC,..,..,..,..,..,..,69.9624659,..,69.1803805,..,64.4682707,..,64.8585492,61.6997742,59.8817473,60.3065126,56.2773941,57.7015281,56.4547435,56.200266,55.7084357,55.1632592,55.7465144,54.456777,57.2980387,57.1025991,56.5242506,56.860997,54.8663573,54.5919103,54.1816123,54.3593971,52.699917,51.5398365,50.5703661,..
Tunisia,TUN,Government Effectiveness - Governance score (0-100),GOV_WGI_GE_SC,..,..,..,..,..,..,61.7456133,..,61.6639076,..,61.6921676,..,60.2604441,55.7583388,56.7129837,56.5359596,61.507041,62.5005624,61.4693002,61.9131372,58.1843458,54.12445,53.9023545,50.1357795,51.1111655,51.0695475,50.2261845,52.3589057,53.3457442,52.4136018,50.7034788,51.05841,48.3762785,48.0648067,46.6866126,..
Tunisia,TUN,Regulatory Quality - Governance score (0-100),GOV_WGI_RQ_SC,..,..,..,..,..,..,52.548768,..,56.5850846,..,56.6290727,..,53.8741525,54.9517979,53.4119868,52.4357138,59.1251697,58.5942296,59.1373042,58.8439448,55.2457787,51.4365785,52.182666,51.2056376,49.288899,48.9272508,48.1504689,52.9646462,53.0175341,52.5974008,53.1344129,51.716865,49.6003388,48.0108446,48.7100878,..
Tunisia,TUN,Rule of Law - Governance score (0-100),GOV_WGI_RL_SC,..,..,..,..,..,..,52.5972345,..,52.5599338,..,52.5354016,..,52.6871312,50.561494,54.2078139,52.4178043,54.8245508,54.4173301,55.0952683,54.60234,53.2215098,50.0289536,53.9493263,53.1497394,54.3439092,55.0802623,55.2100379,55.4108145,55.9765957,56.5024705,56.7642866,56.7043417,52.8893312,51.5463765,50.6915088,..
Turkiye,TUR,Government Effectiveness - Governance score (0-100),GOV_WGI_GE_SC,..,..,..,..,..,..,54.1290757,..,45.6754166,..,45.9089821,..,49.8564079,48.9666126,52.9190452,52.3095685,52.8800113,55.0674616,53.8712791,55.8382459,56.4736084,57.6042976,58.8220358,57.1877853,60.6603143,57.8182771,55.4087042,56.9298118,52.2695935,55.4219261,52.7193901,51.8281987,50.8583854,49.1222075,49.9654888,..
Turkiye,TUR,Regulatory Quality - Governance score (0-100),GOV_WGI_RQ_SC,..,..,..,..,..,..,52.7303933,..,56.4894609,..,58.2531284,..,55.4319477,56.2057425,54.3675693,56.8883864,59.3474821,59.9815862,59.8705854,60.8718277,60.7687394,60.8813726,62.2976509,62.415875,60.6809005,58.28807,57.2964845,57.1293832,55.6793272,54.6143904,52.2583184,52.9207969,51.2488229,51.536951,51.5312748,..
Turkiye,TUR,Rule of Law - Governance score (0-100),GOV_WGI_RL_SC,..,..,..,..,..,..,54.7642049,..,53.7260192,..,56.2126818,..,54.8214219,56.7498726,59.3324591,59.7745298,59.5054577,59.1166765,58.7472573,58.1371844,57.8159363,55.4513991,55.1371299,54.9868288,50.7499237,48.7487819,47.5698504,46.3736394,44.7632614,46.6891064,44.7460611,43.620488,43.5432566,43.2093397,42.4489468,..
Turkmenistan,TKM,Government Effectiveness - Governance score (0-100),GOV_WGI_GE_SC,..,..,..,..,..,..,25.9462734,..,25.7687961,..,25.8301809,..,17.7511478,17.5713937,22.4174073,17.5647788,22.6330726,22.6757231,23.0171445,23.1333012,18.0588494,18.0458803,25.6650331,25.2718284,39.5058232,39.4451462,35.8218153,34.0677197,33.4162634,35.3619409,32.1555481,32.1822681,41.89442,41.9067358,30.7465703,..
Turkmenistan,TKM,Regulatory Quality - Governance score (0-100),GOV_WGI_RQ_SC,..,..,..,..,..,..,20.8609448,..,21.4601484,..,21.5247403,..,24.981148,26.170168,25.6043967,21.9682216,21.9543758,23.926081,25.2025488,24.7251353,26.3248147,25.6795381,26.486191,26.4798367,27.463352,27.5038151,26.6476778,26.6576879,27.1248957,27.9058381,27.8833418,27.8742937,27.8501776,27.8527468,28.2317608,..
Turkmenistan,TKM,Rule of Law - Governance score (0-100),GOV_WGI_RL_SC,..,..,..,..,..,..,29.8267529,..,34.5663603,..,34.0740396,..,39.6462491,39.6267408,36.5074901,30.2767147,31.1304878,32.1020148,32.844772,32.8069669,32.7936217,32.8404417,32.813433,32.5424746,31.952471,32.0967535,31.594077,31.4879989,31.4367213,29.514907,30.6255654,29.7273009,32.2906475,32.3054918,32.6429799,..
Turks and Caicos Islands,TCA,Government Effectiveness - Governance score (0-100),GOV_WGI_GE_SC,..,..,..,..,..,..,..,..,..,..,..,..,..,..,..,..,..,..,..,..,..,..,..,..,..,..,..,..,..,..,..,..,..,..,..,..
Turks and Caicos Islands,TCA,Regulatory Quality - Governance score (0-100),GOV_WGI_RQ_SC,..,..,..,..,..,..,..,..,..,..,..,..,..,..,..,..,..,..,..,..,..,..,..,..,..,..,..,..,..,..,..,..,..,..,..,..
Turks and Caicos Islands,TCA,Rule of Law - Governance score (0-100),GOV_WGI_RL_SC,..,..,..,..,..,..,..,..,..,..,..,..,..,..,..,..,..,..,..,..,..,..,..,..,..,..,..,..,..,..,..,..,..,..,..,..
Tuvalu,TUV,Government Effectiveness - Governance score (0-100),GOV_WGI_GE_SC,..,..,..,..,..,..,..,..,..,..,..,..,..,..,37.1072789,43.5050479,43.4505327,43.01333,43.0776314,43.8218026,44.3840537,44.3589884,40.0558596,40.0610978,35.5412284,32.1469889,32.1605666,36.8966943,40.2760767,40.299672,40.2322829,43.0253561,43.4053953,39.8572544,37.9049407,..
Tuvalu,TUV,Regulatory Quality - Governance score (0-100),GOV_WGI_RQ_SC,..,..,..,..,..,..,..,..,..,..,..,..,..,..,49.6104735,51.0022809,46.0108202,44.7569166,39.7774533,41.7413705,41.0706766,41.0856011,38.1446349,37.7910854,43.6094353,45.1527398,45.5122825,43.8614106,45.5395418,45.5610745,44.0591811,45.5096644,45.8116493,44.3506069,48.5193751,..
Tuvalu,TUV,Rule of Law - Governance score (0-100),GOV_WGI_RL_SC,..,..,..,..,..,..,72.5207113,..,72.1425904,..,71.8939267,..,72.2064542,72.0734774,68.4652638,80.4642649,77.9833558,77.2551641,77.2090084,77.1532887,77.1368319,77.2767704,71.0831838,71.0061418,72.9853108,73.019622,73.0252775,73.0114383,71.7222173,71.7202518,73.2513435,73.7070347,74.2448847,77.5437772,77.985113,..
Uganda,UGA,Government Effectiveness - Governance score (0-100),GOV_WGI_GE_SC,..,..,..,..,..,..,35.5680728,..,40.746272,..,40.7745319,..,42.1162413,38.6330473,40.6937615,39.4660544,41.368014,42.5877704,40.9403603,41.9060844,42.6276598,42.0579617,41.3771021,42.0634196,45.3640692,45.4117071,43.9804114,44.2525868,41.6890095,41.2885677,40.1302213,40.2816746,41.3273449,42.9488536,44.5324232,..
Uganda,UGA,Regulatory Quality - Governance score (0-100),GOV_WGI_RQ_SC,..,..,..,..,..,..,51.1008933,..,55.1626429,..,49.9555601,..,51.2214484,50.9473743,52.0569694,51.8552971,49.2449298,49.7731321,50.2742674,49.7561872,50.3026638,49.5489634,48.1716752,47.9448538,48.4304905,48.8132455,48.6487906,48.9575241,48.5369397,47.3621676,47.0537212,47.3094895,47.3505614,46.9737995,46.5941247,..
Uganda,UGA,Rule of Law - Governance score (0-100),GOV_WGI_RL_SC,..,..,..,..,..,..,50.0970219,..,47.0805863,..,44.0218846,..,43.9720424,44.7860071,44.7287023,47.7698199,52.3841987,51.700414,52.5040661,51.2428847,50.9439985,49.0030494,48.3645891,47.3705195,46.9257605,46.4629285,45.9583004,45.6532803,45.0276402,44.4307403,45.0855129,44.4403319,44.4176808,44.0086134,44.2541878,..
Ukraine,UKR,Government Effectiveness - Governance score (0-100),GOV_WGI_GE_SC,..,..,..,..,..,..,28.660295,..,28.235132,..,31.3403167,..,31.5598183,33.5518893,36.0692891,34.2393385,34.3093972,35.8757316,35.2942427,35.421496,35.5721055,35.2979254,37.8091089,36.9490299,41.2156954,40.5690047,41.3103761,41.9349724,44.2785291,44.0890082,43.8988087,43.4683901,38.9508053,40.0563826,39.6965613,..
Ukraine,UKR,Regulatory Quality - Governance score (0-100),GOV_WGI_RQ_SC,..,..,..,..,..,..,43.3894713,..,39.5221077,..,40.6365525,..,41.6833175,43.0964226,47.8330786,48.186442,49.5243694,49.6643928,45.4132585,44.3282573,45.6837099,42.3390474,43.9565659,44.354217,45.0381399,45.1324735,46.6191492,49.051864,49.3337166,50.2883481,49.3485891,49.2080862,48.3605632,48.8967489,50.1179221,..
Ukraine,UKR,Rule of Law - Governance score (0-100),GOV_WGI_RL_SC,..,..,..,..,..,..,41.3631562,..,38.316132,..,38.0236051,..,41.9878324,42.6760695,43.7755581,43.5139244,44.8200017,45.7067178,45.8654383,44.7849246,43.0463578,43.7747664,45.3646396,44.5635037,44.477507,44.9183282,45.858721,47.0488308,48.078709,46.8865907,47.206011,47.1793877,44.1890986,44.1357592,44.5695791,..
United Arab Emirates,ARE,Government Effectiveness - Governance score (0-100),GOV_WGI_GE_SC,..,..,..,..,..,..,60.5301346,..,65.7083318,..,65.7365918,..,67.8821247,67.7877687,62.6199059,63.3995859,68.3991062,68.9070715,67.4521493,68.535224,67.5228828,70.6448963,73.8196342,74.5237897,78.873242,78.6403765,78.783119,78.1385983,78.7848806,78.5272687,70.8554731,72.231295,73.3741309,76.8137703,75.8392807,..
United Arab Emirates,ARE,Regulatory Quality - Governance score (0-100),GOV_WGI_RQ_SC,..,..,..,..,..,..,62.3285755,..,62.4901663,..,63.8596382,..,73.5092589,72.3274764,65.5248211,63.8999231,66.0739315,66.5384992,68.1113735,67.8124089,66.5378068,68.9055733,68.198457,70.4823132,71.8020294,73.453947,71.8671512,72.3908602,71.8838453,72.9323813,71.6801826,71.6015479,71.5429018,72.2957632,72.6169592,..
United Arab Emirates,ARE,Rule of Law - Governance score (0-100),GOV_WGI_RL_SC,..,..,..,..,..,..,67.7539471,..,66.1469906,..,66.1224602,..,65.8740633,65.8460253,59.7939727,58.4252537,57.8130759,57.5867069,58.4970361,59.1572387,58.3268825,64.2820595,63.2841209,64.0925232,62.992921,63.0056242,64.2018989,63.5648206,63.6651728,64.3010859,63.8059426,62.7906023,64.0194293,64.6972832,65.5157588,..
United Kingdom,GBR,Government Effectiveness - Governance score (0-100),GOV_WGI_GE_SC,..,..,..,..,..,..,83.6073145,..,83.6089906,..,85.1989845,..,86.0102259,83.6439995,82.1533957,87.0542842,84.5522005,83.7435354,84.5019786,80.2065107,80.1316434,79.887339,80.6579094,79.4652327,83.5843317,83.1560518,83.4783092,81.7911302,80.9891227,78.4973891,78.0332564,77.1809881,76.4866596,73.4657181,74.3798903,..
United Kingdom,GBR,Regulatory Quality - Governance score (0-100),GOV_WGI_RQ_SC,..,..,..,..,..,..,82.198449,..,84.5698272,..,85.1737685,..,85.1513952,84.3506454,84.8756902,83.9578866,86.463448,84.7057421,82.1076971,79.1377808,79.2467598,79.5725847,80.8101287,82.1110185,82.2011964,83.4678559,81.3749994,81.191969,81.2780651,81.8869902,80.1185755,80.1090196,80.87291,79.9233664,78.6971573,..
United Kingdom,GBR,Rule of Law - Governance score (0-100),GOV_WGI_RL_SC,..,..,..,..,..,..,85.4430873,..,86.3715858,..,86.5268608,..,85.3468003,84.9459338,83.8935802,83.7727593,84.8153372,84.2102881,82.3073109,82.4451343,85.082795,81.8030115,82.7552987,82.9349061,84.3892381,85.5496474,84.7289378,84.6468204,82.5311671,81.7218803,80.2936931,79.4450626,79.3292982,78.8284082,78.8208235,..
United States,USA,Government Effectiveness - Governance score (0-100),GOV_WGI_GE_SC,..,..,..,..,..,..,85.2031883,..,84.4962562,..,88.0937071,..,88.925219,83.6300309,83.0630278,82.8097752,81.4716942,81.4203931,80.7495938,79.0823119,79.1364129,79.6872017,81.0674724,81.5277163,82.4573621,81.921098,82.2968867,82.4298488,83.2803088,81.4636929,78.6145996,79.3938712,79.9489163,77.7556405,77.7839316,..
United States,USA,Regulatory Quality - Governance score (0-100),GOV_WGI_RQ_SC,..,..,..,..,..,..,76.2752759,..,79.6271933,..,83.7977909,..,82.2560162,81.3628539,81.2916254,82.2849663,81.2534885,78.7890542,78.9403779,75.5095403,76.1815842,76.9029343,77.6095065,76.7987356,75.1394056,75.2385873,77.0634574,78.6622599,78.2710025,76.431118,75.016521,77.9559668,77.8706056,77.4267473,76.1934585,..
United States,USA,Rule of Law - Governance score (0-100),GOV_WGI_RL_SC,..,..,..,..,..,..,83.3933063,..,84.4490504,..,85.9839612,..,85.4058279,84.4040703,82.8384746,84.1056281,84.175846,83.8158859,84.1817562,82.5060619,82.9389455,80.4275889,80.7890154,79.3663047,80.0486936,80.6641363,81.0107788,79.683417,77.1374928,76.3012367,74.2508207,74.6568866,75.0674875,73.4988816,73.5177858,..
Uruguay,URY,Government Effectiveness - Governance score (0-100),GOV_WGI_GE_SC,..,..,..,..,..,..,65.694688,..,60.4021171,..,59.3418561,..,61.1635955,60.8832322,56.7098513,62.0958138,61.9172924,62.2393067,63.5760753,64.1374281,64.1740801,62.9792159,60.8927014,60.7534181,64.3057238,63.6979874,62.8174455,60.8641479,61.8662013,64.7176785,66.2962276,67.4225536,68.827629,67.9453819,64.7661835,..
Uruguay,URY,Regulatory Quality - Governance score (0-100),GOV_WGI_RQ_SC,..,..,..,..,..,..,61.0786289,..,66.2147056,..,65.7168823,..,62.8799112,58.8761579,58.9504097,59.9976415,60.9337148,61.1325072,62.0777847,60.8837982,63.5846414,63.2923591,65.4780777,66.7973918,66.2395803,65.1744243,66.4653403,65.8584055,64.324045,64.784121,65.8941262,66.4260852,66.2993098,66.496186,65.0645101,..
Uruguay,URY,Rule of Law - Governance score (0-100),GOV_WGI_RL_SC,..,..,..,..,..,..,66.2893799,..,66.005856,..,65.8159531,..,69.2783886,68.5059671,67.1355992,68.6019116,70.0182475,70.7766233,71.1457138,71.2910719,71.9744246,70.7484305,69.276146,69.0338641,70.7637721,71.7731575,72.8963486,72.003645,71.866572,72.1165145,72.2022737,73.346961,73.7719793,73.4415441,73.3245819,..
Uzbekistan,UZB,Government Effectiveness - Governance score (0-100),GOV_WGI_GE_SC,..,..,..,..,..,..,29.5157443,..,29.2986091,..,28.8556024,..,20.0739849,19.952137,24.9437553,24.326499,24.5895494,28.6967992,31.676325,33.0626836,28.9990778,29.5025944,29.0640209,29.7826135,38.1999687,39.3387622,39.7336021,41.2569478,40.8414796,41.6021647,38.5718239,45.4383298,43.8923747,45.5349919,48.5484689,..
Uzbekistan,UZB,Regulatory Quality - Governance score (0-100),GOV_WGI_RQ_SC,..,..,..,..,..,..,26.0903568,..,22.7656735,..,21.244449,..,27.6637358,28.101481,29.0208523,29.4265406,29.7756268,32.0352613,32.5771894,31.4865231,31.1271066,29.9310809,32.0329051,32.0383951,31.7293446,32.2316691,32.7790462,34.4747878,36.762057,40.3286218,38.7365553,43.9189069,44.6389401,44.2694583,46.555286,..
Uzbekistan,UZB,Rule of Law - Governance score (0-100),GOV_WGI_RL_SC,..,..,..,..,..,..,34.1181712,..,36.3266676,..,36.2939088,..,36.1818378,36.930185,38.4557917,33.1056019,32.895664,36.944389,37.4990091,35.9647369,34.1650532,33.5039935,36.275452,37.3138185,38.2985426,38.6241605,39.010811,39.8168726,41.5506875,40.71871,41.2587406,44.9143525,45.3992761,45.3595349,45.670923,..
Vanuatu,VUT,Government Effectiveness - Governance score (0-100),GOV_WGI_GE_SC,..,..,..,..,..,..,..,..,..,..,..,..,..,..,45.219676,56.7510376,56.7105357,50.0602706,51.8706508,51.2653371,53.4456553,53.4270319,53.0456607,53.050899,41.8195197,37.0307939,37.0420267,37.0456744,42.8336439,37.7998477,36.6052946,35.7406929,35.7357114,34.9445595,35.457586,..
Vanuatu,VUT,Regulatory Quality - Governance score (0-100),GOV_WGI_RQ_SC,..,..,..,..,..,..,..,..,..,..,..,..,..,..,52.5528733,49.118678,47.6267332,47.5445467,44.9480993,45.7040283,45.2168175,46.4743407,46.1123093,48.6820478,50.7327,50.3012854,49.4041786,49.4185574,47.8127934,49.0720908,48.2081513,48.0475525,48.2723457,48.396276,49.7409994,..
Vanuatu,VUT,Rule of Law - Governance score (0-100),GOV_WGI_RL_SC,..,..,..,..,..,..,63.309369,..,63.0633851,..,73.1930233,..,73.3963368,73.3098289,66.1909313,65.3626077,64.8920567,64.566222,63.9329541,64.22007,63.2592893,63.3149074,63.4353892,63.383468,64.7173405,63.6833731,64.162452,65.0933514,62.7276025,63.4269457,66.4104314,67.6780995,65.4814458,64.1875813,64.2200786,..
"Venezuela, RB",VEN,Government Effectiveness - Governance score (0-100),GOV_WGI_GE_SC,..,..,..,..,..,..,37.1554495,..,33.4258862,..,31.6701145,..,25.1735077,28.5852935,29.2964216,32.0817619,31.9282164,33.8382725,33.2611837,35.0905296,30.9776838,30.0219247,33.3372857,32.8062364,31.7491156,31.5085445,30.4424425,28.1577973,20.3087248,20.2793254,20.9661193,21.7886363,22.1442675,23.4884579,22.83069,..
"Venezuela, RB",VEN,Regulatory Quality - Governance score (0-100),GOV_WGI_RQ_SC,..,..,..,..,..,..,44.0405392,..,42.8676029,..,44.5887286,..,43.422432,36.8871118,37.4323676,37.4822763,35.7516814,32.5162455,31.7478051,32.0797903,30.46668,33.6106417,31.6750562,30.9833738,27.9606359,28.0652872,27.0326865,25.9940928,21.0136831,20.5965354,20.6598576,21.9676223,24.5068919,25.0876114,24.8486239,..
"Venezuela, RB",VEN,Rule of Law - Governance score (0-100),GOV_WGI_RL_SC,..,..,..,..,..,..,43.4257402,..,43.8825846,..,41.8330394,..,35.1895891,33.7719504,35.4984352,34.9417137,32.0412128,28.6489987,27.0039515,27.4454645,26.679664,26.1664098,25.4336228,22.7182919,20.9842894,17.3413825,17.7496117,18.8448234,17.2687585,16.8469121,16.4840502,17.2305696,18.4490255,19.0875856,19.0276028,..
Viet Nam,VNM,Government Effectiveness - Governance score (0-100),GOV_WGI_GE_SC,..,..,..,..,..,..,40.3533317,..,42.5086857,..,37.8068339,..,37.4505398,38.1529861,38.7043641,42.5348593,43.2174611,42.9876172,44.1704067,45.1319815,44.393486,44.713939,44.8283573,45.0931207,52.921779,53.278707,52.3972727,52.7084431,51.6994735,52.136435,52.6620263,52.2784619,49.331569,47.8521338,49.5458577,..
Viet Nam,VNM,Regulatory Quality - Governance score (0-100),GOV_WGI_RQ_SC,..,..,..,..,..,..,42.0664132,..,42.5612084,..,44.2339994,..,41.7058785,43.2168989,45.8064668,46.635859,47.0897116,48.0450701,48.0303995,47.0740916,46.29933,47.1035542,44.8688054,45.3957033,47.180894,49.6745086,49.9461067,50.5475593,50.2564141,50.4776383,51.1430534,49.4260646,49.3869152,50.4557586,50.6548775,..
Viet Nam,VNM,Rule of Law - Governance score (0-100),GOV_WGI_RL_SC,..,..,..,..,..,..,45.2718825,..,46.8715812,..,46.3829711,..,42.3458288,42.6352406,44.2222258,47.2391433,47.1259296,47.577294,47.3286734,46.5362203,45.9550923,47.8847495,47.0509563,46.3502914,48.5138334,50.5503329,52.47983,51.64039,52.0515382,51.8817753,51.7726646,51.61835,51.1673005,51.109648,51.5616803,..
Virgin Islands (U.S.),VIR,Government Effectiveness - Governance score (0-100),GOV_WGI_GE_SC,..,..,..,..,..,..,..,..,..,..,..,..,..,..,63.8781907,75.6467849,75.5894989,75.6761298,75.7437017,75.9796413,76.0244169,75.9980761,76.0047104,76.0121205,79.658129,79.6028749,79.6220817,66.2428596,66.2771005,66.3104743,59.5224308,59.5789973,58.6292483,58.6520134,58.62793,..
Virgin Islands (U.S.),VIR,Regulatory Quality - Governance score (0-100),GOV_WGI_RQ_SC,..,..,..,..,..,..,..,..,..,..,..,..,..,..,66.8122153,75.2114999,69.5498848,69.6538878,69.6077627,69.5459719,69.5483581,69.5652856,69.3803199,69.3529044,64.6235806,64.7981576,68.5735707,68.6167623,68.634521,72.4172536,72.3352738,72.3022989,72.2144174,72.2237825,72.2449856,..
Virgin Islands (U.S.),VIR,Rule of Law - Governance score (0-100),GOV_WGI_RL_SC,..,..,..,..,..,..,..,..,..,..,..,..,..,..,71.3149724,74.9283458,74.8830559,70.5815211,70.4989889,70.3993578,70.369931,70.6201557,70.5248239,70.3117382,56.271138,71.9778358,68.0905334,68.0522516,75.8958937,75.8910627,72.0297983,71.8820944,66.9560572,66.937998,66.9350825,..
West Bank and Gaza,PSE,Government Effectiveness - Governance score (0-100),GOV_WGI_GE_SC,..,..,..,..,..,..,25.9462734,..,25.7687961,..,25.8301809,..,25.8350652,25.5851688,42.2723534,32.5321788,34.473565,36.0702671,34.8702269,43.7757436,48.6722709,42.561906,42.1441162,42.2662888,46.054225,46.4789971,45.3362157,48.6283333,42.2874381,42.6448969,42.5948461,39.1102794,37.4267053,31.079971,29.9794589,..
West Bank and Gaza,PSE,Regulatory Quality - Governance score (0-100),GOV_WGI_RQ_SC,..,..,..,..,..,..,35.2004498,..,35.6876053,..,35.8202193,..,38.8204403,36.0207987,46.2021717,45.0965462,45.0534161,41.0839215,43.0729137,52.3697656,55.2185242,53.7433648,49.2099488,49.1973963,52.5892422,52.6691734,52.4608692,54.1905493,52.4887751,52.5108204,52.473286,52.458188,52.4179504,49.1756539,47.4876908,..
West Bank and Gaza,PSE,Rule of Law - Governance score (0-100),GOV_WGI_RL_SC,..,..,..,..,..,..,52.2962056,..,52.1960634,..,51.5614204,..,48.2422571,51.7878203,49.8879239,44.5947273,43.5805746,39.2627138,39.8562232,45.4298199,47.7301096,44.3277171,44.305875,43.7184805,43.9046866,42.0053357,43.2387373,43.0193267,41.8523601,42.3082028,41.7473129,41.5971564,42.3783209,41.7209254,39.9364904,..
"Yemen, Rep.",YEM,Government Effectiveness - Governance score (0-100),GOV_WGI_GE_SC,..,..,..,..,..,..,34.9908265,..,29.6492198,..,29.6774797,..,27.4225159,27.3249924,27.8870374,31.4107838,35.3534361,35.5492199,35.5628443,31.8471426,31.2432639,28.6100244,28.1381472,29.6142303,23.7781582,21.0703626,19.3114526,17.5936979,13.7018587,13.13337,12.3760079,12.8678677,16.3549894,14.6331553,14.9257528,..
"Yemen, Rep.",YEM,Regulatory Quality - Governance score (0-100),GOV_WGI_RQ_SC,..,..,..,..,..,..,44.4037724,..,44.7402289,..,42.1841121,..,36.3131819,35.6290098,41.6986568,43.5763027,46.1589912,46.4666048,47.0504423,47.6265502,48.3431247,43.8386004,41.6621112,41.1965673,39.8876592,36.9353534,34.2563457,34.5262831,31.3976401,30.3385577,29.4938562,29.5177167,29.9601461,30.5670477,29.8788444,..
"Yemen, Rep.",YEM,Rule of Law - Governance score (0-100),GOV_WGI_RL_SC,..,..,..,..,..,..,36.313942,..,33.7381796,..,31.9154663,..,31.4346508,33.8029228,36.156471,35.9431581,40.3747403,40.4643307,39.4832208,38.2483683,37.8802572,34.4703229,33.7436457,34.2689542,32.9968354,30.7497767,29.9869983,28.4016052,27.9602229,28.2895772,25.6011415,25.1741336,24.0918247,24.1454378,24.237016,..
Zambia,ZMB,Government Effectiveness - Governance score (0-100),GOV_WGI_GE_SC,..,..,..,..,..,..,25.109255,..,25.0275512,..,25.0558111,..,30.6610516,27.7907253,31.4275757,33.4089583,32.6331807,34.0521295,35.634093,37.7089236,37.3534908,41.4064665,41.6129795,41.0112337,42.6637265,41.0407283,41.0620351,42.3325326,41.5797263,39.2906596,37.061776,37.2110769,39.8696364,40.3969835,40.9757367,..
Zambia,ZMB,Regulatory Quality - Governance score (0-100),GOV_WGI_RQ_SC,..,..,..,..,..,..,44.9708433,..,49.2583166,..,47.9768224,..,41.6489831,41.9330153,43.7407766,45.3549421,44.5137702,46.930783,48.0166074,48.0863786,46.8625968,47.111708,46.8392456,46.563771,47.8940398,48.8337847,47.7012942,47.7215573,47.9651579,46.8385501,45.1981836,46.7843516,47.6502058,47.5213202,48.2283671,..
Zambia,ZMB,Rule of Law - Governance score (0-100),GOV_WGI_RL_SC,..,..,..,..,..,..,49.0494339,..,49.0121314,..,49.7976744,..,51.0256374,49.8974655,48.8746024,50.3316675,49.0629701,49.8859584,51.2609112,51.0673493,50.4359936,51.3890001,48.5500103,49.9073737,49.712163,50.8371527,50.0226372,49.2119064,48.6730341,46.7905153,45.6611421,46.5926198,46.0981769,46.4837036,47.3064578,..
Zimbabwe,ZWE,Government Effectiveness - Governance score (0-100),GOV_WGI_GE_SC,..,..,..,..,..,..,51.1207747,..,45.5985136,..,36.2186055,..,34.7823458,32.9126496,32.5333532,26.3135417,23.5912234,25.2822406,20.4785041,21.1276252,22.8453877,24.632719,24.9430514,26.1119364,27.9891204,33.0382075,33.5775671,32.7046939,30.9765172,29.8556453,29.4604553,29.9618602,29.9566706,32.1204614,32.136983,..
Zimbabwe,ZWE,Regulatory Quality - Governance score (0-100),GOV_WGI_RQ_SC,..,..,..,..,..,..,32.5300518,..,34.8619462,..,24.2792394,..,22.0230951,18.9502751,26.4281491,23.6288638,24.8508398,24.3871537,23.7405586,25.433567,26.9960164,27.7424825,28.3833873,28.2564321,27.931443,32.6662616,31.634642,32.9007984,33.299183,34.3588205,33.8834226,33.960138,33.8746285,35.4999018,36.2828944,..
Zimbabwe,ZWE,Rule of Law - Governance score (0-100),GOV_WGI_RL_SC,..,..,..,..,..,..,45.7553363,..,40.9908818,..,30.1212625,..,24.6028759,25.6543742,27.0136273,24.7609494,24.3743539,24.5567805,24.387916,25.0418556,26.0290856,26.2548005,28.6530174,27.7730031,28.5724352,32.7358248,32.3260689,33.1999819,34.6905975,34.9077209,35.5831893,35.2167838,34.5817467,35.1389346,36.1235607,..
,,,,,,,,,,,,,,,,,,,,,,,,,,,,,,,,,,,,,,,
,,,,,,,,,,,,,,,,,,,,,,,,,,,,,,,,,,,,,,,
,,,,,,,,,,,,,,,,,,,,,,,,,,,,,,,,,,,,,,,
Data from database: World Development Indicators,,,,,,,,,,,,,,,,,,,,,,,,,,,,,,,,,,,,,,,
Last Updated: 07/13/2026,,,,,,,,,,,,,,,,,,,,,,,,,,,,,,,,,,,,,,,
Code,License Type,Indicator Name,Long definition,Source,Topic,Dataset,Unit of measure,Periodicity,Reference period,Aggregation method,Statistical concept and methodology,Development relevance,Limitations and exceptions,License URL
GOV_WGI_GE_SC,CC BY-4.0,Government Effectiveness - Governance score (0-100),"Government Effectiveness (GE) captures perceptions of the quality of public services, the civil service, policy formulation and implementation, and the credibility of a government’s decisions. 

Governance score is a linear transformation of the governance estimate using hypothetical worst-case and base-case countries. It is an absolute score ranging from 0-100. Larger values correspond to better governance.

The (country-series-time) metadata include the (a) number of sources, and (b) confidence intervals (lower and upper bound). The number of sources indicates the number of underlying data sources on which the governance score (respectively the underlying governance estimate) is based. The confidence intervals include the lower and upper bound of the 90% confidence interval for the governance score. Confidence intervals are a statistical range of values that likely contain the true value (of what is being estimated).","The Worldwide Governance Indicators: Revised Methodology for Measuring Governance Using Perception Data., World Bank Group (WBG), uri: https://www.worldbank.org/en/publication/worldwide-governance-indicators, note: Detailed documentation of the WGI, interactive tools for exploring the data, and full access to the underlying source data available at www.govindicators.org. Worldwide Governance Indicators, 2025 Revision, World Bank (www.govindicators.org), Accessed on 12/15/2025. And: World Bank (2025). “The Worldwide Governance Indicators: Revised Methodology for Measuring Governance Using Perception Data.” Washington, DC: World Bank Group. The 2025 revision builds upon the original WGI methodology which was introduced in 1999 and summarized by the following paper: Kaufmann, Daniel & Aart C. Kraay. (2024). “The Worldwide Governance Indicators: Methodology and 2024 Update.” Policy Research Working Paper. Washington, DC: World Bank Group., date accessed: 2026-06-03, date published: 2025",Policy & institutions: Government Effectiveness,WB_WDI,Score,Annual,1996-2024,"Indicators, from the underlying data sources, are aggregated using the Unobserved Components Model (UCM). The UCM is essentially a weighted average, resulting in a governance estimate at the country level. The following provides a detailed description of the aggregation methodology: 
https://www.worldbank.org/content/dam/sites/govindicators/doc/The%20Worldwide%20Governance%20Indicators%202025%","Methodology: The following are the key steps:
STEP 1: Assigning indicators from the underlying sources to the six governance dimensions. Individual questions or variables from the underlying data sources are mapped to up to two of the six governance dimensions.
STEP 2: Rescaling the individual source data to range from 0 to 1. Each question from the underlying data sources is rescaled to range from 0 to 1, with higher values corresponding to better governance outcomes.
STEP 3: Using an Unobserved Components Model to construct a governance estimate for each dimension by taking a weighted average of the source-by-dimension data. To aggregate data across multiple sources, the WGI uses a statistical technique known as an Unobserved Components Model (UCM).
STEP 4: Transforming the UCM-generated governance estimates to a 0–100 absolute governance score. The WGI transform the governance estimates for each country, year, and dimension—typically ranging from approximately -2.5 to 2.5 —into absolute scores on a 0-100 scale, with 100 representing the best absolute governance performance.

The following is a summary of the methodology:
https://www.worldbank.org/en/publication/worldwide-governance-indicators/documentation#3
The following is a detailed description of the methodology:
https://www.worldbank.org/content/dam/sites/govindicators/doc/The%20Worldwide%20Governance%20Indicators%202025%20Methodology%20Revision.pdf
Statistical concept(s): For each of the six governance dimensions, the following are produced: (i) a governance estimate in statistical units (approximately Normal, ranging from -2.5 to 2.5) and (ii) a linear transformation of the governance estimate into an absolute score on a 0-100 scale (anchored by benchmark countries).","Governance—the traditions and institutions by which authority in a country is exercised—is widely recognized as a critical driver of development outcomes. Theoretical and empirical research shows that countries with inclusive and accountable institutions tend to achieve higher levels of economic development, better public service delivery, and more robust job creation. Conversely, weak governance—marked by corruption, poor regulatory enforcement, or lack of rule of law— often impedes growth and undermines social outcomes (Acemoglu and Robinson, 2012; World Bank, 2017).

The Worldwide Governance Indicators (WGI) are designed to help researchers and analysts assess broad patterns in perceptions of governance across countries and over time. The WGI cover more than 200 economies, measuring six dimensions of governance since 1996: Voice and Accountability, Political Stability, Government Effectiveness, Regulatory Quality, Rule of Law, and Control of Corruption.

The WGI provides two complementary outputs: (i) governance estimates expressed in a standard statistical unit, and (ii) scores on an absolute 0-100 scale anchored to fixed reference points. Historical estimates have been recalculated back to 1996 to ensure full consistency over time.

Please note that the 2025 edition of the WGI introduced a set of methodological updates. These include enhancements to data source screening, indicator mapping, and the aggregation model, as well as the introduction of an absolute 0-100 scale (percentile ranks before) anchored to fixed benchmark countries.","The WGI are perception-based measures which draw on 35 distinct underlying data sources, namely expert assessments and household/firm surveys. Data sources based on expert assessments have both strengths and limitations relative to surveys. A key strength is that they are well suited to cross-country comparison, since their methodologies are explicitly designed for this purpose. Expert assessments can also provide more detailed technical judgments on specific public institutions or governance functions that typical household or firm survey respondents may not be well placed to assess. In addition, they may be less affected by respondent reticence, which can arise in household and firm surveys when questions concern sensitive topics such as corruption or other dimensions of governance. At the same time, expert assessments reflect the views of a narrower group of respondents than household or firm surveys. There is also a risk that ratings from one expert assessment may partly reflect information or judgments from other expert assessments, reducing the independence of the underlying signals. To help address this concern, the WGI exclude expert assessments that are explicitly based on other existing data sources.

Regarding the usage of the published WGI data, the six composite WGI measures are useful for broad cross-country comparisons and for assessing general trends over time. However, they are not designed to guide the formulation of specific governance reforms in particular country contexts. Such reforms, and evaluation of their progress, need to be informed by much more detailed and country-specific diagnostic data that can identify the relevant constraints on governance in particular country circumstances. The WGI are complementary to a large number of other efforts to construct more detailed measures of governance, often just for a single country. Users are also encouraged to consult the disaggregated individual indicators underlying the composite WGI scores to gain more insights into the particular areas of strengths and weaknesses identified by the data.",https://datacatalog.worldbank.org/int/public-licenses#cc-by
GOV_WGI_RQ_SC,CC BY-4.0,Regulatory Quality - Governance score (0-100),"Regulatory Quality (RQ) captures perceptions of the government’s ability to design and implement policies and regulations that promote private sector development. 

Governance score is a linear transformation of the governance estimate using hypothetical worst-case and base-case countries. It is an absolute score ranging from 0-100. Larger values correspond to better governance.

The (country-series-time) metadata include the (a) number of sources, and (b) confidence intervals (lower and upper bound). The number of sources indicates the number of underlying data sources on which the governance score (respectively the underlying governance estimate) is based. The confidence intervals include the lower and upper bound of the 90% confidence interval for the governance score. Confidence intervals are a statistical range of values that likely contain the true value (of what is being estimated).","The Worldwide Governance Indicators: Revised Methodology for Measuring Governance Using Perception Data., World Bank Group (WBG), uri: https://www.worldbank.org/en/publication/worldwide-governance-indicators, note: Detailed documentation of the WGI, interactive tools for exploring the data, and full access to the underlying source data available at www.govindicators.org. Worldwide Governance Indicators, 2025 Revision, World Bank (www.govindicators.org), Accessed on 12/15/2025. And: World Bank (2025). “The Worldwide Governance Indicators: Revised Methodology for Measuring Governance Using Perception Data.” Washington, DC: World Bank Group. The 2025 revision builds upon the original WGI methodology which was introduced in 1999 and summarized by the following paper: Kaufmann, Daniel & Aart C. Kraay. (2024). “The Worldwide Governance Indicators: Methodology and 2024 Update.” Policy Research Working Paper. Washington, DC: World Bank Group., date accessed: 2026-06-03, date published: 2025",Policy & institutions: Regulatory Quality,WB_WDI,Score,Annual,1996-2024,"Indicators, from the underlying data sources, are aggregated using the Unobserved Components Model (UCM). The UCM is essentially a weighted average, resulting in a governance estimate at the country level. The following provides a detailed description of the aggregation methodology: 
https://www.worldbank.org/content/dam/sites/govindicators/doc/The%20Worldwide%20Governance%20Indicators%202025%","Methodology: The following are the key steps:
STEP 1: Assigning indicators from the underlying sources to the six governance dimensions. Individual questions or variables from the underlying data sources are mapped to up to two of the six governance dimensions.
STEP 2: Rescaling the individual source data to range from 0 to 1. Each question from the underlying data sources is rescaled to range from 0 to 1, with higher values corresponding to better governance outcomes.
STEP 3: Using an Unobserved Components Model to construct a governance estimate for each dimension by taking a weighted average of the source-by-dimension data. To aggregate data across multiple sources, the WGI uses a statistical technique known as an Unobserved Components Model (UCM).
STEP 4: Transforming the UCM-generated governance estimates to a 0–100 absolute governance score. The WGI transform the governance estimates for each country, year, and dimension—typically ranging from approximately -2.5 to 2.5 —into absolute scores on a 0-100 scale, with 100 representing the best absolute governance performance.

The following is a summary of the methodology:
https://www.worldbank.org/en/publication/worldwide-governance-indicators/documentation#3
The following is a detailed description of the methodology:
https://www.worldbank.org/content/dam/sites/govindicators/doc/The%20Worldwide%20Governance%20Indicators%202025%20Methodology%20Revision.pdf
Statistical concept(s): For each of the six governance dimensions, the following are produced: (i) a governance estimate in statistical units (approximately Normal, ranging from -2.5 to 2.5) and (ii) a linear transformation of the governance estimate into an absolute score on a 0-100 scale (anchored by benchmark countries).","Governance—the traditions and institutions by which authority in a country is exercised—is widely recognized as a critical driver of development outcomes. Theoretical and empirical research shows that countries with inclusive and accountable institutions tend to achieve higher levels of economic development, better public service delivery, and more robust job creation. Conversely, weak governance—marked by corruption, poor regulatory enforcement, or lack of rule of law— often impedes growth and undermines social outcomes (Acemoglu and Robinson, 2012; World Bank, 2017).

The Worldwide Governance Indicators (WGI) are designed to help researchers and analysts assess broad patterns in perceptions of governance across countries and over time. The WGI cover more than 200 economies, measuring six dimensions of governance since 1996: Voice and Accountability, Political Stability, Government Effectiveness, Regulatory Quality, Rule of Law, and Control of Corruption.

The WGI provides two complementary outputs: (i) governance estimates expressed in a standard statistical unit, and (ii) scores on an absolute 0-100 scale anchored to fixed reference points. Historical estimates have been recalculated back to 1996 to ensure full consistency over time.

Please note that the 2025 edition of the WGI introduced a set of methodological updates. These include enhancements to data source screening, indicator mapping, and the aggregation model, as well as the introduction of an absolute 0-100 scale (percentile ranks before) anchored to fixed benchmark countries.","The WGI are perception-based measures which draw on 35 distinct underlying data sources, namely expert assessments and household/firm surveys. Data sources based on expert assessments have both strengths and limitations relative to surveys. A key strength is that they are well suited to cross-country comparison, since their methodologies are explicitly designed for this purpose. Expert assessments can also provide more detailed technical judgments on specific public institutions or governance functions that typical household or firm survey respondents may not be well placed to assess. In addition, they may be less affected by respondent reticence, which can arise in household and firm surveys when questions concern sensitive topics such as corruption or other dimensions of governance. At the same time, expert assessments reflect the views of a narrower group of respondents than household or firm surveys. There is also a risk that ratings from one expert assessment may partly reflect information or judgments from other expert assessments, reducing the independence of the underlying signals. To help address this concern, the WGI exclude expert assessments that are explicitly based on other existing data sources.

Regarding the usage of the published WGI data, the six composite WGI measures are useful for broad cross-country comparisons and for assessing general trends over time. However, they are not designed to guide the formulation of specific governance reforms in particular country contexts. Such reforms, and evaluation of their progress, need to be informed by much more detailed and country-specific diagnostic data that can identify the relevant constraints on governance in particular country circumstances. The WGI are complementary to a large number of other efforts to construct more detailed measures of governance, often just for a single country. Users are also encouraged to consult the disaggregated individual indicators underlying the composite WGI scores to gain more insights into the particular areas of strengths and weaknesses identified by the data.",https://datacatalog.worldbank.org/int/public-licenses#cc-by
GOV_WGI_RL_SC,CC BY-4.0,Rule of Law - Governance score (0-100),"Rule of Law (RL) captures perceptions of the extent to which agents respect and follow the rules of society, including contract enforcement, property rights, the police, courts, and the likelihood of crime and violence. 

Governance score is a linear transformation of the governance estimate using hypothetical worst-case and base-case countries. It is an absolute score ranging from 0-100. Larger values correspond to better governance.

The (country-series-time) metadata include the (a) number of sources, and (b) confidence intervals (lower and upper bound). The number of sources indicates the number of underlying data sources on which the governance score (respectively the underlying governance estimate) is based. The confidence intervals include the lower and upper bound of the 90% confidence interval for the governance score. Confidence intervals are a statistical range of values that likely contain the true value (of what is being estimated).","The Worldwide Governance Indicators: Revised Methodology for Measuring Governance Using Perception Data., World Bank Group (WBG), uri: https://www.worldbank.org/en/publication/worldwide-governance-indicators, note: Detailed documentation of the WGI, interactive tools for exploring the data, and full access to the underlying source data available at www.govindicators.org. Worldwide Governance Indicators, 2025 Revision, World Bank (www.govindicators.org), Accessed on 12/15/2025. And: World Bank (2025). “The Worldwide Governance Indicators: Revised Methodology for Measuring Governance Using Perception Data.” Washington, DC: World Bank Group. The 2025 revision builds upon the original WGI methodology which was introduced in 1999 and summarized by the following paper: Kaufmann, Daniel & Aart C. Kraay. (2024). “The Worldwide Governance Indicators: Methodology and 2024 Update.” Policy Research Working Paper. Washington, DC: World Bank Group., date accessed: 2026-06-03, date published: 2025",Policy & institutions: Rule of Law,WB_WDI,Score,Annual,1996-2024,"Indicators, from the underlying data sources, are aggregated using the Unobserved Components Model (UCM). The UCM is essentially a weighted average, resulting in a governance estimate at the country level. The following provides a detailed description of the aggregation methodology: 
https://www.worldbank.org/content/dam/sites/govindicators/doc/The%20Worldwide%20Governance%20Indicators%202025%","Methodology: The following are the key steps:
STEP 1: Assigning indicators from the underlying sources to the six governance dimensions. Individual questions or variables from the underlying data sources are mapped to up to two of the six governance dimensions.
STEP 2: Rescaling the individual source data to range from 0 to 1. Each question from the underlying data sources is rescaled to range from 0 to 1, with higher values corresponding to better governance outcomes.
STEP 3: Using an Unobserved Components Model to construct a governance estimate for each dimension by taking a weighted average of the source-by-dimension data. To aggregate data across multiple sources, the WGI uses a statistical technique known as an Unobserved Components Model (UCM).
STEP 4: Transforming the UCM-generated governance estimates to a 0–100 absolute governance score. The WGI transform the governance estimates for each country, year, and dimension—typically ranging from approximately -2.5 to 2.5 —into absolute scores on a 0-100 scale, with 100 representing the best absolute governance performance.

The following is a summary of the methodology:
https://www.worldbank.org/en/publication/worldwide-governance-indicators/documentation#3
The following is a detailed description of the methodology:
https://www.worldbank.org/content/dam/sites/govindicators/doc/The%20Worldwide%20Governance%20Indicators%202025%20Methodology%20Revision.pdf
Statistical concept(s): For each of the six governance dimensions, the following are produced: (i) a governance estimate in statistical units (approximately Normal, ranging from -2.5 to 2.5) and (ii) a linear transformation of the governance estimate into an absolute score on a 0-100 scale (anchored by benchmark countries).","Governance—the traditions and institutions by which authority in a country is exercised—is widely recognized as a critical driver of development outcomes. Theoretical and empirical research shows that countries with inclusive and accountable institutions tend to achieve higher levels of economic development, better public service delivery, and more robust job creation. Conversely, weak governance—marked by corruption, poor regulatory enforcement, or lack of rule of law— often impedes growth and undermines social outcomes (Acemoglu and Robinson, 2012; World Bank, 2017).

The Worldwide Governance Indicators (WGI) are designed to help researchers and analysts assess broad patterns in perceptions of governance across countries and over time. The WGI cover more than 200 economies, measuring six dimensions of governance since 1996: Voice and Accountability, Political Stability, Government Effectiveness, Regulatory Quality, Rule of Law, and Control of Corruption.

The WGI provides two complementary outputs: (i) governance estimates expressed in a standard statistical unit, and (ii) scores on an absolute 0-100 scale anchored to fixed reference points. Historical estimates have been recalculated back to 1996 to ensure full consistency over time.

Please note that the 2025 edition of the WGI introduced a set of methodological updates. These include enhancements to data source screening, indicator mapping, and the aggregation model, as well as the introduction of an absolute 0-100 scale (percentile ranks before) anchored to fixed benchmark countries.","The WGI are perception-based measures which draw on 35 distinct underlying data sources, namely expert assessments and household/firm surveys. Data sources based on expert assessments have both strengths and limitations relative to surveys. A key strength is that they are well suited to cross-country comparison, since their methodologies are explicitly designed for this purpose. Expert assessments can also provide more detailed technical judgments on specific public institutions or governance functions that typical household or firm survey respondents may not be well placed to assess. In addition, they may be less affected by respondent reticence, which can arise in household and firm surveys when questions concern sensitive topics such as corruption or other dimensions of governance. At the same time, expert assessments reflect the views of a narrower group of respondents than household or firm surveys. There is also a risk that ratings from one expert assessment may partly reflect information or judgments from other expert assessments, reducing the independence of the underlying signals. To help address this concern, the WGI exclude expert assessments that are explicitly based on other existing data sources.

Regarding the usage of the published WGI data, the six composite WGI measures are useful for broad cross-country comparisons and for assessing general trends over time. However, they are not designed to guide the formulation of specific governance reforms in particular country contexts. Such reforms, and evaluation of their progress, need to be informed by much more detailed and country-specific diagnostic data that can identify the relevant constraints on governance in particular country circumstances. The WGI are complementary to a large number of other efforts to construct more detailed measures of governance, often just for a single country. Users are also encouraged to consult the disaggregated individual indicators underlying the composite WGI scores to gain more insights into the particular areas of strengths and weaknesses identified by the data.",https://datacatalog.worldbank.org/int/public-licenses#cc-by
